timestamp,video_id,video_name,frame_idx,sim_altitude_m,input_width,input_height,mode,active_tool,classification_label,primary_model,model_switch_occurred,segmentation_skipped,human_count,clf_backend,seg_backend,human_backend,fps,instant_fps,total_inference_ms,total_latency_ms,classification_ms,segmentation_ms,model_switch_latency_ms,memory_mb,cpu_percent,power_w,peak_memory_mb,peak_cpu_percent,peak_power_w,clf_load_ms,seg_load_ms,human_load_ms,model_load_total_ms,flood_ratio,warmup,session_first_frame
1780821804.0825584,archive_flood_airfield_b93ab8,archive_flood_airfield_b93ab8.mp4,0,50.0,640,480,combined,detect_combined,Flooded,deeplabv3plus,True,False,0,tensorrt,tensorrt,tensorrt,17.8,17.8,55.79,56.19,8.25,23.1,31.35,1398.9,0.0,0.0,1398.9,0.0,0.0,46.92,49.31,1.4,97.63,0.2793,False,True
1780821804.1429906,archive_flood_airfield_b93ab8,archive_flood_airfield_b93ab8.mp4,1,50.0,640,480,combined,detect_combined,Flooded,deeplabv3plus,False,False,0,tensorrt,tensorrt,tensorrt,33.96,33.96,29.06,29.45,4.7,9.13,13.830000000000002,1399.97,60.0,0.0,1399.97,60.0,0.0,46.92,49.31,1.4,97.63,0.5314,False,False
1780821804.2238598,archive_flood_airfield_b93ab8,archive_flood_airfield_b93ab8.mp4,2,50.0,640,480,combined,detect_combined,Flooded,deeplabv3plus,False,False,0,tensorrt,tensorrt,tensorrt,18.75,18.75,52.97,53.34,5.78,19.65,25.43,1400.32,47.9,0.0,1400.32,47.9,0.0,46.92,49.31,1.4,97.63,0.5614,False,False
1780821804.2800775,archive_flood_airfield_b93ab8,archive_flood_airfield_b93ab8.mp4,3,50.0,640,480,combined,detect_combined,Flooded,deeplabv3plus,False,False,0,tensorrt,tensorrt,tensorrt,30.71,30.71,32.21,32.57,4.59,8.6,13.19,1400.58,48.6,0.0,1400.58,48.6,0.0,46.92,49.31,1.4,97.63,0.4745,False,False
1780821804.3436203,archive_flood_airfield_b93ab8,archive_flood_airfield_b93ab8.mp4,4,50.0,640,480,combined,detect_combined,Flooded,deeplabv3plus,False,False,0,tensorrt,tensorrt,tensorrt,26.71,26.71,37.11,37.44,5.36,15.93,21.29,1400.58,30.6,0.0,1400.58,30.6,0.0,46.92,49.31,1.4,97.63,0.5655,False,False
1780821804.4238393,archive_flood_airfield_b93ab8,archive_flood_airfield_b93ab8.mp4,5,50.0,640,480,combined,detect_combined,Flooded,deeplabv3plus,False,False,0,tensorrt,tensorrt,tensorrt,19.1,19.1,52.06,52.37,5.68,18.36,24.04,1400.58,45.8,0.0,1400.58,45.8,0.0,46.92,49.31,1.4,97.63,0.6258,False,False
1780821804.4898186,archive_flood_airfield_b93ab8,archive_flood_airfield_b93ab8.mp4,6,50.0,640,480,combined,detect_combined,Flooded,deeplabv3plus,False,False,0,tensorrt,tensorrt,tensorrt,24.12,24.12,40.49,41.46,7.76,12.12,19.88,1400.58,48.7,0.0,1400.58,48.7,0.0,46.92,49.31,1.4,97.63,0.6025,False,False
1780821804.5661597,archive_flood_airfield_b93ab8,archive_flood_airfield_b93ab8.mp4,7,50.0,640,480,combined,detect_combined,Flooded,deeplabv3plus,False,False,0,tensorrt,tensorrt,tensorrt,23.55,23.55,42.05,42.46,5.58,14.33,19.91,1400.58,38.3,0.0,1400.58,38.3,0.0,46.92,49.31,1.4,97.63,0.6397,False,False
1780821804.6424596,archive_flood_airfield_b93ab8,archive_flood_airfield_b93ab8.mp4,8,50.0,640,480,combined,detect_combined,Flooded,deeplabv3plus,False,False,0,tensorrt,tensorrt,tensorrt,22.1,22.1,44.76,45.25,6.12,12.08,18.2,1400.58,32.6,0.0,1400.58,32.6,0.0,46.92,49.31,1.4,97.63,0.6075,False,False
1780821804.7190106,archive_flood_airfield_b93ab8,archive_flood_airfield_b93ab8.mp4,9,50.0,640,480,combined,detect_combined,Flooded,deeplabv3plus,False,False,0,tensorrt,tensorrt,tensorrt,21.3,21.3,46.45,46.94,7.44,19.96,27.400000000000002,1400.58,30.4,0.0,1400.58,30.4,0.0,46.92,49.31,1.4,97.63,0.6443,False,False
1780821804.797632,archive_flood_airfield_b93ab8,archive_flood_airfield_b93ab8.mp4,10,50.0,640,480,combined,detect_combined,Flooded,deeplabv3plus,False,False,0,tensorrt,tensorrt,tensorrt,21.56,21.56,45.92,46.38,8.74,20.35,29.090000000000003,1400.58,34.7,0.0,1400.58,34.7,0.0,46.92,49.31,1.4,97.63,0.5862,False,False
1780821804.8768773,archive_flood_airfield_b93ab8,archive_flood_airfield_b93ab8.mp4,11,50.0,640,480,combined,detect_combined,Flooded,deeplabv3plus,False,False,0,tensorrt,tensorrt,tensorrt,20.86,20.86,47.57,47.93,5.05,19.35,24.400000000000002,1400.58,29.8,0.0,1400.58,29.8,0.0,46.92,49.31,1.4,97.63,0.5705,False,False
1780821804.9357557,archive_flood_airfield_b93ab8,archive_flood_airfield_b93ab8.mp4,12,50.0,640,480,combined,detect_combined,Flooded,deeplabv3plus,False,False,0,tensorrt,tensorrt,tensorrt,34.57,34.57,28.57,28.93,5.19,9.79,14.98,1400.57,36.1,0.0,1400.57,36.1,0.0,46.92,49.31,1.4,97.63,0.5443,False,False
1780821805.0096798,archive_flood_airfield_b93ab8,archive_flood_airfield_b93ab8.mp4,13,50.0,640,480,combined,detect_combined,Flooded,deeplabv3plus,False,False,0,tensorrt,tensorrt,tensorrt,21.95,21.95,45.25,45.56,6.92,10.28,17.2,1400.57,31.0,0.0,1400.57,31.0,0.0,46.92,49.31,1.4,97.63,0.5103,False,False
1780821805.090696,archive_flood_airfield_b93ab8,archive_flood_airfield_b93ab8.mp4,14,50.0,640,480,combined,detect_combined,Flooded,deeplabv3plus,False,False,0,tensorrt,tensorrt,tensorrt,20.67,20.67,48.0,48.38,5.49,18.57,24.060000000000002,1400.57,51.0,0.0,1400.57,51.0,0.0,46.92,49.31,1.4,97.63,0.5949,False,False
1780821805.1669576,archive_flood_airfield_b93ab8,archive_flood_airfield_b93ab8.mp4,15,50.0,640,480,combined,detect_combined,Flooded,deeplabv3plus,False,False,0,tensorrt,tensorrt,tensorrt,24.53,24.53,40.4,40.76,5.08,9.91,14.99,1400.57,47.7,0.0,1400.57,47.7,0.0,46.92,49.31,1.4,97.63,0.5655,False,False
1780821805.2251408,archive_flood_airfield_b93ab8,archive_flood_airfield_b93ab8.mp4,16,50.0,640,480,combined,detect_combined,Flooded,deeplabv3plus,False,False,0,tensorrt,tensorrt,tensorrt,31.09,31.09,31.83,32.17,5.48,8.63,14.110000000000001,1400.57,52.8,0.0,1400.57,52.8,0.0,46.92,49.31,1.4,97.63,0.5543,False,False
1780821805.3001766,archive_flood_airfield_b93ab8,archive_flood_airfield_b93ab8.mp4,17,50.0,640,480,combined,detect_combined,Flooded,deeplabv3plus,False,False,0,tensorrt,tensorrt,tensorrt,23.32,23.32,42.49,42.88,5.61,18.68,24.29,1400.57,43.5,0.0,1400.57,43.5,0.0,46.92,49.31,1.4,97.63,0.5435,False,False
1780821805.367595,archive_flood_airfield_b93ab8,archive_flood_airfield_b93ab8.mp4,18,50.0,640,480,combined,detect_combined,Flooded,deeplabv3plus,False,False,0,tensorrt,tensorrt,tensorrt,24.1,24.1,41.17,41.5,5.71,10.75,16.46,1400.57,48.6,0.0,1400.57,48.6,0.0,46.92,49.31,1.4,97.63,0.5487,False,False
1780821805.4398274,archive_flood_airfield_b93ab8,archive_flood_airfield_b93ab8.mp4,19,50.0,640,480,combined,detect_combined,Flooded,deeplabv3plus,False,False,0,tensorrt,tensorrt,tensorrt,20.99,20.99,47.23,47.64,4.89,20.08,24.97,1400.57,33.3,0.0,1400.57,33.3,0.0,46.92,49.31,1.4,97.63,0.5228,False,False
1780821805.5188808,archive_flood_airfield_b93ab8,archive_flood_airfield_b93ab8.mp4,20,50.0,640,480,combined,detect_combined,Flooded,deeplabv3plus,False,False,0,tensorrt,tensorrt,tensorrt,21.1,21.1,46.93,47.4,7.31,16.79,24.099999999999998,1400.57,29.2,0.0,1400.57,29.2,0.0,46.92,49.31,1.4,97.63,0.5456,False,False
1780821805.6016185,archive_flood_airfield_b93ab8,archive_flood_airfield_b93ab8.mp4,21,50.0,640,480,combined,detect_combined,Flooded,deeplabv3plus,False,False,0,tensorrt,tensorrt,tensorrt,21.5,21.5,45.98,46.5,6.98,16.35,23.330000000000002,1400.57,29.2,0.0,1400.57,29.2,0.0,46.92,49.31,1.4,97.63,0.5643,False,False
1780821805.6915798,archive_flood_airfield_b93ab8,archive_flood_airfield_b93ab8.mp4,22,50.0,640,480,combined,detect_combined,Flooded,deeplabv3plus,False,False,0,tensorrt,tensorrt,tensorrt,17.49,17.49,56.9,57.18,25.2,15.99,41.19,1406.66,0.0,0.0,1406.66,0.0,0.0,46.92,49.31,1.4,97.63,0.5633,False,False
1780821805.742705,archive_flood_airfield_b93ab8,archive_flood_airfield_b93ab8.mp4,23,50.0,640,480,combined,detect_combined,Flooded,deeplabv3plus,False,False,0,tensorrt,tensorrt,tensorrt,37.26,37.26,26.51,26.84,4.58,9.07,13.65,1407.95,51.6,0.0,1407.95,51.6,0.0,46.92,49.31,1.4,97.63,0.5746,False,False
1780821805.8057787,archive_flood_airfield_b93ab8,archive_flood_airfield_b93ab8.mp4,24,50.0,640,480,combined,detect_combined,Flooded,deeplabv3plus,False,False,0,tensorrt,tensorrt,tensorrt,27.28,27.28,36.34,36.66,4.61,12.7,17.31,1408.72,51.3,0.0,1408.72,51.3,0.0,46.92,49.31,1.4,97.63,0.6001,False,False
1780821805.8711932,archive_flood_airfield_b93ab8,archive_flood_airfield_b93ab8.mp4,25,50.0,640,480,combined,detect_combined,Flooded,deeplabv3plus,False,False,0,tensorrt,tensorrt,tensorrt,29.47,29.47,33.58,33.93,4.66,8.97,13.63,1408.72,47.4,0.0,1408.72,47.4,0.0,46.92,49.31,1.4,97.63,0.6201,False,False
1780821805.935892,archive_flood_airfield_b93ab8,archive_flood_airfield_b93ab8.mp4,26,50.0,640,480,combined,detect_combined,Flooded,deeplabv3plus,False,False,0,tensorrt,tensorrt,tensorrt,27.61,27.61,35.85,36.22,5.31,13.53,18.84,1408.72,37.8,0.0,1408.72,37.8,0.0,46.92,49.31,1.4,97.63,0.671,False,False
1780821806.0071895,archive_flood_airfield_b93ab8,archive_flood_airfield_b93ab8.mp4,27,50.0,640,480,combined,detect_combined,Flooded,deeplabv3plus,False,False,0,tensorrt,tensorrt,tensorrt,23.99,23.99,41.27,41.68,4.94,14.09,19.03,1408.72,38.1,0.0,1408.72,38.1,0.0,46.92,49.31,1.4,97.63,0.7378,False,False
1780821806.0719676,archive_flood_airfield_b93ab8,archive_flood_airfield_b93ab8.mp4,28,50.0,640,480,combined,detect_combined,Flooded,deeplabv3plus,False,False,0,tensorrt,tensorrt,tensorrt,26.23,26.23,37.66,38.13,5.02,10.25,15.27,1408.72,31.6,0.0,1408.72,31.6,0.0,46.92,49.31,1.4,97.63,0.6588,False,False
1780821806.135043,archive_flood_airfield_b93ab8,archive_flood_airfield_b93ab8.mp4,29,50.0,640,480,combined,detect_combined,Flooded,deeplabv3plus,False,False,0,tensorrt,tensorrt,tensorrt,25.82,25.82,38.25,38.73,5.2,9.15,14.350000000000001,1408.72,32.4,0.0,1408.72,32.4,0.0,46.92,49.31,1.4,97.63,0.6501,False,False
1780821806.1967459,archive_flood_airfield_b93ab8,archive_flood_airfield_b93ab8.mp4,30,50.0,640,480,combined,detect_combined,Flooded,deeplabv3plus,False,False,0,tensorrt,tensorrt,tensorrt,31.25,31.25,31.66,32.0,6.05,10.2,16.25,1408.72,36.8,0.0,1408.72,36.8,0.0,46.92,49.31,1.4,97.63,0.6515,False,False
1780821806.2618303,archive_flood_airfield_b93ab8,archive_flood_airfield_b93ab8.mp4,31,50.0,640,480,combined,detect_combined,Flooded,deeplabv3plus,False,False,0,tensorrt,tensorrt,tensorrt,28.68,28.68,34.52,34.87,7.65,9.45,17.1,1408.72,35.1,0.0,1408.72,35.1,0.0,46.92,49.31,1.4,97.63,0.6671,False,False
1780821806.3319383,archive_flood_airfield_b93ab8,archive_flood_airfield_b93ab8.mp4,32,50.0,640,480,combined,detect_combined,Flooded,deeplabv3plus,False,False,0,tensorrt,tensorrt,tensorrt,24.31,24.31,40.65,41.14,5.37,14.35,19.72,1408.72,42.9,0.0,1408.72,42.9,0.0,46.92,49.31,1.4,97.63,0.692,False,False
1780821806.3926659,archive_flood_airfield_b93ab8,archive_flood_airfield_b93ab8.mp4,33,50.0,640,480,combined,detect_combined,Flooded,deeplabv3plus,False,False,0,tensorrt,tensorrt,tensorrt,31.23,31.23,31.73,32.02,6.2,8.57,14.77,1408.72,43.7,0.0,1408.72,43.7,0.0,46.92,49.31,1.4,97.63,0.6973,False,False
1780821806.4550283,archive_flood_airfield_b93ab8,archive_flood_airfield_b93ab8.mp4,34,50.0,640,480,combined,detect_combined,Flooded,deeplabv3plus,False,False,0,tensorrt,tensorrt,tensorrt,28.54,28.54,34.68,35.04,4.88,11.16,16.04,1408.72,51.4,0.0,1408.72,51.4,0.0,46.92,49.31,1.4,97.63,0.7062,False,False
1780821806.5309775,archive_flood_airfield_b93ab8,archive_flood_airfield_b93ab8.mp4,35,50.0,640,480,combined,detect_combined,Flooded,deeplabv3plus,False,False,0,tensorrt,tensorrt,tensorrt,23.18,23.18,42.73,43.14,6.77,14.34,21.11,1408.72,63.8,0.0,1408.72,63.8,0.0,46.92,49.31,1.4,97.63,0.6197,False,False
1780821806.6015506,archive_flood_airfield_b93ab8,archive_flood_airfield_b93ab8.mp4,36,50.0,640,480,combined,detect_combined,Flooded,deeplabv3plus,False,False,0,tensorrt,tensorrt,tensorrt,24.55,24.55,40.35,40.74,5.83,13.1,18.93,1408.72,58.1,0.0,1408.72,58.1,0.0,46.92,49.31,1.4,97.63,0.7438,False,False
1780821806.6667826,archive_flood_airfield_b93ab8,archive_flood_airfield_b93ab8.mp4,37,50.0,640,480,combined,detect_combined,Flooded,deeplabv3plus,False,False,0,tensorrt,tensorrt,tensorrt,29.76,29.76,33.22,33.61,4.87,12.19,17.06,1408.72,62.2,0.0,1408.72,62.2,0.0,46.92,49.31,1.4,97.63,0.6174,False,False
1780821806.723552,archive_flood_airfield_b93ab8,archive_flood_airfield_b93ab8.mp4,38,50.0,640,480,combined,detect_combined,Flooded,deeplabv3plus,False,False,0,tensorrt,tensorrt,tensorrt,34.68,34.68,28.53,28.83,4.7,8.36,13.059999999999999,1408.72,58.8,0.0,1408.72,58.8,0.0,46.92,49.31,1.4,97.63,0.609,False,False
1780821806.7851632,archive_flood_airfield_b93ab8,archive_flood_airfield_b93ab8.mp4,39,50.0,640,480,combined,detect_combined,Flooded,deeplabv3plus,False,False,0,tensorrt,tensorrt,tensorrt,28.89,28.89,34.31,34.61,5.95,10.96,16.91,1408.72,50.0,0.0,1408.72,50.0,0.0,46.92,49.31,1.4,97.63,0.6066,False,False
1780821806.8420439,archive_flood_airfield_b93ab8,archive_flood_airfield_b93ab8.mp4,40,50.0,640,480,combined,detect_combined,Flooded,deeplabv3plus,False,False,0,tensorrt,tensorrt,tensorrt,28.48,28.48,34.82,35.11,6.08,8.22,14.3,1408.71,38.2,0.0,1408.71,38.2,0.0,46.92,49.31,1.4,97.63,0.6657,False,False
1780821806.9031754,archive_flood_airfield_b93ab8,archive_flood_airfield_b93ab8.mp4,41,50.0,640,480,combined,detect_combined,Flooded,deeplabv3plus,False,False,0,tensorrt,tensorrt,tensorrt,32.76,32.76,30.14,30.52,6.82,8.88,15.700000000000001,1408.71,44.4,0.0,1408.71,44.4,0.0,46.92,49.31,1.4,97.63,0.7054,False,False
1780821806.9616947,archive_flood_airfield_b93ab8,archive_flood_airfield_b93ab8.mp4,42,50.0,640,480,combined,detect_combined,Flooded,deeplabv3plus,False,False,0,tensorrt,tensorrt,tensorrt,30.49,30.49,32.46,32.79,4.84,9.82,14.66,1408.71,35.3,0.0,1408.71,35.3,0.0,46.92,49.31,1.4,97.63,0.712,False,False
1780821807.0274174,archive_flood_airfield_b93ab8,archive_flood_airfield_b93ab8.mp4,43,50.0,640,480,combined,detect_combined,Flooded,deeplabv3plus,False,False,0,tensorrt,tensorrt,tensorrt,29.06,29.06,34.04,34.41,5.32,10.23,15.55,1408.7,31.6,0.0,1408.7,31.6,0.0,46.92,49.31,1.4,97.63,0.7267,False,False
1780821807.0984716,archive_flood_airfield_b93ab8,archive_flood_airfield_b93ab8.mp4,44,50.0,640,480,combined,detect_combined,Flooded,deeplabv3plus,False,False,0,tensorrt,tensorrt,tensorrt,27.08,27.08,36.53,36.93,5.99,12.54,18.53,1408.7,32.5,0.0,1408.7,32.5,0.0,46.92,49.31,1.4,97.63,0.7055,False,False
1780821807.1814075,archive_flood_airfield_b93ab8,archive_flood_airfield_b93ab8.mp4,45,50.0,640,480,combined,detect_combined,Flooded,deeplabv3plus,False,False,0,tensorrt,tensorrt,tensorrt,24.24,24.24,40.76,41.25,7.69,13.26,20.95,1408.7,29.2,0.0,1408.7,29.2,0.0,46.92,49.31,1.4,97.63,0.6993,False,False
1780821807.2454717,archive_flood_airfield_b93ab8,archive_flood_airfield_b93ab8.mp4,46,50.0,640,480,combined,detect_combined,Flooded,deeplabv3plus,False,False,0,tensorrt,tensorrt,tensorrt,34.41,34.41,28.63,29.06,6.74,10.81,17.55,1408.7,33.3,0.0,1408.7,33.3,0.0,46.92,49.31,1.4,97.63,0.7014,False,False
1780821807.3188636,archive_flood_airfield_b93ab8,archive_flood_airfield_b93ab8.mp4,47,50.0,640,480,combined,detect_combined,Flooded,deeplabv3plus,False,False,0,tensorrt,tensorrt,tensorrt,23.75,23.75,41.76,42.1,8.39,13.32,21.71,1408.7,33.3,0.0,1408.7,33.3,0.0,46.92,49.31,1.4,97.63,0.6776,False,False
1780821807.387024,archive_flood_airfield_b93ab8,archive_flood_airfield_b93ab8.mp4,48,50.0,640,480,combined,detect_combined,Flooded,deeplabv3plus,False,False,0,tensorrt,tensorrt,tensorrt,29.51,29.51,33.57,33.89,5.08,13.61,18.689999999999998,1408.7,39.0,0.0,1408.7,39.0,0.0,46.92,49.31,1.4,97.63,0.6535,False,False
1780821807.4470966,archive_flood_airfield_b93ab8,archive_flood_airfield_b93ab8.mp4,49,50.0,640,480,combined,detect_combined,Flooded,deeplabv3plus,False,False,0,tensorrt,tensorrt,tensorrt,30.55,30.55,32.36,32.74,5.18,9.77,14.95,1408.7,41.7,0.0,1408.7,41.7,0.0,46.92,49.31,1.4,97.63,0.6623,False,False
1780821807.5060775,archive_flood_airfield_b93ab8,archive_flood_airfield_b93ab8.mp4,50,50.0,640,480,combined,detect_combined,Flooded,deeplabv3plus,False,False,0,tensorrt,tensorrt,tensorrt,31.05,31.05,31.48,32.2,5.26,9.76,15.02,1408.7,43.2,0.0,1408.7,43.2,0.0,46.92,49.31,1.4,97.63,0.6084,False,False
1780821807.575371,archive_flood_airfield_b93ab8,archive_flood_airfield_b93ab8.mp4,51,50.0,640,480,combined,detect_combined,Flooded,deeplabv3plus,False,False,0,tensorrt,tensorrt,tensorrt,25.76,25.76,38.39,38.82,5.02,13.84,18.86,1408.7,28.2,0.0,1408.7,28.2,0.0,46.92,49.31,1.4,97.63,0.6057,False,False
1780821807.6466832,archive_flood_airfield_b93ab8,archive_flood_airfield_b93ab8.mp4,52,50.0,640,480,combined,detect_combined,Flooded,deeplabv3plus,False,False,0,tensorrt,tensorrt,tensorrt,24.87,24.87,39.81,40.21,6.7,14.59,21.29,1408.7,46.3,0.0,1408.7,46.3,0.0,46.92,49.31,1.4,97.63,0.6832,False,False
1780821807.7024145,archive_flood_airfield_b93ab8,archive_flood_airfield_b93ab8.mp4,53,50.0,640,480,combined,detect_combined,Flooded,deeplabv3plus,False,False,0,tensorrt,tensorrt,tensorrt,33.01,33.01,29.98,30.29,4.22,10.85,15.07,1408.7,52.9,0.0,1408.7,52.9,0.0,46.92,49.31,1.4,97.63,0.617,False,False
1780821807.77388,archive_flood_airfield_b93ab8,archive_flood_airfield_b93ab8.mp4,54,50.0,640,480,combined,detect_combined,Flooded,deeplabv3plus,False,False,0,tensorrt,tensorrt,tensorrt,25.78,25.78,38.44,38.8,4.95,13.98,18.93,1408.7,53.5,0.0,1408.7,53.5,0.0,46.92,49.31,1.4,97.63,0.5609,False,False
1780821807.8432686,archive_flood_airfield_b93ab8,archive_flood_airfield_b93ab8.mp4,55,50.0,640,480,combined,detect_combined,Flooded,deeplabv3plus,False,False,0,tensorrt,tensorrt,tensorrt,29.02,29.02,34.14,34.46,5.03,13.83,18.86,1408.7,53.7,0.0,1408.7,53.7,0.0,46.92,49.31,1.4,97.63,0.5666,False,False
1780821807.913875,archive_flood_airfield_b93ab8,archive_flood_airfield_b93ab8.mp4,56,50.0,640,480,combined,detect_combined,Flooded,deeplabv3plus,False,False,0,tensorrt,tensorrt,tensorrt,25.63,25.63,38.69,39.01,5.6,13.63,19.23,1408.7,59.5,0.0,1408.7,59.5,0.0,46.92,49.31,1.4,97.63,0.5666,False,False
1780821807.9658186,archive_flood_airfield_b93ab8,archive_flood_airfield_b93ab8.mp4,57,50.0,640,480,combined,detect_combined,Flooded,deeplabv3plus,False,False,0,tensorrt,tensorrt,tensorrt,33.14,33.14,29.86,30.18,4.78,8.8,13.580000000000002,1408.7,54.5,0.0,1408.7,54.5,0.0,46.92,49.31,1.4,97.63,0.5683,False,False
1780821808.0222242,archive_flood_airfield_b93ab8,archive_flood_airfield_b93ab8.mp4,58,50.0,640,480,combined,detect_combined,Flooded,deeplabv3plus,False,False,0,tensorrt,tensorrt,tensorrt,31.34,31.34,31.61,31.91,6.33,9.96,16.29,1408.7,48.6,0.0,1408.7,48.6,0.0,46.92,49.31,1.4,97.63,0.5683,False,False
1780821808.0774066,archive_flood_airfield_b93ab8,archive_flood_airfield_b93ab8.mp4,59,50.0,640,480,combined,detect_combined,Flooded,deeplabv3plus,False,False,0,tensorrt,tensorrt,tensorrt,30.3,30.3,32.61,33.01,4.63,9.42,14.05,1408.7,43.2,0.0,1408.7,43.2,0.0,46.92,49.31,1.4,97.63,0.5683,False,False
1780821808.1370468,archive_flood_airfield_b93ab8,archive_flood_airfield_b93ab8.mp4,60,50.0,640,480,combined,detect_combined,Flooded,deeplabv3plus,False,False,0,tensorrt,tensorrt,tensorrt,29.71,29.71,33.1,33.66,5.26,14.07,19.33,1408.95,50.0,0.0,1408.95,50.0,0.0,46.92,49.31,1.4,97.63,0.5684,False,False
1780821808.217375,archive_flood_airfield_b93ab8,archive_flood_airfield_b93ab8.mp4,61,50.0,640,480,combined,detect_combined,Flooded,deeplabv3plus,False,False,0,tensorrt,tensorrt,tensorrt,26.13,26.13,37.8,38.26,6.91,8.93,15.84,1409.03,44.9,0.0,1409.03,44.9,0.0,46.92,49.31,1.4,97.63,0.5684,False,False
1780821808.2743437,archive_flood_airfield_b93ab8,archive_flood_airfield_b93ab8.mp4,62,50.0,640,480,combined,detect_combined,Flooded,deeplabv3plus,False,False,0,tensorrt,tensorrt,tensorrt,33.51,33.51,29.42,29.84,5.37,9.73,15.100000000000001,1409.03,41.2,0.0,1409.03,41.2,0.0,46.92,49.31,1.4,97.63,0.5684,False,False
1780821808.336223,archive_flood_airfield_b93ab8,archive_flood_airfield_b93ab8.mp4,63,50.0,640,480,combined,detect_combined,Flooded,deeplabv3plus,False,False,0,tensorrt,tensorrt,tensorrt,31.2,31.2,31.57,32.05,6.85,10.59,17.439999999999998,1409.03,42.5,0.0,1409.03,42.5,0.0,46.92,49.31,1.4,97.63,0.5684,False,False
1780821808.4077008,archive_flood_airfield_b93ab8,archive_flood_airfield_b93ab8.mp4,64,50.0,640,480,combined,detect_combined,Flooded,deeplabv3plus,False,False,0,tensorrt,tensorrt,tensorrt,27.71,27.71,35.7,36.09,6.58,14.85,21.43,1409.03,40.9,0.0,1409.03,40.9,0.0,46.92,49.31,1.4,97.63,0.5684,False,False
1780821808.480445,archive_flood_airfield_b93ab8,archive_flood_airfield_b93ab8.mp4,65,50.0,640,480,combined,detect_combined,Flooded,deeplabv3plus,False,False,0,tensorrt,tensorrt,tensorrt,25.13,25.13,39.38,39.79,7.11,12.18,19.29,1409.03,48.9,0.0,1409.03,48.9,0.0,46.92,49.31,1.4,97.63,0.5684,False,False
1780821808.5371985,archive_flood_airfield_b93ab8,archive_flood_airfield_b93ab8.mp4,66,50.0,640,480,combined,detect_combined,Flooded,deeplabv3plus,False,False,0,tensorrt,tensorrt,tensorrt,29.56,29.56,33.48,33.83,6.75,10.43,17.18,1409.03,41.7,0.0,1409.03,41.7,0.0,46.92,49.31,1.4,97.63,0.5684,False,False
1780821808.5963945,archive_flood_airfield_b93ab8,archive_flood_airfield_b93ab8.mp4,67,50.0,640,480,combined,detect_combined,Flooded,deeplabv3plus,False,False,0,tensorrt,tensorrt,tensorrt,30.32,30.32,32.47,32.98,9.44,13.44,22.88,1409.03,47.4,0.0,1409.03,47.4,0.0,46.92,49.31,1.4,97.63,0.5684,False,False
1780821808.6469452,archive_flood_airfield_b93ab8,archive_flood_airfield_b93ab8.mp4,68,50.0,640,480,combined,detect_combined,Non-Flooded,resnet18,True,False,0,tensorrt,tensorrt,tensorrt,36.55,36.55,26.79,27.36,5.05,9.25,14.3,1409.03,38.7,0.0,1409.03,38.7,0.0,46.92,49.31,1.4,97.63,0.1575,False,False
1780821808.7188544,archive_flood_airfield_b93ab8,archive_flood_airfield_b93ab8.mp4,69,50.0,640,480,combined,detect_combined,Flooded,deeplabv3plus,True,False,0,tensorrt,tensorrt,tensorrt,25.85,25.85,38.27,38.69,4.74,9.44,14.18,1409.03,47.7,0.0,1409.03,47.7,0.0,46.92,49.31,1.4,97.63,0.2311,False,False
1780821808.777805,archive_flood_airfield_b93ab8,archive_flood_airfield_b93ab8.mp4,70,50.0,640,480,combined,detect_combined,Flooded,deeplabv3plus,False,False,0,tensorrt,tensorrt,tensorrt,32.19,32.19,30.74,31.07,5.23,9.89,15.120000000000001,1409.03,60.5,0.0,1409.03,60.5,0.0,46.92,49.31,1.4,97.63,0.2109,False,False
1780821808.8497615,archive_flood_airfield_b93ab8,archive_flood_airfield_b93ab8.mp4,71,50.0,640,480,combined,detect_combined,Non-Flooded,resnet18,True,False,0,tensorrt,tensorrt,tensorrt,24.86,24.86,39.29,40.23,5.52,10.82,16.34,1409.03,55.6,0.0,1409.03,55.6,0.0,46.92,49.31,1.4,97.63,0.1962,False,False
1780821808.9151094,archive_flood_airfield_b93ab8,archive_flood_airfield_b93ab8.mp4,72,50.0,640,480,combined,detect_combined,Non-Flooded,resnet18,False,False,0,tensorrt,tensorrt,tensorrt,29.65,29.65,33.38,33.72,5.37,10.68,16.05,1409.03,54.8,0.0,1409.03,54.8,0.0,46.92,49.31,1.4,97.63,0.1824,False,False
1780821808.9971762,archive_flood_airfield_b93ab8,archive_flood_airfield_b93ab8.mp4,73,50.0,640,480,combined,detect_combined,Non-Flooded,resnet18,False,False,0,tensorrt,tensorrt,tensorrt,22.16,22.16,44.75,45.13,5.74,16.4,22.14,1409.03,49.1,0.0,1409.03,49.1,0.0,46.92,49.31,1.4,97.63,0.1998,False,False
1780821809.0661051,archive_flood_airfield_b93ab8,archive_flood_airfield_b93ab8.mp4,74,50.0,640,480,combined,detect_combined,Flooded,deeplabv3plus,True,False,0,tensorrt,tensorrt,tensorrt,28.11,28.11,35.12,35.57,4.77,9.65,14.42,1409.02,60.0,0.0,1409.02,60.0,0.0,46.92,49.31,1.4,97.63,0.2219,False,False
1780821809.1314352,archive_flood_airfield_b93ab8,archive_flood_airfield_b93ab8.mp4,75,50.0,640,480,combined,detect_combined,Flooded,deeplabv3plus,False,False,0,tensorrt,tensorrt,tensorrt,26.12,26.12,37.85,38.29,4.77,9.62,14.389999999999999,1409.02,57.1,0.0,1409.02,57.1,0.0,46.92,49.31,1.4,97.63,0.2508,False,False
1780821809.2009678,archive_flood_airfield_b93ab8,archive_flood_airfield_b93ab8.mp4,76,50.0,640,480,combined,detect_combined,Flooded,deeplabv3plus,False,False,0,tensorrt,tensorrt,tensorrt,32.57,32.57,30.26,30.71,6.92,10.89,17.810000000000002,1409.02,54.5,0.0,1409.02,54.5,0.0,46.92,49.31,1.4,97.63,0.3014,False,False
1780821809.267822,archive_flood_airfield_b93ab8,archive_flood_airfield_b93ab8.mp4,77,50.0,640,480,combined,detect_combined,Flooded,deeplabv3plus,False,False,0,tensorrt,tensorrt,tensorrt,27.08,27.08,36.58,36.93,4.7,13.84,18.54,1409.02,57.1,0.0,1409.02,57.1,0.0,46.92,49.31,1.4,97.63,0.271,False,False
1780821809.34691,archive_flood_airfield_b93ab8,archive_flood_airfield_b93ab8.mp4,78,50.0,640,480,combined,detect_combined,Flooded,deeplabv3plus,False,False,0,tensorrt,tensorrt,tensorrt,22.91,22.91,43.32,43.66,4.97,15.02,19.99,1409.02,67.4,0.0,1409.02,67.4,0.0,46.92,49.31,1.4,97.63,0.2755,False,False
1780821809.4092557,archive_flood_airfield_b93ab8,archive_flood_airfield_b93ab8.mp4,79,50.0,640,480,combined,detect_combined,Flooded,deeplabv3plus,False,False,0,tensorrt,tensorrt,tensorrt,29.46,29.46,33.61,33.95,4.87,9.61,14.48,1409.02,60.0,0.0,1409.02,60.0,0.0,46.92,49.31,1.4,97.63,0.3265,False,False
1780821809.465719,archive_flood_airfield_b93ab8,archive_flood_airfield_b93ab8.mp4,80,50.0,640,480,combined,detect_combined,Flooded,deeplabv3plus,False,False,0,tensorrt,tensorrt,tensorrt,31.1,31.1,31.73,32.16,4.52,9.04,13.559999999999999,1409.02,51.4,0.0,1409.02,51.4,0.0,46.92,49.31,1.4,97.63,0.3751,False,False
1780821809.5302546,archive_flood_airfield_b93ab8,archive_flood_airfield_b93ab8.mp4,81,50.0,640,480,combined,detect_combined,Flooded,deeplabv3plus,False,False,0,tensorrt,tensorrt,tensorrt,29.65,29.65,33.27,33.72,4.59,8.67,13.26,1409.02,27.8,0.0,1409.02,27.8,0.0,46.92,49.31,1.4,97.63,0.3232,False,False
1780821809.6061385,archive_flood_airfield_b93ab8,archive_flood_airfield_b93ab8.mp4,82,50.0,640,480,combined,detect_combined,Flooded,deeplabv3plus,False,False,0,tensorrt,tensorrt,tensorrt,22.67,22.67,43.78,44.1,5.21,16.16,21.37,1409.02,26.2,0.0,1409.02,26.2,0.0,46.92,49.31,1.4,97.63,0.2966,False,False
1780821809.6687427,archive_flood_airfield_b93ab8,archive_flood_airfield_b93ab8.mp4,83,50.0,640,480,combined,detect_combined,Flooded,deeplabv3plus,False,False,0,tensorrt,tensorrt,tensorrt,27.18,27.18,36.49,36.8,5.09,10.45,15.54,1409.02,31.6,0.0,1409.02,31.6,0.0,46.92,49.31,1.4,97.63,0.3043,False,False
1780821809.739211,archive_flood_airfield_b93ab8,archive_flood_airfield_b93ab8.mp4,84,50.0,640,480,combined,detect_combined,Flooded,deeplabv3plus,False,False,0,tensorrt,tensorrt,tensorrt,25.25,25.25,39.13,39.61,5.75,11.56,17.310000000000002,1409.02,38.1,0.0,1409.02,38.1,0.0,46.92,49.31,1.4,97.63,0.3405,False,False
1780821809.8118973,archive_flood_airfield_b93ab8,archive_flood_airfield_b93ab8.mp4,85,50.0,640,480,combined,detect_combined,Flooded,deeplabv3plus,False,False,0,tensorrt,tensorrt,tensorrt,25.32,25.32,39.08,39.5,8.27,9.83,18.1,1409.02,32.6,0.0,1409.02,32.6,0.0,46.92,49.31,1.4,97.63,0.4107,False,False
1780821809.894939,archive_flood_airfield_b93ab8,archive_flood_airfield_b93ab8.mp4,86,50.0,640,480,combined,detect_combined,Flooded,deeplabv3plus,False,False,0,tensorrt,tensorrt,tensorrt,21.39,21.39,46.36,46.74,5.33,18.66,23.990000000000002,1409.02,29.8,0.0,1409.02,29.8,0.0,46.92,49.31,1.4,97.63,0.351,False,False
1780821809.983082,archive_flood_airfield_b93ab8,archive_flood_airfield_b93ab8.mp4,87,50.0,640,480,combined,detect_combined,Flooded,deeplabv3plus,False,False,0,tensorrt,tensorrt,tensorrt,19.84,19.84,50.03,50.41,6.18,20.14,26.32,1409.01,34.6,0.0,1409.01,34.6,0.0,46.92,49.31,1.4,97.63,0.4116,False,False
1780821810.0667384,archive_flood_airfield_b93ab8,archive_flood_airfield_b93ab8.mp4,88,50.0,640,480,combined,detect_combined,Flooded,deeplabv3plus,False,False,0,tensorrt,tensorrt,tensorrt,20.96,20.96,47.35,47.72,8.36,18.22,26.58,1409.01,34.0,0.0,1409.01,34.0,0.0,46.92,49.31,1.4,97.63,0.3389,False,False
1780821810.1506064,archive_flood_airfield_b93ab8,archive_flood_airfield_b93ab8.mp4,89,50.0,640,480,combined,detect_combined,Flooded,deeplabv3plus,False,False,0,tensorrt,tensorrt,tensorrt,28.1,28.1,35.26,35.59,7.63,13.25,20.88,1409.01,32.0,0.0,1409.01,32.0,0.0,46.92,49.31,1.4,97.63,0.2903,False,False
1780821810.241029,archive_flood_airfield_b93ab8,archive_flood_airfield_b93ab8.mp4,90,50.0,640,480,combined,detect_combined,Flooded,deeplabv3plus,False,False,0,tensorrt,tensorrt,tensorrt,25.3,25.3,39.22,39.52,10.71,16.81,27.52,1409.01,28.0,0.0,1409.01,28.0,0.0,46.92,49.31,1.4,97.63,0.3168,False,False
1780821810.3244812,archive_flood_airfield_b93ab8,archive_flood_airfield_b93ab8.mp4,91,50.0,640,480,combined,detect_combined,Flooded,deeplabv3plus,False,False,0,tensorrt,tensorrt,tensorrt,21.08,21.08,47.09,47.44,6.07,16.97,23.04,1409.0,46.9,0.0,1409.0,46.9,0.0,46.92,49.31,1.4,97.63,0.3748,False,False
1780821810.3887963,archive_flood_airfield_b93ab8,archive_flood_airfield_b93ab8.mp4,92,50.0,640,480,combined,detect_combined,Flooded,deeplabv3plus,False,False,0,tensorrt,tensorrt,tensorrt,28.0,28.0,35.38,35.71,6.82,9.51,16.33,1409.0,52.6,0.0,1409.0,52.6,0.0,46.92,49.31,1.4,97.63,0.3982,False,False
1780821810.4544265,archive_flood_airfield_b93ab8,archive_flood_airfield_b93ab8.mp4,93,50.0,640,480,combined,detect_combined,Flooded,deeplabv3plus,False,False,0,tensorrt,tensorrt,tensorrt,26.16,26.16,37.88,38.22,6.64,8.99,15.629999999999999,1409.0,55.0,0.0,1409.0,55.0,0.0,46.92,49.31,1.4,97.63,0.4122,False,False
1780821810.5256078,archive_flood_airfield_b93ab8,archive_flood_airfield_b93ab8.mp4,94,50.0,640,480,combined,detect_combined,Flooded,deeplabv3plus,False,False,0,tensorrt,tensorrt,tensorrt,22.14,22.14,44.36,45.17,5.09,13.02,18.11,1409.0,59.5,0.0,1409.0,59.5,0.0,46.92,49.31,1.4,97.63,0.4081,False,False
1780821810.588759,archive_flood_airfield_b93ab8,archive_flood_airfield_b93ab8.mp4,95,50.0,640,480,combined,detect_combined,Flooded,deeplabv3plus,False,False,0,tensorrt,tensorrt,tensorrt,27.17,27.17,36.47,36.8,4.23,13.58,17.810000000000002,1409.0,60.0,0.0,1409.0,60.0,0.0,46.92,49.31,1.4,97.63,0.4643,False,False
1780821810.6562755,archive_flood_airfield_b93ab8,archive_flood_airfield_b93ab8.mp4,96,50.0,640,480,combined,detect_combined,Flooded,deeplabv3plus,False,False,0,tensorrt,tensorrt,tensorrt,24.38,24.38,40.59,41.02,4.53,10.31,14.84,1409.0,60.0,0.0,1409.0,60.0,0.0,46.92,49.31,1.4,97.63,0.3995,False,False
1780821810.7230556,archive_flood_airfield_b93ab8,archive_flood_airfield_b93ab8.mp4,97,50.0,640,480,combined,detect_combined,Flooded,deeplabv3plus,False,False,0,tensorrt,tensorrt,tensorrt,25.11,25.11,39.48,39.82,9.55,12.66,22.21,1409.01,66.7,0.0,1409.01,66.7,0.0,46.92,49.31,1.4,97.63,0.4563,False,False
1780821810.7806103,archive_flood_airfield_b93ab8,archive_flood_airfield_b93ab8.mp4,98,50.0,640,480,combined,detect_combined,Flooded,deeplabv3plus,False,False,0,tensorrt,tensorrt,tensorrt,30.03,30.03,32.87,33.3,4.23,7.62,11.850000000000001,1409.01,57.1,0.0,1409.01,57.1,0.0,46.92,49.31,1.4,97.63,0.3844,False,False
1780821810.8455958,archive_flood_airfield_b93ab8,archive_flood_airfield_b93ab8.mp4,99,50.0,640,480,combined,detect_combined,Flooded,deeplabv3plus,False,False,0,tensorrt,tensorrt,tensorrt,29.54,29.54,33.51,33.85,4.36,7.87,12.23,1409.01,43.2,0.0,1409.01,43.2,0.0,46.92,49.31,1.4,97.63,0.4798,False,False
1780821810.9024596,archive_flood_airfield_b93ab8,archive_flood_airfield_b93ab8.mp4,100,50.0,640,480,combined,detect_combined,Flooded,deeplabv3plus,False,False,0,tensorrt,tensorrt,tensorrt,31.74,31.74,31.21,31.51,4.65,10.52,15.17,1409.01,35.5,0.0,1409.01,35.5,0.0,46.92,49.31,1.4,97.63,0.4716,False,False
1780821810.9556494,archive_flood_airfield_b93ab8,archive_flood_airfield_b93ab8.mp4,101,50.0,640,480,combined,detect_combined,Flooded,deeplabv3plus,False,False,0,tensorrt,tensorrt,tensorrt,39.51,39.51,25.0,25.31,4.62,8.3,12.920000000000002,1409.01,33.3,0.0,1409.01,33.3,0.0,46.92,49.31,1.4,97.63,0.4786,False,False
1780821811.0173142,archive_flood_airfield_b93ab8,archive_flood_airfield_b93ab8.mp4,102,50.0,640,480,combined,detect_combined,Flooded,deeplabv3plus,False,False,0,tensorrt,tensorrt,tensorrt,30.52,30.52,32.43,32.77,4.85,9.34,14.19,1409.0,36.1,0.0,1409.0,36.1,0.0,46.92,49.31,1.4,97.63,0.4405,False,False
1780821811.0775974,archive_flood_airfield_b93ab8,archive_flood_airfield_b93ab8.mp4,103,50.0,640,480,combined,detect_combined,Flooded,deeplabv3plus,False,False,0,tensorrt,tensorrt,tensorrt,31.92,31.92,30.99,31.33,5.13,9.92,15.05,1409.0,35.1,0.0,1409.0,35.1,0.0,46.92,49.31,1.4,97.63,0.4726,False,False
1780821811.1543856,archive_flood_airfield_b93ab8,archive_flood_airfield_b93ab8.mp4,104,50.0,640,480,combined,detect_combined,Flooded,deeplabv3plus,False,False,0,tensorrt,tensorrt,tensorrt,23.33,23.33,42.45,42.87,5.36,13.6,18.96,1409.0,31.1,0.0,1409.0,31.1,0.0,46.92,49.31,1.4,97.63,0.5059,False,False
1780821811.2200344,archive_flood_airfield_b93ab8,archive_flood_airfield_b93ab8.mp4,105,50.0,640,480,combined,detect_combined,Flooded,deeplabv3plus,False,False,0,tensorrt,tensorrt,tensorrt,31.14,31.14,31.74,32.11,5.64,10.16,15.8,1409.0,33.3,0.0,1409.0,33.3,0.0,46.92,49.31,1.4,97.63,0.4806,False,False
1780821811.3027444,archive_flood_airfield_b93ab8,archive_flood_airfield_b93ab8.mp4,106,50.0,640,480,combined,detect_combined,Flooded,deeplabv3plus,False,False,0,tensorrt,tensorrt,tensorrt,24.77,24.77,39.96,40.36,6.23,13.73,19.96,1409.0,33.3,0.0,1409.0,33.3,0.0,46.92,49.31,1.4,97.63,0.486,False,False
1780821811.3876095,archive_flood_airfield_b93ab8,archive_flood_airfield_b93ab8.mp4,107,50.0,640,480,combined,detect_combined,Flooded,deeplabv3plus,False,False,0,tensorrt,tensorrt,tensorrt,25.56,25.56,38.64,39.13,6.35,16.14,22.490000000000002,1409.0,38.5,0.0,1409.0,38.5,0.0,46.92,49.31,1.4,97.63,0.4854,False,False
1780821811.472189,archive_flood_airfield_b93ab8,archive_flood_airfield_b93ab8.mp4,108,50.0,640,480,combined,detect_combined,Flooded,deeplabv3plus,False,False,0,tensorrt,tensorrt,tensorrt,25.56,25.56,38.7,39.13,6.86,15.11,21.97,1409.0,36.7,0.0,1409.0,36.7,0.0,46.92,49.31,1.4,97.63,0.5005,False,False
1780821811.5529897,archive_flood_airfield_b93ab8,archive_flood_airfield_b93ab8.mp4,109,50.0,640,480,combined,detect_combined,Flooded,deeplabv3plus,False,False,0,tensorrt,tensorrt,tensorrt,27.84,27.84,35.51,35.93,7.16,15.02,22.18,1409.0,33.3,0.0,1409.0,33.3,0.0,46.92,49.31,1.4,97.63,0.5337,False,False
1780821811.64788,archive_flood_airfield_b93ab8,archive_flood_airfield_b93ab8.mp4,110,50.0,640,480,combined,detect_combined,Flooded,deeplabv3plus,False,False,0,tensorrt,tensorrt,tensorrt,21.16,21.16,46.81,47.25,7.79,20.9,28.689999999999998,1409.0,42.9,0.0,1409.0,42.9,0.0,46.92,49.31,1.4,97.63,0.5203,False,False
1780821811.7429733,archive_flood_airfield_b93ab8,archive_flood_airfield_b93ab8.mp4,111,50.0,640,480,combined,detect_combined,Flooded,deeplabv3plus,False,False,0,tensorrt,tensorrt,tensorrt,18.58,18.58,53.2,53.83,6.76,22.29,29.049999999999997,1409.0,53.7,0.0,1409.0,53.7,0.0,46.92,49.31,1.4,97.63,0.5179,False,False
1780821811.7984312,archive_flood_airfield_b93ab8,archive_flood_airfield_b93ab8.mp4,112,50.0,640,480,combined,detect_combined,Flooded,deeplabv3plus,False,False,0,tensorrt,tensorrt,tensorrt,37.44,37.44,26.17,26.71,4.69,7.96,12.65,1409.0,45.5,0.0,1409.0,45.5,0.0,46.92,49.31,1.4,97.63,0.544,False,False
1780821811.8786855,archive_flood_airfield_b93ab8,archive_flood_airfield_b93ab8.mp4,113,50.0,640,480,combined,detect_combined,Flooded,deeplabv3plus,False,False,0,tensorrt,tensorrt,tensorrt,25.63,25.63,38.69,39.01,4.73,14.98,19.71,1409.0,44.7,0.0,1409.0,44.7,0.0,46.92,49.31,1.4,97.63,0.5441,False,False
1780821811.941482,archive_flood_airfield_b93ab8,archive_flood_airfield_b93ab8.mp4,114,50.0,640,480,combined,detect_combined,Flooded,deeplabv3plus,False,False,0,tensorrt,tensorrt,tensorrt,27.71,27.71,35.74,36.08,5.3,10.57,15.870000000000001,1409.0,56.4,0.0,1409.0,56.4,0.0,46.92,49.31,1.4,97.63,0.523,False,False
1780821812.0041645,archive_flood_airfield_b93ab8,archive_flood_airfield_b93ab8.mp4,115,50.0,640,480,combined,detect_combined,Flooded,deeplabv3plus,False,False,0,tensorrt,tensorrt,tensorrt,26.91,26.91,36.85,37.16,6.04,9.51,15.55,1409.0,51.3,0.0,1409.0,51.3,0.0,46.92,49.31,1.4,97.63,0.529,False,False
1780821812.0649562,archive_flood_airfield_b93ab8,archive_flood_airfield_b93ab8.mp4,116,50.0,640,480,combined,detect_combined,Flooded,deeplabv3plus,False,False,0,tensorrt,tensorrt,tensorrt,27.66,27.66,35.84,36.15,4.85,9.2,14.049999999999999,1409.0,47.2,0.0,1409.0,47.2,0.0,46.92,49.31,1.4,97.63,0.4747,False,False
1780821812.1165159,archive_flood_airfield_b93ab8,archive_flood_airfield_b93ab8.mp4,117,50.0,640,480,combined,detect_combined,Flooded,deeplabv3plus,False,False,0,tensorrt,tensorrt,tensorrt,36.9,36.9,26.78,27.1,5.06,10.23,15.29,1409.0,38.7,0.0,1409.0,38.7,0.0,46.92,49.31,1.4,97.63,0.5695,False,False
1780821812.1886497,archive_flood_airfield_b93ab8,archive_flood_airfield_b93ab8.mp4,118,50.0,640,480,combined,detect_combined,Flooded,deeplabv3plus,False,False,0,tensorrt,tensorrt,tensorrt,22.98,22.98,43.19,43.52,6.75,12.56,19.310000000000002,1408.99,36.6,0.0,1408.99,36.6,0.0,46.92,49.31,1.4,97.63,0.4886,False,False
1780821812.261272,archive_flood_airfield_b93ab8,archive_flood_airfield_b93ab8.mp4,119,50.0,640,480,combined,detect_combined,Flooded,deeplabv3plus,False,False,0,tensorrt,tensorrt,tensorrt,26.01,26.01,38.13,38.45,5.01,12.74,17.75,1408.99,34.1,0.0,1408.99,34.1,0.0,46.92,49.31,1.4,97.63,0.5413,False,False
1780821812.3392081,archive_flood_airfield_b93ab8,archive_flood_airfield_b93ab8.mp4,120,50.0,640,480,combined,detect_combined,Flooded,deeplabv3plus,False,False,0,tensorrt,tensorrt,tensorrt,26.34,26.34,37.63,37.97,4.71,12.09,16.8,1408.98,34.0,0.0,1408.98,34.0,0.0,46.92,49.31,1.4,97.63,0.4922,False,False
1780821812.4236493,archive_flood_airfield_b93ab8,archive_flood_airfield_b93ab8.mp4,121,50.0,640,480,combined,detect_combined,Flooded,deeplabv3plus,False,False,0,tensorrt,tensorrt,tensorrt,21.63,21.63,45.89,46.24,8.43,17.87,26.3,1408.98,31.2,0.0,1408.98,31.2,0.0,46.92,49.31,1.4,97.63,0.5274,False,False
1780821812.499832,archive_flood_airfield_b93ab8,archive_flood_airfield_b93ab8.mp4,122,50.0,640,480,combined,detect_combined,Flooded,deeplabv3plus,False,False,0,tensorrt,tensorrt,tensorrt,27.35,27.35,36.21,36.56,7.55,12.66,20.21,1408.98,35.6,0.0,1408.98,35.6,0.0,46.92,49.31,1.4,97.63,0.4899,False,False
1780821812.5865667,archive_flood_airfield_b93ab8,archive_flood_airfield_b93ab8.mp4,123,50.0,640,480,combined,detect_combined,Flooded,deeplabv3plus,False,False,0,tensorrt,tensorrt,tensorrt,20.56,20.56,48.31,48.65,5.49,16.2,21.689999999999998,1408.98,35.3,0.0,1408.98,35.3,0.0,46.92,49.31,1.4,97.63,0.3137,False,False
1780821812.6643705,archive_flood_airfield_b93ab8,archive_flood_airfield_b93ab8.mp4,124,50.0,640,480,combined,detect_combined,Flooded,deeplabv3plus,False,False,0,tensorrt,tensorrt,tensorrt,21.38,21.38,46.39,46.77,7.96,16.24,24.2,1408.98,36.7,0.0,1408.98,36.7,0.0,46.92,49.31,1.4,97.63,0.351,False,False
1780821812.7479079,archive_flood_airfield_b93ab8,archive_flood_airfield_b93ab8.mp4,125,50.0,640,480,combined,detect_combined,Flooded,deeplabv3plus,False,False,0,tensorrt,tensorrt,tensorrt,22.16,22.16,44.74,45.13,5.3,14.52,19.82,1408.98,29.2,0.0,1408.98,29.2,0.0,46.92,49.31,1.4,97.63,0.3056,False,False
1780821812.8117027,archive_flood_airfield_b93ab8,archive_flood_airfield_b93ab8.mp4,126,50.0,640,480,combined,detect_combined,Flooded,deeplabv3plus,False,False,0,tensorrt,tensorrt,tensorrt,37.03,37.03,26.63,27.01,5.31,8.89,14.2,1408.98,37.8,0.0,1408.98,37.8,0.0,46.92,49.31,1.4,97.63,0.3621,False,False
1780821812.8838167,archive_flood_airfield_b93ab8,archive_flood_airfield_b93ab8.mp4,127,50.0,640,480,combined,detect_combined,Flooded,deeplabv3plus,False,False,0,tensorrt,tensorrt,tensorrt,26.08,26.08,37.94,38.34,8.7,12.38,21.08,1408.98,40.5,0.0,1408.98,40.5,0.0,46.92,49.31,1.4,97.63,0.4498,False,False
1780821812.963306,archive_flood_airfield_b93ab8,archive_flood_airfield_b93ab8.mp4,128,50.0,640,480,combined,detect_combined,Flooded,deeplabv3plus,False,False,0,tensorrt,tensorrt,tensorrt,22.95,22.95,43.2,43.57,5.97,20.01,25.98,1408.98,36.2,0.0,1408.98,36.2,0.0,46.92,49.31,1.4,97.63,0.4948,False,False
1780821813.027764,archive_flood_airfield_b93ab8,archive_flood_airfield_b93ab8.mp4,129,50.0,640,480,combined,detect_combined,Flooded,deeplabv3plus,False,False,0,tensorrt,tensorrt,tensorrt,33.42,33.42,29.51,29.92,5.07,9.83,14.9,1408.98,39.5,0.0,1408.98,39.5,0.0,46.92,49.31,1.4,97.63,0.5542,False,False
1780821813.0965848,archive_flood_airfield_b93ab8,archive_flood_airfield_b93ab8.mp4,130,50.0,640,480,combined,detect_combined,Flooded,deeplabv3plus,False,False,0,tensorrt,tensorrt,tensorrt,26.46,26.46,37.45,37.79,6.75,9.43,16.18,1408.98,52.5,0.0,1408.98,52.5,0.0,46.92,49.31,1.4,97.63,0.6311,False,False
1780821813.1921945,archive_flood_airfield_b93ab8,archive_flood_airfield_b93ab8.mp4,131,50.0,640,480,combined,detect_combined,Flooded,deeplabv3plus,False,False,0,tensorrt,tensorrt,tensorrt,15.76,15.76,63.02,63.44,9.03,23.08,32.11,1411.02,57.4,0.0,1411.02,57.4,0.0,46.92,49.31,1.4,97.63,0.483,False,False
1780821813.2607565,archive_flood_airfield_b93ab8,archive_flood_airfield_b93ab8.mp4,132,50.0,640,480,combined,detect_combined,Flooded,deeplabv3plus,False,False,0,tensorrt,tensorrt,tensorrt,26.72,26.72,37.1,37.42,4.02,11.98,16.0,1411.02,53.8,0.0,1411.02,53.8,0.0,46.92,49.31,1.4,97.63,0.5717,False,False
1780821813.3230953,archive_flood_airfield_b93ab8,archive_flood_airfield_b93ab8.mp4,133,50.0,640,480,combined,detect_combined,Flooded,deeplabv3plus,False,False,0,tensorrt,tensorrt,tensorrt,28.01,28.01,35.36,35.71,5.23,9.99,15.22,1411.02,47.4,0.0,1411.02,47.4,0.0,46.92,49.31,1.4,97.63,0.4125,False,False
1780821813.3897388,archive_flood_airfield_b93ab8,archive_flood_airfield_b93ab8.mp4,134,50.0,640,480,combined,detect_combined,Flooded,deeplabv3plus,False,False,0,tensorrt,tensorrt,tensorrt,27.22,27.22,36.39,36.74,5.07,9.41,14.48,1411.02,52.5,0.0,1411.02,52.5,0.0,46.92,49.31,1.4,97.63,0.5425,False,False
1780821813.460754,archive_flood_airfield_b93ab8,archive_flood_airfield_b93ab8.mp4,135,50.0,640,480,combined,detect_combined,Flooded,deeplabv3plus,False,False,0,tensorrt,tensorrt,tensorrt,25.61,25.61,38.7,39.05,5.59,10.79,16.38,1411.01,50.0,0.0,1411.01,50.0,0.0,46.92,49.31,1.4,97.63,0.3696,False,False
1780821813.5371032,archive_flood_airfield_b93ab8,archive_flood_airfield_b93ab8.mp4,136,50.0,640,480,combined,detect_combined,Flooded,deeplabv3plus,False,False,0,tensorrt,tensorrt,tensorrt,23.86,23.86,41.49,41.92,5.86,11.24,17.1,1411.01,35.6,0.0,1411.01,35.6,0.0,46.92,49.31,1.4,97.63,0.3326,False,False
1780821813.6203704,archive_flood_airfield_b93ab8,archive_flood_airfield_b93ab8.mp4,137,50.0,640,480,combined,detect_combined,Flooded,deeplabv3plus,False,False,0,tensorrt,tensorrt,tensorrt,23.5,23.5,42.07,42.55,6.09,12.42,18.509999999999998,1411.01,41.2,0.0,1411.01,41.2,0.0,46.92,49.31,1.4,97.63,0.4792,False,False
1780821813.7114189,archive_flood_airfield_b93ab8,archive_flood_airfield_b93ab8.mp4,138,50.0,640,480,combined,detect_combined,Flooded,deeplabv3plus,False,False,0,tensorrt,tensorrt,tensorrt,21.01,21.01,47.21,47.6,6.71,20.73,27.44,1411.01,39.3,0.0,1411.01,39.3,0.0,46.92,49.31,1.4,97.63,0.4524,False,False
1780821813.7998474,archive_flood_airfield_b93ab8,archive_flood_airfield_b93ab8.mp4,139,50.0,640,480,combined,detect_combined,Flooded,deeplabv3plus,False,False,0,tensorrt,tensorrt,tensorrt,21.61,21.61,45.93,46.28,6.48,18.02,24.5,1411.01,32.1,0.0,1411.01,32.1,0.0,46.92,49.31,1.4,97.63,0.5131,False,False
1780821813.8774955,archive_flood_airfield_b93ab8,archive_flood_airfield_b93ab8.mp4,140,50.0,640,480,combined,detect_combined,Flooded,deeplabv3plus,False,False,0,tensorrt,tensorrt,tensorrt,24.97,24.97,39.65,40.05,5.55,13.93,19.48,1411.01,31.9,0.0,1411.01,31.9,0.0,46.92,49.31,1.4,97.63,0.418,False,False
1780821813.9613094,archive_flood_airfield_b93ab8,archive_flood_airfield_b93ab8.mp4,141,50.0,640,480,combined,detect_combined,Flooded,deeplabv3plus,False,False,0,tensorrt,tensorrt,tensorrt,22.53,22.53,44.02,44.39,7.12,13.65,20.77,1411.01,32.7,0.0,1411.01,32.7,0.0,46.92,49.31,1.4,97.63,0.3374,False,False
1780821814.0537858,archive_flood_airfield_b93ab8,archive_flood_airfield_b93ab8.mp4,142,50.0,640,480,combined,detect_combined,Flooded,deeplabv3plus,False,False,0,tensorrt,tensorrt,tensorrt,20.88,20.88,47.48,47.9,7.5,17.43,24.93,1411.01,33.3,0.0,1411.01,33.3,0.0,46.92,49.31,1.4,97.63,0.2703,False,False
1780821814.1544502,archive_flood_airfield_b93ab8,archive_flood_airfield_b93ab8.mp4,143,50.0,640,480,combined,detect_combined,Flooded,deeplabv3plus,False,False,0,tensorrt,tensorrt,tensorrt,19.34,19.34,51.29,51.71,6.74,19.16,25.9,1411.01,35.0,0.0,1411.01,35.0,0.0,46.92,49.31,1.4,97.63,0.2855,False,False
1780821814.2574701,archive_flood_airfield_b93ab8,archive_flood_airfield_b93ab8.mp4,144,50.0,640,480,combined,detect_combined,Flooded,deeplabv3plus,False,False,0,tensorrt,tensorrt,tensorrt,18.35,18.35,54.09,54.5,7.28,19.82,27.1,1411.01,31.1,0.0,1411.01,31.1,0.0,46.92,49.31,1.4,97.63,0.2915,False,False
1780821814.3561509,archive_flood_airfield_b93ab8,archive_flood_airfield_b93ab8.mp4,145,50.0,640,480,combined,detect_combined,Flooded,deeplabv3plus,False,False,0,tensorrt,tensorrt,tensorrt,20.37,20.37,48.56,49.08,9.51,22.48,31.990000000000002,1411.01,35.1,0.0,1411.01,35.1,0.0,46.92,49.31,1.4,97.63,0.3829,False,False
1780821814.424786,archive_flood_airfield_b93ab8,archive_flood_airfield_b93ab8.mp4,146,50.0,640,480,combined,detect_combined,Flooded,deeplabv3plus,False,False,0,tensorrt,tensorrt,tensorrt,24.29,24.29,40.82,41.17,6.21,10.43,16.64,1411.01,47.4,0.0,1411.01,47.4,0.0,46.92,49.31,1.4,97.63,0.4659,False,False
1780821814.4923937,archive_flood_airfield_b93ab8,archive_flood_airfield_b93ab8.mp4,147,50.0,640,480,combined,detect_combined,Flooded,deeplabv3plus,False,False,0,tensorrt,tensorrt,tensorrt,25.24,25.24,39.28,39.61,4.91,9.83,14.74,1411.01,52.4,0.0,1411.01,52.4,0.0,46.92,49.31,1.4,97.63,0.5636,False,False
1780821814.5550742,archive_flood_airfield_b93ab8,archive_flood_airfield_b93ab8.mp4,148,50.0,640,480,combined,detect_combined,Flooded,deeplabv3plus,False,False,0,tensorrt,tensorrt,tensorrt,26.34,26.34,37.64,37.97,4.73,9.44,14.17,1411.01,48.6,0.0,1411.01,48.6,0.0,46.92,49.31,1.4,97.63,0.5935,False,False
1780821814.6173646,archive_flood_airfield_b93ab8,archive_flood_airfield_b93ab8.mp4,149,50.0,640,480,combined,detect_combined,Flooded,deeplabv3plus,False,False,0,tensorrt,tensorrt,tensorrt,27.98,27.98,35.38,35.74,5.23,10.05,15.280000000000001,1411.01,47.2,0.0,1411.01,47.2,0.0,46.92,49.31,1.4,97.63,0.6484,False,False
1780821814.6948946,archive_flood_airfield_b93ab8,archive_flood_airfield_b93ab8.mp4,150,50.0,640,480,combined,detect_combined,Flooded,deeplabv3plus,False,False,0,tensorrt,tensorrt,tensorrt,23.6,23.6,41.79,42.38,5.14,18.02,23.16,1411.01,53.3,0.0,1411.01,53.3,0.0,46.92,49.31,1.4,97.63,0.4691,False,False
1780821814.7594633,archive_flood_airfield_b93ab8,archive_flood_airfield_b93ab8.mp4,151,50.0,640,480,combined,detect_combined,Flooded,deeplabv3plus,False,False,0,tensorrt,tensorrt,tensorrt,30.4,30.4,32.58,32.9,4.34,8.77,13.11,1411.01,50.0,0.0,1411.01,50.0,0.0,46.92,49.31,1.4,97.63,0.4464,False,False
1780821814.8297653,archive_flood_airfield_b93ab8,archive_flood_airfield_b93ab8.mp4,152,50.0,640,480,combined,detect_combined,Flooded,deeplabv3plus,False,False,0,tensorrt,tensorrt,tensorrt,24.26,24.26,40.67,41.22,5.76,11.04,16.799999999999997,1411.01,48.8,0.0,1411.01,48.8,0.0,46.92,49.31,1.4,97.63,0.5706,False,False
1780821814.8895047,archive_flood_airfield_b93ab8,archive_flood_airfield_b93ab8.mp4,153,50.0,640,480,combined,detect_combined,Flooded,deeplabv3plus,False,False,0,tensorrt,tensorrt,tensorrt,39.06,39.06,25.26,25.6,4.17,7.42,11.59,1411.01,35.3,0.0,1411.01,35.3,0.0,46.92,49.31,1.4,97.63,0.5525,False,False
1780821814.9565146,archive_flood_airfield_b93ab8,archive_flood_airfield_b93ab8.mp4,154,50.0,640,480,combined,detect_combined,Flooded,deeplabv3plus,False,False,0,tensorrt,tensorrt,tensorrt,26.8,26.8,36.98,37.32,5.1,11.05,16.15,1411.01,45.0,0.0,1411.01,45.0,0.0,46.92,49.31,1.4,97.63,0.5412,False,False
1780821815.0182793,archive_flood_airfield_b93ab8,archive_flood_airfield_b93ab8.mp4,155,50.0,640,480,combined,detect_combined,Flooded,deeplabv3plus,False,False,0,tensorrt,tensorrt,tensorrt,28.94,28.94,34.18,34.55,4.3,11.92,16.22,1411.01,50.0,0.0,1411.01,50.0,0.0,46.92,49.31,1.4,97.63,0.6275,False,False
1780821815.094706,archive_flood_airfield_b93ab8,archive_flood_airfield_b93ab8.mp4,156,50.0,640,480,combined,detect_combined,Flooded,deeplabv3plus,False,False,0,tensorrt,tensorrt,tensorrt,23.75,23.75,41.69,42.1,5.08,13.93,19.009999999999998,1411.01,51.1,0.0,1411.01,51.1,0.0,46.92,49.31,1.4,97.63,0.598,False,False
1780821815.1675677,archive_flood_airfield_b93ab8,archive_flood_airfield_b93ab8.mp4,157,50.0,640,480,combined,detect_combined,Flooded,deeplabv3plus,False,False,0,tensorrt,tensorrt,tensorrt,26.74,26.74,37.09,37.4,4.28,10.99,15.27,1411.01,51.2,0.0,1411.01,51.2,0.0,46.92,49.31,1.4,97.63,0.5505,False,False
1780821815.2320542,archive_flood_airfield_b93ab8,archive_flood_airfield_b93ab8.mp4,158,50.0,640,480,combined,detect_combined,Flooded,deeplabv3plus,False,False,0,tensorrt,tensorrt,tensorrt,27.01,27.01,36.41,37.03,4.73,9.14,13.870000000000001,1411.01,31.4,0.0,1411.01,31.4,0.0,46.92,49.31,1.4,97.63,0.4164,False,False
1780821815.2974243,archive_flood_airfield_b93ab8,archive_flood_airfield_b93ab8.mp4,159,50.0,640,480,combined,detect_combined,Flooded,deeplabv3plus,False,False,0,tensorrt,tensorrt,tensorrt,27.24,27.24,36.37,36.71,5.92,8.94,14.86,1411.01,31.6,0.0,1411.01,31.6,0.0,46.92,49.31,1.4,97.63,0.4898,False,False
1780821815.3713217,archive_flood_airfield_b93ab8,archive_flood_airfield_b93ab8.mp4,160,50.0,640,480,combined,detect_combined,Flooded,deeplabv3plus,False,False,0,tensorrt,tensorrt,tensorrt,24.43,24.43,40.58,40.94,6.48,15.78,22.259999999999998,1411.01,33.3,0.0,1411.01,33.3,0.0,46.92,49.31,1.4,97.63,0.5214,False,False
1780821815.449228,archive_flood_airfield_b93ab8,archive_flood_airfield_b93ab8.mp4,161,50.0,640,480,combined,detect_combined,Flooded,deeplabv3plus,False,False,0,tensorrt,tensorrt,tensorrt,25.15,25.15,39.39,39.76,5.5,14.06,19.560000000000002,1411.01,36.7,0.0,1411.01,36.7,0.0,46.92,49.31,1.4,97.63,0.5718,False,False
1780821815.5304985,archive_flood_airfield_b93ab8,archive_flood_airfield_b93ab8.mp4,162,50.0,640,480,combined,detect_combined,Flooded,deeplabv3plus,False,False,0,tensorrt,tensorrt,tensorrt,22.81,22.81,43.47,43.85,6.09,14.78,20.869999999999997,1411.01,32.6,0.0,1411.01,32.6,0.0,46.92,49.31,1.4,97.63,0.512,False,False
1780821815.6152143,archive_flood_airfield_b93ab8,archive_flood_airfield_b93ab8.mp4,163,50.0,640,480,combined,detect_combined,Flooded,deeplabv3plus,False,False,0,tensorrt,tensorrt,tensorrt,19.1,19.1,51.92,52.36,5.54,17.03,22.57,1411.01,33.3,0.0,1411.01,33.3,0.0,46.92,49.31,1.4,97.63,0.4886,False,False
1780821815.7225907,archive_flood_airfield_b93ab8,archive_flood_airfield_b93ab8.mp4,164,50.0,640,480,combined,detect_combined,Flooded,deeplabv3plus,False,False,0,tensorrt,tensorrt,tensorrt,14.05,14.05,70.2,71.18,9.38,28.26,37.64,1411.12,45.3,0.0,1411.12,45.3,0.0,46.92,49.31,1.4,97.63,0.5829,False,False
1780821815.7906842,archive_flood_airfield_b93ab8,archive_flood_airfield_b93ab8.mp4,165,50.0,640,480,combined,detect_combined,Flooded,deeplabv3plus,False,False,0,tensorrt,tensorrt,tensorrt,26.31,26.31,37.69,38.01,5.19,8.76,13.95,1411.11,39.0,0.0,1411.11,39.0,0.0,46.92,49.31,1.4,97.63,0.515,False,False
1780821815.8607278,archive_flood_airfield_b93ab8,archive_flood_airfield_b93ab8.mp4,166,50.0,640,480,combined,detect_combined,Flooded,deeplabv3plus,False,False,0,tensorrt,tensorrt,tensorrt,25.19,25.19,39.27,39.7,5.26,9.81,15.07,1411.11,55.8,0.0,1411.11,55.8,0.0,46.92,49.31,1.4,97.63,0.5193,False,False
1780821815.9258027,archive_flood_airfield_b93ab8,archive_flood_airfield_b93ab8.mp4,167,50.0,640,480,combined,detect_combined,Flooded,deeplabv3plus,False,False,0,tensorrt,tensorrt,tensorrt,28.27,28.27,35.05,35.38,5.2,9.36,14.559999999999999,1411.11,52.6,0.0,1411.11,52.6,0.0,46.92,49.31,1.4,97.63,0.4849,False,False
1780821815.9847863,archive_flood_airfield_b93ab8,archive_flood_airfield_b93ab8.mp4,168,50.0,640,480,combined,detect_combined,Flooded,deeplabv3plus,False,False,0,tensorrt,tensorrt,tensorrt,29.99,29.99,33.03,33.34,4.97,8.68,13.649999999999999,1411.11,44.1,0.0,1411.11,44.1,0.0,46.92,49.31,1.4,97.63,0.4794,False,False
1780821816.0408301,archive_flood_airfield_b93ab8,archive_flood_airfield_b93ab8.mp4,169,50.0,640,480,combined,detect_combined,Flooded,deeplabv3plus,False,False,0,tensorrt,tensorrt,tensorrt,32.33,32.33,30.61,30.93,4.35,8.77,13.12,1411.11,52.9,0.0,1411.11,52.9,0.0,46.92,49.31,1.4,97.63,0.5173,False,False
1780821816.1051114,archive_flood_airfield_b93ab8,archive_flood_airfield_b93ab8.mp4,170,50.0,640,480,combined,detect_combined,Flooded,deeplabv3plus,False,False,0,tensorrt,tensorrt,tensorrt,29.32,29.32,33.77,34.11,4.4,8.31,12.71,1411.11,57.5,0.0,1411.11,57.5,0.0,46.92,49.31,1.4,97.63,0.5264,False,False
1780821816.1800258,archive_flood_airfield_b93ab8,archive_flood_airfield_b93ab8.mp4,171,50.0,640,480,combined,detect_combined,Flooded,deeplabv3plus,False,False,0,tensorrt,tensorrt,tensorrt,23.71,23.71,41.81,42.18,7.03,13.2,20.23,1411.11,54.3,0.0,1411.11,54.3,0.0,46.92,49.31,1.4,97.63,0.5962,False,False
1780821816.251627,archive_flood_airfield_b93ab8,archive_flood_airfield_b93ab8.mp4,172,50.0,640,480,combined,detect_combined,Flooded,deeplabv3plus,False,False,0,tensorrt,tensorrt,tensorrt,24.84,24.84,39.94,40.25,4.78,14.39,19.17,1411.11,45.0,0.0,1411.11,45.0,0.0,46.92,49.31,1.4,97.63,0.5223,False,False
1780821816.335258,archive_flood_airfield_b93ab8,archive_flood_airfield_b93ab8.mp4,173,50.0,640,480,combined,detect_combined,Flooded,deeplabv3plus,False,False,0,tensorrt,tensorrt,tensorrt,21.18,21.18,46.79,47.21,6.73,16.31,23.04,1411.11,29.2,0.0,1411.11,29.2,0.0,46.92,49.31,1.4,97.63,0.554,False,False
1780821816.4125485,archive_flood_airfield_b93ab8,archive_flood_airfield_b93ab8.mp4,174,50.0,640,480,combined,detect_combined,Flooded,deeplabv3plus,False,False,0,tensorrt,tensorrt,tensorrt,23.26,23.26,42.57,42.99,7.79,15.65,23.44,1411.11,34.0,0.0,1411.11,34.0,0.0,46.92,49.31,1.4,97.63,0.5583,False,False
1780821816.5009263,archive_flood_airfield_b93ab8,archive_flood_airfield_b93ab8.mp4,175,50.0,640,480,combined,detect_combined,Flooded,deeplabv3plus,False,False,0,tensorrt,tensorrt,tensorrt,20.56,20.56,48.24,48.63,8.97,21.02,29.990000000000002,1411.11,32.1,0.0,1411.11,32.1,0.0,46.92,49.31,1.4,97.63,0.5047,False,False
1780821816.5888999,archive_flood_airfield_b93ab8,archive_flood_airfield_b93ab8.mp4,176,50.0,640,480,combined,detect_combined,Flooded,deeplabv3plus,False,False,0,tensorrt,tensorrt,tensorrt,23.18,23.18,42.72,43.13,5.74,14.61,20.35,1411.11,30.0,0.0,1411.11,30.0,0.0,46.92,49.31,1.4,97.63,0.6543,False,False
1780821816.6852064,archive_flood_airfield_b93ab8,archive_flood_airfield_b93ab8.mp4,177,50.0,640,480,combined,detect_combined,Flooded,deeplabv3plus,False,False,0,tensorrt,tensorrt,tensorrt,20.2,20.2,49.08,49.51,8.1,24.81,32.91,1411.11,32.8,0.0,1411.11,32.8,0.0,46.92,49.31,1.4,97.63,0.5529,False,False
1780821816.7779667,archive_flood_airfield_b93ab8,archive_flood_airfield_b93ab8.mp4,178,50.0,640,480,combined,detect_combined,Flooded,deeplabv3plus,False,False,0,tensorrt,tensorrt,tensorrt,22.67,22.67,43.75,44.12,7.91,16.53,24.44,1411.11,31.5,0.0,1411.11,31.5,0.0,46.92,49.31,1.4,97.63,0.6319,False,False
1780821816.8541696,archive_flood_airfield_b93ab8,archive_flood_airfield_b93ab8.mp4,179,50.0,640,480,combined,detect_combined,Flooded,deeplabv3plus,False,False,0,tensorrt,tensorrt,tensorrt,22.63,22.63,43.8,44.18,5.87,17.26,23.130000000000003,1411.1,34.8,0.0,1411.1,34.8,0.0,46.92,49.31,1.4,97.63,0.5251,False,False
1780821816.934053,archive_flood_airfield_b93ab8,archive_flood_airfield_b93ab8.mp4,180,50.0,640,480,combined,detect_combined,Flooded,deeplabv3plus,False,False,0,tensorrt,tensorrt,tensorrt,26.39,26.39,37.51,37.89,5.44,13.85,19.29,1411.1,31.9,0.0,1411.1,31.9,0.0,46.92,49.31,1.4,97.63,0.6051,False,False
1780821817.0250003,archive_flood_airfield_b93ab8,archive_flood_airfield_b93ab8.mp4,181,50.0,640,480,combined,detect_combined,Flooded,deeplabv3plus,False,False,0,tensorrt,tensorrt,tensorrt,27.37,27.37,36.0,36.53,6.98,16.98,23.96,1411.1,29.1,0.0,1411.1,29.1,0.0,46.92,49.31,1.4,97.63,0.5993,False,False
1780821817.1090739,archive_flood_airfield_b93ab8,archive_flood_airfield_b93ab8.mp4,182,50.0,640,480,combined,detect_combined,Flooded,deeplabv3plus,False,False,0,tensorrt,tensorrt,tensorrt,22.74,22.74,43.58,43.98,6.59,15.03,21.619999999999997,1411.1,34.7,0.0,1411.1,34.7,0.0,46.92,49.31,1.4,97.63,0.541,False,False
1780821817.1992903,archive_flood_airfield_b93ab8,archive_flood_airfield_b93ab8.mp4,183,50.0,640,480,combined,detect_combined,Flooded,deeplabv3plus,False,False,0,tensorrt,tensorrt,tensorrt,20.19,20.19,49.11,49.52,6.95,18.34,25.29,1411.1,47.2,0.0,1411.1,47.2,0.0,46.92,49.31,1.4,97.63,0.6356,False,False
1780821817.2823007,archive_flood_airfield_b93ab8,archive_flood_airfield_b93ab8.mp4,184,50.0,640,480,combined,detect_combined,Flooded,deeplabv3plus,False,False,0,tensorrt,tensorrt,tensorrt,26.04,26.04,38.05,38.4,4.4,11.25,15.65,1411.1,50.0,0.0,1411.1,50.0,0.0,46.92,49.31,1.4,97.63,0.5869,False,False
1780821817.3703244,archive_flood_airfield_b93ab8,archive_flood_airfield_b93ab8.mp4,185,50.0,640,480,combined,detect_combined,Flooded,deeplabv3plus,False,False,0,tensorrt,tensorrt,tensorrt,20.57,20.57,48.22,48.61,6.63,20.26,26.89,1411.1,50.0,0.0,1411.1,50.0,0.0,46.92,49.31,1.4,97.63,0.5589,False,False
1780821817.4499643,archive_flood_airfield_b93ab8,archive_flood_airfield_b93ab8.mp4,186,50.0,640,480,combined,detect_combined,Flooded,deeplabv3plus,False,False,0,tensorrt,tensorrt,tensorrt,26.08,26.08,37.95,38.34,5.75,13.03,18.78,1411.1,51.0,0.0,1411.1,51.0,0.0,46.92,49.31,1.4,97.63,0.5143,False,False
1780821817.5441415,archive_flood_airfield_b93ab8,archive_flood_airfield_b93ab8.mp4,187,50.0,640,480,combined,detect_combined,Flooded,deeplabv3plus,False,False,0,tensorrt,tensorrt,tensorrt,18.7,18.7,53.05,53.47,6.71,19.65,26.36,1411.1,51.7,0.0,1411.1,51.7,0.0,46.92,49.31,1.4,97.63,0.5233,False,False
1780821817.6172585,archive_flood_airfield_b93ab8,archive_flood_airfield_b93ab8.mp4,188,50.0,640,480,combined,detect_combined,Flooded,deeplabv3plus,False,False,0,tensorrt,tensorrt,tensorrt,27.14,27.14,36.45,36.85,6.18,11.14,17.32,1411.1,37.5,0.0,1411.1,37.5,0.0,46.92,49.31,1.4,97.63,0.6596,False,False
1780821817.710576,archive_flood_airfield_b93ab8,archive_flood_airfield_b93ab8.mp4,189,50.0,640,480,combined,detect_combined,Flooded,deeplabv3plus,False,False,0,tensorrt,tensorrt,tensorrt,21.03,21.03,47.12,47.55,9.2,16.79,25.99,1411.1,29.1,0.0,1411.1,29.1,0.0,46.92,49.31,1.4,97.63,0.5703,False,False
1780821817.805945,archive_flood_airfield_b93ab8,archive_flood_airfield_b93ab8.mp4,190,50.0,640,480,combined,detect_combined,Flooded,deeplabv3plus,False,False,0,tensorrt,tensorrt,tensorrt,20.63,20.63,48.04,48.46,7.2,18.09,25.29,1411.1,28.6,0.0,1411.1,28.6,0.0,46.92,49.31,1.4,97.63,0.6987,False,False
1780821817.898897,archive_flood_airfield_b93ab8,archive_flood_airfield_b93ab8.mp4,191,50.0,640,480,combined,detect_combined,Flooded,deeplabv3plus,False,False,0,tensorrt,tensorrt,tensorrt,19.8,19.8,50.09,50.51,9.2,22.06,31.259999999999998,1411.1,34.0,0.0,1411.1,34.0,0.0,46.92,49.31,1.4,97.63,0.5764,False,False
1780821817.9930387,archive_flood_airfield_b93ab8,archive_flood_airfield_b93ab8.mp4,192,50.0,640,480,combined,detect_combined,Flooded,deeplabv3plus,False,False,0,tensorrt,tensorrt,tensorrt,21.08,21.08,47.03,47.44,8.11,20.13,28.24,1411.1,31.5,0.0,1411.1,31.5,0.0,46.92,49.31,1.4,97.63,0.6262,False,False
1780821818.0938678,archive_flood_airfield_b93ab8,archive_flood_airfield_b93ab8.mp4,193,50.0,640,480,combined,detect_combined,Flooded,deeplabv3plus,False,False,0,tensorrt,tensorrt,tensorrt,19.32,19.32,51.34,51.77,7.19,19.78,26.970000000000002,1411.1,39.3,0.0,1411.1,39.3,0.0,46.92,49.31,1.4,97.63,0.6268,False,False
1780821818.1935096,archive_flood_airfield_b93ab8,archive_flood_airfield_b93ab8.mp4,194,50.0,640,480,combined,detect_combined,Flooded,deeplabv3plus,False,False,0,tensorrt,tensorrt,tensorrt,20.23,20.23,49.04,49.43,7.04,18.61,25.65,1411.1,42.1,0.0,1411.1,42.1,0.0,46.92,49.31,1.4,97.63,0.5796,False,False
1780821818.284182,archive_flood_airfield_b93ab8,archive_flood_airfield_b93ab8.mp4,195,50.0,640,480,combined,detect_combined,Flooded,deeplabv3plus,False,False,0,tensorrt,tensorrt,tensorrt,19.26,19.26,51.5,51.92,7.75,19.47,27.22,1411.09,38.5,0.0,1411.09,38.5,0.0,46.92,49.31,1.4,97.63,0.5423,False,False
1780821818.3762267,archive_flood_airfield_b93ab8,archive_flood_airfield_b93ab8.mp4,196,50.0,640,480,combined,detect_combined,Flooded,deeplabv3plus,False,False,0,tensorrt,tensorrt,tensorrt,20.02,20.02,49.53,49.95,6.69,17.79,24.48,1411.09,30.8,0.0,1411.09,30.8,0.0,46.92,49.31,1.4,97.63,0.5321,False,False
1780821818.4548075,archive_flood_airfield_b93ab8,archive_flood_airfield_b93ab8.mp4,197,50.0,640,480,combined,detect_combined,Flooded,deeplabv3plus,False,False,0,tensorrt,tensorrt,tensorrt,23.2,23.2,42.71,43.1,6.7,12.2,18.9,1411.09,42.9,0.0,1411.09,42.9,0.0,46.92,49.31,1.4,97.63,0.5683,False,False
1780821818.5293074,archive_flood_airfield_b93ab8,archive_flood_airfield_b93ab8.mp4,198,50.0,640,480,combined,detect_combined,Flooded,deeplabv3plus,False,False,0,tensorrt,tensorrt,tensorrt,26.06,26.06,37.96,38.38,5.97,11.68,17.65,1411.09,52.3,0.0,1411.09,52.3,0.0,46.92,49.31,1.4,97.63,0.5628,False,False
1780821818.6056166,archive_flood_airfield_b93ab8,archive_flood_airfield_b93ab8.mp4,199,50.0,640,480,combined,detect_combined,Flooded,deeplabv3plus,False,False,0,tensorrt,tensorrt,tensorrt,24.13,24.13,41.08,41.45,6.61,13.71,20.32,1411.09,51.1,0.0,1411.09,51.1,0.0,46.92,49.31,1.4,97.63,0.6286,False,False
1780821818.6759226,archive_flood_airfield_b93ab8,archive_flood_airfield_b93ab8.mp4,200,50.0,640,480,combined,detect_combined,Flooded,deeplabv3plus,False,False,0,tensorrt,tensorrt,tensorrt,28.63,28.63,34.32,34.92,4.08,15.6,19.68,1411.09,52.5,0.0,1411.09,52.5,0.0,46.92,49.31,1.4,97.63,0.5807,False,False
1780821818.7508485,archive_flood_airfield_b93ab8,archive_flood_airfield_b93ab8.mp4,201,50.0,640,480,combined,detect_combined,Flooded,deeplabv3plus,False,False,0,tensorrt,tensorrt,tensorrt,22.98,22.98,43.18,43.51,5.83,18.2,24.03,1411.09,43.9,0.0,1411.09,43.9,0.0,46.92,49.31,1.4,97.63,0.5502,False,False
1780821818.8113031,archive_flood_airfield_b93ab8,archive_flood_airfield_b93ab8.mp4,202,50.0,640,480,combined,detect_combined,Flooded,deeplabv3plus,False,False,0,tensorrt,tensorrt,tensorrt,30.95,30.95,31.99,32.31,5.69,8.24,13.93,1411.09,48.5,0.0,1411.09,48.5,0.0,46.92,49.31,1.4,97.63,0.5588,False,False
1780821818.8773453,archive_flood_airfield_b93ab8,archive_flood_airfield_b93ab8.mp4,203,50.0,640,480,combined,detect_combined,Flooded,deeplabv3plus,False,False,0,tensorrt,tensorrt,tensorrt,26.9,26.9,36.83,37.17,5.18,12.43,17.61,1411.09,30.8,0.0,1411.09,30.8,0.0,46.92,49.31,1.4,97.63,0.3943,False,False
1780821818.9551332,archive_flood_airfield_b93ab8,archive_flood_airfield_b93ab8.mp4,204,50.0,640,480,combined,detect_combined,Flooded,deeplabv3plus,False,False,0,tensorrt,tensorrt,tensorrt,25.09,25.09,39.52,39.85,6.19,15.67,21.86,1411.09,47.7,0.0,1411.09,47.7,0.0,46.92,49.31,1.4,97.63,0.4668,False,False
1780821819.0341995,archive_flood_airfield_b93ab8,archive_flood_airfield_b93ab8.mp4,205,50.0,640,480,combined,detect_combined,Flooded,deeplabv3plus,False,False,0,tensorrt,tensorrt,tensorrt,20.85,20.85,47.66,47.97,4.78,17.82,22.6,1411.09,36.2,0.0,1411.09,36.2,0.0,46.92,49.31,1.4,97.63,0.5316,False,False
1780821819.1054244,archive_flood_airfield_b93ab8,archive_flood_airfield_b93ab8.mp4,206,50.0,640,480,combined,detect_combined,Flooded,deeplabv3plus,False,False,0,tensorrt,tensorrt,tensorrt,28.85,28.85,34.29,34.66,5.29,12.82,18.11,1411.08,35.7,0.0,1411.08,35.7,0.0,46.92,49.31,1.4,97.63,0.6132,False,False
1780821819.1759052,archive_flood_airfield_b93ab8,archive_flood_airfield_b93ab8.mp4,207,50.0,640,480,combined,detect_combined,Flooded,deeplabv3plus,False,False,0,tensorrt,tensorrt,tensorrt,25.64,25.64,38.65,39.01,5.02,15.07,20.09,1411.08,33.3,0.0,1411.08,33.3,0.0,46.92,49.31,1.4,97.63,0.5711,False,False
1780821819.2457032,archive_flood_airfield_b93ab8,archive_flood_airfield_b93ab8.mp4,208,50.0,640,480,combined,detect_combined,Flooded,deeplabv3plus,False,False,0,tensorrt,tensorrt,tensorrt,24.48,24.48,40.49,40.85,6.24,10.49,16.73,1411.08,35.0,0.0,1411.08,35.0,0.0,46.92,49.31,1.4,97.63,0.6287,False,False
1780821819.315357,archive_flood_airfield_b93ab8,archive_flood_airfield_b93ab8.mp4,209,50.0,640,480,combined,detect_combined,Flooded,deeplabv3plus,False,False,0,tensorrt,tensorrt,tensorrt,27.35,27.35,36.13,36.56,6.23,11.9,18.130000000000003,1411.08,44.2,0.0,1411.08,44.2,0.0,46.92,49.31,1.4,97.63,0.5838,False,False
1780821819.4021664,archive_flood_airfield_b93ab8,archive_flood_airfield_b93ab8.mp4,210,50.0,640,480,combined,detect_combined,Flooded,deeplabv3plus,False,False,0,tensorrt,tensorrt,tensorrt,22.92,22.92,43.24,43.64,7.75,18.44,26.19,1411.08,31.2,0.0,1411.08,31.2,0.0,46.92,49.31,1.4,97.63,0.5389,False,False
1780821819.4756782,archive_flood_airfield_b93ab8,archive_flood_airfield_b93ab8.mp4,211,50.0,640,480,combined,detect_combined,Flooded,deeplabv3plus,False,False,0,tensorrt,tensorrt,tensorrt,29.91,29.91,33.09,33.43,5.76,9.84,15.6,1411.08,31.0,0.0,1411.08,31.0,0.0,46.92,49.31,1.4,97.63,0.5088,False,False
1780821819.549373,archive_flood_airfield_b93ab8,archive_flood_airfield_b93ab8.mp4,212,50.0,640,480,combined,detect_combined,Flooded,deeplabv3plus,False,False,0,tensorrt,tensorrt,tensorrt,26.09,26.09,37.9,38.33,5.9,11.28,17.18,1411.08,31.0,0.0,1411.08,31.0,0.0,46.92,49.31,1.4,97.63,0.4395,False,False
1780821819.6197371,archive_flood_airfield_b93ab8,archive_flood_airfield_b93ab8.mp4,213,50.0,640,480,combined,detect_combined,Flooded,deeplabv3plus,False,False,0,tensorrt,tensorrt,tensorrt,24.53,24.53,40.44,40.77,4.95,10.15,15.100000000000001,1411.07,31.7,0.0,1411.07,31.7,0.0,46.92,49.31,1.4,97.63,0.3705,False,False
1780821819.692628,archive_flood_airfield_b93ab8,archive_flood_airfield_b93ab8.mp4,214,50.0,640,480,combined,detect_combined,Flooded,deeplabv3plus,False,False,0,tensorrt,tensorrt,tensorrt,23.8,23.8,41.7,42.01,5.39,14.39,19.78,1411.07,38.6,0.0,1411.07,38.6,0.0,46.92,49.31,1.4,97.63,0.4093,False,False
1780821819.7588964,archive_flood_airfield_b93ab8,archive_flood_airfield_b93ab8.mp4,215,50.0,640,480,combined,detect_combined,Flooded,deeplabv3plus,False,False,0,tensorrt,tensorrt,tensorrt,29.84,29.84,33.19,33.51,6.01,11.31,17.32,1411.07,37.5,0.0,1411.07,37.5,0.0,46.92,49.31,1.4,97.63,0.3409,False,False
1780821819.8300104,archive_flood_airfield_b93ab8,archive_flood_airfield_b93ab8.mp4,216,50.0,640,480,combined,detect_combined,Flooded,deeplabv3plus,False,False,0,tensorrt,tensorrt,tensorrt,29.01,29.01,34.17,34.47,5.77,11.98,17.75,1411.07,43.9,0.0,1411.07,43.9,0.0,46.92,49.31,1.4,97.63,0.3604,False,False
1780821819.9054112,archive_flood_airfield_b93ab8,archive_flood_airfield_b93ab8.mp4,217,50.0,640,480,combined,detect_combined,Flooded,deeplabv3plus,False,False,0,tensorrt,tensorrt,tensorrt,21.83,21.83,45.41,45.8,9.57,19.75,29.32,1411.07,53.3,0.0,1411.07,53.3,0.0,46.92,49.31,1.4,97.63,0.3496,False,False
1780821819.9816043,archive_flood_airfield_b93ab8,archive_flood_airfield_b93ab8.mp4,218,50.0,640,480,combined,detect_combined,Flooded,deeplabv3plus,False,False,0,tensorrt,tensorrt,tensorrt,23.26,23.26,42.59,42.98,6.18,18.11,24.29,1411.07,46.5,0.0,1411.07,46.5,0.0,46.92,49.31,1.4,97.63,0.441,False,False
1780821820.0560791,archive_flood_airfield_b93ab8,archive_flood_airfield_b93ab8.mp4,219,50.0,640,480,combined,detect_combined,Flooded,deeplabv3plus,False,False,0,tensorrt,tensorrt,tensorrt,27.87,27.87,35.52,35.88,6.78,11.81,18.59,1411.07,50.0,0.0,1411.07,50.0,0.0,46.92,49.31,1.4,97.63,0.4368,False,False
1780821820.1403186,archive_flood_airfield_b93ab8,archive_flood_airfield_b93ab8.mp4,220,50.0,640,480,combined,detect_combined,Flooded,deeplabv3plus,False,False,0,tensorrt,tensorrt,tensorrt,22.11,22.11,44.85,45.22,5.57,13.92,19.490000000000002,1411.07,52.0,0.0,1411.07,52.0,0.0,46.92,49.31,1.4,97.63,0.6547,False,False
1780821820.2185297,archive_flood_airfield_b93ab8,archive_flood_airfield_b93ab8.mp4,221,50.0,640,480,combined,detect_combined,Flooded,deeplabv3plus,False,False,0,tensorrt,tensorrt,tensorrt,21.61,21.61,45.94,46.27,5.14,17.08,22.22,1411.07,43.9,0.0,1411.07,43.9,0.0,46.92,49.31,1.4,97.63,0.6085,False,False
1780821820.2867427,archive_flood_airfield_b93ab8,archive_flood_airfield_b93ab8.mp4,222,50.0,640,480,combined,detect_combined,Flooded,deeplabv3plus,False,False,0,tensorrt,tensorrt,tensorrt,27.41,27.41,36.13,36.48,5.48,13.26,18.740000000000002,1411.07,42.2,0.0,1411.07,42.2,0.0,46.92,49.31,1.4,97.63,0.5522,False,False
1780821820.3700247,archive_flood_airfield_b93ab8,archive_flood_airfield_b93ab8.mp4,223,50.0,640,480,combined,detect_combined,Flooded,deeplabv3plus,False,False,0,tensorrt,tensorrt,tensorrt,24.38,24.38,40.63,41.01,5.71,14.42,20.13,1411.07,34.7,0.0,1411.07,34.7,0.0,46.92,49.31,1.4,97.63,0.5342,False,False
1780821820.4698658,archive_flood_airfield_b93ab8,archive_flood_airfield_b93ab8.mp4,224,50.0,640,480,combined,detect_combined,Flooded,deeplabv3plus,False,False,0,tensorrt,tensorrt,tensorrt,19.2,19.2,51.67,52.09,6.93,18.26,25.19,1411.07,32.2,0.0,1411.07,32.2,0.0,46.92,49.31,1.4,97.63,0.5982,False,False
1780821820.5704803,archive_flood_airfield_b93ab8,archive_flood_airfield_b93ab8.mp4,225,50.0,640,480,combined,detect_combined,Flooded,deeplabv3plus,False,False,0,tensorrt,tensorrt,tensorrt,19.68,19.68,50.4,50.81,6.81,18.78,25.59,1411.07,32.2,0.0,1411.07,32.2,0.0,46.92,49.31,1.4,97.63,0.5127,False,False
1780821820.6942887,archive_flood_airfield_b93ab8,archive_flood_airfield_b93ab8.mp4,226,50.0,640,480,combined,detect_combined,Flooded,deeplabv3plus,False,False,0,tensorrt,tensorrt,tensorrt,13.62,13.62,73.07,73.42,9.1,14.9,24.0,1412.43,33.3,0.0,1412.43,33.3,0.0,46.92,49.31,1.4,97.63,0.4728,False,False
1780821820.7745025,archive_flood_airfield_b93ab8,archive_flood_airfield_b93ab8.mp4,227,50.0,640,480,combined,detect_combined,Flooded,deeplabv3plus,False,False,0,tensorrt,tensorrt,tensorrt,31.67,31.67,31.21,31.57,6.69,12.01,18.7,1412.43,42.2,0.0,1412.43,42.2,0.0,46.92,49.31,1.4,97.63,0.5795,False,False
1780821820.8498056,archive_flood_airfield_b93ab8,archive_flood_airfield_b93ab8.mp4,228,50.0,640,480,combined,detect_combined,Flooded,deeplabv3plus,False,False,0,tensorrt,tensorrt,tensorrt,24.53,24.53,40.41,40.76,6.1,11.46,17.560000000000002,1412.43,35.6,0.0,1412.43,35.6,0.0,46.92,49.31,1.4,97.63,0.4681,False,False
1780821820.9323103,archive_flood_airfield_b93ab8,archive_flood_airfield_b93ab8.mp4,229,50.0,640,480,combined,detect_combined,Flooded,deeplabv3plus,False,False,0,tensorrt,tensorrt,tensorrt,21.13,21.13,46.95,47.33,5.59,19.52,25.11,1412.43,40.0,0.0,1412.43,40.0,0.0,46.92,49.31,1.4,97.63,0.4441,False,False
1780821820.9997423,archive_flood_airfield_b93ab8,archive_flood_airfield_b93ab8.mp4,230,50.0,640,480,combined,detect_combined,Flooded,deeplabv3plus,False,False,0,tensorrt,tensorrt,tensorrt,25.06,25.06,39.56,39.9,6.25,12.04,18.29,1412.43,34.1,0.0,1412.43,34.1,0.0,46.92,49.31,1.4,97.63,0.4116,False,False
1780821821.0818636,archive_flood_airfield_b93ab8,archive_flood_airfield_b93ab8.mp4,231,50.0,640,480,combined,detect_combined,Flooded,deeplabv3plus,False,False,0,tensorrt,tensorrt,tensorrt,21.49,21.49,46.17,46.53,6.19,17.07,23.26,1412.43,31.2,0.0,1412.43,31.2,0.0,46.92,49.31,1.4,97.63,0.4839,False,False
1780821821.1521528,archive_flood_airfield_b93ab8,archive_flood_airfield_b93ab8.mp4,232,50.0,640,480,combined,detect_combined,Flooded,deeplabv3plus,False,False,0,tensorrt,tensorrt,tensorrt,27.14,27.14,36.46,36.85,5.27,15.23,20.5,1412.43,41.5,0.0,1412.43,41.5,0.0,46.92,49.31,1.4,97.63,0.4883,False,False
1780821821.217439,archive_flood_airfield_b93ab8,archive_flood_airfield_b93ab8.mp4,233,50.0,640,480,combined,detect_combined,Flooded,deeplabv3plus,False,False,0,tensorrt,tensorrt,tensorrt,26.77,26.77,37.03,37.36,4.54,10.67,15.21,1412.43,48.7,0.0,1412.43,48.7,0.0,46.92,49.31,1.4,97.63,0.5042,False,False
1780821821.2865887,archive_flood_airfield_b93ab8,archive_flood_airfield_b93ab8.mp4,234,50.0,640,480,combined,detect_combined,Flooded,deeplabv3plus,False,False,0,tensorrt,tensorrt,tensorrt,25.35,25.35,39.07,39.45,4.8,10.46,15.260000000000002,1412.43,51.3,0.0,1412.43,51.3,0.0,46.92,49.31,1.4,97.63,0.4549,False,False
1780821821.3535354,archive_flood_airfield_b93ab8,archive_flood_airfield_b93ab8.mp4,235,50.0,640,480,combined,detect_combined,Flooded,deeplabv3plus,False,False,0,tensorrt,tensorrt,tensorrt,27.06,27.06,36.57,36.95,4.13,11.45,15.579999999999998,1412.43,58.5,0.0,1412.43,58.5,0.0,46.92,49.31,1.4,97.63,0.4775,False,False
1780821821.4306908,archive_flood_airfield_b93ab8,archive_flood_airfield_b93ab8.mp4,236,50.0,640,480,combined,detect_combined,Flooded,deeplabv3plus,False,False,0,tensorrt,tensorrt,tensorrt,22.85,22.85,43.2,43.77,6.18,14.94,21.119999999999997,1412.43,48.9,0.0,1412.43,48.9,0.0,46.92,49.31,1.4,97.63,0.4593,False,False
1780821821.5039248,archive_flood_airfield_b93ab8,archive_flood_airfield_b93ab8.mp4,237,50.0,640,480,combined,detect_combined,Flooded,deeplabv3plus,False,False,0,tensorrt,tensorrt,tensorrt,23.19,23.19,42.72,43.11,6.86,11.82,18.68,1412.43,55.6,0.0,1412.43,55.6,0.0,46.92,49.31,1.4,97.63,0.4324,False,False
1780821821.5670233,archive_flood_airfield_b93ab8,archive_flood_airfield_b93ab8.mp4,238,50.0,640,480,combined,detect_combined,Flooded,deeplabv3plus,False,False,0,tensorrt,tensorrt,tensorrt,29.97,29.97,32.31,33.36,4.07,11.51,15.58,1412.43,54.3,0.0,1412.43,54.3,0.0,46.92,49.31,1.4,97.63,0.4602,False,False
1780821821.6251626,archive_flood_airfield_b93ab8,archive_flood_airfield_b93ab8.mp4,239,50.0,640,480,combined,detect_combined,Flooded,deeplabv3plus,False,False,0,tensorrt,tensorrt,tensorrt,32.83,32.83,30.11,30.46,4.4,9.28,13.68,1412.43,51.5,0.0,1412.43,51.5,0.0,46.92,49.31,1.4,97.63,0.5475,False,False
1780821821.6893058,archive_flood_airfield_b93ab8,archive_flood_airfield_b93ab8.mp4,240,50.0,640,480,combined,detect_combined,Flooded,deeplabv3plus,False,False,0,tensorrt,tensorrt,tensorrt,28.93,28.93,34.21,34.57,6.55,9.72,16.27,1412.43,47.2,0.0,1412.43,47.2,0.0,46.92,49.31,1.4,97.63,0.376,False,False
1780821821.757945,archive_flood_airfield_b93ab8,archive_flood_airfield_b93ab8.mp4,241,50.0,640,480,combined,detect_combined,Flooded,deeplabv3plus,False,False,0,tensorrt,tensorrt,tensorrt,24.66,24.66,40.24,40.56,4.75,11.73,16.48,1412.42,48.7,0.0,1412.42,48.7,0.0,46.92,49.31,1.4,97.63,0.2837,False,False
1780821821.8113062,archive_flood_airfield_b93ab8,archive_flood_airfield_b93ab8.mp4,242,50.0,640,480,combined,detect_combined,Flooded,deeplabv3plus,False,False,0,tensorrt,tensorrt,tensorrt,35.0,35.0,28.26,28.57,4.47,8.52,12.989999999999998,1412.42,32.3,0.0,1412.42,32.3,0.0,46.92,49.31,1.4,97.63,0.2814,False,False
1780821821.869421,archive_flood_airfield_b93ab8,archive_flood_airfield_b93ab8.mp4,243,50.0,640,480,combined,detect_combined,Flooded,deeplabv3plus,False,False,0,tensorrt,tensorrt,tensorrt,30.72,30.72,32.21,32.56,6.48,9.47,15.950000000000001,1412.42,43.2,0.0,1412.42,43.2,0.0,46.92,49.31,1.4,97.63,0.2672,False,False
1780821821.932084,archive_flood_airfield_b93ab8,archive_flood_airfield_b93ab8.mp4,244,50.0,640,480,combined,detect_combined,Flooded,deeplabv3plus,False,False,0,tensorrt,tensorrt,tensorrt,29.59,29.59,33.33,33.79,5.13,10.18,15.309999999999999,1412.42,28.6,0.0,1412.42,28.6,0.0,46.92,49.31,1.4,97.63,0.2946,False,False
1780821821.9976394,archive_flood_airfield_b93ab8,archive_flood_airfield_b93ab8.mp4,245,50.0,640,480,combined,detect_combined,Flooded,deeplabv3plus,False,False,0,tensorrt,tensorrt,tensorrt,28.93,28.93,34.21,34.57,5.18,9.35,14.53,1412.42,37.5,0.0,1412.42,37.5,0.0,46.92,49.31,1.4,97.63,0.3221,False,False
1780821822.0652843,archive_flood_airfield_b93ab8,archive_flood_airfield_b93ab8.mp4,246,50.0,640,480,combined,detect_combined,Flooded,deeplabv3plus,False,False,0,tensorrt,tensorrt,tensorrt,28.36,28.36,34.89,35.26,5.68,10.6,16.28,1412.42,31.6,0.0,1412.42,31.6,0.0,46.92,49.31,1.4,97.63,0.4214,False,False
1780821822.1418834,archive_flood_airfield_b93ab8,archive_flood_airfield_b93ab8.mp4,247,50.0,640,480,combined,detect_combined,Flooded,deeplabv3plus,False,False,0,tensorrt,tensorrt,tensorrt,23.78,23.78,41.66,42.05,6.01,11.71,17.72,1412.42,32.6,0.0,1412.42,32.6,0.0,46.92,49.31,1.4,97.63,0.4456,False,False
1780821822.2306933,archive_flood_airfield_b93ab8,archive_flood_airfield_b93ab8.mp4,248,50.0,640,480,combined,detect_combined,Flooded,deeplabv3plus,False,False,0,tensorrt,tensorrt,tensorrt,20.25,20.25,48.98,49.38,6.98,14.48,21.46,1412.42,41.1,0.0,1412.42,41.1,0.0,46.92,49.31,1.4,97.63,0.4495,False,False
1780821822.3204303,archive_flood_airfield_b93ab8,archive_flood_airfield_b93ab8.mp4,249,50.0,640,480,combined,detect_combined,Flooded,deeplabv3plus,False,False,0,tensorrt,tensorrt,tensorrt,23.82,23.82,41.55,41.98,6.61,14.36,20.97,1412.41,27.5,0.0,1412.41,27.5,0.0,46.92,49.31,1.4,97.63,0.497,False,False
1780821822.4163737,archive_flood_airfield_b93ab8,archive_flood_airfield_b93ab8.mp4,250,50.0,640,480,combined,detect_combined,Flooded,deeplabv3plus,False,False,0,tensorrt,tensorrt,tensorrt,20.66,20.66,48.01,48.41,7.08,19.53,26.61,1412.41,33.9,0.0,1412.41,33.9,0.0,46.92,49.31,1.4,97.63,0.4754,False,False
1780821822.502688,archive_flood_airfield_b93ab8,archive_flood_airfield_b93ab8.mp4,251,50.0,640,480,combined,detect_combined,Flooded,deeplabv3plus,False,False,0,tensorrt,tensorrt,tensorrt,21.45,21.45,46.27,46.63,6.75,16.6,23.35,1412.41,32.7,0.0,1412.41,32.7,0.0,46.92,49.31,1.4,97.63,0.4892,False,False
1780821822.5736866,archive_flood_airfield_b93ab8,archive_flood_airfield_b93ab8.mp4,252,50.0,640,480,combined,detect_combined,Flooded,deeplabv3plus,False,False,0,tensorrt,tensorrt,tensorrt,28.01,28.01,35.33,35.71,5.94,13.62,19.56,1412.41,53.5,0.0,1412.41,53.5,0.0,46.92,49.31,1.4,97.63,0.5154,False,False
1780821822.6539009,archive_flood_airfield_b93ab8,archive_flood_airfield_b93ab8.mp4,253,50.0,640,480,combined,detect_combined,Flooded,deeplabv3plus,False,False,0,tensorrt,tensorrt,tensorrt,24.07,24.07,41.07,41.54,5.85,13.99,19.84,1412.41,54.2,0.0,1412.41,54.2,0.0,46.92,49.31,1.4,97.63,0.4817,False,False
1780821822.7421687,archive_flood_airfield_b93ab8,archive_flood_airfield_b93ab8.mp4,254,50.0,640,480,combined,detect_combined,Flooded,deeplabv3plus,False,False,0,tensorrt,tensorrt,tensorrt,23.15,23.15,42.82,43.2,7.45,17.73,25.18,1412.41,47.2,0.0,1412.41,47.2,0.0,46.92,49.31,1.4,97.63,0.4232,False,False
1780821822.8200414,archive_flood_airfield_b93ab8,archive_flood_airfield_b93ab8.mp4,255,50.0,640,480,combined,detect_combined,Flooded,deeplabv3plus,False,False,0,tensorrt,tensorrt,tensorrt,24.63,24.63,40.19,40.6,6.72,14.03,20.75,1412.41,51.1,0.0,1412.41,51.1,0.0,46.92,49.31,1.4,97.63,0.345,False,False
1780821822.9051,archive_flood_airfield_b93ab8,archive_flood_airfield_b93ab8.mp4,256,50.0,640,480,combined,detect_combined,Flooded,deeplabv3plus,False,False,0,tensorrt,tensorrt,tensorrt,21.57,21.57,45.97,46.36,4.8,18.48,23.28,1412.41,45.8,0.0,1412.41,45.8,0.0,46.92,49.31,1.4,97.63,0.4224,False,False
1780821822.9879477,archive_flood_airfield_b93ab8,archive_flood_airfield_b93ab8.mp4,257,50.0,640,480,combined,detect_combined,Flooded,deeplabv3plus,False,False,0,tensorrt,tensorrt,tensorrt,22.21,22.21,44.7,45.03,6.48,18.91,25.39,1412.41,41.7,0.0,1412.41,41.7,0.0,46.92,49.31,1.4,97.63,0.4028,False,False
1780821823.0693293,archive_flood_airfield_b93ab8,archive_flood_airfield_b93ab8.mp4,258,50.0,640,480,combined,detect_combined,Flooded,deeplabv3plus,False,False,0,tensorrt,tensorrt,tensorrt,22.48,22.48,44.09,44.48,6.19,20.61,26.8,1412.41,34.0,0.0,1412.41,34.0,0.0,46.92,49.31,1.4,97.63,0.4223,False,False
1780821823.1508725,archive_flood_airfield_b93ab8,archive_flood_airfield_b93ab8.mp4,259,50.0,640,480,combined,detect_combined,Flooded,deeplabv3plus,False,False,0,tensorrt,tensorrt,tensorrt,23.85,23.85,41.5,41.92,6.1,15.68,21.78,1412.4,36.7,0.0,1412.4,36.7,0.0,46.92,49.31,1.4,97.63,0.4188,False,False
1780821823.2253783,archive_flood_airfield_b93ab8,archive_flood_airfield_b93ab8.mp4,260,50.0,640,480,combined,detect_combined,Flooded,deeplabv3plus,False,False,0,tensorrt,tensorrt,tensorrt,25.76,25.76,38.32,38.82,7.4,13.49,20.89,1413.77,41.2,0.0,1413.77,41.2,0.0,46.92,49.31,1.4,97.63,0.3929,False,False
1780821823.307969,archive_flood_airfield_b93ab8,archive_flood_airfield_b93ab8.mp4,261,50.0,640,480,combined,detect_combined,Flooded,deeplabv3plus,False,False,0,tensorrt,tensorrt,tensorrt,21.63,21.63,45.8,46.22,5.67,17.99,23.659999999999997,1413.77,42.6,0.0,1413.77,42.6,0.0,46.92,49.31,1.4,97.63,0.4366,False,False
1780821823.3645983,archive_flood_airfield_b93ab8,archive_flood_airfield_b93ab8.mp4,262,50.0,640,480,combined,detect_combined,Flooded,deeplabv3plus,False,False,0,tensorrt,tensorrt,tensorrt,34.77,34.77,28.41,28.76,5.04,10.18,15.219999999999999,1413.77,34.4,0.0,1413.77,34.4,0.0,46.92,49.31,1.4,97.63,0.418,False,False
1780821823.4305408,archive_flood_airfield_b93ab8,archive_flood_airfield_b93ab8.mp4,263,50.0,640,480,combined,detect_combined,Flooded,deeplabv3plus,False,False,0,tensorrt,tensorrt,tensorrt,29.39,29.39,33.67,34.03,5.15,10.36,15.51,1413.77,31.6,0.0,1413.77,31.6,0.0,46.92,49.31,1.4,97.63,0.4153,False,False
1780821823.5044672,archive_flood_airfield_b93ab8,archive_flood_airfield_b93ab8.mp4,264,50.0,640,480,combined,detect_combined,Flooded,deeplabv3plus,False,False,0,tensorrt,tensorrt,tensorrt,25.66,25.66,38.49,38.96,5.97,12.17,18.14,1413.77,34.1,0.0,1413.77,34.1,0.0,46.92,49.31,1.4,97.63,0.3999,False,False
1780821823.5862472,archive_flood_airfield_b93ab8,archive_flood_airfield_b93ab8.mp4,265,50.0,640,480,combined,detect_combined,Flooded,deeplabv3plus,False,False,0,tensorrt,tensorrt,tensorrt,23.76,23.76,41.67,42.08,6.19,14.34,20.53,1413.77,34.7,0.0,1413.77,34.7,0.0,46.92,49.31,1.4,97.63,0.4143,False,False
1780821823.6533415,archive_flood_airfield_b93ab8,archive_flood_airfield_b93ab8.mp4,266,50.0,640,480,combined,detect_combined,Flooded,deeplabv3plus,False,False,0,tensorrt,tensorrt,tensorrt,25.53,25.53,38.8,39.17,5.85,11.24,17.09,1413.77,27.5,0.0,1413.77,27.5,0.0,46.92,49.31,1.4,97.63,0.3689,False,False
1780821823.7211268,archive_flood_airfield_b93ab8,archive_flood_airfield_b93ab8.mp4,267,50.0,640,480,combined,detect_combined,Flooded,deeplabv3plus,False,False,0,tensorrt,tensorrt,tensorrt,26.84,26.84,36.92,37.26,5.67,14.35,20.02,1413.77,34.2,0.0,1413.77,34.2,0.0,46.92,49.31,1.4,97.63,0.3957,False,False
1780821823.7781062,archive_flood_airfield_b93ab8,archive_flood_airfield_b93ab8.mp4,268,50.0,640,480,combined,detect_combined,Flooded,deeplabv3plus,False,False,0,tensorrt,tensorrt,tensorrt,36.13,36.13,27.37,27.68,4.44,7.86,12.3,1413.77,34.4,0.0,1413.77,34.4,0.0,46.92,49.31,1.4,97.63,0.4062,False,False
1780821823.8462853,archive_flood_airfield_b93ab8,archive_flood_airfield_b93ab8.mp4,269,50.0,640,480,combined,detect_combined,Flooded,deeplabv3plus,False,False,0,tensorrt,tensorrt,tensorrt,30.45,30.45,32.51,32.84,5.15,11.07,16.22,1413.77,32.5,0.0,1413.77,32.5,0.0,46.92,49.31,1.4,97.63,0.3384,False,False
1780821823.9197533,archive_flood_airfield_b93ab8,archive_flood_airfield_b93ab8.mp4,270,50.0,640,480,combined,detect_combined,Flooded,deeplabv3plus,False,False,0,tensorrt,tensorrt,tensorrt,23.42,23.42,42.31,42.69,5.3,17.67,22.970000000000002,1413.77,46.7,0.0,1413.77,46.7,0.0,46.92,49.31,1.4,97.63,0.3823,False,False
1780821824.0021589,archive_flood_airfield_b93ab8,archive_flood_airfield_b93ab8.mp4,271,50.0,640,480,combined,detect_combined,Flooded,deeplabv3plus,False,False,0,tensorrt,tensorrt,tensorrt,24.69,24.69,40.09,40.51,5.5,19.08,24.58,1413.77,49.0,0.0,1413.77,49.0,0.0,46.92,49.31,1.4,97.63,0.3359,False,False
1780821824.088274,archive_flood_airfield_b93ab8,archive_flood_airfield_b93ab8.mp4,272,50.0,640,480,combined,detect_combined,Flooded,deeplabv3plus,False,False,0,tensorrt,tensorrt,tensorrt,21.9,21.9,45.28,45.67,6.58,16.13,22.71,1413.77,49.0,0.0,1413.77,49.0,0.0,46.92,49.31,1.4,97.63,0.4459,False,False
1780821824.1564329,archive_flood_airfield_b93ab8,archive_flood_airfield_b93ab8.mp4,273,50.0,640,480,combined,detect_combined,Flooded,deeplabv3plus,False,False,0,tensorrt,tensorrt,tensorrt,27.14,27.14,36.51,36.85,5.63,14.98,20.61,1413.77,51.2,0.0,1413.77,51.2,0.0,46.92,49.31,1.4,97.63,0.4581,False,False
1780821824.2156138,archive_flood_airfield_b93ab8,archive_flood_airfield_b93ab8.mp4,274,50.0,640,480,combined,detect_combined,Flooded,deeplabv3plus,False,False,0,tensorrt,tensorrt,tensorrt,36.3,36.3,27.17,27.55,4.08,7.58,11.66,1413.76,57.1,0.0,1413.76,57.1,0.0,46.92,49.31,1.4,97.63,0.4784,False,False
1780821824.278954,archive_flood_airfield_b93ab8,archive_flood_airfield_b93ab8.mp4,275,50.0,640,480,combined,detect_combined,Flooded,deeplabv3plus,False,False,0,tensorrt,tensorrt,tensorrt,29.67,29.67,33.38,33.7,4.9,10.05,14.950000000000001,1413.76,50.0,0.0,1413.76,50.0,0.0,46.92,49.31,1.4,97.63,0.5075,False,False
1780821824.3404737,archive_flood_airfield_b93ab8,archive_flood_airfield_b93ab8.mp4,276,50.0,640,480,combined,detect_combined,Flooded,deeplabv3plus,False,False,0,tensorrt,tensorrt,tensorrt,28.53,28.53,34.69,35.05,4.33,10.34,14.67,1413.76,45.5,0.0,1413.76,45.5,0.0,46.92,49.31,1.4,97.63,0.463,False,False
1780821824.4051971,archive_flood_airfield_b93ab8,archive_flood_airfield_b93ab8.mp4,277,50.0,640,480,combined,detect_combined,Flooded,deeplabv3plus,False,False,0,tensorrt,tensorrt,tensorrt,25.74,25.74,38.53,38.85,5.47,9.49,14.96,1413.76,35.0,0.0,1413.76,35.0,0.0,46.92,49.31,1.4,97.63,0.4729,False,False
1780821824.4719045,archive_flood_airfield_b93ab8,archive_flood_airfield_b93ab8.mp4,278,50.0,640,480,combined,detect_combined,Flooded,deeplabv3plus,False,False,0,tensorrt,tensorrt,tensorrt,24.48,24.48,40.54,40.85,5.48,9.69,15.17,1413.76,28.9,0.0,1413.76,28.9,0.0,46.92,49.31,1.4,97.63,0.5179,False,False
1780821824.5304546,archive_flood_airfield_b93ab8,archive_flood_airfield_b93ab8.mp4,279,50.0,640,480,combined,detect_combined,Flooded,deeplabv3plus,False,False,0,tensorrt,tensorrt,tensorrt,28.49,28.49,34.68,35.1,5.46,10.04,15.5,1413.76,29.4,0.0,1413.76,29.4,0.0,46.92,49.31,1.4,97.63,0.5458,False,False
1780821824.5993242,archive_flood_airfield_b93ab8,archive_flood_airfield_b93ab8.mp4,280,50.0,640,480,combined,detect_combined,Flooded,deeplabv3plus,False,False,0,tensorrt,tensorrt,tensorrt,27.59,27.59,35.71,36.25,5.48,10.47,15.950000000000001,1413.76,25.6,0.0,1413.76,25.6,0.0,46.92,49.31,1.4,97.63,0.5726,False,False
1780821824.6771147,archive_flood_airfield_b93ab8,archive_flood_airfield_b93ab8.mp4,281,50.0,640,480,combined,detect_combined,Flooded,deeplabv3plus,False,False,0,tensorrt,tensorrt,tensorrt,22.93,22.93,43.24,43.62,6.28,13.66,19.94,1413.76,27.9,0.0,1413.76,27.9,0.0,46.92,49.31,1.4,97.63,0.5594,False,False
1780821824.7424197,archive_flood_airfield_b93ab8,archive_flood_airfield_b93ab8.mp4,282,50.0,640,480,combined,detect_combined,Flooded,deeplabv3plus,False,False,0,tensorrt,tensorrt,tensorrt,28.85,28.85,34.2,34.67,4.43,14.34,18.77,1413.76,31.6,0.0,1413.76,31.6,0.0,46.92,49.31,1.4,97.63,0.525,False,False
1780821824.8152206,archive_flood_airfield_b93ab8,archive_flood_airfield_b93ab8.mp4,283,50.0,640,480,combined,detect_combined,Flooded,deeplabv3plus,False,False,0,tensorrt,tensorrt,tensorrt,23.37,23.37,42.42,42.8,5.27,15.1,20.369999999999997,1413.76,34.1,0.0,1413.76,34.1,0.0,46.92,49.31,1.4,97.63,0.5338,False,False
1780821824.897616,archive_flood_airfield_b93ab8,archive_flood_airfield_b93ab8.mp4,284,50.0,640,480,combined,detect_combined,Flooded,deeplabv3plus,False,False,0,tensorrt,tensorrt,tensorrt,21.14,21.14,46.99,47.3,8.77,17.11,25.88,1413.76,29.8,0.0,1413.76,29.8,0.0,46.92,49.31,1.4,97.63,0.5929,False,False
1780821824.9702387,archive_flood_airfield_b93ab8,archive_flood_airfield_b93ab8.mp4,285,50.0,640,480,combined,detect_combined,Flooded,deeplabv3plus,False,False,0,tensorrt,tensorrt,tensorrt,22.0,22.0,45.11,45.45,5.59,16.13,21.72,1413.76,33.3,0.0,1413.76,33.3,0.0,46.92,49.31,1.4,97.63,0.5716,False,False
1780821825.0416386,archive_flood_airfield_b93ab8,archive_flood_airfield_b93ab8.mp4,286,50.0,640,480,combined,detect_combined,Flooded,deeplabv3plus,False,False,0,tensorrt,tensorrt,tensorrt,27.36,27.36,35.9,36.55,4.58,14.08,18.66,1413.75,33.3,0.0,1413.75,33.3,0.0,46.92,49.31,1.4,97.63,0.56,False,False
1780821825.1168017,archive_flood_airfield_b93ab8,archive_flood_airfield_b93ab8.mp4,287,50.0,640,480,combined,detect_combined,Flooded,deeplabv3plus,False,False,0,tensorrt,tensorrt,tensorrt,24.09,24.09,41.2,41.51,5.78,12.62,18.4,1413.75,30.2,0.0,1413.75,30.2,0.0,46.92,49.31,1.4,97.63,0.5196,False,False
1780821825.1963966,archive_flood_airfield_b93ab8,archive_flood_airfield_b93ab8.mp4,288,50.0,640,480,combined,detect_combined,Flooded,deeplabv3plus,False,False,0,tensorrt,tensorrt,tensorrt,22.95,22.95,43.24,43.57,6.09,11.95,18.04,1413.75,28.9,0.0,1413.75,28.9,0.0,46.92,49.31,1.4,97.63,0.5498,False,False
1780821825.2847285,archive_flood_airfield_b93ab8,archive_flood_airfield_b93ab8.mp4,289,50.0,640,480,combined,detect_combined,Flooded,deeplabv3plus,False,False,0,tensorrt,tensorrt,tensorrt,23.58,23.58,42.05,42.41,7.02,16.82,23.84,1413.74,43.4,0.0,1413.74,43.4,0.0,46.92,49.31,1.4,97.63,0.5539,False,False
1780821825.3719916,archive_flood_airfield_b93ab8,archive_flood_airfield_b93ab8.mp4,290,50.0,640,480,combined,detect_combined,Flooded,deeplabv3plus,False,False,0,tensorrt,tensorrt,tensorrt,20.18,20.18,49.13,49.54,6.67,19.7,26.369999999999997,1413.74,48.0,0.0,1413.74,48.0,0.0,46.92,49.31,1.4,97.63,0.5592,False,False
1780821825.453489,archive_flood_airfield_b93ab8,archive_flood_airfield_b93ab8.mp4,291,50.0,640,480,combined,detect_combined,Flooded,deeplabv3plus,False,False,0,tensorrt,tensorrt,tensorrt,24.96,24.96,39.62,40.06,8.48,15.51,23.990000000000002,1413.74,54.3,0.0,1413.74,54.3,0.0,46.92,49.31,1.4,97.63,0.5544,False,False
1780821825.5376647,archive_flood_airfield_b93ab8,archive_flood_airfield_b93ab8.mp4,292,50.0,640,480,combined,detect_combined,Flooded,deeplabv3plus,False,False,0,tensorrt,tensorrt,tensorrt,20.92,20.92,47.38,47.8,6.72,17.78,24.5,1413.74,49.0,0.0,1413.74,49.0,0.0,46.92,49.31,1.4,97.63,0.5637,False,False
1780821825.644693,archive_flood_airfield_b93ab8,archive_flood_airfield_b93ab8.mp4,293,50.0,640,480,combined,detect_combined,Flooded,deeplabv3plus,False,False,0,tensorrt,tensorrt,tensorrt,19.53,19.53,50.61,51.2,12.0,19.47,31.47,1413.74,48.5,0.0,1413.74,48.5,0.0,46.92,49.31,1.4,97.63,0.5644,False,False
1780821825.7371216,archive_flood_airfield_b93ab8,archive_flood_airfield_b93ab8.mp4,294,50.0,640,480,combined,detect_combined,Flooded,deeplabv3plus,False,False,0,tensorrt,tensorrt,tensorrt,24.58,24.58,40.29,40.69,6.68,19.84,26.52,1413.74,46.3,0.0,1413.74,46.3,0.0,46.92,49.31,1.4,97.63,0.5964,False,False
1780821825.82242,archive_flood_airfield_b93ab8,archive_flood_airfield_b93ab8.mp4,295,50.0,640,480,combined,detect_combined,Flooded,deeplabv3plus,False,False,0,tensorrt,tensorrt,tensorrt,21.74,21.74,45.53,45.99,6.65,15.11,21.759999999999998,1413.74,41.5,0.0,1413.74,41.5,0.0,46.92,49.31,1.4,97.63,0.5662,False,False
1780821825.9140332,archive_flood_airfield_b93ab8,archive_flood_airfield_b93ab8.mp4,296,50.0,640,480,combined,detect_combined,Flooded,deeplabv3plus,False,False,0,tensorrt,tensorrt,tensorrt,19.62,19.62,50.55,50.98,6.92,20.66,27.58,1413.74,36.4,0.0,1413.74,36.4,0.0,46.92,49.31,1.4,97.63,0.5959,False,False
1780821826.0044127,archive_flood_airfield_b93ab8,archive_flood_airfield_b93ab8.mp4,297,50.0,640,480,combined,detect_combined,Flooded,deeplabv3plus,False,False,0,tensorrt,tensorrt,tensorrt,20.42,20.42,48.52,48.98,6.92,13.68,20.6,1413.74,30.8,0.0,1413.74,30.8,0.0,46.92,49.31,1.4,97.63,0.5924,False,False
1780821826.0840194,archive_flood_airfield_b93ab8,archive_flood_airfield_b93ab8.mp4,298,50.0,640,480,combined,detect_combined,Flooded,deeplabv3plus,False,False,0,tensorrt,tensorrt,tensorrt,23.54,23.54,42.13,42.48,6.17,11.84,18.009999999999998,1413.74,36.7,0.0,1413.74,36.7,0.0,46.92,49.31,1.4,97.63,0.5871,False,False
1780821826.152439,archive_flood_airfield_b93ab8,archive_flood_airfield_b93ab8.mp4,299,50.0,640,480,combined,detect_combined,Flooded,deeplabv3plus,False,False,0,tensorrt,tensorrt,tensorrt,24.16,24.16,41.07,41.39,5.66,10.56,16.22,1413.74,31.6,0.0,1413.74,31.6,0.0,46.92,49.31,1.4,97.63,0.5692,False,False
1780821826.2353323,archive_flood_airfield_b93ab8,archive_flood_airfield_b93ab8.mp4,300,50.0,640,480,combined,detect_combined,Flooded,deeplabv3plus,False,False,0,tensorrt,tensorrt,tensorrt,19.25,19.25,51.58,51.96,5.83,17.81,23.64,1413.74,35.4,0.0,1413.74,35.4,0.0,46.92,49.31,1.4,97.63,0.406,False,False
1780821826.3184114,archive_flood_airfield_b93ab8,archive_flood_airfield_b93ab8.mp4,301,50.0,640,480,combined,detect_combined,Flooded,deeplabv3plus,False,False,0,tensorrt,tensorrt,tensorrt,22.54,22.54,44.02,44.36,6.83,17.4,24.229999999999997,1413.74,34.7,0.0,1413.74,34.7,0.0,46.92,49.31,1.4,97.63,0.5172,False,False
1780821826.4070194,archive_flood_airfield_b93ab8,archive_flood_airfield_b93ab8.mp4,302,50.0,640,480,combined,detect_combined,Flooded,deeplabv3plus,False,False,0,tensorrt,tensorrt,tensorrt,21.75,21.75,45.6,45.98,7.4,16.61,24.009999999999998,1413.74,31.4,0.0,1413.74,31.4,0.0,46.92,49.31,1.4,97.63,0.5697,False,False
1780821826.4817874,archive_flood_airfield_b93ab8,archive_flood_airfield_b93ab8.mp4,303,50.0,640,480,combined,detect_combined,Flooded,deeplabv3plus,False,False,0,tensorrt,tensorrt,tensorrt,26.48,26.48,37.39,37.77,6.01,13.48,19.490000000000002,1413.74,39.6,0.0,1413.74,39.6,0.0,46.92,49.31,1.4,97.63,0.4725,False,False
1780821826.5538409,archive_flood_airfield_b93ab8,archive_flood_airfield_b93ab8.mp4,304,50.0,640,480,combined,detect_combined,Flooded,deeplabv3plus,False,False,0,tensorrt,tensorrt,tensorrt,26.12,26.12,37.73,38.28,5.7,12.13,17.830000000000002,1413.73,39.5,0.0,1413.73,39.5,0.0,46.92,49.31,1.4,97.63,0.503,False,False
1780821826.6311586,archive_flood_airfield_b93ab8,archive_flood_airfield_b93ab8.mp4,305,50.0,640,480,combined,detect_combined,Flooded,deeplabv3plus,False,False,0,tensorrt,tensorrt,tensorrt,22.91,22.91,43.2,43.64,6.2,19.92,26.12,1413.73,48.9,0.0,1413.73,48.9,0.0,46.92,49.31,1.4,97.63,0.5516,False,False
1780821826.7040195,archive_flood_airfield_b93ab8,archive_flood_airfield_b93ab8.mp4,306,50.0,640,480,combined,detect_combined,Flooded,deeplabv3plus,False,False,0,tensorrt,tensorrt,tensorrt,29.24,29.24,33.83,34.2,5.0,12.4,17.4,1413.73,47.6,0.0,1413.73,47.6,0.0,46.92,49.31,1.4,97.63,0.5093,False,False
1780821826.7792153,archive_flood_airfield_b93ab8,archive_flood_airfield_b93ab8.mp4,307,50.0,640,480,combined,detect_combined,Flooded,deeplabv3plus,False,False,0,tensorrt,tensorrt,tensorrt,25.63,25.63,38.28,39.02,6.77,10.98,17.75,1413.73,51.1,0.0,1413.73,51.1,0.0,46.92,49.31,1.4,97.63,0.5409,False,False
1780821826.8448565,archive_flood_airfield_b93ab8,archive_flood_airfield_b93ab8.mp4,308,50.0,640,480,combined,detect_combined,Flooded,deeplabv3plus,False,False,0,tensorrt,tensorrt,tensorrt,28.18,28.18,35.13,35.49,5.65,10.68,16.33,1413.73,51.4,0.0,1413.73,51.4,0.0,46.92,49.31,1.4,97.63,0.4733,False,False
1780821826.9102185,archive_flood_airfield_b93ab8,archive_flood_airfield_b93ab8.mp4,309,50.0,640,480,combined,detect_combined,Flooded,deeplabv3plus,False,False,0,tensorrt,tensorrt,tensorrt,26.97,26.97,36.71,37.08,5.91,11.28,17.189999999999998,1413.73,48.7,0.0,1413.73,48.7,0.0,46.92,49.31,1.4,97.63,0.43,False,False
1780821826.977605,archive_flood_airfield_b93ab8,archive_flood_airfield_b93ab8.mp4,310,50.0,640,480,combined,detect_combined,Flooded,deeplabv3plus,False,False,0,tensorrt,tensorrt,tensorrt,28.49,28.49,34.63,35.1,5.31,10.81,16.12,1413.73,45.0,0.0,1413.73,45.0,0.0,46.92,49.31,1.4,97.63,0.4848,False,False
1780821827.066953,archive_flood_airfield_b93ab8,archive_flood_airfield_b93ab8.mp4,311,50.0,640,480,combined,detect_combined,Flooded,deeplabv3plus,False,False,0,tensorrt,tensorrt,tensorrt,21.67,21.67,45.73,46.15,5.66,15.49,21.15,1413.73,31.4,0.0,1413.73,31.4,0.0,46.92,49.31,1.4,97.63,0.5832,False,False
1780821827.135101,archive_flood_airfield_b93ab8,archive_flood_airfield_b93ab8.mp4,312,50.0,640,480,combined,detect_combined,Flooded,deeplabv3plus,False,False,0,tensorrt,tensorrt,tensorrt,30.11,30.11,32.74,33.21,4.84,11.36,16.2,1413.73,28.2,0.0,1413.73,28.2,0.0,46.92,49.31,1.4,97.63,0.6255,False,False
1780821827.2023907,archive_flood_airfield_b93ab8,archive_flood_airfield_b93ab8.mp4,313,50.0,640,480,combined,detect_combined,Flooded,deeplabv3plus,False,False,0,tensorrt,tensorrt,tensorrt,27.88,27.88,35.52,35.86,6.33,11.97,18.3,1413.73,32.5,0.0,1413.73,32.5,0.0,46.92,49.31,1.4,97.63,0.5381,False,False
1780821827.2788029,archive_flood_airfield_b93ab8,archive_flood_airfield_b93ab8.mp4,314,50.0,640,480,combined,detect_combined,Flooded,deeplabv3plus,False,False,0,tensorrt,tensorrt,tensorrt,20.77,20.77,47.74,48.15,4.91,16.73,21.64,1413.73,32.6,0.0,1413.73,32.6,0.0,46.92,49.31,1.4,97.63,0.5439,False,False
1780821827.3444984,archive_flood_airfield_b93ab8,archive_flood_airfield_b93ab8.mp4,315,50.0,640,480,combined,detect_combined,Flooded,deeplabv3plus,False,False,0,tensorrt,tensorrt,tensorrt,29.43,29.43,33.61,33.97,4.18,9.9,14.08,1413.73,35.1,0.0,1413.73,35.1,0.0,46.92,49.31,1.4,97.63,0.4902,False,False
1780821827.4213834,archive_flood_airfield_b93ab8,archive_flood_airfield_b93ab8.mp4,316,50.0,640,480,combined,detect_combined,Flooded,deeplabv3plus,False,False,0,tensorrt,tensorrt,tensorrt,23.92,23.92,41.34,41.81,5.36,14.87,20.23,1413.73,30.4,0.0,1413.73,30.4,0.0,46.92,49.31,1.4,97.63,0.4556,False,False
1780821827.5009913,archive_flood_airfield_b93ab8,archive_flood_airfield_b93ab8.mp4,317,50.0,640,480,combined,detect_combined,Flooded,deeplabv3plus,False,False,0,tensorrt,tensorrt,tensorrt,21.09,21.09,46.81,47.41,8.0,15.48,23.48,1413.73,32.6,0.0,1413.73,32.6,0.0,46.92,49.31,1.4,97.63,0.4624,False,False
1780821827.5701826,archive_flood_airfield_b93ab8,archive_flood_airfield_b93ab8.mp4,318,50.0,640,480,combined,detect_combined,Flooded,deeplabv3plus,False,False,0,tensorrt,tensorrt,tensorrt,25.69,25.69,38.53,38.92,4.88,15.68,20.56,1413.73,31.7,0.0,1413.73,31.7,0.0,46.92,49.31,1.4,97.63,0.4754,False,False
1780821827.6440203,archive_flood_airfield_b93ab8,archive_flood_airfield_b93ab8.mp4,319,50.0,640,480,combined,detect_combined,Flooded,deeplabv3plus,False,False,0,tensorrt,tensorrt,tensorrt,24.31,24.31,40.6,41.14,5.88,11.83,17.71,1413.72,31.8,0.0,1413.72,31.8,0.0,46.92,49.31,1.4,97.63,0.4404,False,False
1780821827.722747,archive_flood_airfield_b93ab8,archive_flood_airfield_b93ab8.mp4,320,50.0,640,480,combined,detect_combined,Flooded,deeplabv3plus,False,False,0,tensorrt,tensorrt,tensorrt,23.69,23.69,41.82,42.21,5.09,12.79,17.88,1413.72,28.9,0.0,1413.72,28.9,0.0,46.92,49.31,1.4,97.63,0.4931,False,False
1780821827.8122947,archive_flood_airfield_b93ab8,archive_flood_airfield_b93ab8.mp4,321,50.0,640,480,combined,detect_combined,Flooded,deeplabv3plus,False,False,0,tensorrt,tensorrt,tensorrt,20.3,20.3,48.83,49.26,6.74,19.24,25.979999999999997,1413.72,42.6,0.0,1413.72,42.6,0.0,46.92,49.31,1.4,97.63,0.4762,False,False
1780821827.9076114,archive_flood_airfield_b93ab8,archive_flood_airfield_b93ab8.mp4,322,50.0,640,480,combined,detect_combined,Flooded,deeplabv3plus,False,False,0,tensorrt,tensorrt,tensorrt,20.97,20.97,47.27,47.69,7.17,22.17,29.340000000000003,1413.72,50.9,0.0,1413.72,50.9,0.0,46.92,49.31,1.4,97.63,0.46,False,False
1780821827.9951859,archive_flood_airfield_b93ab8,archive_flood_airfield_b93ab8.mp4,323,50.0,640,480,combined,detect_combined,Flooded,deeplabv3plus,False,False,0,tensorrt,tensorrt,tensorrt,20.66,20.66,48.06,48.4,5.37,16.7,22.07,1413.72,48.0,0.0,1413.72,48.0,0.0,46.92,49.31,1.4,97.63,0.5076,False,False
1780821828.0609756,archive_flood_airfield_b93ab8,archive_flood_airfield_b93ab8.mp4,324,50.0,640,480,combined,detect_combined,Flooded,deeplabv3plus,False,False,0,tensorrt,tensorrt,tensorrt,27.69,27.69,35.75,36.11,4.45,9.35,13.8,1413.72,53.7,0.0,1413.72,53.7,0.0,46.92,49.31,1.4,97.63,0.4877,False,False
1780821828.1387732,archive_flood_airfield_b93ab8,archive_flood_airfield_b93ab8.mp4,325,50.0,640,480,combined,detect_combined,Flooded,deeplabv3plus,False,False,0,tensorrt,tensorrt,tensorrt,22.66,22.66,42.47,44.13,5.3,11.19,16.49,1413.72,50.0,0.0,1413.72,50.0,0.0,46.92,49.31,1.4,97.63,0.5339,False,False
1780821828.2145987,archive_flood_airfield_b93ab8,archive_flood_airfield_b93ab8.mp4,326,50.0,640,480,combined,detect_combined,Flooded,deeplabv3plus,False,False,0,tensorrt,tensorrt,tensorrt,24.54,24.54,40.43,40.75,5.93,14.68,20.61,1413.72,39.5,0.0,1413.72,39.5,0.0,46.92,49.31,1.4,97.63,0.4981,False,False
1780821828.2737617,archive_flood_airfield_b93ab8,archive_flood_airfield_b93ab8.mp4,327,50.0,640,480,combined,detect_combined,Flooded,deeplabv3plus,False,False,0,tensorrt,tensorrt,tensorrt,28.85,28.85,34.21,34.66,4.71,10.45,15.16,1413.72,52.8,0.0,1413.72,52.8,0.0,46.92,49.31,1.4,97.63,0.4485,False,False
1780821828.343241,archive_flood_airfield_b93ab8,archive_flood_airfield_b93ab8.mp4,328,50.0,640,480,combined,detect_combined,Flooded,deeplabv3plus,False,False,0,tensorrt,tensorrt,tensorrt,23.24,23.24,42.53,43.03,9.51,9.31,18.82,1413.72,53.7,0.0,1413.72,53.7,0.0,46.92,49.31,1.4,97.63,0.5146,False,False
1780821828.3995495,archive_flood_airfield_b93ab8,archive_flood_airfield_b93ab8.mp4,329,50.0,640,480,combined,detect_combined,Flooded,deeplabv3plus,False,False,0,tensorrt,tensorrt,tensorrt,31.83,31.83,31.09,31.41,5.07,9.02,14.09,1413.72,50.0,0.0,1413.72,50.0,0.0,46.92,49.31,1.4,97.63,0.4706,False,False
1780821828.4707673,archive_flood_airfield_b93ab8,archive_flood_airfield_b93ab8.mp4,330,50.0,640,480,combined,detect_combined,Flooded,deeplabv3plus,False,False,0,tensorrt,tensorrt,tensorrt,23.08,23.08,42.86,43.34,6.12,18.49,24.61,1414.23,35.0,0.0,1414.23,35.0,0.0,46.92,49.31,1.4,97.63,0.5157,False,False
1780821828.535595,archive_flood_airfield_b93ab8,archive_flood_airfield_b93ab8.mp4,331,50.0,640,480,combined,detect_combined,Flooded,deeplabv3plus,False,False,0,tensorrt,tensorrt,tensorrt,27.71,27.71,35.78,36.09,5.47,10.6,16.07,1414.23,29.7,0.0,1414.23,29.7,0.0,46.92,49.31,1.4,97.63,0.5464,False,False
1780821828.6076026,archive_flood_airfield_b93ab8,archive_flood_airfield_b93ab8.mp4,332,50.0,640,480,combined,detect_combined,Flooded,deeplabv3plus,False,False,0,tensorrt,tensorrt,tensorrt,25.03,25.03,39.59,39.94,5.15,10.7,15.85,1414.23,30.0,0.0,1414.23,30.0,0.0,46.92,49.31,1.4,97.63,0.4871,False,False
1780821828.6683445,archive_flood_airfield_b93ab8,archive_flood_airfield_b93ab8.mp4,333,50.0,640,480,combined,detect_combined,Flooded,deeplabv3plus,False,False,0,tensorrt,tensorrt,tensorrt,30.68,30.68,32.2,32.59,5.17,9.91,15.08,1414.23,34.3,0.0,1414.23,34.3,0.0,46.92,49.31,1.4,97.63,0.5359,False,False
1780821828.7522714,archive_flood_airfield_b93ab8,archive_flood_airfield_b93ab8.mp4,334,50.0,640,480,combined,detect_combined,Flooded,deeplabv3plus,False,False,0,tensorrt,tensorrt,tensorrt,24.73,24.73,40.04,40.43,5.45,16.73,22.18,1414.23,34.6,0.0,1414.23,34.6,0.0,46.92,49.31,1.4,97.63,0.5618,False,False
1780821828.837047,archive_flood_airfield_b93ab8,archive_flood_airfield_b93ab8.mp4,335,50.0,640,480,combined,detect_combined,Flooded,deeplabv3plus,False,False,0,tensorrt,tensorrt,tensorrt,25.83,25.83,38.18,38.71,6.42,15.56,21.98,1414.23,29.2,0.0,1414.23,29.2,0.0,46.92,49.31,1.4,97.63,0.531,False,False
1780821828.935167,archive_flood_airfield_b93ab8,archive_flood_airfield_b93ab8.mp4,336,50.0,640,480,combined,detect_combined,Flooded,deeplabv3plus,False,False,0,tensorrt,tensorrt,tensorrt,20.06,20.06,49.37,49.86,9.1,24.67,33.77,1414.23,29.8,0.0,1414.23,29.8,0.0,46.92,49.31,1.4,97.63,0.4639,False,False
1780821829.0298443,archive_flood_airfield_b93ab8,archive_flood_airfield_b93ab8.mp4,337,50.0,640,480,combined,detect_combined,Flooded,deeplabv3plus,False,False,0,tensorrt,tensorrt,tensorrt,21.82,21.82,45.41,45.84,10.39,21.1,31.490000000000002,1414.23,35.0,0.0,1414.23,35.0,0.0,46.92,49.31,1.4,97.63,0.4572,False,False
1780821829.1253426,archive_flood_airfield_b93ab8,archive_flood_airfield_b93ab8.mp4,338,50.0,640,480,combined,detect_combined,Flooded,deeplabv3plus,False,False,0,tensorrt,tensorrt,tensorrt,20.66,20.66,48.02,48.39,6.37,20.2,26.57,1414.23,30.9,0.0,1414.23,30.9,0.0,46.92,49.31,1.4,97.63,0.4326,False,False
1780821829.2163854,archive_flood_airfield_b93ab8,archive_flood_airfield_b93ab8.mp4,339,50.0,640,480,combined,detect_combined,Flooded,deeplabv3plus,False,False,0,tensorrt,tensorrt,tensorrt,18.43,18.43,53.73,54.26,6.78,20.97,27.75,1414.23,40.7,0.0,1414.23,40.7,0.0,46.92,49.31,1.4,97.63,0.4427,False,False
1780821829.2821949,archive_flood_airfield_b93ab8,archive_flood_airfield_b93ab8.mp4,340,50.0,640,480,combined,detect_combined,Flooded,deeplabv3plus,False,False,0,tensorrt,tensorrt,tensorrt,29.55,29.55,33.48,33.84,5.12,10.01,15.129999999999999,1414.23,36.8,0.0,1414.23,36.8,0.0,46.92,49.31,1.4,97.63,0.4896,False,False
1780821829.3434913,archive_flood_airfield_b93ab8,archive_flood_airfield_b93ab8.mp4,341,50.0,640,480,combined,detect_combined,Flooded,deeplabv3plus,False,False,0,tensorrt,tensorrt,tensorrt,31.01,31.01,31.94,32.25,4.43,13.0,17.43,1414.23,58.3,0.0,1414.23,58.3,0.0,46.92,49.31,1.4,97.63,0.4598,False,False
1780821829.4062274,archive_flood_airfield_b93ab8,archive_flood_airfield_b93ab8.mp4,342,50.0,640,480,combined,detect_combined,Flooded,deeplabv3plus,False,False,0,tensorrt,tensorrt,tensorrt,28.94,28.94,34.22,34.55,5.31,11.88,17.19,1414.23,55.6,0.0,1414.23,55.6,0.0,46.92,49.31,1.4,97.63,0.4053,False,False
1780821829.472134,archive_flood_airfield_b93ab8,archive_flood_airfield_b93ab8.mp4,343,50.0,640,480,combined,detect_combined,Flooded,deeplabv3plus,False,False,0,tensorrt,tensorrt,tensorrt,26.05,26.05,37.78,38.39,5.42,10.46,15.88,1414.23,44.4,0.0,1414.23,44.4,0.0,46.92,49.31,1.4,97.63,0.3746,False,False
1780821829.542371,archive_flood_airfield_b93ab8,archive_flood_airfield_b93ab8.mp4,344,50.0,640,480,combined,detect_combined,Flooded,deeplabv3plus,False,False,0,tensorrt,tensorrt,tensorrt,24.43,24.43,40.53,40.93,5.66,10.41,16.07,1414.23,46.3,0.0,1414.23,46.3,0.0,46.92,49.31,1.4,97.63,0.422,False,False
1780821829.6048243,archive_flood_airfield_b93ab8,archive_flood_airfield_b93ab8.mp4,345,50.0,640,480,combined,detect_combined,Flooded,deeplabv3plus,False,False,0,tensorrt,tensorrt,tensorrt,26.68,26.68,37.15,37.49,5.22,9.69,14.91,1414.23,50.0,0.0,1414.23,50.0,0.0,46.92,49.31,1.4,97.63,0.4248,False,False
1780821829.6699355,archive_flood_airfield_b93ab8,archive_flood_airfield_b93ab8.mp4,346,50.0,640,480,combined,detect_combined,Flooded,deeplabv3plus,False,False,0,tensorrt,tensorrt,tensorrt,27.93,27.93,35.45,35.81,5.71,11.01,16.72,1414.23,47.4,0.0,1414.23,47.4,0.0,46.92,49.31,1.4,97.63,0.2735,False,False
1780821829.738632,archive_flood_airfield_b93ab8,archive_flood_airfield_b93ab8.mp4,347,50.0,640,480,combined,detect_combined,Flooded,deeplabv3plus,False,False,0,tensorrt,tensorrt,tensorrt,30.59,30.59,32.12,32.69,5.12,12.4,17.52,1414.23,50.0,0.0,1414.23,50.0,0.0,46.92,49.31,1.4,97.63,0.3536,False,False
1780821829.8070452,archive_flood_airfield_b93ab8,archive_flood_airfield_b93ab8.mp4,348,50.0,640,480,combined,detect_combined,Flooded,deeplabv3plus,False,False,0,tensorrt,tensorrt,tensorrt,27.68,27.68,35.56,36.13,5.06,12.23,17.29,1414.22,30.8,0.0,1414.22,30.8,0.0,46.92,49.31,1.4,97.63,0.4095,False,False
1780821829.8824456,archive_flood_airfield_b93ab8,archive_flood_airfield_b93ab8.mp4,349,50.0,640,480,combined,detect_combined,Flooded,deeplabv3plus,False,False,0,tensorrt,tensorrt,tensorrt,22.81,22.81,43.52,43.85,5.89,12.24,18.13,1414.21,31.1,0.0,1414.21,31.1,0.0,46.92,49.31,1.4,97.63,0.3965,False,False
1780821829.9460878,archive_flood_airfield_b93ab8,archive_flood_airfield_b93ab8.mp4,350,50.0,640,480,combined,detect_combined,Flooded,deeplabv3plus,False,False,0,tensorrt,tensorrt,tensorrt,29.87,29.87,33.12,33.48,5.68,9.56,15.24,1414.21,33.3,0.0,1414.21,33.3,0.0,46.92,49.31,1.4,97.63,0.4103,False,False
1780821830.0201504,archive_flood_airfield_b93ab8,archive_flood_airfield_b93ab8.mp4,351,50.0,640,480,combined,detect_combined,Flooded,deeplabv3plus,False,False,0,tensorrt,tensorrt,tensorrt,23.73,23.73,41.83,42.14,5.14,12.71,17.85,1414.21,31.8,0.0,1414.21,31.8,0.0,46.92,49.31,1.4,97.63,0.4208,False,False
1780821830.107379,archive_flood_airfield_b93ab8,archive_flood_airfield_b93ab8.mp4,352,50.0,640,480,combined,detect_combined,Flooded,deeplabv3plus,False,False,0,tensorrt,tensorrt,tensorrt,20.29,20.29,48.91,49.29,5.66,13.26,18.92,1414.21,30.6,0.0,1414.21,30.6,0.0,46.92,49.31,1.4,97.63,0.4402,False,False
1780821830.1883085,archive_flood_airfield_b93ab8,archive_flood_airfield_b93ab8.mp4,353,50.0,640,480,combined,detect_combined,Flooded,deeplabv3plus,False,False,0,tensorrt,tensorrt,tensorrt,20.84,20.84,47.64,47.99,5.72,17.46,23.18,1414.21,29.8,0.0,1414.21,29.8,0.0,46.92,49.31,1.4,97.63,0.3602,False,False
1780821830.2751722,archive_flood_airfield_b93ab8,archive_flood_airfield_b93ab8.mp4,354,50.0,640,480,combined,detect_combined,Flooded,deeplabv3plus,False,False,0,tensorrt,tensorrt,tensorrt,19.97,19.97,49.76,50.07,6.79,17.11,23.9,1414.21,35.3,0.0,1414.21,35.3,0.0,46.92,49.31,1.4,97.63,0.3862,False,False
1780821830.3537169,archive_flood_airfield_b93ab8,archive_flood_airfield_b93ab8.mp4,355,50.0,640,480,combined,detect_combined,Flooded,deeplabv3plus,False,False,0,tensorrt,tensorrt,tensorrt,26.7,26.7,37.05,37.45,6.24,14.77,21.009999999999998,1414.21,34.0,0.0,1414.21,34.0,0.0,46.92,49.31,1.4,97.63,0.4665,False,False
1780821830.4493887,archive_flood_airfield_b93ab8,archive_flood_airfield_b93ab8.mp4,356,50.0,640,480,combined,detect_combined,Flooded,deeplabv3plus,False,False,0,tensorrt,tensorrt,tensorrt,20.35,20.35,48.74,49.13,7.71,20.09,27.8,1414.21,33.9,0.0,1414.21,33.9,0.0,46.92,49.31,1.4,97.63,0.4379,False,False
1780821830.5411391,archive_flood_airfield_b93ab8,archive_flood_airfield_b93ab8.mp4,357,50.0,640,480,combined,detect_combined,Flooded,deeplabv3plus,False,False,0,tensorrt,tensorrt,tensorrt,21.83,21.83,45.48,45.8,7.3,16.61,23.91,1414.21,34.5,0.0,1414.21,34.5,0.0,46.92,49.31,1.4,97.63,0.4187,False,False
1780821830.6241043,archive_flood_airfield_b93ab8,archive_flood_airfield_b93ab8.mp4,358,50.0,640,480,combined,detect_combined,Flooded,deeplabv3plus,False,False,0,tensorrt,tensorrt,tensorrt,23.73,23.73,41.74,42.15,6.67,13.98,20.65,1414.21,38.0,0.0,1414.21,38.0,0.0,46.92,49.31,1.4,97.63,0.4477,False,False
1780821830.7294009,archive_flood_airfield_b93ab8,archive_flood_airfield_b93ab8.mp4,359,50.0,640,480,combined,detect_combined,Flooded,deeplabv3plus,False,False,0,tensorrt,tensorrt,tensorrt,14.59,14.59,68.17,68.53,14.83,22.17,37.0,1414.5,65.1,0.0,1414.5,65.1,0.0,46.92,49.31,1.4,97.63,0.4855,False,False
1780821830.7792087,archive_flood_airfield_b93ab8,archive_flood_airfield_b93ab8.mp4,360,50.0,640,480,combined,detect_combined,Flooded,deeplabv3plus,False,False,0,tensorrt,tensorrt,tensorrt,45.1,45.1,21.86,22.18,4.27,8.13,12.4,1414.5,50.0,0.0,1414.5,50.0,0.0,46.92,49.31,1.4,97.63,0.4193,False,False
1780821830.845563,archive_flood_airfield_b93ab8,archive_flood_airfield_b93ab8.mp4,361,50.0,640,480,combined,detect_combined,Flooded,deeplabv3plus,False,False,0,tensorrt,tensorrt,tensorrt,27.61,27.61,35.86,36.22,5.08,12.16,17.240000000000002,1414.5,55.0,0.0,1414.5,55.0,0.0,46.92,49.31,1.4,97.63,0.4265,False,False
1780821830.9102533,archive_flood_airfield_b93ab8,archive_flood_airfield_b93ab8.mp4,362,50.0,640,480,combined,detect_combined,Flooded,deeplabv3plus,False,False,0,tensorrt,tensorrt,tensorrt,27.72,27.72,35.74,36.07,5.58,10.58,16.16,1414.5,48.7,0.0,1414.5,48.7,0.0,46.92,49.31,1.4,97.63,0.4182,False,False
1780821830.9803293,archive_flood_airfield_b93ab8,archive_flood_airfield_b93ab8.mp4,363,50.0,640,480,combined,detect_combined,Flooded,deeplabv3plus,False,False,0,tensorrt,tensorrt,tensorrt,23.58,23.58,42.08,42.41,5.94,11.47,17.41,1414.5,47.6,0.0,1414.5,47.6,0.0,46.92,49.31,1.4,97.63,0.3844,False,False
1780821831.0546927,archive_flood_airfield_b93ab8,archive_flood_airfield_b93ab8.mp4,364,50.0,640,480,combined,detect_combined,Flooded,deeplabv3plus,False,False,0,tensorrt,tensorrt,tensorrt,22.21,22.21,44.71,45.02,6.12,11.67,17.79,1414.76,48.8,0.0,1414.76,48.8,0.0,46.92,49.31,1.4,97.63,0.3463,False,False
1780821831.1190577,archive_flood_airfield_b93ab8,archive_flood_airfield_b93ab8.mp4,365,50.0,640,480,combined,detect_combined,Flooded,deeplabv3plus,False,False,0,tensorrt,tensorrt,tensorrt,27.57,27.57,35.93,36.27,4.89,8.68,13.57,1414.76,38.5,0.0,1414.76,38.5,0.0,46.92,49.31,1.4,97.63,0.3943,False,False
1780821831.191974,archive_flood_airfield_b93ab8,archive_flood_airfield_b93ab8.mp4,366,50.0,640,480,combined,detect_combined,Flooded,deeplabv3plus,False,False,0,tensorrt,tensorrt,tensorrt,25.42,25.42,38.98,39.34,6.06,10.58,16.64,1414.76,27.5,0.0,1414.76,27.5,0.0,46.92,49.31,1.4,97.63,0.3632,False,False
1780821831.2718322,archive_flood_airfield_b93ab8,archive_flood_airfield_b93ab8.mp4,367,50.0,640,480,combined,detect_combined,Flooded,deeplabv3plus,False,False,0,tensorrt,tensorrt,tensorrt,21.7,21.7,45.73,46.07,5.54,16.1,21.64,1414.75,31.9,0.0,1414.75,31.9,0.0,46.92,49.31,1.4,97.63,0.3393,False,False
1780821831.357528,archive_flood_airfield_b93ab8,archive_flood_airfield_b93ab8.mp4,368,50.0,640,480,combined,detect_combined,Flooded,deeplabv3plus,False,False,0,tensorrt,tensorrt,tensorrt,19.63,19.63,50.52,50.94,6.18,16.91,23.09,1414.75,36.0,0.0,1414.75,36.0,0.0,46.92,49.31,1.4,97.63,0.3663,False,False
1780821831.444812,archive_flood_airfield_b93ab8,archive_flood_airfield_b93ab8.mp4,369,50.0,640,480,combined,detect_combined,Flooded,deeplabv3plus,False,False,0,tensorrt,tensorrt,tensorrt,21.42,21.42,46.26,46.68,6.78,20.46,27.240000000000002,1414.75,34.6,0.0,1414.75,34.6,0.0,46.92,49.31,1.4,97.63,0.3628,False,False
1780821831.5443194,archive_flood_airfield_b93ab8,archive_flood_airfield_b93ab8.mp4,370,50.0,640,480,combined,detect_combined,Flooded,deeplabv3plus,False,False,0,tensorrt,tensorrt,tensorrt,19.01,19.01,52.21,52.62,10.33,19.02,29.35,1414.75,33.3,0.0,1414.75,33.3,0.0,46.92,49.31,1.4,97.63,0.3371,False,False
1780821831.6385472,archive_flood_airfield_b93ab8,archive_flood_airfield_b93ab8.mp4,371,50.0,640,480,combined,detect_combined,Flooded,deeplabv3plus,False,False,0,tensorrt,tensorrt,tensorrt,21.11,21.11,47.04,47.38,9.09,14.98,24.07,1414.75,34.5,0.0,1414.75,34.5,0.0,46.92,49.31,1.4,97.63,0.3272,False,False
1780821831.707974,archive_flood_airfield_b93ab8,archive_flood_airfield_b93ab8.mp4,372,50.0,640,480,combined,detect_combined,Flooded,deeplabv3plus,False,False,0,tensorrt,tensorrt,tensorrt,25.34,25.34,39.08,39.46,5.2,12.77,17.97,1414.75,30.0,0.0,1414.75,30.0,0.0,46.92,49.31,1.4,97.63,0.3352,False,False
1780821831.7734287,archive_flood_airfield_b93ab8,archive_flood_airfield_b93ab8.mp4,373,50.0,640,480,combined,detect_combined,Flooded,deeplabv3plus,False,False,0,tensorrt,tensorrt,tensorrt,27.84,27.84,35.59,35.91,4.6,9.18,13.78,1414.75,27.8,0.0,1414.75,27.8,0.0,46.92,49.31,1.4,97.63,0.3234,False,False
1780821831.845471,archive_flood_airfield_b93ab8,archive_flood_airfield_b93ab8.mp4,374,50.0,640,480,combined,detect_combined,Flooded,deeplabv3plus,False,False,0,tensorrt,tensorrt,tensorrt,24.05,24.05,41.21,41.59,5.67,11.2,16.869999999999997,1414.75,30.0,0.0,1414.75,30.0,0.0,46.92,49.31,1.4,97.63,0.3226,False,False
1780821831.9173794,archive_flood_airfield_b93ab8,archive_flood_airfield_b93ab8.mp4,375,50.0,640,480,combined,detect_combined,Flooded,deeplabv3plus,False,False,0,tensorrt,tensorrt,tensorrt,25.7,25.7,38.5,38.91,6.63,13.95,20.58,1414.75,37.2,0.0,1414.75,37.2,0.0,46.92,49.31,1.4,97.63,0.4097,False,False
1780821831.9921587,archive_flood_airfield_b93ab8,archive_flood_airfield_b93ab8.mp4,376,50.0,640,480,combined,detect_combined,Flooded,deeplabv3plus,False,False,0,tensorrt,tensorrt,tensorrt,29.22,29.22,33.92,34.23,4.95,9.35,14.3,1414.75,50.0,0.0,1414.75,50.0,0.0,46.92,49.31,1.4,97.63,0.4291,False,False
1780821832.0695384,archive_flood_airfield_b93ab8,archive_flood_airfield_b93ab8.mp4,377,50.0,640,480,combined,detect_combined,Flooded,deeplabv3plus,False,False,0,tensorrt,tensorrt,tensorrt,23.31,23.31,42.49,42.9,8.59,15.26,23.85,1414.75,56.8,0.0,1414.75,56.8,0.0,46.92,49.31,1.4,97.63,0.3801,False,False
1780821832.1218889,archive_flood_airfield_b93ab8,archive_flood_airfield_b93ab8.mp4,378,50.0,640,480,combined,detect_combined,Flooded,deeplabv3plus,False,False,0,tensorrt,tensorrt,tensorrt,38.78,38.78,25.49,25.79,4.25,7.36,11.61,1414.75,51.6,0.0,1414.75,51.6,0.0,46.92,49.31,1.4,97.63,0.421,False,False
1780821832.1817198,archive_flood_airfield_b93ab8,archive_flood_airfield_b93ab8.mp4,379,50.0,640,480,combined,detect_combined,Flooded,deeplabv3plus,False,False,0,tensorrt,tensorrt,tensorrt,29.34,29.34,33.74,34.08,6.18,11.53,17.71,1414.74,48.6,0.0,1414.74,48.6,0.0,46.92,49.31,1.4,97.63,0.3694,False,False
1780821832.2561798,archive_flood_airfield_b93ab8,archive_flood_airfield_b93ab8.mp4,380,50.0,640,480,combined,detect_combined,Flooded,deeplabv3plus,False,False,0,tensorrt,tensorrt,tensorrt,25.13,25.13,39.35,39.79,6.38,12.52,18.9,1414.74,50.0,0.0,1414.74,50.0,0.0,46.92,49.31,1.4,97.63,0.4135,False,False
1780821832.336026,archive_flood_airfield_b93ab8,archive_flood_airfield_b93ab8.mp4,381,50.0,640,480,combined,detect_combined,Flooded,deeplabv3plus,False,False,0,tensorrt,tensorrt,tensorrt,22.3,22.3,44.48,44.84,10.29,17.14,27.43,1414.74,44.7,0.0,1414.74,44.7,0.0,46.92,49.31,1.4,97.63,0.4836,False,False
1780821832.411138,archive_flood_airfield_b93ab8,archive_flood_airfield_b93ab8.mp4,382,50.0,640,480,combined,detect_combined,Flooded,deeplabv3plus,False,False,0,tensorrt,tensorrt,tensorrt,26.26,26.26,37.7,38.08,6.2,12.03,18.23,1414.74,41.9,0.0,1414.74,41.9,0.0,46.92,49.31,1.4,97.63,0.44,False,False
1780821832.503287,archive_flood_airfield_b93ab8,archive_flood_airfield_b93ab8.mp4,383,50.0,640,480,combined,detect_combined,Flooded,deeplabv3plus,False,False,0,tensorrt,tensorrt,tensorrt,19.32,19.32,51.34,51.76,6.14,20.1,26.240000000000002,1414.74,33.9,0.0,1414.74,33.9,0.0,46.92,49.31,1.4,97.63,0.4236,False,False
1780821832.591725,archive_flood_airfield_b93ab8,archive_flood_airfield_b93ab8.mp4,384,50.0,640,480,combined,detect_combined,Flooded,deeplabv3plus,False,False,0,tensorrt,tensorrt,tensorrt,19.74,19.74,50.24,50.66,9.81,18.23,28.04,1414.74,28.6,0.0,1414.74,28.6,0.0,46.92,49.31,1.4,97.63,0.4875,False,False
1780821832.6886137,archive_flood_airfield_b93ab8,archive_flood_airfield_b93ab8.mp4,385,50.0,640,480,combined,detect_combined,Flooded,deeplabv3plus,False,False,0,tensorrt,tensorrt,tensorrt,19.76,19.76,50.09,50.61,6.77,19.4,26.169999999999998,1414.73,30.9,0.0,1414.73,30.9,0.0,46.92,49.31,1.4,97.63,0.5045,False,False
1780821832.7886984,archive_flood_airfield_b93ab8,archive_flood_airfield_b93ab8.mp4,386,50.0,640,480,combined,detect_combined,Flooded,deeplabv3plus,False,False,0,tensorrt,tensorrt,tensorrt,19.58,19.58,50.67,51.08,9.28,19.55,28.83,1414.73,30.5,0.0,1414.73,30.5,0.0,46.92,49.31,1.4,97.63,0.474,False,False
1780821832.8889158,archive_flood_airfield_b93ab8,archive_flood_airfield_b93ab8.mp4,387,50.0,640,480,combined,detect_combined,Flooded,deeplabv3plus,False,False,0,tensorrt,tensorrt,tensorrt,20.26,20.26,48.96,49.36,7.72,19.75,27.47,1414.73,34.9,0.0,1414.73,34.9,0.0,46.92,49.31,1.4,97.63,0.4882,False,False
1780821832.990487,archive_flood_airfield_b93ab8,archive_flood_airfield_b93ab8.mp4,388,50.0,640,480,combined,detect_combined,Flooded,deeplabv3plus,False,False,0,tensorrt,tensorrt,tensorrt,19.29,19.29,51.43,51.84,8.79,19.46,28.25,1414.73,31.7,0.0,1414.73,31.7,0.0,46.92,49.31,1.4,97.63,0.4857,False,False
1780821833.0864487,archive_flood_airfield_b93ab8,archive_flood_airfield_b93ab8.mp4,389,50.0,640,480,combined,detect_combined,Flooded,deeplabv3plus,False,False,0,tensorrt,tensorrt,tensorrt,19.81,19.81,50.09,50.48,5.76,19.89,25.65,1414.73,33.3,0.0,1414.73,33.3,0.0,46.92,49.31,1.4,97.63,0.5063,False,False
1780821833.2095394,archive_flood_airfield_b93ab8,archive_flood_airfield_b93ab8.mp4,390,50.0,640,480,combined,detect_combined,Flooded,deeplabv3plus,False,False,0,tensorrt,tensorrt,tensorrt,13.46,13.46,73.89,74.27,9.62,20.33,29.949999999999996,1414.74,41.1,0.0,1414.74,41.1,0.0,46.92,49.31,1.4,97.63,0.4501,False,False
1780821833.3073983,archive_flood_airfield_b93ab8,archive_flood_airfield_b93ab8.mp4,391,50.0,640,480,combined,detect_combined,Flooded,deeplabv3plus,False,False,0,tensorrt,tensorrt,tensorrt,19.57,19.57,50.68,51.1,7.06,18.69,25.75,1414.74,58.6,0.0,1414.74,58.6,0.0,46.92,49.31,1.4,97.63,0.3974,False,False
1780821833.4022536,archive_flood_airfield_b93ab8,archive_flood_airfield_b93ab8.mp4,392,50.0,640,480,combined,detect_combined,Flooded,deeplabv3plus,False,False,0,tensorrt,tensorrt,tensorrt,20.59,20.59,47.97,48.56,7.15,17.4,24.549999999999997,1414.74,53.4,0.0,1414.74,53.4,0.0,46.92,49.31,1.4,97.63,0.4001,False,False
1780821833.4795973,archive_flood_airfield_b93ab8,archive_flood_airfield_b93ab8.mp4,393,50.0,640,480,combined,detect_combined,Flooded,deeplabv3plus,False,False,0,tensorrt,tensorrt,tensorrt,23.18,23.18,42.75,43.14,5.19,16.64,21.830000000000002,1414.73,41.9,0.0,1414.73,41.9,0.0,46.92,49.31,1.4,97.63,0.4725,False,False
1780821833.5353293,archive_flood_airfield_b93ab8,archive_flood_airfield_b93ab8.mp4,394,50.0,640,480,combined,detect_combined,Flooded,deeplabv3plus,False,False,0,tensorrt,tensorrt,tensorrt,35.54,35.54,27.79,28.14,4.99,8.47,13.46,1414.73,50.0,0.0,1414.73,50.0,0.0,46.92,49.31,1.4,97.63,0.4663,False,False
1780821833.6131136,archive_flood_airfield_b93ab8,archive_flood_airfield_b93ab8.mp4,395,50.0,640,480,combined,detect_combined,Flooded,deeplabv3plus,False,False,0,tensorrt,tensorrt,tensorrt,22.01,22.01,42.83,45.43,5.17,20.01,25.18,1414.73,48.9,0.0,1414.73,48.9,0.0,46.92,49.31,1.4,97.63,0.4474,False,False
1780821833.6765475,archive_flood_airfield_b93ab8,archive_flood_airfield_b93ab8.mp4,396,50.0,640,480,combined,detect_combined,Flooded,deeplabv3plus,False,False,0,tensorrt,tensorrt,tensorrt,30.19,30.19,32.73,33.12,4.48,7.49,11.97,1414.73,50.0,0.0,1414.73,50.0,0.0,46.92,49.31,1.4,97.63,0.4646,False,False
1780821833.7448123,archive_flood_airfield_b93ab8,archive_flood_airfield_b93ab8.mp4,397,50.0,640,480,combined,detect_combined,Flooded,deeplabv3plus,False,False,0,tensorrt,tensorrt,tensorrt,24.6,24.6,40.05,40.65,5.41,10.62,16.03,1414.73,32.5,0.0,1414.73,32.5,0.0,46.92,49.31,1.4,97.63,0.498,False,False
1780821833.8309834,archive_flood_airfield_b93ab8,archive_flood_airfield_b93ab8.mp4,398,50.0,640,480,combined,detect_combined,Flooded,deeplabv3plus,False,False,0,tensorrt,tensorrt,tensorrt,22.47,22.47,44.17,44.51,7.53,14.82,22.35,1414.73,33.3,0.0,1414.73,33.3,0.0,46.92,49.31,1.4,97.63,0.4864,False,False
1780821833.8963554,archive_flood_airfield_b93ab8,archive_flood_airfield_b93ab8.mp4,399,50.0,640,480,combined,detect_combined,Flooded,deeplabv3plus,False,False,0,tensorrt,tensorrt,tensorrt,30.01,30.01,32.9,33.32,5.18,10.24,15.42,1414.73,40.0,0.0,1414.73,40.0,0.0,46.92,49.31,1.4,97.63,0.45,False,False
1780821833.9670491,archive_flood_airfield_b93ab8,archive_flood_airfield_b93ab8.mp4,400,50.0,640,480,combined,detect_combined,Flooded,deeplabv3plus,False,False,0,tensorrt,tensorrt,tensorrt,26.77,26.77,37.04,37.36,4.81,10.51,15.32,1414.73,28.2,0.0,1414.73,28.2,0.0,46.92,49.31,1.4,97.63,0.405,False,False
1780821834.0345192,archive_flood_airfield_b93ab8,archive_flood_airfield_b93ab8.mp4,401,50.0,640,480,combined,detect_combined,Flooded,deeplabv3plus,False,False,0,tensorrt,tensorrt,tensorrt,28.88,28.88,34.29,34.62,4.74,12.41,17.15,1414.73,30.0,0.0,1414.73,30.0,0.0,46.92,49.31,1.4,97.63,0.4408,False,False
1780821834.1085627,archive_flood_airfield_b93ab8,archive_flood_airfield_b93ab8.mp4,402,50.0,640,480,combined,detect_combined,Flooded,deeplabv3plus,False,False,0,tensorrt,tensorrt,tensorrt,23.14,23.14,42.75,43.21,5.09,14.9,19.990000000000002,1414.73,31.8,0.0,1414.73,31.8,0.0,46.92,49.31,1.4,97.63,0.346,False,False
1780821834.1675355,archive_flood_airfield_b93ab8,archive_flood_airfield_b93ab8.mp4,403,50.0,640,480,combined,detect_combined,Flooded,deeplabv3plus,False,False,0,tensorrt,tensorrt,tensorrt,32.74,32.74,30.2,30.54,4.66,8.3,12.96,1414.73,37.1,0.0,1414.73,37.1,0.0,46.92,49.31,1.4,97.63,0.4558,False,False
1780821834.2465935,archive_flood_airfield_b93ab8,archive_flood_airfield_b93ab8.mp4,404,50.0,640,480,combined,detect_combined,Flooded,deeplabv3plus,False,False,0,tensorrt,tensorrt,tensorrt,21.19,21.19,46.73,47.18,4.46,15.3,19.76,1414.73,34.0,0.0,1414.73,34.0,0.0,46.92,49.31,1.4,97.63,0.4795,False,False
1780821834.3089411,archive_flood_airfield_b93ab8,archive_flood_airfield_b93ab8.mp4,405,50.0,640,480,combined,detect_combined,Flooded,deeplabv3plus,False,False,0,tensorrt,tensorrt,tensorrt,29.03,29.03,34.1,34.45,5.0,9.35,14.35,1414.73,31.4,0.0,1414.73,31.4,0.0,46.92,49.31,1.4,97.63,0.4681,False,False
1780821834.3882902,archive_flood_airfield_b93ab8,archive_flood_airfield_b93ab8.mp4,406,50.0,640,480,combined,detect_combined,Flooded,deeplabv3plus,False,False,0,tensorrt,tensorrt,tensorrt,31.7,31.7,31.17,31.54,6.15,13.8,19.950000000000003,1414.73,34.0,0.0,1414.73,34.0,0.0,46.92,49.31,1.4,97.63,0.5056,False,False
1780821834.4614394,archive_flood_airfield_b93ab8,archive_flood_airfield_b93ab8.mp4,407,50.0,640,480,combined,detect_combined,Flooded,deeplabv3plus,False,False,0,tensorrt,tensorrt,tensorrt,24.7,24.7,40.16,40.48,4.56,11.54,16.099999999999998,1414.73,33.3,0.0,1414.73,33.3,0.0,46.92,49.31,1.4,97.63,0.4953,False,False
1780821834.5265942,archive_flood_airfield_b93ab8,archive_flood_airfield_b93ab8.mp4,408,50.0,640,480,combined,detect_combined,Flooded,deeplabv3plus,False,False,0,tensorrt,tensorrt,tensorrt,26.15,26.15,37.75,38.24,5.04,9.07,14.11,1414.73,52.5,0.0,1414.73,52.5,0.0,46.92,49.31,1.4,97.63,0.4315,False,False
1780821834.608912,archive_flood_airfield_b93ab8,archive_flood_airfield_b93ab8.mp4,409,50.0,640,480,combined,detect_combined,Flooded,deeplabv3plus,False,False,0,tensorrt,tensorrt,tensorrt,22.68,22.68,43.72,44.09,5.11,15.0,20.11,1414.72,51.0,0.0,1414.72,51.0,0.0,46.92,49.31,1.4,97.63,0.4998,False,False
1780821834.6760142,archive_flood_airfield_b93ab8,archive_flood_airfield_b93ab8.mp4,410,50.0,640,480,combined,detect_combined,Flooded,deeplabv3plus,False,False,0,tensorrt,tensorrt,tensorrt,26.25,26.25,37.77,38.1,5.12,9.53,14.649999999999999,1414.71,50.0,0.0,1414.71,50.0,0.0,46.92,49.31,1.4,97.63,0.5336,False,False
1780821834.7375572,archive_flood_airfield_b93ab8,archive_flood_airfield_b93ab8.mp4,411,50.0,640,480,combined,detect_combined,Flooded,deeplabv3plus,False,False,0,tensorrt,tensorrt,tensorrt,30.65,30.65,32.24,32.63,5.68,10.05,15.73,1414.71,48.5,0.0,1414.71,48.5,0.0,46.92,49.31,1.4,97.63,0.5162,False,False
1780821834.8062375,archive_flood_airfield_b93ab8,archive_flood_airfield_b93ab8.mp4,412,50.0,640,480,combined,detect_combined,Flooded,deeplabv3plus,False,False,0,tensorrt,tensorrt,tensorrt,28.33,28.33,34.97,35.3,6.62,11.4,18.02,1414.71,51.2,0.0,1414.71,51.2,0.0,46.92,49.31,1.4,97.63,0.5897,False,False
1780821834.8724835,archive_flood_airfield_b93ab8,archive_flood_airfield_b93ab8.mp4,413,50.0,640,480,combined,detect_combined,Flooded,deeplabv3plus,False,False,0,tensorrt,tensorrt,tensorrt,27.33,27.33,36.26,36.59,6.15,9.26,15.41,1414.71,51.3,0.0,1414.71,51.3,0.0,46.92,49.31,1.4,97.63,0.5302,False,False
1780821834.94106,archive_flood_airfield_b93ab8,archive_flood_airfield_b93ab8.mp4,414,50.0,640,480,combined,detect_combined,Flooded,deeplabv3plus,False,False,0,tensorrt,tensorrt,tensorrt,26.91,26.91,36.85,37.16,5.34,12.25,17.59,1414.71,51.3,0.0,1414.71,51.3,0.0,46.92,49.31,1.4,97.63,0.4997,False,False
1780821835.0229154,archive_flood_airfield_b93ab8,archive_flood_airfield_b93ab8.mp4,415,50.0,640,480,combined,detect_combined,Flooded,deeplabv3plus,False,False,0,tensorrt,tensorrt,tensorrt,23.38,23.38,42.44,42.78,5.81,15.91,21.72,1414.71,51.1,0.0,1414.71,51.1,0.0,46.92,49.31,1.4,97.63,0.5564,False,False
1780821835.0983114,archive_flood_airfield_b93ab8,archive_flood_airfield_b93ab8.mp4,416,50.0,640,480,combined,detect_combined,Flooded,deeplabv3plus,False,False,0,tensorrt,tensorrt,tensorrt,28.42,28.42,34.85,35.19,5.29,12.83,18.12,1414.71,50.0,0.0,1414.71,50.0,0.0,46.92,49.31,1.4,97.63,0.5059,False,False
1780821835.1603472,archive_flood_airfield_b93ab8,archive_flood_airfield_b93ab8.mp4,417,50.0,640,480,combined,detect_combined,Flooded,deeplabv3plus,False,False,0,tensorrt,tensorrt,tensorrt,29.99,29.99,33.01,33.35,4.38,10.42,14.8,1414.71,45.9,0.0,1414.71,45.9,0.0,46.92,49.31,1.4,97.63,0.5329,False,False
1780821835.235212,archive_flood_airfield_b93ab8,archive_flood_airfield_b93ab8.mp4,418,50.0,640,480,combined,detect_combined,Flooded,deeplabv3plus,False,False,0,tensorrt,tensorrt,tensorrt,22.76,22.76,43.43,43.93,6.22,12.67,18.89,1414.71,34.0,0.0,1414.71,34.0,0.0,46.92,49.31,1.4,97.63,0.5087,False,False
1780821835.3144295,archive_flood_airfield_b93ab8,archive_flood_airfield_b93ab8.mp4,419,50.0,640,480,combined,detect_combined,Flooded,deeplabv3plus,False,False,0,tensorrt,tensorrt,tensorrt,23.01,23.01,43.13,43.46,7.47,18.44,25.91,1414.71,30.4,0.0,1414.71,30.4,0.0,46.92,49.31,1.4,97.63,0.4882,False,False
1780821835.3870335,archive_flood_airfield_b93ab8,archive_flood_airfield_b93ab8.mp4,420,50.0,640,480,combined,detect_combined,Flooded,deeplabv3plus,False,False,0,tensorrt,tensorrt,tensorrt,29.88,29.88,33.12,33.47,6.1,15.4,21.5,1414.71,33.3,0.0,1414.71,33.3,0.0,46.92,49.31,1.4,97.63,0.4945,False,False
1780821835.467358,archive_flood_airfield_b93ab8,archive_flood_airfield_b93ab8.mp4,421,50.0,640,480,combined,detect_combined,Flooded,deeplabv3plus,False,False,0,tensorrt,tensorrt,tensorrt,28.5,28.5,34.72,35.08,5.48,13.07,18.55,1414.71,32.7,0.0,1414.71,32.7,0.0,46.92,49.31,1.4,97.63,0.485,False,False
1780821835.5467713,archive_flood_airfield_b93ab8,archive_flood_airfield_b93ab8.mp4,422,50.0,640,480,combined,detect_combined,Flooded,deeplabv3plus,False,False,0,tensorrt,tensorrt,tensorrt,25.29,25.29,39.2,39.55,4.93,17.65,22.58,1414.71,32.6,0.0,1414.71,32.6,0.0,46.92,49.31,1.4,97.63,0.5349,False,False
1780821835.6222606,archive_flood_airfield_b93ab8,archive_flood_airfield_b93ab8.mp4,423,50.0,640,480,combined,detect_combined,Flooded,deeplabv3plus,False,False,0,tensorrt,tensorrt,tensorrt,29.33,29.33,33.63,34.1,5.35,13.75,19.1,1414.71,37.0,0.0,1414.71,37.0,0.0,46.92,49.31,1.4,97.63,0.424,False,False
1780821835.7056694,archive_flood_airfield_b93ab8,archive_flood_airfield_b93ab8.mp4,424,50.0,640,480,combined,detect_combined,Flooded,deeplabv3plus,False,False,0,tensorrt,tensorrt,tensorrt,24.37,24.37,40.66,41.03,6.69,17.28,23.970000000000002,1414.72,40.1,0.0,1414.72,40.1,0.0,46.92,49.31,1.4,97.63,0.5181,False,False
1780821835.7960176,archive_flood_airfield_b93ab8,archive_flood_airfield_b93ab8.mp4,425,50.0,640,480,combined,detect_combined,Flooded,deeplabv3plus,False,False,0,tensorrt,tensorrt,tensorrt,20.6,20.6,48.16,48.55,9.04,18.65,27.689999999999998,1414.72,48.3,0.0,1414.72,48.3,0.0,46.92,49.31,1.4,97.63,0.4759,False,False
1780821835.8746562,archive_flood_airfield_b93ab8,archive_flood_airfield_b93ab8.mp4,426,50.0,640,480,combined,detect_combined,Flooded,deeplabv3plus,False,False,0,tensorrt,tensorrt,tensorrt,24.13,24.13,40.78,41.44,5.8,13.75,19.55,1414.72,52.3,0.0,1414.72,52.3,0.0,46.92,49.31,1.4,97.63,0.4177,False,False
1780821835.9302783,archive_flood_airfield_b93ab8,archive_flood_airfield_b93ab8.mp4,427,50.0,640,480,combined,detect_combined,Flooded,deeplabv3plus,False,False,0,tensorrt,tensorrt,tensorrt,38.38,38.38,25.7,26.05,4.32,7.61,11.93,1414.72,54.8,0.0,1414.72,54.8,0.0,46.92,49.31,1.4,97.63,0.4803,False,False
1780821835.9925835,archive_flood_airfield_b93ab8,archive_flood_airfield_b93ab8.mp4,428,50.0,640,480,combined,detect_combined,Flooded,deeplabv3plus,False,False,0,tensorrt,tensorrt,tensorrt,29.62,29.62,33.44,33.76,5.24,11.29,16.53,1414.72,45.9,0.0,1414.72,45.9,0.0,46.92,49.31,1.4,97.63,0.4853,False,False
1780821836.070977,archive_flood_airfield_b93ab8,archive_flood_airfield_b93ab8.mp4,429,50.0,640,480,combined,detect_combined,Flooded,deeplabv3plus,False,False,0,tensorrt,tensorrt,tensorrt,22.27,22.27,44.17,44.89,5.9,20.17,26.07,1414.72,53.2,0.0,1414.72,53.2,0.0,46.92,49.31,1.4,97.63,0.5521,False,False
1780821836.1320856,archive_flood_airfield_b93ab8,archive_flood_airfield_b93ab8.mp4,430,50.0,640,480,combined,detect_combined,Flooded,deeplabv3plus,False,False,0,tensorrt,tensorrt,tensorrt,31.71,31.71,31.19,31.53,5.17,9.49,14.66,1414.72,45.7,0.0,1414.72,45.7,0.0,46.92,49.31,1.4,97.63,0.469,False,False
1780821836.208703,archive_flood_airfield_b93ab8,archive_flood_airfield_b93ab8.mp4,431,50.0,640,480,combined,detect_combined,Flooded,deeplabv3plus,False,False,0,tensorrt,tensorrt,tensorrt,24.58,24.58,40.35,40.69,4.87,11.41,16.28,1414.72,44.2,0.0,1414.72,44.2,0.0,46.92,49.31,1.4,97.63,0.5024,False,False
1780821836.292272,archive_flood_airfield_b93ab8,archive_flood_airfield_b93ab8.mp4,432,50.0,640,480,combined,detect_combined,Flooded,deeplabv3plus,False,False,0,tensorrt,tensorrt,tensorrt,21.6,21.6,45.81,46.29,5.72,17.16,22.88,1414.72,34.7,0.0,1414.72,34.7,0.0,46.92,49.31,1.4,97.63,0.4846,False,False
1780821836.3793862,archive_flood_airfield_b93ab8,archive_flood_airfield_b93ab8.mp4,433,50.0,640,480,combined,detect_combined,Flooded,deeplabv3plus,False,False,0,tensorrt,tensorrt,tensorrt,20.67,20.67,47.99,48.38,10.03,18.82,28.85,1414.72,33.3,0.0,1414.72,33.3,0.0,46.92,49.31,1.4,97.63,0.4164,False,False
1780821836.46159,archive_flood_airfield_b93ab8,archive_flood_airfield_b93ab8.mp4,434,50.0,640,480,combined,detect_combined,Flooded,deeplabv3plus,False,False,0,tensorrt,tensorrt,tensorrt,31.05,31.05,31.82,32.2,7.28,13.77,21.05,1414.72,33.3,0.0,1414.72,33.3,0.0,46.92,49.31,1.4,97.63,0.4718,False,False
1780821836.5509543,archive_flood_airfield_b93ab8,archive_flood_airfield_b93ab8.mp4,435,50.0,640,480,combined,detect_combined,Flooded,deeplabv3plus,False,False,0,tensorrt,tensorrt,tensorrt,22.15,22.15,44.73,45.16,5.8,20.47,26.27,1414.72,28.0,0.0,1414.72,28.0,0.0,46.92,49.31,1.4,97.63,0.4056,False,False
1780821836.6408687,archive_flood_airfield_b93ab8,archive_flood_airfield_b93ab8.mp4,436,50.0,640,480,combined,detect_combined,Flooded,deeplabv3plus,False,False,0,tensorrt,tensorrt,tensorrt,23.04,23.04,42.98,43.4,6.55,19.53,26.080000000000002,1414.72,35.2,0.0,1414.72,35.2,0.0,46.92,49.31,1.4,97.63,0.4471,False,False
1780821836.7264085,archive_flood_airfield_b93ab8,archive_flood_airfield_b93ab8.mp4,437,50.0,640,480,combined,detect_combined,Flooded,deeplabv3plus,False,False,0,tensorrt,tensorrt,tensorrt,26.16,26.16,37.82,38.23,6.0,14.28,20.28,1414.72,33.3,0.0,1414.72,33.3,0.0,46.92,49.31,1.4,97.63,0.3319,False,False
1780821836.8223138,archive_flood_airfield_b93ab8,archive_flood_airfield_b93ab8.mp4,438,50.0,640,480,combined,detect_combined,Flooded,deeplabv3plus,False,False,0,tensorrt,tensorrt,tensorrt,19.39,19.39,51.14,51.57,6.76,21.18,27.939999999999998,1414.96,30.9,0.0,1414.96,30.9,0.0,46.92,49.31,1.4,97.63,0.3055,False,False
1780821836.9091802,archive_flood_airfield_b93ab8,archive_flood_airfield_b93ab8.mp4,439,50.0,640,480,combined,detect_combined,Flooded,deeplabv3plus,False,False,0,tensorrt,tensorrt,tensorrt,22.02,22.02,44.99,45.41,7.1,17.98,25.08,1414.96,34.0,0.0,1414.96,34.0,0.0,46.92,49.31,1.4,97.63,0.2701,False,False
1780821836.999641,archive_flood_airfield_b93ab8,archive_flood_airfield_b93ab8.mp4,440,50.0,640,480,combined,detect_combined,Flooded,deeplabv3plus,False,False,0,tensorrt,tensorrt,tensorrt,20.93,20.93,47.36,47.78,6.97,21.06,28.029999999999998,1414.96,30.8,0.0,1414.96,30.8,0.0,46.92,49.31,1.4,97.63,0.3197,False,False
1780821837.0722797,archive_flood_airfield_b93ab8,archive_flood_airfield_b93ab8.mp4,441,50.0,640,480,combined,detect_combined,Flooded,deeplabv3plus,False,False,0,tensorrt,tensorrt,tensorrt,25.37,25.37,39.04,39.42,6.64,15.56,22.2,1414.96,39.1,0.0,1414.96,39.1,0.0,46.92,49.31,1.4,97.63,0.365,False,False
1780821837.1460242,archive_flood_airfield_b93ab8,archive_flood_airfield_b93ab8.mp4,442,50.0,640,480,combined,detect_combined,Flooded,deeplabv3plus,False,False,0,tensorrt,tensorrt,tensorrt,25.8,25.8,38.41,38.75,7.24,11.48,18.72,1414.96,35.6,0.0,1414.96,35.6,0.0,46.92,49.31,1.4,97.63,0.3211,False,False
1780821837.2144167,archive_flood_airfield_b93ab8,archive_flood_airfield_b93ab8.mp4,443,50.0,640,480,combined,detect_combined,Flooded,deeplabv3plus,False,False,0,tensorrt,tensorrt,tensorrt,25.24,25.24,39.17,39.61,5.21,10.05,15.260000000000002,1414.96,50.0,0.0,1414.96,50.0,0.0,46.92,49.31,1.4,97.63,0.3077,False,False
1780821837.2842155,archive_flood_airfield_b93ab8,archive_flood_airfield_b93ab8.mp4,444,50.0,640,480,combined,detect_combined,Flooded,deeplabv3plus,False,False,0,tensorrt,tensorrt,tensorrt,27.72,27.72,35.69,36.08,5.64,10.5,16.14,1414.96,55.0,0.0,1414.96,55.0,0.0,46.92,49.31,1.4,97.63,0.4002,False,False
1780821837.354321,archive_flood_airfield_b93ab8,archive_flood_airfield_b93ab8.mp4,445,50.0,640,480,combined,detect_combined,Flooded,deeplabv3plus,False,False,0,tensorrt,tensorrt,tensorrt,25.69,25.69,38.52,38.93,6.15,14.67,20.82,1414.96,51.2,0.0,1414.96,51.2,0.0,46.92,49.31,1.4,97.63,0.3638,False,False
1780821837.4374971,archive_flood_airfield_b93ab8,archive_flood_airfield_b93ab8.mp4,446,50.0,640,480,combined,detect_combined,Flooded,deeplabv3plus,False,False,0,tensorrt,tensorrt,tensorrt,21.94,21.94,45.22,45.58,6.96,18.61,25.57,1414.96,52.1,0.0,1414.96,52.1,0.0,46.92,49.31,1.4,97.63,0.4084,False,False
1780821837.5090027,archive_flood_airfield_b93ab8,archive_flood_airfield_b93ab8.mp4,447,50.0,640,480,combined,detect_combined,Flooded,deeplabv3plus,False,False,0,tensorrt,tensorrt,tensorrt,26.99,26.99,36.67,37.05,5.41,13.98,19.39,1414.96,51.2,0.0,1414.96,51.2,0.0,46.92,49.31,1.4,97.63,0.4075,False,False
1780821837.6019247,archive_flood_airfield_b93ab8,archive_flood_airfield_b93ab8.mp4,448,50.0,640,480,combined,detect_combined,Flooded,deeplabv3plus,False,False,0,tensorrt,tensorrt,tensorrt,24.02,24.02,41.2,41.63,11.85,16.69,28.54,1414.96,33.9,0.0,1414.96,33.9,0.0,46.92,49.31,1.4,97.63,0.4111,False,False
1780821837.6941395,archive_flood_airfield_b93ab8,archive_flood_airfield_b93ab8.mp4,449,50.0,640,480,combined,detect_combined,Flooded,deeplabv3plus,False,False,0,tensorrt,tensorrt,tensorrt,21.1,21.1,46.99,47.4,7.97,21.06,29.029999999999998,1414.96,30.9,0.0,1414.96,30.9,0.0,46.92,49.31,1.4,97.63,0.4443,False,False
1780821837.7923353,archive_flood_airfield_b93ab8,archive_flood_airfield_b93ab8.mp4,450,50.0,640,480,combined,detect_combined,Flooded,deeplabv3plus,False,False,0,tensorrt,tensorrt,tensorrt,19.63,19.63,50.52,50.93,9.28,20.74,30.019999999999996,1414.95,35.0,0.0,1414.95,35.0,0.0,46.92,49.31,1.4,97.63,0.4331,False,False
1780821837.8849647,archive_flood_airfield_b93ab8,archive_flood_airfield_b93ab8.mp4,451,50.0,640,480,combined,detect_combined,Flooded,deeplabv3plus,False,False,0,tensorrt,tensorrt,tensorrt,23.01,23.01,43.02,43.45,7.29,15.92,23.21,1414.95,31.5,0.0,1414.95,31.5,0.0,46.92,49.31,1.4,97.63,0.4416,False,False
1780821837.9802608,archive_flood_airfield_b93ab8,archive_flood_airfield_b93ab8.mp4,452,50.0,640,480,combined,detect_combined,Flooded,deeplabv3plus,False,False,0,tensorrt,tensorrt,tensorrt,21.12,21.12,46.94,47.35,6.82,21.79,28.61,1414.95,32.8,0.0,1414.95,32.8,0.0,46.92,49.31,1.4,97.63,0.4069,False,False
1780821838.075132,archive_flood_airfield_b93ab8,archive_flood_airfield_b93ab8.mp4,453,50.0,640,480,combined,detect_combined,Flooded,deeplabv3plus,False,False,0,tensorrt,tensorrt,tensorrt,22.28,22.28,44.47,44.88,7.4,21.44,28.840000000000003,1414.95,33.3,0.0,1414.95,33.3,0.0,46.92,49.31,1.4,97.63,0.3867,False,False
1780821838.1969883,archive_flood_airfield_b93ab8,archive_flood_airfield_b93ab8.mp4,454,50.0,640,480,combined,detect_combined,Flooded,deeplabv3plus,False,False,0,tensorrt,tensorrt,tensorrt,13.81,13.81,72.06,72.42,8.05,18.49,26.54,1414.95,34.7,0.0,1414.95,34.7,0.0,46.92,49.31,1.4,97.63,0.3639,False,False
1780821838.2859018,archive_flood_airfield_b93ab8,archive_flood_airfield_b93ab8.mp4,455,50.0,640,480,combined,detect_combined,Flooded,deeplabv3plus,False,False,0,tensorrt,tensorrt,tensorrt,21.71,21.71,45.65,46.07,8.99,17.71,26.700000000000003,1414.95,43.1,0.0,1414.95,43.1,0.0,46.92,49.31,1.4,97.63,0.3844,False,False
1780821838.364653,archive_flood_airfield_b93ab8,archive_flood_airfield_b93ab8.mp4,456,50.0,640,480,combined,detect_combined,Flooded,deeplabv3plus,False,False,0,tensorrt,tensorrt,tensorrt,25.86,25.86,38.2,38.68,7.55,14.61,22.16,1414.95,32.6,0.0,1414.95,32.6,0.0,46.92,49.31,1.4,97.63,0.4014,False,False
1780821838.4481022,archive_flood_airfield_b93ab8,archive_flood_airfield_b93ab8.mp4,457,50.0,640,480,combined,detect_combined,Flooded,deeplabv3plus,False,False,0,tensorrt,tensorrt,tensorrt,22.82,22.82,43.42,43.82,6.13,12.44,18.57,1414.95,37.5,0.0,1414.95,37.5,0.0,46.92,49.31,1.4,97.63,0.369,False,False
1780821838.5335693,archive_flood_airfield_b93ab8,archive_flood_airfield_b93ab8.mp4,458,50.0,640,480,combined,detect_combined,Flooded,deeplabv3plus,False,False,0,tensorrt,tensorrt,tensorrt,23.44,23.44,42.24,42.66,7.22,17.69,24.91,1414.95,45.8,0.0,1414.95,45.8,0.0,46.92,49.31,1.4,97.63,0.2504,False,False
1780821838.6086612,archive_flood_airfield_b93ab8,archive_flood_airfield_b93ab8.mp4,459,50.0,640,480,combined,detect_combined,Flooded,deeplabv3plus,False,False,0,tensorrt,tensorrt,tensorrt,25.15,25.15,39.38,39.76,6.74,12.05,18.79,1414.95,51.2,0.0,1414.95,51.2,0.0,46.92,49.31,1.4,97.63,0.2848,False,False
1780821838.6736293,archive_flood_airfield_b93ab8,archive_flood_airfield_b93ab8.mp4,460,50.0,640,480,combined,detect_combined,Flooded,deeplabv3plus,False,False,0,tensorrt,tensorrt,tensorrt,29.57,29.57,33.53,33.82,4.87,9.23,14.100000000000001,1414.95,55.0,0.0,1414.95,55.0,0.0,46.92,49.31,1.4,97.63,0.3441,False,False
1780821838.7508724,archive_flood_airfield_b93ab8,archive_flood_airfield_b93ab8.mp4,461,50.0,640,480,combined,detect_combined,Flooded,deeplabv3plus,False,False,0,tensorrt,tensorrt,tensorrt,23.35,23.35,42.26,42.83,6.6,17.73,24.33,1414.95,50.0,0.0,1414.95,50.0,0.0,46.92,49.31,1.4,97.63,0.4391,False,False
1780821838.8189147,archive_flood_airfield_b93ab8,archive_flood_airfield_b93ab8.mp4,462,50.0,640,480,combined,detect_combined,Flooded,deeplabv3plus,False,False,0,tensorrt,tensorrt,tensorrt,28.92,28.92,34.2,34.58,4.17,14.5,18.67,1414.95,50.0,0.0,1414.95,50.0,0.0,46.92,49.31,1.4,97.63,0.3948,False,False
1780821838.8942885,archive_flood_airfield_b93ab8,archive_flood_airfield_b93ab8.mp4,463,50.0,640,480,combined,detect_combined,Flooded,deeplabv3plus,False,False,0,tensorrt,tensorrt,tensorrt,26.48,26.48,37.42,37.76,6.37,11.05,17.42,1414.95,51.1,0.0,1414.95,51.1,0.0,46.92,49.31,1.4,97.63,0.3347,False,False
1780821838.9662714,archive_flood_airfield_b93ab8,archive_flood_airfield_b93ab8.mp4,464,50.0,640,480,combined,detect_combined,Flooded,deeplabv3plus,False,False,0,tensorrt,tensorrt,tensorrt,27.45,27.45,36.09,36.43,5.06,15.05,20.11,1414.95,33.3,0.0,1414.95,33.3,0.0,46.92,49.31,1.4,97.63,0.2354,False,False
1780821839.0373173,archive_flood_airfield_b93ab8,archive_flood_airfield_b93ab8.mp4,465,50.0,640,480,combined,detect_combined,Flooded,deeplabv3plus,False,False,0,tensorrt,tensorrt,tensorrt,24.38,24.38,40.31,41.02,5.88,13.39,19.27,1414.95,34.1,0.0,1414.95,34.1,0.0,46.92,49.31,1.4,97.63,0.2342,False,False
1780821839.1114144,archive_flood_airfield_b93ab8,archive_flood_airfield_b93ab8.mp4,466,50.0,640,480,combined,detect_combined,Flooded,deeplabv3plus,False,False,0,tensorrt,tensorrt,tensorrt,24.19,24.19,40.95,41.33,5.29,14.88,20.17,1414.95,31.1,0.0,1414.95,31.1,0.0,46.92,49.31,1.4,97.63,0.2621,False,False
1780821839.1841178,archive_flood_airfield_b93ab8,archive_flood_airfield_b93ab8.mp4,467,50.0,640,480,combined,detect_combined,Flooded,deeplabv3plus,False,False,0,tensorrt,tensorrt,tensorrt,26.09,26.09,37.97,38.33,5.54,15.66,21.2,1414.95,37.2,0.0,1414.95,37.2,0.0,46.92,49.31,1.4,97.63,0.3337,False,False
1780821839.2635126,archive_flood_airfield_b93ab8,archive_flood_airfield_b93ab8.mp4,468,50.0,640,480,combined,detect_combined,Flooded,deeplabv3plus,False,False,0,tensorrt,tensorrt,tensorrt,41.16,41.16,23.94,24.3,5.95,8.9,14.850000000000001,1414.95,37.8,0.0,1414.95,37.8,0.0,46.92,49.31,1.4,97.63,0.4099,False,False
1780821839.3400633,archive_flood_airfield_b93ab8,archive_flood_airfield_b93ab8.mp4,469,50.0,640,480,combined,detect_combined,Flooded,deeplabv3plus,False,False,0,tensorrt,tensorrt,tensorrt,29.81,29.81,33.18,33.54,5.41,15.93,21.34,1414.95,39.5,0.0,1414.95,39.5,0.0,46.92,49.31,1.4,97.63,0.2907,False,False
1780821839.4179034,archive_flood_airfield_b93ab8,archive_flood_airfield_b93ab8.mp4,470,50.0,640,480,combined,detect_combined,Flooded,deeplabv3plus,False,False,0,tensorrt,tensorrt,tensorrt,23.48,23.48,41.92,42.59,6.98,12.53,19.509999999999998,1414.94,36.4,0.0,1414.94,36.4,0.0,46.92,49.31,1.4,97.63,0.3056,False,False
1780821839.4781415,archive_flood_airfield_b93ab8,archive_flood_airfield_b93ab8.mp4,471,50.0,640,480,combined,detect_combined,Flooded,deeplabv3plus,False,False,0,tensorrt,tensorrt,tensorrt,35.94,35.94,27.47,27.82,5.16,8.79,13.95,1414.94,33.3,0.0,1414.94,33.3,0.0,46.92,49.31,1.4,97.63,0.274,False,False
1780821839.5348446,archive_flood_airfield_b93ab8,archive_flood_airfield_b93ab8.mp4,472,50.0,640,480,combined,detect_combined,Flooded,deeplabv3plus,False,False,0,tensorrt,tensorrt,tensorrt,33.6,33.6,29.43,29.77,4.56,9.07,13.629999999999999,1414.94,28.1,0.0,1414.94,28.1,0.0,46.92,49.31,1.4,97.63,0.3293,False,False
1780821839.6088912,archive_flood_airfield_b93ab8,archive_flood_airfield_b93ab8.mp4,473,50.0,640,480,combined,detect_combined,Flooded,deeplabv3plus,False,False,0,tensorrt,tensorrt,tensorrt,23.67,23.67,41.91,42.24,5.52,16.9,22.419999999999998,1414.94,39.1,0.0,1414.94,39.1,0.0,46.92,49.31,1.4,97.63,0.4175,False,False
1780821839.6658978,archive_flood_airfield_b93ab8,archive_flood_airfield_b93ab8.mp4,474,50.0,640,480,combined,detect_combined,Flooded,deeplabv3plus,False,False,0,tensorrt,tensorrt,tensorrt,35.04,35.04,28.18,28.53,5.16,8.83,13.99,1414.94,41.2,0.0,1414.94,41.2,0.0,46.92,49.31,1.4,97.63,0.3781,False,False
1780821839.7216978,archive_flood_airfield_b93ab8,archive_flood_airfield_b93ab8.mp4,475,50.0,640,480,combined,detect_combined,Flooded,deeplabv3plus,False,False,0,tensorrt,tensorrt,tensorrt,40.76,40.76,24.21,24.53,5.42,9.45,14.87,1414.94,38.2,0.0,1414.94,38.2,0.0,46.92,49.31,1.4,97.63,0.3579,False,False
1780821839.798593,archive_flood_airfield_b93ab8,archive_flood_airfield_b93ab8.mp4,476,50.0,640,480,combined,detect_combined,Flooded,deeplabv3plus,False,False,0,tensorrt,tensorrt,tensorrt,24.08,24.08,41.19,41.53,8.41,14.19,22.6,1414.94,34.8,0.0,1414.94,34.8,0.0,46.92,49.31,1.4,97.63,0.3363,False,False
1780821839.8630085,archive_flood_airfield_b93ab8,archive_flood_airfield_b93ab8.mp4,477,50.0,640,480,combined,detect_combined,Flooded,deeplabv3plus,False,False,0,tensorrt,tensorrt,tensorrt,30.04,30.04,32.95,33.29,4.13,8.15,12.280000000000001,1414.94,45.9,0.0,1414.94,45.9,0.0,46.92,49.31,1.4,97.63,0.3672,False,False
1780821839.928563,archive_flood_airfield_b93ab8,archive_flood_airfield_b93ab8.mp4,478,50.0,640,480,combined,detect_combined,Flooded,deeplabv3plus,False,False,0,tensorrt,tensorrt,tensorrt,27.9,27.9,35.43,35.84,5.59,9.75,15.34,1414.94,55.0,0.0,1414.94,55.0,0.0,46.92,49.31,1.4,97.63,0.3217,False,False
1780821839.989054,archive_flood_airfield_b93ab8,archive_flood_airfield_b93ab8.mp4,479,50.0,640,480,combined,detect_combined,Flooded,deeplabv3plus,False,False,0,tensorrt,tensorrt,tensorrt,33.53,33.53,29.48,29.83,4.72,10.38,15.100000000000001,1414.94,55.6,0.0,1414.94,55.6,0.0,46.92,49.31,1.4,97.63,0.3705,False,False
1780821840.0668168,archive_flood_airfield_b93ab8,archive_flood_airfield_b93ab8.mp4,480,50.0,640,480,combined,detect_combined,Flooded,deeplabv3plus,False,False,0,tensorrt,tensorrt,tensorrt,26.19,26.19,37.87,38.19,5.37,13.57,18.94,1414.94,47.7,0.0,1414.94,47.7,0.0,46.92,49.31,1.4,97.63,0.2585,False,False
1780821840.143102,archive_flood_airfield_b93ab8,archive_flood_airfield_b93ab8.mp4,481,50.0,640,480,combined,detect_combined,Flooded,deeplabv3plus,False,False,0,tensorrt,tensorrt,tensorrt,23.49,23.49,42.2,42.57,5.28,14.69,19.97,1414.94,46.7,0.0,1414.94,46.7,0.0,46.92,49.31,1.4,97.63,0.3454,False,False
1780821840.2166054,archive_flood_airfield_b93ab8,archive_flood_airfield_b93ab8.mp4,482,50.0,640,480,combined,detect_combined,Flooded,deeplabv3plus,False,False,0,tensorrt,tensorrt,tensorrt,28.32,28.32,34.96,35.31,4.91,13.76,18.67,1414.94,50.0,0.0,1414.94,50.0,0.0,46.92,49.31,1.4,97.63,0.366,False,False
1780821840.2846515,archive_flood_airfield_b93ab8,archive_flood_airfield_b93ab8.mp4,483,50.0,640,480,combined,detect_combined,Flooded,deeplabv3plus,False,False,0,tensorrt,tensorrt,tensorrt,25.84,25.84,38.26,38.69,4.66,11.1,15.76,1414.94,35.0,0.0,1414.94,35.0,0.0,46.92,49.31,1.4,97.63,0.3751,False,False
1780821840.3557775,archive_flood_airfield_b93ab8,archive_flood_airfield_b93ab8.mp4,484,50.0,640,480,combined,detect_combined,Flooded,deeplabv3plus,False,False,0,tensorrt,tensorrt,tensorrt,23.4,23.4,42.35,42.73,4.47,14.23,18.7,1414.94,34.8,0.0,1414.94,34.8,0.0,46.92,49.31,1.4,97.63,0.4081,False,False
1780821840.4243367,archive_flood_airfield_b93ab8,archive_flood_airfield_b93ab8.mp4,485,50.0,640,480,combined,detect_combined,Flooded,deeplabv3plus,False,False,0,tensorrt,tensorrt,tensorrt,23.88,23.88,41.48,41.87,4.96,13.21,18.17,1414.93,28.2,0.0,1414.93,28.2,0.0,46.92,49.31,1.4,97.63,0.4465,False,False
1780821840.494186,archive_flood_airfield_b93ab8,archive_flood_airfield_b93ab8.mp4,486,50.0,640,480,combined,detect_combined,Flooded,deeplabv3plus,False,False,0,tensorrt,tensorrt,tensorrt,24.26,24.26,40.65,41.22,6.88,9.56,16.44,1414.93,33.3,0.0,1414.93,33.3,0.0,46.92,49.31,1.4,97.63,0.4476,False,False
1780821840.5598161,archive_flood_airfield_b93ab8,archive_flood_airfield_b93ab8.mp4,487,50.0,640,480,combined,detect_combined,Flooded,deeplabv3plus,False,False,0,tensorrt,tensorrt,tensorrt,27.22,27.22,36.32,36.74,5.41,8.08,13.49,1414.93,36.6,0.0,1414.93,36.6,0.0,46.92,49.31,1.4,97.63,0.4499,False,False
1780821840.6291318,archive_flood_airfield_b93ab8,archive_flood_airfield_b93ab8.mp4,488,50.0,640,480,combined,detect_combined,Flooded,deeplabv3plus,False,False,0,tensorrt,tensorrt,tensorrt,25.27,25.27,39.26,39.57,6.44,11.04,17.48,1414.93,35.0,0.0,1414.93,35.0,0.0,46.92,49.31,1.4,97.63,0.4396,False,False
1780821840.7116804,archive_flood_airfield_b93ab8,archive_flood_airfield_b93ab8.mp4,489,50.0,640,480,combined,detect_combined,Flooded,deeplabv3plus,False,False,0,tensorrt,tensorrt,tensorrt,20.25,20.25,48.98,49.39,5.27,17.38,22.65,1414.93,45.8,0.0,1414.93,45.8,0.0,46.92,49.31,1.4,97.63,0.4788,False,False
1780821840.775844,archive_flood_airfield_b93ab8,archive_flood_airfield_b93ab8.mp4,490,50.0,640,480,combined,detect_combined,Flooded,deeplabv3plus,False,False,0,tensorrt,tensorrt,tensorrt,39.69,39.69,24.72,25.19,4.93,8.53,13.459999999999999,1414.93,37.8,0.0,1414.93,37.8,0.0,46.92,49.31,1.4,97.63,0.4292,False,False
1780821840.8323865,archive_flood_airfield_b93ab8,archive_flood_airfield_b93ab8.mp4,491,50.0,640,480,combined,detect_combined,Flooded,deeplabv3plus,False,False,0,tensorrt,tensorrt,tensorrt,32.51,32.51,30.37,30.76,4.74,8.18,12.92,1414.93,28.1,0.0,1414.93,28.1,0.0,46.92,49.31,1.4,97.63,0.4961,False,False
1780821840.8942394,archive_flood_airfield_b93ab8,archive_flood_airfield_b93ab8.mp4,492,50.0,640,480,combined,detect_combined,Flooded,deeplabv3plus,False,False,0,tensorrt,tensorrt,tensorrt,29.17,29.17,33.94,34.29,5.0,9.04,14.04,1414.93,34.2,0.0,1414.93,34.2,0.0,46.92,49.31,1.4,97.63,0.4646,False,False
1780821840.9508953,archive_flood_airfield_b93ab8,archive_flood_airfield_b93ab8.mp4,493,50.0,640,480,combined,detect_combined,Flooded,deeplabv3plus,False,False,0,tensorrt,tensorrt,tensorrt,30.32,30.32,32.68,32.98,4.47,8.89,13.36,1414.93,31.2,0.0,1414.93,31.2,0.0,46.92,49.31,1.4,97.63,0.5074,False,False
1780821841.0045767,archive_flood_airfield_b93ab8,archive_flood_airfield_b93ab8.mp4,494,50.0,640,480,combined,detect_combined,Flooded,deeplabv3plus,False,False,0,tensorrt,tensorrt,tensorrt,36.8,36.8,26.85,27.18,4.37,8.44,12.809999999999999,1414.93,36.4,0.0,1414.93,36.4,0.0,46.92,49.31,1.4,97.63,0.521,False,False
1780821841.062278,archive_flood_airfield_b93ab8,archive_flood_airfield_b93ab8.mp4,495,50.0,640,480,combined,detect_combined,Flooded,deeplabv3plus,False,False,0,tensorrt,tensorrt,tensorrt,31.99,31.99,30.94,31.26,5.44,10.88,16.32,1414.93,35.3,0.0,1414.93,35.3,0.0,46.92,49.31,1.4,97.63,0.5385,False,False
1780821841.1318939,archive_flood_airfield_b93ab8,archive_flood_airfield_b93ab8.mp4,496,50.0,640,480,combined,detect_combined,Flooded,deeplabv3plus,False,False,0,tensorrt,tensorrt,tensorrt,24.61,24.61,40.06,40.63,5.05,10.62,15.669999999999998,1414.93,42.9,0.0,1414.93,42.9,0.0,46.92,49.31,1.4,97.63,0.487,False,False
1780821841.204709,archive_flood_airfield_b93ab8,archive_flood_airfield_b93ab8.mp4,497,50.0,640,480,combined,detect_combined,Flooded,deeplabv3plus,False,False,0,tensorrt,tensorrt,tensorrt,26.05,26.05,38.04,38.39,7.11,14.16,21.27,1414.93,48.8,0.0,1414.93,48.8,0.0,46.92,49.31,1.4,97.63,0.4013,False,False
1780821841.270816,archive_flood_airfield_b93ab8,archive_flood_airfield_b93ab8.mp4,498,50.0,640,480,combined,detect_combined,Flooded,deeplabv3plus,False,False,0,tensorrt,tensorrt,tensorrt,36.6,36.6,26.94,27.32,5.13,12.01,17.14,1414.93,54.1,0.0,1414.93,54.1,0.0,46.92,49.31,1.4,97.63,0.4806,False,False
1780821841.3411257,archive_flood_airfield_b93ab8,archive_flood_airfield_b93ab8.mp4,499,50.0,640,480,combined,detect_combined,Flooded,deeplabv3plus,False,False,0,tensorrt,tensorrt,tensorrt,28.95,28.95,34.19,34.54,6.82,12.21,19.03,1414.93,51.3,0.0,1414.93,51.3,0.0,46.92,49.31,1.4,97.63,0.4565,False,False
1780821841.415869,archive_flood_airfield_b93ab8,archive_flood_airfield_b93ab8.mp4,500,50.0,640,480,combined,detect_combined,Flooded,deeplabv3plus,False,False,0,tensorrt,tensorrt,tensorrt,25.32,25.32,39.11,39.5,5.68,11.13,16.810000000000002,1414.93,46.7,0.0,1414.93,46.7,0.0,46.92,49.31,1.4,97.63,0.4102,False,False
1780821841.4957716,archive_flood_airfield_b93ab8,archive_flood_airfield_b93ab8.mp4,501,50.0,640,480,combined,detect_combined,Flooded,deeplabv3plus,False,False,0,tensorrt,tensorrt,tensorrt,24.96,24.96,39.69,40.07,6.31,12.88,19.19,1414.92,54.0,0.0,1414.92,54.0,0.0,46.92,49.31,1.4,97.63,0.4631,False,False
1780821841.5730758,archive_flood_airfield_b93ab8,archive_flood_airfield_b93ab8.mp4,502,50.0,640,480,combined,detect_combined,Flooded,deeplabv3plus,False,False,0,tensorrt,tensorrt,tensorrt,26.12,26.12,37.86,38.28,7.84,14.49,22.33,1414.92,54.2,0.0,1414.92,54.2,0.0,46.92,49.31,1.4,97.63,0.5325,False,False
1780821841.6553473,archive_flood_airfield_b93ab8,archive_flood_airfield_b93ab8.mp4,503,50.0,640,480,combined,detect_combined,Flooded,deeplabv3plus,False,False,0,tensorrt,tensorrt,tensorrt,25.3,25.3,39.11,39.53,6.01,16.36,22.369999999999997,1414.92,51.1,0.0,1414.92,51.1,0.0,46.92,49.31,1.4,97.63,0.4655,False,False
1780821841.7492425,archive_flood_airfield_b93ab8,archive_flood_airfield_b93ab8.mp4,504,50.0,640,480,combined,detect_combined,Flooded,deeplabv3plus,False,False,0,tensorrt,tensorrt,tensorrt,22.57,22.57,43.25,44.31,6.36,17.64,24.0,1414.92,78.6,0.0,1414.92,78.6,0.0,46.92,49.31,1.4,97.63,0.4971,False,False
1780821841.82402,archive_flood_airfield_b93ab8,archive_flood_airfield_b93ab8.mp4,505,50.0,640,480,combined,detect_combined,Flooded,deeplabv3plus,False,False,0,tensorrt,tensorrt,tensorrt,28.43,28.43,34.87,35.18,4.88,13.75,18.63,1414.92,89.1,0.0,1414.92,89.1,0.0,46.92,49.31,1.4,97.63,0.5655,False,False
1780821841.8848112,archive_flood_airfield_b93ab8,archive_flood_airfield_b93ab8.mp4,506,50.0,640,480,combined,detect_combined,Flooded,deeplabv3plus,False,False,0,tensorrt,tensorrt,tensorrt,29.4,29.4,33.71,34.01,4.95,9.2,14.149999999999999,1414.92,97.3,0.0,1414.92,97.3,0.0,46.92,49.31,1.4,97.63,0.5078,False,False
1780821841.9479673,archive_flood_airfield_b93ab8,archive_flood_airfield_b93ab8.mp4,507,50.0,640,480,combined,detect_combined,Flooded,deeplabv3plus,False,False,0,tensorrt,tensorrt,tensorrt,26.33,26.33,37.67,37.98,4.79,12.51,17.3,1414.92,80.0,0.0,1414.92,80.0,0.0,46.92,49.31,1.4,97.63,0.5347,False,False
1780821842.0030675,archive_flood_airfield_b93ab8,archive_flood_airfield_b93ab8.mp4,508,50.0,640,480,combined,detect_combined,Flooded,deeplabv3plus,False,False,0,tensorrt,tensorrt,tensorrt,34.88,34.88,28.34,28.67,4.78,8.95,13.73,1414.92,29.0,0.0,1414.92,29.0,0.0,46.92,49.31,1.4,97.63,0.5063,False,False
1780821842.0677583,archive_flood_airfield_b93ab8,archive_flood_airfield_b93ab8.mp4,509,50.0,640,480,combined,detect_combined,Flooded,deeplabv3plus,False,False,0,tensorrt,tensorrt,tensorrt,25.0,25.0,39.68,39.99,6.64,14.02,20.66,1414.92,29.7,0.0,1414.92,29.7,0.0,46.92,49.31,1.4,97.63,0.5828,False,False
1780821842.129288,archive_flood_airfield_b93ab8,archive_flood_airfield_b93ab8.mp4,510,50.0,640,480,combined,detect_combined,Flooded,deeplabv3plus,False,False,0,tensorrt,tensorrt,tensorrt,33.07,33.07,29.9,30.24,5.12,8.89,14.010000000000002,1414.92,28.6,0.0,1414.92,28.6,0.0,46.92,49.31,1.4,97.63,0.5725,False,False
1780821842.2069888,archive_flood_airfield_b93ab8,archive_flood_airfield_b93ab8.mp4,511,50.0,640,480,combined,detect_combined,Flooded,deeplabv3plus,False,False,0,tensorrt,tensorrt,tensorrt,26.36,26.36,37.56,37.94,5.56,14.78,20.34,1414.92,37.0,0.0,1414.92,37.0,0.0,46.92,49.31,1.4,97.63,0.6022,False,False
1780821842.2988794,archive_flood_airfield_b93ab8,archive_flood_airfield_b93ab8.mp4,512,50.0,640,480,combined,detect_combined,Flooded,deeplabv3plus,False,False,0,tensorrt,tensorrt,tensorrt,21.8,21.8,45.45,45.86,6.57,21.34,27.91,1414.92,33.9,0.0,1414.92,33.9,0.0,46.92,49.31,1.4,97.63,0.5505,False,False
1780821842.3938682,archive_flood_airfield_b93ab8,archive_flood_airfield_b93ab8.mp4,513,50.0,640,480,combined,detect_combined,Flooded,deeplabv3plus,False,False,0,tensorrt,tensorrt,tensorrt,21.55,21.55,45.99,46.4,6.74,22.54,29.28,1414.92,33.9,0.0,1414.92,33.9,0.0,46.92,49.31,1.4,97.63,0.5713,False,False
1780821842.48882,archive_flood_airfield_b93ab8,archive_flood_airfield_b93ab8.mp4,514,50.0,640,480,combined,detect_combined,Flooded,deeplabv3plus,False,False,0,tensorrt,tensorrt,tensorrt,20.0,20.0,49.49,50.0,9.92,19.52,29.439999999999998,1414.92,47.4,0.0,1414.92,47.4,0.0,46.92,49.31,1.4,97.63,0.5851,False,False
1780821842.574728,archive_flood_airfield_b93ab8,archive_flood_airfield_b93ab8.mp4,515,50.0,640,480,combined,detect_combined,Flooded,deeplabv3plus,False,False,0,tensorrt,tensorrt,tensorrt,24.77,24.77,39.9,40.37,6.44,14.89,21.330000000000002,1414.92,51.0,0.0,1414.92,51.0,0.0,46.92,49.31,1.4,97.63,0.5565,False,False
1780821842.6648254,archive_flood_airfield_b93ab8,archive_flood_airfield_b93ab8.mp4,516,50.0,640,480,combined,detect_combined,Flooded,deeplabv3plus,False,False,0,tensorrt,tensorrt,tensorrt,21.02,21.02,47.17,47.57,7.02,20.92,27.94,1414.92,49.1,0.0,1414.92,49.1,0.0,46.92,49.31,1.4,97.63,0.596,False,False
1780821842.752612,archive_flood_airfield_b93ab8,archive_flood_airfield_b93ab8.mp4,517,50.0,640,480,combined,detect_combined,Flooded,deeplabv3plus,False,False,0,tensorrt,tensorrt,tensorrt,20.32,20.32,48.75,49.22,8.47,21.11,29.58,1414.92,45.1,0.0,1414.92,45.1,0.0,46.92,49.31,1.4,97.63,0.5809,False,False
1780821842.8375573,archive_flood_airfield_b93ab8,archive_flood_airfield_b93ab8.mp4,518,50.0,640,480,combined,detect_combined,Flooded,deeplabv3plus,False,False,0,tensorrt,tensorrt,tensorrt,26.02,26.02,37.9,38.43,6.85,12.48,19.33,1414.92,50.0,0.0,1414.92,50.0,0.0,46.92,49.31,1.4,97.63,0.62,False,False
1780821842.9302351,archive_flood_airfield_b93ab8,archive_flood_airfield_b93ab8.mp4,519,50.0,640,480,combined,detect_combined,Flooded,deeplabv3plus,False,False,0,tensorrt,tensorrt,tensorrt,20.94,20.94,47.28,47.75,7.47,20.45,27.919999999999998,1414.92,36.4,0.0,1414.92,36.4,0.0,46.92,49.31,1.4,97.63,0.6047,False,False
1780821843.004088,archive_flood_airfield_b93ab8,archive_flood_airfield_b93ab8.mp4,520,50.0,640,480,combined,detect_combined,Flooded,deeplabv3plus,False,False,0,tensorrt,tensorrt,tensorrt,25.17,25.17,39.2,39.72,6.13,9.03,15.16,1414.92,30.2,0.0,1414.92,30.2,0.0,46.92,49.31,1.4,97.63,0.5737,False,False
1780821843.0914977,archive_flood_airfield_b93ab8,archive_flood_airfield_b93ab8.mp4,521,50.0,640,480,combined,detect_combined,Flooded,deeplabv3plus,False,False,0,tensorrt,tensorrt,tensorrt,19.17,19.17,51.31,52.16,5.56,20.34,25.9,1414.92,28.0,0.0,1414.92,28.0,0.0,46.92,49.31,1.4,97.63,0.5088,False,False
1780821843.1871207,archive_flood_airfield_b93ab8,archive_flood_airfield_b93ab8.mp4,522,50.0,640,480,combined,detect_combined,Flooded,deeplabv3plus,False,False,0,tensorrt,tensorrt,tensorrt,17.86,17.86,55.63,55.98,7.32,15.49,22.810000000000002,1414.92,38.6,0.0,1414.92,38.6,0.0,46.92,49.31,1.4,97.63,0.6046,False,False
1780821843.2809403,archive_flood_airfield_b93ab8,archive_flood_airfield_b93ab8.mp4,523,50.0,640,480,combined,detect_combined,Flooded,deeplabv3plus,False,False,0,tensorrt,tensorrt,tensorrt,22.66,22.66,43.73,44.13,6.13,18.26,24.39,1414.92,40.7,0.0,1414.92,40.7,0.0,46.92,49.31,1.4,97.63,0.5594,False,False
1780821843.3515282,archive_flood_airfield_b93ab8,archive_flood_airfield_b93ab8.mp4,524,50.0,640,480,combined,detect_combined,Flooded,deeplabv3plus,False,False,0,tensorrt,tensorrt,tensorrt,27.91,27.91,35.42,35.83,5.47,9.92,15.39,1414.92,35.7,0.0,1414.92,35.7,0.0,46.92,49.31,1.4,97.63,0.5414,False,False
1780821843.417022,archive_flood_airfield_b93ab8,archive_flood_airfield_b93ab8.mp4,525,50.0,640,480,combined,detect_combined,Flooded,deeplabv3plus,False,False,0,tensorrt,tensorrt,tensorrt,24.66,24.66,40.14,40.55,5.44,9.89,15.330000000000002,1414.92,27.0,0.0,1414.92,27.0,0.0,46.92,49.31,1.4,97.63,0.5532,False,False
1780821843.4914615,archive_flood_airfield_b93ab8,archive_flood_airfield_b93ab8.mp4,526,50.0,640,480,combined,detect_combined,Flooded,deeplabv3plus,False,False,0,tensorrt,tensorrt,tensorrt,24.65,24.65,40.19,40.57,6.27,17.59,23.86,1414.92,34.1,0.0,1414.92,34.1,0.0,46.92,49.31,1.4,97.63,0.5217,False,False
1780821843.5729733,archive_flood_airfield_b93ab8,archive_flood_airfield_b93ab8.mp4,527,50.0,640,480,combined,detect_combined,Flooded,deeplabv3plus,False,False,0,tensorrt,tensorrt,tensorrt,22.78,22.78,43.47,43.89,6.04,15.89,21.93,1414.92,36.2,0.0,1414.92,36.2,0.0,46.92,49.31,1.4,97.63,0.4891,False,False
1780821843.6642318,archive_flood_airfield_b93ab8,archive_flood_airfield_b93ab8.mp4,528,50.0,640,480,combined,detect_combined,Flooded,deeplabv3plus,False,False,0,tensorrt,tensorrt,tensorrt,20.1,20.1,49.34,49.75,6.45,18.15,24.599999999999998,1414.91,35.8,0.0,1414.91,35.8,0.0,46.92,49.31,1.4,97.63,0.5023,False,False
1780821843.7573943,archive_flood_airfield_b93ab8,archive_flood_airfield_b93ab8.mp4,529,50.0,640,480,combined,detect_combined,Flooded,deeplabv3plus,False,False,0,tensorrt,tensorrt,tensorrt,22.44,22.44,44.05,44.56,9.18,18.19,27.37,1414.91,41.5,0.0,1414.91,41.5,0.0,46.92,49.31,1.4,97.63,0.5479,False,False
1780821843.8394876,archive_flood_airfield_b93ab8,archive_flood_airfield_b93ab8.mp4,530,50.0,640,480,combined,detect_combined,Flooded,deeplabv3plus,False,False,0,tensorrt,tensorrt,tensorrt,24.29,24.29,40.73,41.16,4.63,8.51,13.14,1414.91,72.3,0.0,1414.91,72.3,0.0,46.92,49.31,1.4,97.63,0.5685,False,False
1780821843.9086597,archive_flood_airfield_b93ab8,archive_flood_airfield_b93ab8.mp4,531,50.0,640,480,combined,detect_combined,Flooded,deeplabv3plus,False,False,0,tensorrt,tensorrt,tensorrt,24.85,24.85,39.73,40.24,5.66,9.25,14.91,1414.91,67.5,0.0,1414.91,67.5,0.0,46.92,49.31,1.4,97.63,0.5855,False,False
1780821843.9696517,archive_flood_airfield_b93ab8,archive_flood_airfield_b93ab8.mp4,532,50.0,640,480,combined,detect_combined,Flooded,deeplabv3plus,False,False,0,tensorrt,tensorrt,tensorrt,30.39,30.39,32.57,32.9,3.93,8.94,12.87,1414.91,50.0,0.0,1414.91,50.0,0.0,46.92,49.31,1.4,97.63,0.5899,False,False
1780821844.036214,archive_flood_airfield_b93ab8,archive_flood_airfield_b93ab8.mp4,533,50.0,640,480,combined,detect_combined,Flooded,deeplabv3plus,False,False,0,tensorrt,tensorrt,tensorrt,27.99,27.99,35.39,35.73,4.67,11.7,16.369999999999997,1414.91,53.8,0.0,1414.91,53.8,0.0,46.92,49.31,1.4,97.63,0.5771,False,False
1780821844.104205,archive_flood_airfield_b93ab8,archive_flood_airfield_b93ab8.mp4,534,50.0,640,480,combined,detect_combined,Flooded,deeplabv3plus,False,False,0,tensorrt,tensorrt,tensorrt,25.96,25.96,38.11,38.52,6.62,10.13,16.75,1414.9,50.0,0.0,1414.9,50.0,0.0,46.92,49.31,1.4,97.63,0.5914,False,False
1780821844.179479,archive_flood_airfield_b93ab8,archive_flood_airfield_b93ab8.mp4,535,50.0,640,480,combined,detect_combined,Flooded,deeplabv3plus,False,False,0,tensorrt,tensorrt,tensorrt,22.87,22.87,43.39,43.72,4.65,14.24,18.89,1414.9,44.4,0.0,1414.9,44.4,0.0,46.92,49.31,1.4,97.63,0.5838,False,False
1780821844.2631085,archive_flood_airfield_b93ab8,archive_flood_airfield_b93ab8.mp4,536,50.0,640,480,combined,detect_combined,Flooded,deeplabv3plus,False,False,0,tensorrt,tensorrt,tensorrt,21.22,21.22,46.67,47.12,6.27,17.98,24.25,1414.9,30.4,0.0,1414.9,30.4,0.0,46.92,49.31,1.4,97.63,0.5889,False,False
1780821844.3529932,archive_flood_airfield_b93ab8,archive_flood_airfield_b93ab8.mp4,537,50.0,640,480,combined,detect_combined,Flooded,deeplabv3plus,False,False,0,tensorrt,tensorrt,tensorrt,20.29,20.29,48.87,49.29,6.68,15.63,22.310000000000002,1414.9,30.8,0.0,1414.9,30.8,0.0,46.92,49.31,1.4,97.63,0.562,False,False
1780821844.4403377,archive_flood_airfield_b93ab8,archive_flood_airfield_b93ab8.mp4,538,50.0,640,480,combined,detect_combined,Flooded,deeplabv3plus,False,False,0,tensorrt,tensorrt,tensorrt,21.7,21.7,45.64,46.07,7.0,15.4,22.4,1414.9,32.0,0.0,1414.9,32.0,0.0,46.92,49.31,1.4,97.63,0.5588,False,False
1780821844.5357394,archive_flood_airfield_b93ab8,archive_flood_airfield_b93ab8.mp4,539,50.0,640,480,combined,detect_combined,Flooded,deeplabv3plus,False,False,0,tensorrt,tensorrt,tensorrt,18.64,18.64,53.22,53.64,8.47,22.1,30.57,1414.9,33.9,0.0,1414.9,33.9,0.0,46.92,49.31,1.4,97.63,0.552,False,False
1780821844.620152,archive_flood_airfield_b93ab8,archive_flood_airfield_b93ab8.mp4,540,50.0,640,480,combined,detect_combined,Flooded,deeplabv3plus,False,False,0,tensorrt,tensorrt,tensorrt,23.76,23.76,41.68,42.08,6.5,11.61,18.11,1414.9,34.7,0.0,1414.9,34.7,0.0,46.92,49.31,1.4,97.63,0.5324,False,False
1780821844.7117405,archive_flood_airfield_b93ab8,archive_flood_airfield_b93ab8.mp4,541,50.0,640,480,combined,detect_combined,Flooded,deeplabv3plus,False,False,0,tensorrt,tensorrt,tensorrt,22.48,22.48,44.06,44.48,6.66,18.21,24.87,1414.9,31.4,0.0,1414.9,31.4,0.0,46.92,49.31,1.4,97.63,0.5301,False,False
1780821844.7988594,archive_flood_airfield_b93ab8,archive_flood_airfield_b93ab8.mp4,542,50.0,640,480,combined,detect_combined,Flooded,deeplabv3plus,False,False,0,tensorrt,tensorrt,tensorrt,21.93,21.93,45.16,45.61,5.21,15.72,20.93,1414.9,31.4,0.0,1414.9,31.4,0.0,46.92,49.31,1.4,97.63,0.4599,False,False
1780821844.8924444,archive_flood_airfield_b93ab8,archive_flood_airfield_b93ab8.mp4,543,50.0,640,480,combined,detect_combined,Flooded,deeplabv3plus,False,False,0,tensorrt,tensorrt,tensorrt,18.58,18.58,53.42,53.82,6.15,17.53,23.68,1414.9,35.1,0.0,1414.9,35.1,0.0,46.92,49.31,1.4,97.63,0.4805,False,False
1780821844.988928,archive_flood_airfield_b93ab8,archive_flood_airfield_b93ab8.mp4,544,50.0,640,480,combined,detect_combined,Flooded,deeplabv3plus,False,False,0,tensorrt,tensorrt,tensorrt,19.27,19.27,51.48,51.9,6.78,18.71,25.490000000000002,1414.9,34.5,0.0,1414.9,34.5,0.0,46.92,49.31,1.4,97.63,0.4886,False,False
1780821845.0884316,archive_flood_airfield_b93ab8,archive_flood_airfield_b93ab8.mp4,545,50.0,640,480,combined,detect_combined,Flooded,deeplabv3plus,False,False,0,tensorrt,tensorrt,tensorrt,19.51,19.51,50.85,51.26,5.32,17.72,23.04,1414.9,49.2,0.0,1414.9,49.2,0.0,46.92,49.31,1.4,97.63,0.5195,False,False
1780821845.182477,archive_flood_airfield_b93ab8,archive_flood_airfield_b93ab8.mp4,546,50.0,640,480,combined,detect_combined,Flooded,deeplabv3plus,False,False,0,tensorrt,tensorrt,tensorrt,19.82,19.82,50.03,50.46,7.06,21.36,28.419999999999998,1414.9,48.2,0.0,1414.9,48.2,0.0,46.92,49.31,1.4,97.63,0.5454,False,False
1780821845.2710392,archive_flood_airfield_b93ab8,archive_flood_airfield_b93ab8.mp4,547,50.0,640,480,combined,detect_combined,Flooded,deeplabv3plus,False,False,0,tensorrt,tensorrt,tensorrt,22.71,22.71,43.67,44.04,5.0,16.41,21.41,1414.9,49.0,0.0,1414.9,49.0,0.0,46.92,49.31,1.4,97.63,0.5072,False,False
1780821845.354495,archive_flood_airfield_b93ab8,archive_flood_airfield_b93ab8.mp4,548,50.0,640,480,combined,detect_combined,Flooded,deeplabv3plus,False,False,0,tensorrt,tensorrt,tensorrt,21.26,21.26,46.68,47.03,8.31,15.78,24.09,1414.9,48.9,0.0,1414.9,48.9,0.0,46.92,49.31,1.4,97.63,0.5192,False,False
1780821845.4202712,archive_flood_airfield_b93ab8,archive_flood_airfield_b93ab8.mp4,549,50.0,640,480,combined,detect_combined,Flooded,deeplabv3plus,False,False,0,tensorrt,tensorrt,tensorrt,30.18,30.18,32.81,33.14,4.75,11.36,16.11,1414.9,47.5,0.0,1414.9,47.5,0.0,46.92,49.31,1.4,97.63,0.455,False,False
1780821845.4971056,archive_flood_airfield_b93ab8,archive_flood_airfield_b93ab8.mp4,550,50.0,640,480,combined,detect_combined,Flooded,deeplabv3plus,False,False,0,tensorrt,tensorrt,tensorrt,21.78,21.78,45.57,45.92,5.36,16.75,22.11,1414.9,34.9,0.0,1414.9,34.9,0.0,46.92,49.31,1.4,97.63,0.4552,False,False
1780821845.5732954,archive_flood_airfield_b93ab8,archive_flood_airfield_b93ab8.mp4,551,50.0,640,480,combined,detect_combined,Flooded,deeplabv3plus,False,False,0,tensorrt,tensorrt,tensorrt,23.02,23.02,43.13,43.45,5.02,12.68,17.7,1414.9,28.6,0.0,1414.9,28.6,0.0,46.92,49.31,1.4,97.63,0.4359,False,False
1780821845.6549747,archive_flood_airfield_b93ab8,archive_flood_airfield_b93ab8.mp4,552,50.0,640,480,combined,detect_combined,Flooded,deeplabv3plus,False,False,0,tensorrt,tensorrt,tensorrt,20.77,20.77,47.74,48.15,6.34,17.07,23.41,1414.9,36.2,0.0,1414.9,36.2,0.0,46.92,49.31,1.4,97.63,0.4245,False,False
1780821845.7421381,archive_flood_airfield_b93ab8,archive_flood_airfield_b93ab8.mp4,553,50.0,640,480,combined,detect_combined,Flooded,deeplabv3plus,False,False,0,tensorrt,tensorrt,tensorrt,19.76,19.76,50.16,50.61,8.26,22.9,31.159999999999997,1414.9,41.8,0.0,1414.9,41.8,0.0,46.92,49.31,1.4,97.63,0.4563,False,False
1780821845.8472543,archive_flood_airfield_b93ab8,archive_flood_airfield_b93ab8.mp4,554,50.0,640,480,combined,detect_combined,Flooded,deeplabv3plus,False,False,0,tensorrt,tensorrt,tensorrt,18.38,18.38,53.95,54.4,8.3,22.93,31.23,1414.9,36.5,0.0,1414.9,36.5,0.0,46.92,49.31,1.4,97.63,0.4753,False,False
1780821845.9419668,archive_flood_airfield_b93ab8,archive_flood_airfield_b93ab8.mp4,555,50.0,640,480,combined,detect_combined,Flooded,deeplabv3plus,False,False,0,tensorrt,tensorrt,tensorrt,19.42,19.42,50.99,51.49,7.03,22.76,29.790000000000003,1414.89,29.1,0.0,1414.89,29.1,0.0,46.92,49.31,1.4,97.63,0.534,False,False
1780821846.0363367,archive_flood_airfield_b93ab8,archive_flood_airfield_b93ab8.mp4,556,50.0,640,480,combined,detect_combined,Flooded,deeplabv3plus,False,False,0,tensorrt,tensorrt,tensorrt,20.11,20.11,49.3,49.72,6.66,17.51,24.17,1414.89,33.3,0.0,1414.89,33.3,0.0,46.92,49.31,1.4,97.63,0.5626,False,False
1780821846.141945,archive_flood_airfield_b93ab8,archive_flood_airfield_b93ab8.mp4,557,50.0,640,480,combined,detect_combined,Flooded,deeplabv3plus,False,False,0,tensorrt,tensorrt,tensorrt,18.15,18.15,54.69,55.11,8.32,19.65,27.97,1414.89,36.5,0.0,1414.89,36.5,0.0,46.92,49.31,1.4,97.63,0.6127,False,False
1780821846.2325668,archive_flood_airfield_b93ab8,archive_flood_airfield_b93ab8.mp4,558,50.0,640,480,combined,detect_combined,Flooded,deeplabv3plus,False,False,0,tensorrt,tensorrt,tensorrt,23.67,23.67,41.73,42.25,6.72,11.18,17.9,1414.89,31.5,0.0,1414.89,31.5,0.0,46.92,49.31,1.4,97.63,0.6753,False,False
1780821846.320912,archive_flood_airfield_b93ab8,archive_flood_airfield_b93ab8.mp4,559,50.0,640,480,combined,detect_combined,Flooded,deeplabv3plus,False,False,0,tensorrt,tensorrt,tensorrt,20.81,20.81,47.64,48.05,8.63,17.22,25.85,1414.89,33.3,0.0,1414.89,33.3,0.0,46.92,49.31,1.4,97.63,0.6605,False,False
1780821846.4158728,archive_flood_airfield_b93ab8,archive_flood_airfield_b93ab8.mp4,560,50.0,640,480,combined,detect_combined,Flooded,deeplabv3plus,False,False,0,tensorrt,tensorrt,tensorrt,20.24,20.24,49.04,49.41,6.75,20.02,26.77,1414.89,43.4,0.0,1414.89,43.4,0.0,46.92,49.31,1.4,97.63,0.6584,False,False
1780821846.503776,archive_flood_airfield_b93ab8,archive_flood_airfield_b93ab8.mp4,561,50.0,640,480,combined,detect_combined,Flooded,deeplabv3plus,False,False,0,tensorrt,tensorrt,tensorrt,19.37,19.37,51.17,51.62,10.95,16.93,27.88,1414.89,50.0,0.0,1414.89,50.0,0.0,46.92,49.31,1.4,97.63,0.659,False,False
1780821846.574084,archive_flood_airfield_b93ab8,archive_flood_airfield_b93ab8.mp4,562,50.0,640,480,combined,detect_combined,Flooded,deeplabv3plus,False,False,0,tensorrt,tensorrt,tensorrt,25.72,25.72,38.53,38.88,6.06,9.8,15.86,1414.89,47.5,0.0,1414.89,47.5,0.0,46.92,49.31,1.4,97.63,0.6439,False,False
1780821846.6591225,archive_flood_airfield_b93ab8,archive_flood_airfield_b93ab8.mp4,563,50.0,640,480,combined,detect_combined,Flooded,deeplabv3plus,False,False,0,tensorrt,tensorrt,tensorrt,23.05,23.05,43.03,43.38,5.35,18.35,23.700000000000003,1414.89,47.9,0.0,1414.89,47.9,0.0,46.92,49.31,1.4,97.63,0.6091,False,False
1780821846.7391715,archive_flood_airfield_b93ab8,archive_flood_airfield_b93ab8.mp4,564,50.0,640,480,combined,detect_combined,Flooded,deeplabv3plus,False,False,0,tensorrt,tensorrt,tensorrt,23.34,23.34,42.51,42.85,5.45,14.08,19.53,1414.89,43.5,0.0,1414.89,43.5,0.0,46.92,49.31,1.4,97.63,0.6529,False,False
1780821846.812685,archive_flood_airfield_b93ab8,archive_flood_airfield_b93ab8.mp4,565,50.0,640,480,combined,detect_combined,Flooded,deeplabv3plus,False,False,0,tensorrt,tensorrt,tensorrt,23.98,23.98,41.3,41.7,6.24,11.87,18.11,1414.89,40.0,0.0,1414.89,40.0,0.0,46.92,49.31,1.4,97.63,0.6478,False,False
1780821846.8834906,archive_flood_airfield_b93ab8,archive_flood_airfield_b93ab8.mp4,566,50.0,640,480,combined,detect_combined,Flooded,deeplabv3plus,False,False,0,tensorrt,tensorrt,tensorrt,28.07,28.07,35.26,35.62,5.39,9.98,15.370000000000001,1414.89,35.7,0.0,1414.89,35.7,0.0,46.92,49.31,1.4,97.63,0.6486,False,False
1780821846.965536,archive_flood_airfield_b93ab8,archive_flood_airfield_b93ab8.mp4,567,50.0,640,480,combined,detect_combined,Flooded,deeplabv3plus,False,False,0,tensorrt,tensorrt,tensorrt,22.42,22.42,44.21,44.61,7.04,15.33,22.37,1414.89,32.7,0.0,1414.89,32.7,0.0,46.92,49.31,1.4,97.63,0.6443,False,False
1780821847.054875,archive_flood_airfield_b93ab8,archive_flood_airfield_b93ab8.mp4,568,50.0,640,480,combined,detect_combined,Flooded,deeplabv3plus,False,False,0,tensorrt,tensorrt,tensorrt,20.71,20.71,47.86,48.29,6.45,15.31,21.76,1414.89,32.7,0.0,1414.89,32.7,0.0,46.92,49.31,1.4,97.63,0.6191,False,False
1780821847.1580904,archive_flood_airfield_b93ab8,archive_flood_airfield_b93ab8.mp4,569,50.0,640,480,combined,detect_combined,Flooded,deeplabv3plus,False,False,0,tensorrt,tensorrt,tensorrt,18.26,18.26,54.34,54.77,10.32,21.18,31.5,1414.89,34.4,0.0,1414.89,34.4,0.0,46.92,49.31,1.4,97.63,0.5721,False,False
1780821847.2567627,archive_flood_airfield_b93ab8,archive_flood_airfield_b93ab8.mp4,570,50.0,640,480,combined,detect_combined,Flooded,deeplabv3plus,False,False,0,tensorrt,tensorrt,tensorrt,19.98,19.98,49.63,50.06,7.43,21.56,28.99,1414.89,29.3,0.0,1414.89,29.3,0.0,46.92,49.31,1.4,97.63,0.5759,False,False
1780821847.3536918,archive_flood_airfield_b93ab8,archive_flood_airfield_b93ab8.mp4,571,50.0,640,480,combined,detect_combined,Flooded,deeplabv3plus,False,False,0,tensorrt,tensorrt,tensorrt,21.12,21.12,46.95,47.36,6.74,21.25,27.990000000000002,1414.89,32.1,0.0,1414.89,32.1,0.0,46.92,49.31,1.4,97.63,0.5865,False,False
1780821847.4522717,archive_flood_airfield_b93ab8,archive_flood_airfield_b93ab8.mp4,572,50.0,640,480,combined,detect_combined,Flooded,deeplabv3plus,False,False,0,tensorrt,tensorrt,tensorrt,20.96,20.96,47.3,47.71,7.6,21.23,28.83,1414.89,31.0,0.0,1414.89,31.0,0.0,46.92,49.31,1.4,97.63,0.6103,False,False
1780821847.5524669,archive_flood_airfield_b93ab8,archive_flood_airfield_b93ab8.mp4,573,50.0,640,480,combined,detect_combined,Flooded,deeplabv3plus,False,False,0,tensorrt,tensorrt,tensorrt,19.31,19.31,51.36,51.78,10.85,22.59,33.44,1414.89,29.3,0.0,1414.89,29.3,0.0,46.92,49.31,1.4,97.63,0.5586,False,False
1780821847.6522884,archive_flood_airfield_b93ab8,archive_flood_airfield_b93ab8.mp4,574,50.0,640,480,combined,detect_combined,Flooded,deeplabv3plus,False,False,0,tensorrt,tensorrt,tensorrt,19.48,19.48,50.93,51.33,10.41,21.23,31.64,1414.89,33.3,0.0,1414.89,33.3,0.0,46.92,49.31,1.4,97.63,0.5878,False,False
1780821847.7625148,archive_flood_airfield_b93ab8,archive_flood_airfield_b93ab8.mp4,575,50.0,640,480,combined,detect_combined,Flooded,deeplabv3plus,False,False,0,tensorrt,tensorrt,tensorrt,15.2,15.2,65.38,65.8,12.19,26.77,38.96,1414.89,47.0,0.0,1414.89,47.0,0.0,46.92,49.31,1.4,97.63,0.5857,False,False
1780821847.8453908,archive_flood_airfield_b93ab8,archive_flood_airfield_b93ab8.mp4,576,50.0,640,480,combined,detect_combined,Flooded,deeplabv3plus,False,False,0,tensorrt,tensorrt,tensorrt,24.65,24.65,40.02,40.56,5.01,15.07,20.08,1414.88,47.9,0.0,1414.88,47.9,0.0,46.92,49.31,1.4,97.63,0.6069,False,False
1780821847.9265542,archive_flood_airfield_b93ab8,archive_flood_airfield_b93ab8.mp4,577,50.0,640,480,combined,detect_combined,Flooded,deeplabv3plus,False,False,0,tensorrt,tensorrt,tensorrt,20.73,20.73,47.6,48.23,5.57,17.57,23.14,1414.88,56.0,0.0,1414.88,56.0,0.0,46.92,49.31,1.4,97.63,0.5787,False,False
1780821847.9854596,archive_flood_airfield_b93ab8,archive_flood_airfield_b93ab8.mp4,578,50.0,640,480,combined,detect_combined,Flooded,deeplabv3plus,False,False,0,tensorrt,tensorrt,tensorrt,36.26,36.26,27.16,27.58,4.95,7.76,12.71,1414.88,53.1,0.0,1414.88,53.1,0.0,46.92,49.31,1.4,97.63,0.6015,False,False
1780821848.0607843,archive_flood_airfield_b93ab8,archive_flood_airfield_b93ab8.mp4,579,50.0,640,480,combined,detect_combined,Flooded,deeplabv3plus,False,False,0,tensorrt,tensorrt,tensorrt,22.46,22.46,44.15,44.53,5.95,12.31,18.26,1414.88,48.9,0.0,1414.88,48.9,0.0,46.92,49.31,1.4,97.63,0.5685,False,False
1780821848.127491,archive_flood_airfield_b93ab8,archive_flood_airfield_b93ab8.mp4,580,50.0,640,480,combined,detect_combined,Flooded,deeplabv3plus,False,False,0,tensorrt,tensorrt,tensorrt,27.53,27.53,36.01,36.32,5.14,12.51,17.65,1414.88,48.7,0.0,1414.88,48.7,0.0,46.92,49.31,1.4,97.63,0.5585,False,False
1780821848.2038321,archive_flood_airfield_b93ab8,archive_flood_airfield_b93ab8.mp4,581,50.0,640,480,combined,detect_combined,Flooded,deeplabv3plus,False,False,0,tensorrt,tensorrt,tensorrt,22.58,22.58,43.81,44.29,4.43,13.06,17.490000000000002,1414.88,39.4,0.0,1414.88,39.4,0.0,46.92,49.31,1.4,97.63,0.5382,False,False
1780821848.2771375,archive_flood_airfield_b93ab8,archive_flood_airfield_b93ab8.mp4,582,50.0,640,480,combined,detect_combined,Flooded,deeplabv3plus,False,False,0,tensorrt,tensorrt,tensorrt,21.16,21.16,46.95,47.27,8.16,15.61,23.77,1414.88,51.2,0.0,1414.88,51.2,0.0,46.92,49.31,1.4,97.63,0.5907,False,False
1780821848.3378582,archive_flood_airfield_b93ab8,archive_flood_airfield_b93ab8.mp4,583,50.0,640,480,combined,detect_combined,Flooded,deeplabv3plus,False,False,0,tensorrt,tensorrt,tensorrt,26.68,26.68,37.01,37.49,4.91,9.67,14.58,1414.88,39.5,0.0,1414.88,39.5,0.0,46.92,49.31,1.4,97.63,0.5353,False,False
1780821848.4102743,archive_flood_airfield_b93ab8,archive_flood_airfield_b93ab8.mp4,584,50.0,640,480,combined,detect_combined,Flooded,deeplabv3plus,False,False,0,tensorrt,tensorrt,tensorrt,23.77,23.77,41.6,42.07,5.73,10.65,16.380000000000003,1414.88,26.8,0.0,1414.88,26.8,0.0,46.92,49.31,1.4,97.63,0.5456,False,False
1780821848.4878938,archive_flood_airfield_b93ab8,archive_flood_airfield_b93ab8.mp4,585,50.0,640,480,combined,detect_combined,Flooded,deeplabv3plus,False,False,0,tensorrt,tensorrt,tensorrt,22.07,22.07,44.99,45.31,4.84,16.58,21.419999999999998,1414.88,26.2,0.0,1414.88,26.2,0.0,46.92,49.31,1.4,97.63,0.5621,False,False
1780821848.5527694,archive_flood_airfield_b93ab8,archive_flood_airfield_b93ab8.mp4,586,50.0,640,480,combined,detect_combined,Flooded,deeplabv3plus,False,False,0,tensorrt,tensorrt,tensorrt,30.3,30.3,32.66,33.0,4.95,8.93,13.879999999999999,1414.88,31.6,0.0,1414.88,31.6,0.0,46.92,49.31,1.4,97.63,0.5082,False,False
1780821848.6176784,archive_flood_airfield_b93ab8,archive_flood_airfield_b93ab8.mp4,587,50.0,640,480,combined,detect_combined,Flooded,deeplabv3plus,False,False,0,tensorrt,tensorrt,tensorrt,29.43,29.43,33.64,33.98,5.43,10.56,15.99,1414.88,37.8,0.0,1414.88,37.8,0.0,46.92,49.31,1.4,97.63,0.5493,False,False
1780821848.6871095,archive_flood_airfield_b93ab8,archive_flood_airfield_b93ab8.mp4,588,50.0,640,480,combined,detect_combined,Flooded,deeplabv3plus,False,False,0,tensorrt,tensorrt,tensorrt,26.79,26.79,36.94,37.32,8.48,13.51,21.990000000000002,1414.88,40.9,0.0,1414.88,40.9,0.0,46.92,49.31,1.4,97.63,0.5519,False,False
1780821848.775448,archive_flood_airfield_b93ab8,archive_flood_airfield_b93ab8.mp4,589,50.0,640,480,combined,detect_combined,Flooded,deeplabv3plus,False,False,0,tensorrt,tensorrt,tensorrt,19.59,19.59,50.65,51.06,6.19,18.46,24.650000000000002,1414.88,34.6,0.0,1414.88,34.6,0.0,46.92,49.31,1.4,97.63,0.556,False,False
1780821848.8558505,archive_flood_airfield_b93ab8,archive_flood_airfield_b93ab8.mp4,590,50.0,640,480,combined,detect_combined,Flooded,deeplabv3plus,False,False,0,tensorrt,tensorrt,tensorrt,21.75,21.75,45.41,45.98,5.95,17.49,23.439999999999998,1414.88,31.1,0.0,1414.88,31.1,0.0,46.92,49.31,1.4,97.63,0.5838,False,False
1780821848.9207795,archive_flood_airfield_b93ab8,archive_flood_airfield_b93ab8.mp4,591,50.0,640,480,combined,detect_combined,Flooded,deeplabv3plus,False,False,0,tensorrt,tensorrt,tensorrt,29.76,29.76,33.27,33.6,4.75,10.26,15.01,1414.88,38.5,0.0,1414.88,38.5,0.0,46.92,49.31,1.4,97.63,0.519,False,False
1780821848.9989629,archive_flood_airfield_b93ab8,archive_flood_airfield_b93ab8.mp4,592,50.0,640,480,combined,detect_combined,Flooded,deeplabv3plus,False,False,0,tensorrt,tensorrt,tensorrt,22.69,22.69,43.6,44.08,9.17,14.72,23.89,1414.87,48.9,0.0,1414.87,48.9,0.0,46.92,49.31,1.4,97.63,0.4904,False,False
1780821849.0836802,archive_flood_airfield_b93ab8,archive_flood_airfield_b93ab8.mp4,593,50.0,640,480,combined,detect_combined,Flooded,deeplabv3plus,False,False,0,tensorrt,tensorrt,tensorrt,26.55,26.55,37.3,37.67,7.18,17.99,25.169999999999998,1414.87,48.0,0.0,1414.87,48.0,0.0,46.92,49.31,1.4,97.63,0.4937,False,False
1780821849.1659024,archive_flood_airfield_b93ab8,archive_flood_airfield_b93ab8.mp4,594,50.0,640,480,combined,detect_combined,Flooded,deeplabv3plus,False,False,0,tensorrt,tensorrt,tensorrt,20.49,20.49,48.13,48.81,8.36,19.69,28.05,1414.87,42.6,0.0,1414.87,42.6,0.0,46.92,49.31,1.4,97.63,0.4917,False,False
1780821849.2428255,archive_flood_airfield_b93ab8,archive_flood_airfield_b93ab8.mp4,595,50.0,640,480,combined,detect_combined,Flooded,deeplabv3plus,False,False,0,tensorrt,tensorrt,tensorrt,21.31,21.31,46.4,46.92,7.23,15.4,22.630000000000003,1414.87,37.2,0.0,1414.87,37.2,0.0,46.92,49.31,1.4,97.63,0.4787,False,False
1780821849.3141444,archive_flood_airfield_b93ab8,archive_flood_airfield_b93ab8.mp4,596,50.0,640,480,combined,detect_combined,Flooded,deeplabv3plus,False,False,0,tensorrt,tensorrt,tensorrt,31.09,31.09,31.84,32.16,4.55,10.04,14.59,1414.87,59.5,0.0,1414.87,59.5,0.0,46.92,49.31,1.4,97.63,0.4884,False,False
1780821849.3779285,archive_flood_airfield_b93ab8,archive_flood_airfield_b93ab8.mp4,597,50.0,640,480,combined,detect_combined,Flooded,deeplabv3plus,False,False,0,tensorrt,tensorrt,tensorrt,27.94,27.94,35.48,35.79,4.49,8.71,13.200000000000001,1414.87,48.6,0.0,1414.87,48.6,0.0,46.92,49.31,1.4,97.63,0.5075,False,False
1780821849.4393322,archive_flood_airfield_b93ab8,archive_flood_airfield_b93ab8.mp4,598,50.0,640,480,combined,detect_combined,Flooded,deeplabv3plus,False,False,0,tensorrt,tensorrt,tensorrt,29.47,29.47,33.62,33.93,4.85,9.16,14.01,1414.87,63.9,0.0,1414.87,63.9,0.0,46.92,49.31,1.4,97.63,0.5348,False,False
1780821849.5098326,archive_flood_airfield_b93ab8,archive_flood_airfield_b93ab8.mp4,599,50.0,640,480,combined,detect_combined,Flooded,deeplabv3plus,False,False,0,tensorrt,tensorrt,tensorrt,21.97,21.97,44.8,45.52,6.98,12.04,19.02,1414.87,33.3,0.0,1414.87,33.3,0.0,46.92,49.31,1.4,97.63,0.5109,False,False
1780821849.5603797,archive_flood_airfield_b93ab8,archive_flood_airfield_b93ab8.mp4,600,50.0,640,480,combined,detect_combined,Flooded,deeplabv3plus,False,False,0,tensorrt,tensorrt,tensorrt,42.97,42.97,22.96,23.27,5.01,8.35,13.36,1414.87,31.3,0.0,1414.87,31.3,0.0,46.92,49.31,1.4,97.63,0.3996,False,False
1780821849.6124468,archive_flood_airfield_b93ab8,archive_flood_airfield_b93ab8.mp4,601,50.0,640,480,combined,detect_combined,Flooded,deeplabv3plus,False,False,0,tensorrt,tensorrt,tensorrt,43.19,43.19,22.86,23.15,4.85,8.77,13.62,1414.87,31.0,0.0,1414.87,31.0,0.0,46.92,49.31,1.4,97.63,0.4075,False,False
1780821849.6614141,archive_flood_airfield_b93ab8,archive_flood_airfield_b93ab8.mp4,602,50.0,640,480,combined,detect_combined,Flooded,deeplabv3plus,False,False,0,tensorrt,tensorrt,tensorrt,42.49,42.49,23.22,23.53,4.71,8.99,13.7,1414.87,37.9,0.0,1414.87,37.9,0.0,46.92,49.31,1.4,97.63,0.5176,False,False
1780821849.731421,archive_flood_airfield_b93ab8,archive_flood_airfield_b93ab8.mp4,603,50.0,640,480,combined,detect_combined,Flooded,deeplabv3plus,False,False,0,tensorrt,tensorrt,tensorrt,24.76,24.76,39.89,40.39,4.52,13.14,17.66,1414.87,30.0,0.0,1414.87,30.0,0.0,46.92,49.31,1.4,97.63,0.4708,False,False
1780821849.8066766,archive_flood_airfield_b93ab8,archive_flood_airfield_b93ab8.mp4,604,50.0,640,480,combined,detect_combined,Flooded,deeplabv3plus,False,False,0,tensorrt,tensorrt,tensorrt,25.94,25.94,38.19,38.55,6.12,11.81,17.93,1414.87,35.6,0.0,1414.87,35.6,0.0,46.92,49.31,1.4,97.63,0.4736,False,False
1780821849.8903728,archive_flood_airfield_b93ab8,archive_flood_airfield_b93ab8.mp4,605,50.0,640,480,combined,detect_combined,Flooded,deeplabv3plus,False,False,0,tensorrt,tensorrt,tensorrt,23.81,23.81,41.61,42.01,7.04,14.83,21.87,1414.86,36.0,0.0,1414.86,36.0,0.0,46.92,49.31,1.4,97.63,0.4883,False,False
1780821849.9878995,archive_flood_airfield_b93ab8,archive_flood_airfield_b93ab8.mp4,606,50.0,640,480,combined,detect_combined,Flooded,deeplabv3plus,False,False,0,tensorrt,tensorrt,tensorrt,23.44,23.44,42.25,42.67,8.05,17.45,25.5,1414.86,32.8,0.0,1414.86,32.8,0.0,46.92,49.31,1.4,97.63,0.4872,False,False
1780821850.080319,archive_flood_airfield_b93ab8,archive_flood_airfield_b93ab8.mp4,607,50.0,640,480,combined,detect_combined,Flooded,deeplabv3plus,False,False,0,tensorrt,tensorrt,tensorrt,22.7,22.7,43.62,44.05,7.05,21.82,28.87,1414.86,37.9,0.0,1414.86,37.9,0.0,46.92,49.31,1.4,97.63,0.385,False,False
1780821850.1791875,archive_flood_airfield_b93ab8,archive_flood_airfield_b93ab8.mp4,608,50.0,640,480,combined,detect_combined,Flooded,deeplabv3plus,False,False,0,tensorrt,tensorrt,tensorrt,19.59,19.59,50.62,51.05,6.07,19.11,25.18,1414.86,34.5,0.0,1414.86,34.5,0.0,46.92,49.31,1.4,97.63,0.5435,False,False
1780821850.2762089,archive_flood_airfield_b93ab8,archive_flood_airfield_b93ab8.mp4,609,50.0,640,480,combined,detect_combined,Flooded,deeplabv3plus,False,False,0,tensorrt,tensorrt,tensorrt,21.34,21.34,46.52,46.87,9.65,20.13,29.78,1414.86,37.9,0.0,1414.86,37.9,0.0,46.92,49.31,1.4,97.63,0.5204,False,False
1780821850.338701,archive_flood_airfield_b93ab8,archive_flood_airfield_b93ab8.mp4,610,50.0,640,480,combined,detect_combined,Flooded,deeplabv3plus,False,False,0,tensorrt,tensorrt,tensorrt,30.77,30.77,32.16,32.5,5.02,10.85,15.87,1414.86,56.4,0.0,1414.86,56.4,0.0,46.92,49.31,1.4,97.63,0.5004,False,False
1780821850.4035342,archive_flood_airfield_b93ab8,archive_flood_airfield_b93ab8.mp4,611,50.0,640,480,combined,detect_combined,Flooded,deeplabv3plus,False,False,0,tensorrt,tensorrt,tensorrt,29.42,29.42,33.62,33.99,5.28,10.99,16.27,1414.86,56.8,0.0,1414.86,56.8,0.0,46.92,49.31,1.4,97.63,0.4398,False,False
1780821850.4699569,archive_flood_airfield_b93ab8,archive_flood_airfield_b93ab8.mp4,612,50.0,640,480,combined,detect_combined,Flooded,deeplabv3plus,False,False,0,tensorrt,tensorrt,tensorrt,26.9,26.9,36.79,37.17,5.47,11.07,16.54,1414.86,43.6,0.0,1414.86,43.6,0.0,46.92,49.31,1.4,97.63,0.426,False,False
1780821850.5368943,archive_flood_airfield_b93ab8,archive_flood_airfield_b93ab8.mp4,613,50.0,640,480,combined,detect_combined,Flooded,deeplabv3plus,False,False,0,tensorrt,tensorrt,tensorrt,28.35,28.35,34.92,35.27,5.02,15.58,20.6,1414.86,52.5,0.0,1414.86,52.5,0.0,46.92,49.31,1.4,97.63,0.4121,False,False
1780821850.5959349,archive_flood_airfield_b93ab8,archive_flood_airfield_b93ab8.mp4,614,50.0,640,480,combined,detect_combined,Flooded,deeplabv3plus,False,False,0,tensorrt,tensorrt,tensorrt,33.12,33.12,29.84,30.2,4.8,9.81,14.61,1414.86,51.4,0.0,1414.86,51.4,0.0,46.92,49.31,1.4,97.63,0.4565,False,False
1780821850.6685557,archive_flood_airfield_b93ab8,archive_flood_airfield_b93ab8.mp4,615,50.0,640,480,combined,detect_combined,Flooded,deeplabv3plus,False,False,0,tensorrt,tensorrt,tensorrt,22.38,22.38,44.2,44.69,5.25,14.15,19.4,1414.86,55.8,0.0,1414.86,55.8,0.0,46.92,49.31,1.4,97.63,0.4106,False,False
1780821850.7233877,archive_flood_airfield_b93ab8,archive_flood_airfield_b93ab8.mp4,616,50.0,640,480,combined,detect_combined,Flooded,deeplabv3plus,False,False,0,tensorrt,tensorrt,tensorrt,38.63,38.63,25.55,25.89,5.09,11.08,16.17,1414.87,41.9,0.0,1414.87,41.9,0.0,46.92,49.31,1.4,97.63,0.3567,False,False
1780821850.7829268,archive_flood_airfield_b93ab8,archive_flood_airfield_b93ab8.mp4,617,50.0,640,480,combined,detect_combined,Flooded,deeplabv3plus,False,False,0,tensorrt,tensorrt,tensorrt,28.68,28.68,34.58,34.87,4.65,13.99,18.64,1414.87,38.2,0.0,1414.87,38.2,0.0,46.92,49.31,1.4,97.63,0.3491,False,False
1780821850.8429806,archive_flood_airfield_b93ab8,archive_flood_airfield_b93ab8.mp4,618,50.0,640,480,combined,detect_combined,Flooded,deeplabv3plus,False,False,0,tensorrt,tensorrt,tensorrt,28.23,28.23,35.01,35.43,5.26,9.88,15.14,1414.87,37.1,0.0,1414.87,37.1,0.0,46.92,49.31,1.4,97.63,0.3814,False,False
1780821850.9050832,archive_flood_airfield_b93ab8,archive_flood_airfield_b93ab8.mp4,619,50.0,640,480,combined,detect_combined,Flooded,deeplabv3plus,False,False,0,tensorrt,tensorrt,tensorrt,30.38,30.38,32.6,32.92,5.2,9.35,14.55,1414.86,33.3,0.0,1414.86,33.3,0.0,46.92,49.31,1.4,97.63,0.3816,False,False
1780821850.9672766,archive_flood_airfield_b93ab8,archive_flood_airfield_b93ab8.mp4,620,50.0,640,480,combined,detect_combined,Flooded,deeplabv3plus,False,False,0,tensorrt,tensorrt,tensorrt,32.56,32.56,30.33,30.71,5.38,10.22,15.600000000000001,1414.86,35.0,0.0,1414.86,35.0,0.0,46.92,49.31,1.4,97.63,0.3118,False,False
1780821851.0459304,archive_flood_airfield_b93ab8,archive_flood_airfield_b93ab8.mp4,621,50.0,640,480,combined,detect_combined,Flooded,deeplabv3plus,False,False,0,tensorrt,tensorrt,tensorrt,25.43,25.43,38.94,39.32,7.71,12.54,20.25,1414.86,37.0,0.0,1414.86,37.0,0.0,46.92,49.31,1.4,97.63,0.4267,False,False
1780821851.1116261,archive_flood_airfield_b93ab8,archive_flood_airfield_b93ab8.mp4,622,50.0,640,480,combined,detect_combined,Flooded,deeplabv3plus,False,False,0,tensorrt,tensorrt,tensorrt,32.0,32.0,30.79,31.25,5.85,10.02,15.87,1414.86,35.9,0.0,1414.86,35.9,0.0,46.92,49.31,1.4,97.63,0.351,False,False
1780821851.18207,archive_flood_airfield_b93ab8,archive_flood_airfield_b93ab8.mp4,623,50.0,640,480,combined,detect_combined,Flooded,deeplabv3plus,False,False,0,tensorrt,tensorrt,tensorrt,28.83,28.83,34.31,34.69,6.04,12.48,18.52,1414.86,34.1,0.0,1414.86,34.1,0.0,46.92,49.31,1.4,97.63,0.3489,False,False
1780821851.2666454,archive_flood_airfield_b93ab8,archive_flood_airfield_b93ab8.mp4,624,50.0,640,480,combined,detect_combined,Flooded,deeplabv3plus,False,False,0,tensorrt,tensorrt,tensorrt,23.32,23.32,42.49,42.88,7.25,14.77,22.02,1414.86,36.5,0.0,1414.86,36.5,0.0,46.92,49.31,1.4,97.63,0.3487,False,False
1780821851.3547404,archive_flood_airfield_b93ab8,archive_flood_airfield_b93ab8.mp4,625,50.0,640,480,combined,detect_combined,Flooded,deeplabv3plus,False,False,0,tensorrt,tensorrt,tensorrt,24.73,24.73,40.05,40.44,6.33,15.44,21.77,1414.86,32.0,0.0,1414.86,32.0,0.0,46.92,49.31,1.4,97.63,0.3205,False,False
1780821851.4427495,archive_flood_airfield_b93ab8,archive_flood_airfield_b93ab8.mp4,626,50.0,640,480,combined,detect_combined,Flooded,deeplabv3plus,False,False,0,tensorrt,tensorrt,tensorrt,21.89,21.89,45.27,45.67,6.24,20.0,26.240000000000002,1414.86,32.1,0.0,1414.86,32.1,0.0,46.92,49.31,1.4,97.63,0.3536,False,False
1780821851.538849,archive_flood_airfield_b93ab8,archive_flood_airfield_b93ab8.mp4,627,50.0,640,480,combined,detect_combined,Flooded,deeplabv3plus,False,False,0,tensorrt,tensorrt,tensorrt,19.51,19.51,50.85,51.27,6.95,20.12,27.07,1414.86,34.5,0.0,1414.86,34.5,0.0,46.92,49.31,1.4,97.63,0.3139,False,False
1780821851.6397512,archive_flood_airfield_b93ab8,archive_flood_airfield_b93ab8.mp4,628,50.0,640,480,combined,detect_combined,Flooded,deeplabv3plus,False,False,0,tensorrt,tensorrt,tensorrt,18.45,18.45,53.8,54.19,13.15,16.46,29.61,1414.86,46.6,0.0,1414.86,46.6,0.0,46.92,49.31,1.4,97.63,0.2759,False,False
1780821851.7085109,archive_flood_airfield_b93ab8,archive_flood_airfield_b93ab8.mp4,629,50.0,640,480,combined,detect_combined,Flooded,deeplabv3plus,False,False,0,tensorrt,tensorrt,tensorrt,28.1,28.1,35.23,35.59,7.66,14.33,21.990000000000002,1414.86,51.2,0.0,1414.86,51.2,0.0,46.92,49.31,1.4,97.63,0.3253,False,False
1780821851.7707813,archive_flood_airfield_b93ab8,archive_flood_airfield_b93ab8.mp4,630,50.0,640,480,combined,detect_combined,Flooded,deeplabv3plus,False,False,0,tensorrt,tensorrt,tensorrt,29.96,29.96,33.06,33.38,4.62,9.08,13.7,1414.86,50.0,0.0,1414.86,50.0,0.0,46.92,49.31,1.4,97.63,0.3377,False,False
1780821851.8492165,archive_flood_airfield_b93ab8,archive_flood_airfield_b93ab8.mp4,631,50.0,640,480,combined,detect_combined,Flooded,deeplabv3plus,False,False,0,tensorrt,tensorrt,tensorrt,20.25,20.25,48.98,49.39,5.25,18.09,23.34,1414.86,51.1,0.0,1414.86,51.1,0.0,46.92,49.31,1.4,97.63,0.3474,False,False
1780821851.9073162,archive_flood_airfield_b93ab8,archive_flood_airfield_b93ab8.mp4,632,50.0,640,480,combined,detect_combined,Flooded,deeplabv3plus,False,False,0,tensorrt,tensorrt,tensorrt,30.73,30.73,32.23,32.54,4.8,8.59,13.39,1414.86,44.4,0.0,1414.86,44.4,0.0,46.92,49.31,1.4,97.63,0.353,False,False
1780821851.9775448,archive_flood_airfield_b93ab8,archive_flood_airfield_b93ab8.mp4,633,50.0,640,480,combined,detect_combined,Flooded,deeplabv3plus,False,False,0,tensorrt,tensorrt,tensorrt,25.61,25.61,38.73,39.05,5.21,10.29,15.5,1414.86,33.3,0.0,1414.86,33.3,0.0,46.92,49.31,1.4,97.63,0.3283,False,False
1780821852.0476556,archive_flood_airfield_b93ab8,archive_flood_airfield_b93ab8.mp4,634,50.0,640,480,combined,detect_combined,Flooded,deeplabv3plus,False,False,0,tensorrt,tensorrt,tensorrt,23.84,23.84,41.51,41.95,5.25,10.6,15.85,1414.86,26.8,0.0,1414.86,26.8,0.0,46.92,49.31,1.4,97.63,0.3264,False,False
1780821852.1335063,archive_flood_airfield_b93ab8,archive_flood_airfield_b93ab8.mp4,635,50.0,640,480,combined,detect_combined,Flooded,deeplabv3plus,False,False,0,tensorrt,tensorrt,tensorrt,21.04,21.04,47.14,47.53,5.76,17.24,23.0,1414.85,32.7,0.0,1414.85,32.7,0.0,46.92,49.31,1.4,97.63,0.3273,False,False
1780821852.2148895,archive_flood_airfield_b93ab8,archive_flood_airfield_b93ab8.mp4,636,50.0,640,480,combined,detect_combined,Flooded,deeplabv3plus,False,False,0,tensorrt,tensorrt,tensorrt,25.07,25.07,39.5,39.89,8.06,12.93,20.990000000000002,1414.85,38.8,0.0,1414.85,38.8,0.0,46.92,49.31,1.4,97.63,0.3361,False,False
1780821852.2998044,archive_flood_airfield_b93ab8,archive_flood_airfield_b93ab8.mp4,637,50.0,640,480,combined,detect_combined,Flooded,deeplabv3plus,False,False,0,tensorrt,tensorrt,tensorrt,21.74,21.74,45.61,45.99,6.83,14.75,21.58,1414.85,43.1,0.0,1414.85,43.1,0.0,46.92,49.31,1.4,97.63,0.3712,False,False
1780821852.392045,archive_flood_airfield_b93ab8,archive_flood_airfield_b93ab8.mp4,638,50.0,640,480,combined,detect_combined,Flooded,deeplabv3plus,False,False,0,tensorrt,tensorrt,tensorrt,20.83,20.83,47.6,48.0,5.7,20.23,25.93,1414.85,53.8,0.0,1414.85,53.8,0.0,46.92,49.31,1.4,97.63,0.3663,False,False
1780821852.4810386,archive_flood_airfield_b93ab8,archive_flood_airfield_b93ab8.mp4,639,50.0,640,480,combined,detect_combined,Flooded,deeplabv3plus,False,False,0,tensorrt,tensorrt,tensorrt,19.9,19.9,49.8,50.24,6.66,17.94,24.6,1414.85,32.7,0.0,1414.85,32.7,0.0,46.92,49.31,1.4,97.63,0.3591,False,False
1780821852.574468,archive_flood_airfield_b93ab8,archive_flood_airfield_b93ab8.mp4,640,50.0,640,480,combined,detect_combined,Flooded,deeplabv3plus,False,False,0,tensorrt,tensorrt,tensorrt,20.68,20.68,47.95,48.36,6.0,20.85,26.85,1414.85,29.6,0.0,1414.85,29.6,0.0,46.92,49.31,1.4,97.63,0.3365,False,False
1780821852.671369,archive_flood_airfield_b93ab8,archive_flood_airfield_b93ab8.mp4,641,50.0,640,480,combined,detect_combined,Flooded,deeplabv3plus,False,False,0,tensorrt,tensorrt,tensorrt,20.42,20.42,48.52,48.96,7.4,20.07,27.47,1414.85,34.5,0.0,1414.85,34.5,0.0,46.92,49.31,1.4,97.63,0.3468,False,False
1780821852.7624893,archive_flood_airfield_b93ab8,archive_flood_airfield_b93ab8.mp4,642,50.0,640,480,combined,detect_combined,Flooded,deeplabv3plus,False,False,0,tensorrt,tensorrt,tensorrt,22.81,22.81,43.44,43.85,6.82,16.25,23.07,1414.85,30.9,0.0,1414.85,30.9,0.0,46.92,49.31,1.4,97.63,0.2862,False,False
1780821852.8587496,archive_flood_airfield_b93ab8,archive_flood_airfield_b93ab8.mp4,643,50.0,640,480,combined,detect_combined,Flooded,deeplabv3plus,False,False,0,tensorrt,tensorrt,tensorrt,21.71,21.71,45.65,46.07,7.78,20.75,28.53,1414.85,35.6,0.0,1414.85,35.6,0.0,46.92,49.31,1.4,97.63,0.3217,False,False
1780821852.9572637,archive_flood_airfield_b93ab8,archive_flood_airfield_b93ab8.mp4,644,50.0,640,480,combined,detect_combined,Flooded,deeplabv3plus,False,False,0,tensorrt,tensorrt,tensorrt,19.89,19.89,49.88,50.28,7.4,21.44,28.840000000000003,1414.85,31.6,0.0,1414.85,31.6,0.0,46.92,49.31,1.4,97.63,0.3054,False,False
1780821853.0541537,archive_flood_airfield_b93ab8,archive_flood_airfield_b93ab8.mp4,645,50.0,640,480,combined,detect_combined,Flooded,deeplabv3plus,False,False,0,tensorrt,tensorrt,tensorrt,19.95,19.95,49.72,50.13,8.72,18.79,27.509999999999998,1414.85,33.3,0.0,1414.85,33.3,0.0,46.92,49.31,1.4,97.63,0.2584,False,False
1780821853.1546755,archive_flood_airfield_b93ab8,archive_flood_airfield_b93ab8.mp4,646,50.0,640,480,combined,detect_combined,Flooded,deeplabv3plus,False,False,0,tensorrt,tensorrt,tensorrt,18.31,18.31,54.1,54.63,8.17,19.37,27.54,1414.85,38.3,0.0,1414.85,38.3,0.0,46.92,49.31,1.4,97.63,0.2525,False,False
1780821853.2480602,archive_flood_airfield_b93ab8,archive_flood_airfield_b93ab8.mp4,647,50.0,640,480,combined,detect_combined,Flooded,deeplabv3plus,False,False,0,tensorrt,tensorrt,tensorrt,20.9,20.9,47.35,47.86,7.59,17.74,25.33,1414.85,38.4,0.0,1414.85,38.4,0.0,46.92,49.31,1.4,97.63,0.2446,False,False
1780821853.3275857,archive_flood_airfield_b93ab8,archive_flood_airfield_b93ab8.mp4,648,50.0,640,480,combined,detect_combined,Flooded,deeplabv3plus,False,False,0,tensorrt,tensorrt,tensorrt,23.45,23.45,42.29,42.64,4.2,11.63,15.830000000000002,1414.85,51.2,0.0,1414.85,51.2,0.0,46.92,49.31,1.4,97.63,0.2439,False,False
1780821853.3928094,archive_flood_airfield_b93ab8,archive_flood_airfield_b93ab8.mp4,649,50.0,640,480,combined,detect_combined,Flooded,deeplabv3plus,False,False,0,tensorrt,tensorrt,tensorrt,25.03,25.03,39.64,39.96,4.92,9.69,14.61,1414.85,62.9,0.0,1414.85,62.9,0.0,46.92,49.31,1.4,97.63,0.2285,False,False
1780821853.457808,archive_flood_airfield_b93ab8,archive_flood_airfield_b93ab8.mp4,650,50.0,640,480,combined,detect_combined,Flooded,deeplabv3plus,False,False,0,tensorrt,tensorrt,tensorrt,23.61,23.61,41.93,42.36,5.91,11.01,16.92,1414.85,67.6,0.0,1414.85,67.6,0.0,46.92,49.31,1.4,97.63,0.2457,False,False
1780821853.5153377,archive_flood_airfield_b93ab8,archive_flood_airfield_b93ab8.mp4,651,50.0,640,480,combined,detect_combined,Flooded,deeplabv3plus,False,False,0,tensorrt,tensorrt,tensorrt,34.85,34.85,28.31,28.69,4.59,7.88,12.469999999999999,1414.85,58.3,0.0,1414.85,58.3,0.0,46.92,49.31,1.4,97.63,0.232,False,False
1780821853.5783305,archive_flood_airfield_b93ab8,archive_flood_airfield_b93ab8.mp4,652,50.0,640,480,combined,detect_combined,Flooded,deeplabv3plus,False,False,0,tensorrt,tensorrt,tensorrt,31.84,31.84,31.09,31.41,7.88,8.72,16.6,1414.85,55.9,0.0,1414.85,55.9,0.0,46.92,49.31,1.4,97.63,0.2183,False,False
1780821853.647639,archive_flood_airfield_b93ab8,archive_flood_airfield_b93ab8.mp4,653,50.0,640,480,combined,detect_combined,Flooded,deeplabv3plus,False,False,0,tensorrt,tensorrt,tensorrt,24.44,24.44,40.56,40.92,4.66,14.94,19.6,1414.85,57.9,0.0,1414.85,57.9,0.0,46.92,49.31,1.4,97.63,0.2599,False,False
1780821853.7135723,archive_flood_airfield_b93ab8,archive_flood_airfield_b93ab8.mp4,654,50.0,640,480,combined,detect_combined,Flooded,deeplabv3plus,False,False,0,tensorrt,tensorrt,tensorrt,25.37,25.37,38.99,39.42,5.14,12.02,17.16,1414.84,54.1,0.0,1414.84,54.1,0.0,46.92,49.31,1.4,97.63,0.2829,False,False
1780821853.786399,archive_flood_airfield_b93ab8,archive_flood_airfield_b93ab8.mp4,655,50.0,640,480,combined,detect_combined,Flooded,deeplabv3plus,False,False,0,tensorrt,tensorrt,tensorrt,24.0,24.0,41.35,41.67,4.78,13.63,18.41,1414.84,33.3,0.0,1414.84,33.3,0.0,46.92,49.31,1.4,97.63,0.2662,False,False
1780821853.8520565,archive_flood_airfield_b93ab8,archive_flood_airfield_b93ab8.mp4,656,50.0,640,480,combined,detect_combined,Flooded,deeplabv3plus,False,False,0,tensorrt,tensorrt,tensorrt,27.85,27.85,35.57,35.9,5.08,9.5,14.58,1414.84,32.4,0.0,1414.84,32.4,0.0,46.92,49.31,1.4,97.63,0.2284,False,False
1780821853.9212515,archive_flood_airfield_b93ab8,archive_flood_airfield_b93ab8.mp4,657,50.0,640,480,combined,detect_combined,Flooded,deeplabv3plus,False,False,0,tensorrt,tensorrt,tensorrt,24.95,24.95,39.64,40.08,5.54,11.29,16.83,1414.84,41.5,0.0,1414.84,41.5,0.0,46.92,49.31,1.4,97.63,0.2528,False,False
1780821853.9891262,archive_flood_airfield_b93ab8,archive_flood_airfield_b93ab8.mp4,658,50.0,640,480,combined,detect_combined,Flooded,deeplabv3plus,False,False,0,tensorrt,tensorrt,tensorrt,24.72,24.72,39.85,40.45,4.89,9.57,14.46,1414.84,29.7,0.0,1414.84,29.7,0.0,46.92,49.31,1.4,97.63,0.3,False,False
1780821854.0492527,archive_flood_airfield_b93ab8,archive_flood_airfield_b93ab8.mp4,659,50.0,640,480,combined,detect_combined,Flooded,deeplabv3plus,False,False,0,tensorrt,tensorrt,tensorrt,29.54,29.54,33.55,33.86,4.83,9.27,14.1,1414.84,38.9,0.0,1414.84,38.9,0.0,46.92,49.31,1.4,97.63,0.3027,False,False
1780821854.1174583,archive_flood_airfield_b93ab8,archive_flood_airfield_b93ab8.mp4,660,50.0,640,480,combined,detect_combined,Flooded,deeplabv3plus,False,False,0,tensorrt,tensorrt,tensorrt,26.26,26.26,37.74,38.09,4.82,14.32,19.14,1414.84,28.9,0.0,1414.84,28.9,0.0,46.92,49.31,1.4,97.63,0.3047,False,False
1780821854.178578,archive_flood_airfield_b93ab8,archive_flood_airfield_b93ab8.mp4,661,50.0,640,480,combined,detect_combined,Flooded,deeplabv3plus,False,False,0,tensorrt,tensorrt,tensorrt,29.66,29.66,33.39,33.72,4.96,10.14,15.100000000000001,1414.84,31.4,0.0,1414.84,31.4,0.0,46.92,49.31,1.4,97.63,0.2822,False,False
1780821854.2593076,archive_flood_airfield_b93ab8,archive_flood_airfield_b93ab8.mp4,662,50.0,640,480,combined,detect_combined,Flooded,deeplabv3plus,False,False,0,tensorrt,tensorrt,tensorrt,21.49,21.49,45.95,46.53,6.64,13.21,19.85,1414.84,40.4,0.0,1414.84,40.4,0.0,46.92,49.31,1.4,97.63,0.3109,False,False
1780821854.3371992,archive_flood_airfield_b93ab8,archive_flood_airfield_b93ab8.mp4,663,50.0,640,480,combined,detect_combined,Flooded,deeplabv3plus,False,False,0,tensorrt,tensorrt,tensorrt,26.36,26.36,37.58,37.94,5.89,14.16,20.05,1414.84,48.9,0.0,1414.84,48.9,0.0,46.92,49.31,1.4,97.63,0.2931,False,False
1780821854.4055407,archive_flood_airfield_b93ab8,archive_flood_airfield_b93ab8.mp4,664,50.0,640,480,combined,detect_combined,Flooded,deeplabv3plus,False,False,0,tensorrt,tensorrt,tensorrt,26.31,26.31,37.65,38.01,5.55,10.64,16.19,1414.83,50.0,0.0,1414.83,50.0,0.0,46.92,49.31,1.4,97.63,0.3182,False,False
1780821854.4745855,archive_flood_airfield_b93ab8,archive_flood_airfield_b93ab8.mp4,665,50.0,640,480,combined,detect_combined,Flooded,deeplabv3plus,False,False,0,tensorrt,tensorrt,tensorrt,26.88,26.88,36.86,37.21,5.69,10.09,15.780000000000001,1414.83,59.5,0.0,1414.83,59.5,0.0,46.92,49.31,1.4,97.63,0.332,False,False
1780821854.5389347,archive_flood_airfield_b93ab8,archive_flood_airfield_b93ab8.mp4,666,50.0,640,480,combined,detect_combined,Flooded,deeplabv3plus,False,False,0,tensorrt,tensorrt,tensorrt,25.28,25.28,39.01,39.55,4.98,9.11,14.09,1414.83,50.0,0.0,1414.83,50.0,0.0,46.92,49.31,1.4,97.63,0.3479,False,False
1780821854.6018143,archive_flood_airfield_b93ab8,archive_flood_airfield_b93ab8.mp4,667,50.0,640,480,combined,detect_combined,Flooded,deeplabv3plus,False,False,0,tensorrt,tensorrt,tensorrt,26.45,26.45,37.48,37.8,4.49,10.09,14.58,1414.83,48.6,0.0,1414.83,48.6,0.0,46.92,49.31,1.4,97.63,0.3403,False,False
1780821854.6673324,archive_flood_airfield_b93ab8,archive_flood_airfield_b93ab8.mp4,668,50.0,640,480,combined,detect_combined,Flooded,deeplabv3plus,False,False,0,tensorrt,tensorrt,tensorrt,25.67,25.67,38.63,38.96,4.45,10.61,15.059999999999999,1414.83,55.6,0.0,1414.83,55.6,0.0,46.92,49.31,1.4,97.63,0.3509,False,False
1780821854.7363236,archive_flood_airfield_b93ab8,archive_flood_airfield_b93ab8.mp4,669,50.0,640,480,combined,detect_combined,Flooded,deeplabv3plus,False,False,0,tensorrt,tensorrt,tensorrt,24.81,24.81,39.96,40.31,7.27,10.2,17.47,1414.83,51.2,0.0,1414.83,51.2,0.0,46.92,49.31,1.4,97.63,0.3808,False,False
1780821854.8184068,archive_flood_airfield_b93ab8,archive_flood_airfield_b93ab8.mp4,670,50.0,640,480,combined,detect_combined,Flooded,deeplabv3plus,False,False,0,tensorrt,tensorrt,tensorrt,22.88,22.88,43.37,43.71,5.37,16.74,22.11,1414.83,49.0,0.0,1414.83,49.0,0.0,46.92,49.31,1.4,97.63,0.4606,False,False
1780821854.8940854,archive_flood_airfield_b93ab8,archive_flood_airfield_b93ab8.mp4,671,50.0,640,480,combined,detect_combined,Flooded,deeplabv3plus,False,False,0,tensorrt,tensorrt,tensorrt,23.91,23.91,41.47,41.83,5.8,14.38,20.18,1414.83,52.2,0.0,1414.83,52.2,0.0,46.92,49.31,1.4,97.63,0.4068,False,False
1780821854.963928,archive_flood_airfield_b93ab8,archive_flood_airfield_b93ab8.mp4,672,50.0,640,480,combined,detect_combined,Flooded,deeplabv3plus,False,False,0,tensorrt,tensorrt,tensorrt,31.39,31.39,31.5,31.86,4.12,8.6,12.719999999999999,1414.83,48.8,0.0,1414.83,48.8,0.0,46.92,49.31,1.4,97.63,0.4392,False,False
1780821855.0432842,archive_flood_airfield_b93ab8,archive_flood_airfield_b93ab8.mp4,673,50.0,640,480,combined,detect_combined,Flooded,deeplabv3plus,False,False,0,tensorrt,tensorrt,tensorrt,21.99,21.99,45.09,45.47,9.1,14.65,23.75,1414.83,36.7,0.0,1414.83,36.7,0.0,46.92,49.31,1.4,97.63,0.4685,False,False
1780821855.1271598,archive_flood_airfield_b93ab8,archive_flood_airfield_b93ab8.mp4,674,50.0,640,480,combined,detect_combined,Flooded,deeplabv3plus,False,False,0,tensorrt,tensorrt,tensorrt,24.02,24.02,41.22,41.63,6.34,15.04,21.38,1414.83,42.6,0.0,1414.83,42.6,0.0,46.92,49.31,1.4,97.63,0.4564,False,False
1780821855.2038438,archive_flood_airfield_b93ab8,archive_flood_airfield_b93ab8.mp4,675,50.0,640,480,combined,detect_combined,Flooded,deeplabv3plus,False,False,0,tensorrt,tensorrt,tensorrt,25.69,25.69,38.52,38.92,6.53,14.96,21.490000000000002,1414.83,44.4,0.0,1414.83,44.4,0.0,46.92,49.31,1.4,97.63,0.4611,False,False
1780821855.3020692,archive_flood_airfield_b93ab8,archive_flood_airfield_b93ab8.mp4,676,50.0,640,480,combined,detect_combined,Flooded,deeplabv3plus,False,False,0,tensorrt,tensorrt,tensorrt,19.71,19.71,50.33,50.73,7.94,14.09,22.03,1414.83,59.6,0.0,1414.83,59.6,0.0,46.92,49.31,1.4,97.63,0.4789,False,False
1780821855.3880386,archive_flood_airfield_b93ab8,archive_flood_airfield_b93ab8.mp4,677,50.0,640,480,combined,detect_combined,Flooded,deeplabv3plus,False,False,0,tensorrt,tensorrt,tensorrt,21.34,21.34,46.5,46.86,6.15,14.66,20.810000000000002,1414.83,52.9,0.0,1414.83,52.9,0.0,46.92,49.31,1.4,97.63,0.4208,False,False
1780821855.461212,archive_flood_airfield_b93ab8,archive_flood_airfield_b93ab8.mp4,678,50.0,640,480,combined,detect_combined,Flooded,deeplabv3plus,False,False,0,tensorrt,tensorrt,tensorrt,30.67,30.67,32.21,32.61,5.01,12.66,17.67,1414.83,52.3,0.0,1414.83,52.3,0.0,46.92,49.31,1.4,97.63,0.3822,False,False
1780821855.528428,archive_flood_airfield_b93ab8,archive_flood_airfield_b93ab8.mp4,679,50.0,640,480,combined,detect_combined,Flooded,deeplabv3plus,False,False,0,tensorrt,tensorrt,tensorrt,28.63,28.63,34.6,34.93,4.55,9.16,13.71,1414.83,47.5,0.0,1414.83,47.5,0.0,46.92,49.31,1.4,97.63,0.4311,False,False
1780821855.5925264,archive_flood_airfield_b93ab8,archive_flood_airfield_b93ab8.mp4,680,50.0,640,480,combined,detect_combined,Flooded,deeplabv3plus,False,False,0,tensorrt,tensorrt,tensorrt,29.06,29.06,34.08,34.41,5.3,9.39,14.690000000000001,1414.83,44.7,0.0,1414.83,44.7,0.0,46.92,49.31,1.4,97.63,0.4628,False,False
1780821855.6526334,archive_flood_airfield_b93ab8,archive_flood_airfield_b93ab8.mp4,681,50.0,640,480,combined,detect_combined,Flooded,deeplabv3plus,False,False,0,tensorrt,tensorrt,tensorrt,29.06,29.06,33.93,34.41,4.57,9.01,13.58,1414.83,48.6,0.0,1414.83,48.6,0.0,46.92,49.31,1.4,97.63,0.4208,False,False
1780821855.7209404,archive_flood_airfield_b93ab8,archive_flood_airfield_b93ab8.mp4,682,50.0,640,480,combined,detect_combined,Flooded,deeplabv3plus,False,False,0,tensorrt,tensorrt,tensorrt,26.88,26.88,36.52,37.21,4.84,10.46,15.3,1414.82,48.7,0.0,1414.82,48.7,0.0,46.92,49.31,1.4,97.63,0.4231,False,False
1780821855.79281,archive_flood_airfield_b93ab8,archive_flood_airfield_b93ab8.mp4,683,50.0,640,480,combined,detect_combined,Flooded,deeplabv3plus,False,False,0,tensorrt,tensorrt,tensorrt,29.97,29.97,33.0,33.36,5.79,12.01,17.8,1414.82,38.1,0.0,1414.82,38.1,0.0,46.92,49.31,1.4,97.63,0.3975,False,False
1780821855.8554745,archive_flood_airfield_b93ab8,archive_flood_airfield_b93ab8.mp4,684,50.0,640,480,combined,detect_combined,Flooded,deeplabv3plus,False,False,0,tensorrt,tensorrt,tensorrt,30.74,30.74,32.25,32.53,5.08,10.34,15.42,1414.82,38.9,0.0,1414.82,38.9,0.0,46.92,49.31,1.4,97.63,0.3609,False,False
1780821855.9123368,archive_flood_airfield_b93ab8,archive_flood_airfield_b93ab8.mp4,685,50.0,640,480,combined,detect_combined,Flooded,deeplabv3plus,False,False,0,tensorrt,tensorrt,tensorrt,32.76,32.76,30.16,30.53,5.03,9.15,14.18,1414.82,34.4,0.0,1414.82,34.4,0.0,46.92,49.31,1.4,97.63,0.4038,False,False
1780821855.95891,archive_flood_airfield_b93ab8,archive_flood_airfield_b93ab8.mp4,686,50.0,640,480,combined,detect_combined,Flooded,deeplabv3plus,False,False,0,tensorrt,tensorrt,tensorrt,45.7,45.7,21.58,21.88,4.44,8.43,12.870000000000001,1414.82,34.6,0.0,1414.82,34.6,0.0,46.92,49.31,1.4,97.63,0.4321,False,False
1780821856.0138206,archive_flood_airfield_b93ab8,archive_flood_airfield_b93ab8.mp4,687,50.0,640,480,combined,detect_combined,Flooded,deeplabv3plus,False,False,0,tensorrt,tensorrt,tensorrt,33.3,33.3,29.72,30.03,4.46,7.66,12.120000000000001,1414.82,53.1,0.0,1414.82,53.1,0.0,46.92,49.31,1.4,97.63,0.425,False,False
1780821856.0638468,archive_flood_airfield_b93ab8,archive_flood_airfield_b93ab8.mp4,688,50.0,640,480,combined,detect_combined,Flooded,deeplabv3plus,False,False,0,tensorrt,tensorrt,tensorrt,42.5,42.5,23.17,23.53,5.54,8.6,14.14,1414.82,50.0,0.0,1414.82,50.0,0.0,46.92,49.31,1.4,97.63,0.4055,False,False
1780821856.1236129,archive_flood_airfield_b93ab8,archive_flood_airfield_b93ab8.mp4,689,50.0,640,480,combined,detect_combined,Flooded,deeplabv3plus,False,False,0,tensorrt,tensorrt,tensorrt,30.38,30.38,32.61,32.92,4.5,8.37,12.87,1414.82,52.9,0.0,1414.82,52.9,0.0,46.92,49.31,1.4,97.63,0.4382,False,False
1780821856.1842504,archive_flood_airfield_b93ab8,archive_flood_airfield_b93ab8.mp4,690,50.0,640,480,combined,detect_combined,Flooded,deeplabv3plus,False,False,0,tensorrt,tensorrt,tensorrt,32.22,32.22,30.67,31.04,4.4,8.3,12.700000000000001,1414.82,39.5,0.0,1414.82,39.5,0.0,46.92,49.31,1.4,97.63,0.4242,False,False
1780821856.244037,archive_flood_airfield_b93ab8,archive_flood_airfield_b93ab8.mp4,691,50.0,640,480,combined,detect_combined,Flooded,deeplabv3plus,False,False,0,tensorrt,tensorrt,tensorrt,32.3,32.3,30.57,30.96,5.02,9.13,14.15,1414.82,37.8,0.0,1414.82,37.8,0.0,46.92,49.31,1.4,97.63,0.4096,False,False
1780821856.3101175,archive_flood_airfield_b93ab8,archive_flood_airfield_b93ab8.mp4,692,50.0,640,480,combined,detect_combined,Flooded,deeplabv3plus,False,False,0,tensorrt,tensorrt,tensorrt,27.44,27.44,36.09,36.45,4.94,10.36,15.3,1414.82,33.3,0.0,1414.82,33.3,0.0,46.92,49.31,1.4,97.63,0.4393,False,False
