timestamp,video_id,video_name,frame_idx,sim_altitude_m,input_width,input_height,mode,active_tool,classification_label,primary_model,model_switch_occurred,segmentation_skipped,human_count,clf_backend,seg_backend,human_backend,fps,instant_fps,total_inference_ms,total_latency_ms,classification_ms,segmentation_ms,model_switch_latency_ms,memory_mb,cpu_percent,power_w,peak_memory_mb,peak_cpu_percent,peak_power_w,clf_load_ms,seg_load_ms,human_load_ms,model_load_total_ms,flood_ratio,warmup,session_first_frame
1780820876.665028,archive_flood_1955_592765,archive_flood_1955_592765.mp4,0,50.0,640,480,combined,detect_combined,Flooded,deeplabv3plus,True,False,0,tensorrt,tensorrt,tensorrt,16.86,16.86,58.87,59.3,5.77,18.19,23.96,1482.94,15.7,0.0,1482.94,15.7,0.0,51.35,41.61,1.68,94.64,0.6829,False,True
1780820876.7482617,archive_flood_1955_592765,archive_flood_1955_592765.mp4,1,50.0,640,480,combined,detect_combined,Flooded,deeplabv3plus,False,False,0,tensorrt,tensorrt,tensorrt,26.11,26.11,37.93,38.3,6.85,14.04,20.89,1483.47,53.8,0.0,1483.47,53.8,0.0,51.35,41.61,1.68,94.64,0.7549,False,False
1780820876.847218,archive_flood_1955_592765,archive_flood_1955_592765.mp4,2,50.0,640,480,combined,detect_combined,Flooded,deeplabv3plus,False,False,0,tensorrt,tensorrt,tensorrt,19.93,19.93,49.81,50.18,7.3,17.05,24.35,1483.47,46.7,0.0,1483.47,46.7,0.0,51.35,41.61,1.68,94.64,0.6126,False,False
1780820876.9404638,archive_flood_1955_592765,archive_flood_1955_592765.mp4,3,50.0,640,480,combined,detect_combined,Flooded,deeplabv3plus,False,False,0,tensorrt,tensorrt,tensorrt,17.77,17.77,55.91,56.29,12.12,21.77,33.89,1483.47,47.3,0.0,1483.47,47.3,0.0,51.35,41.61,1.68,94.64,0.9854,False,False
1780820877.0101392,archive_flood_1955_592765,archive_flood_1955_592765.mp4,4,50.0,640,480,combined,detect_combined,Flooded,deeplabv3plus,False,False,0,tensorrt,tensorrt,tensorrt,29.48,29.48,33.56,33.92,4.86,10.47,15.330000000000002,1483.47,52.4,0.0,1483.47,52.4,0.0,51.35,41.61,1.68,94.64,0.9966,False,False
1780820877.0720181,archive_flood_1955_592765,archive_flood_1955_592765.mp4,5,50.0,640,480,combined,detect_combined,Flooded,deeplabv3plus,False,False,0,tensorrt,tensorrt,tensorrt,31.5,31.5,31.42,31.75,4.69,11.16,15.850000000000001,1483.47,47.2,0.0,1483.47,47.2,0.0,51.35,41.61,1.68,94.64,0.7416,False,False
1780820877.1680772,archive_flood_1955_592765,archive_flood_1955_592765.mp4,6,50.0,640,480,combined,detect_combined,Flooded,deeplabv3plus,False,False,0,tensorrt,tensorrt,tensorrt,19.39,19.39,51.15,51.57,13.08,19.25,32.33,1483.51,45.5,0.0,1483.51,45.5,0.0,51.35,41.61,1.68,94.64,0.767,False,False
1780820877.2518492,archive_flood_1955_592765,archive_flood_1955_592765.mp4,7,50.0,640,480,combined,detect_combined,Flooded,deeplabv3plus,False,False,0,tensorrt,tensorrt,tensorrt,30.05,30.05,32.59,33.28,5.66,11.59,17.25,1483.51,30.4,0.0,1483.51,30.4,0.0,51.35,41.61,1.68,94.64,1.0,False,False
1780820877.334731,archive_flood_1955_592765,archive_flood_1955_592765.mp4,8,50.0,640,480,combined,detect_combined,Flooded,deeplabv3plus,False,False,0,tensorrt,tensorrt,tensorrt,23.33,23.33,42.43,42.85,5.15,14.56,19.71,1483.5,30.0,0.0,1483.5,30.0,0.0,51.35,41.61,1.68,94.64,0.9747,False,False
1780820877.4223526,archive_flood_1955_592765,archive_flood_1955_592765.mp4,9,50.0,640,480,combined,detect_combined,Flooded,deeplabv3plus,False,False,0,tensorrt,tensorrt,tensorrt,24.64,24.64,40.22,40.59,6.37,16.59,22.96,1483.5,34.5,0.0,1483.5,34.5,0.0,51.35,41.61,1.68,94.64,0.9883,False,False
1780820877.5083075,archive_flood_1955_592765,archive_flood_1955_592765.mp4,10,50.0,640,480,combined,detect_combined,Flooded,deeplabv3plus,False,False,0,tensorrt,tensorrt,tensorrt,23.98,23.98,41.33,41.7,7.78,16.78,24.560000000000002,1483.5,32.0,0.0,1483.5,32.0,0.0,51.35,41.61,1.68,94.64,0.8698,False,False
1780820877.586973,archive_flood_1955_592765,archive_flood_1955_592765.mp4,11,50.0,640,480,combined,detect_combined,Flooded,deeplabv3plus,False,False,0,tensorrt,tensorrt,tensorrt,28.77,28.77,34.36,34.76,5.74,11.32,17.060000000000002,1483.5,36.4,0.0,1483.5,36.4,0.0,51.35,41.61,1.68,94.64,0.8954,False,False
1780820877.6708121,archive_flood_1955_592765,archive_flood_1955_592765.mp4,12,50.0,640,480,combined,detect_combined,Flooded,deeplabv3plus,False,False,0,tensorrt,tensorrt,tensorrt,26.78,26.78,36.92,37.34,6.62,11.77,18.39,1483.5,51.0,0.0,1483.5,51.0,0.0,51.35,41.61,1.68,94.64,0.864,False,False
1780820877.7531693,archive_flood_1955_592765,archive_flood_1955_592765.mp4,13,50.0,640,480,combined,detect_combined,Flooded,deeplabv3plus,False,False,0,tensorrt,tensorrt,tensorrt,23.36,23.36,42.44,42.8,8.87,14.91,23.78,1483.5,50.0,0.0,1483.5,50.0,0.0,51.35,41.61,1.68,94.64,0.8332,False,False
1780820877.8272495,archive_flood_1955_592765,archive_flood_1955_592765.mp4,14,50.0,640,480,combined,detect_combined,Flooded,deeplabv3plus,False,False,0,tensorrt,tensorrt,tensorrt,28.51,28.51,34.77,35.08,4.37,13.97,18.34,1483.5,46.5,0.0,1483.5,46.5,0.0,51.35,41.61,1.68,94.64,0.8564,False,False
1780820877.9036767,archive_flood_1955_592765,archive_flood_1955_592765.mp4,15,50.0,640,480,combined,detect_combined,Flooded,deeplabv3plus,False,False,0,tensorrt,tensorrt,tensorrt,24.7,24.7,40.13,40.48,7.21,10.93,18.14,1483.5,62.2,0.0,1483.5,62.2,0.0,51.35,41.61,1.68,94.64,0.6503,False,False
1780820877.9881718,archive_flood_1955_592765,archive_flood_1955_592765.mp4,16,50.0,640,480,combined,detect_combined,Flooded,deeplabv3plus,False,False,0,tensorrt,tensorrt,tensorrt,22.52,22.52,43.99,44.41,5.05,13.35,18.4,1483.5,62.7,0.0,1483.5,62.7,0.0,51.35,41.61,1.68,94.64,0.7507,False,False
1780820878.0570035,archive_flood_1955_592765,archive_flood_1955_592765.mp4,17,50.0,640,480,combined,detect_combined,Flooded,deeplabv3plus,False,False,0,tensorrt,tensorrt,tensorrt,32.25,32.25,30.69,31.01,4.73,8.12,12.85,1483.5,63.4,0.0,1483.5,63.4,0.0,51.35,41.61,1.68,94.64,0.6092,False,False
1780820878.136541,archive_flood_1955_592765,archive_flood_1955_592765.mp4,18,50.0,640,480,combined,detect_combined,Flooded,deeplabv3plus,False,False,0,tensorrt,tensorrt,tensorrt,23.14,23.14,42.84,43.22,9.51,8.44,17.95,1483.5,57.8,0.0,1483.5,57.8,0.0,51.35,41.61,1.68,94.64,0.6486,False,False
1780820878.2202804,archive_flood_1955_592765,archive_flood_1955_592765.mp4,19,50.0,640,480,combined,detect_combined,Flooded,deeplabv3plus,False,False,0,tensorrt,tensorrt,tensorrt,24.24,24.24,40.9,41.26,6.63,12.61,19.24,1483.5,54.2,0.0,1483.5,54.2,0.0,51.35,41.61,1.68,94.64,0.7163,False,False
1780820878.296242,archive_flood_1955_592765,archive_flood_1955_592765.mp4,20,50.0,640,480,combined,detect_combined,Flooded,deeplabv3plus,False,False,0,tensorrt,tensorrt,tensorrt,25.48,25.48,38.92,39.25,5.49,9.78,15.27,1483.5,41.9,0.0,1483.5,41.9,0.0,51.35,41.61,1.68,94.64,0.6302,False,False
1780820878.3851366,archive_flood_1955_592765,archive_flood_1955_592765.mp4,21,50.0,640,480,combined,detect_combined,Flooded,deeplabv3plus,False,False,0,tensorrt,tensorrt,tensorrt,21.98,21.98,45.15,45.51,4.97,16.36,21.33,1483.5,30.2,0.0,1483.5,30.2,0.0,51.35,41.61,1.68,94.64,0.8666,False,False
1780820878.468991,archive_flood_1955_592765,archive_flood_1955_592765.mp4,22,50.0,640,480,combined,detect_combined,Flooded,deeplabv3plus,False,False,0,tensorrt,tensorrt,tensorrt,27.05,27.05,36.6,36.97,5.7,13.98,19.68,1483.5,32.0,0.0,1483.5,32.0,0.0,51.35,41.61,1.68,94.64,0.8792,False,False
1780820878.5500457,archive_flood_1955_592765,archive_flood_1955_592765.mp4,23,50.0,640,480,combined,detect_combined,Flooded,deeplabv3plus,False,False,0,tensorrt,tensorrt,tensorrt,29.36,29.36,33.68,34.06,5.32,11.65,16.97,1483.5,30.4,0.0,1483.5,30.4,0.0,51.35,41.61,1.68,94.64,0.7095,False,False
1780820878.6423852,archive_flood_1955_592765,archive_flood_1955_592765.mp4,24,50.0,640,480,combined,detect_combined,Flooded,deeplabv3plus,False,False,0,tensorrt,tensorrt,tensorrt,23.4,23.4,42.35,42.74,5.92,17.77,23.689999999999998,1483.5,34.5,0.0,1483.5,34.5,0.0,51.35,41.61,1.68,94.64,0.6628,False,False
1780820878.744003,archive_flood_1955_592765,archive_flood_1955_592765.mp4,25,50.0,640,480,combined,detect_combined,Flooded,deeplabv3plus,False,False,0,tensorrt,tensorrt,tensorrt,23.77,23.77,41.67,42.08,6.0,17.81,23.81,1483.5,24.6,0.0,1483.5,24.6,0.0,51.35,41.61,1.68,94.64,1.0,False,False
1780820878.84675,archive_flood_1955_592765,archive_flood_1955_592765.mp4,26,50.0,640,480,combined,detect_combined,Flooded,deeplabv3plus,False,False,0,tensorrt,tensorrt,tensorrt,22.59,22.59,43.84,44.26,6.16,18.28,24.44,1483.5,29.5,0.0,1483.5,29.5,0.0,51.35,41.61,1.68,94.64,0.9755,False,False
1780820878.9495666,archive_flood_1955_592765,archive_flood_1955_592765.mp4,27,50.0,640,480,combined,detect_combined,Flooded,deeplabv3plus,False,False,0,tensorrt,tensorrt,tensorrt,21.83,21.83,45.38,45.82,6.7,17.87,24.57,1483.75,42.9,0.0,1483.75,42.9,0.0,51.35,41.61,1.68,94.64,0.8997,False,False
1780820879.0507102,archive_flood_1955_592765,archive_flood_1955_592765.mp4,28,50.0,640,480,combined,detect_combined,Flooded,deeplabv3plus,False,False,0,tensorrt,tensorrt,tensorrt,22.14,22.14,44.73,45.16,6.17,18.49,24.659999999999997,1483.75,51.6,0.0,1483.75,51.6,0.0,51.35,41.61,1.68,94.64,0.5054,False,False
1780820879.1534135,archive_flood_1955_592765,archive_flood_1955_592765.mp4,29,50.0,640,480,combined,detect_combined,Flooded,deeplabv3plus,False,False,0,tensorrt,tensorrt,tensorrt,22.15,22.15,44.69,45.16,12.32,22.07,34.39,1483.75,46.6,0.0,1483.75,46.6,0.0,51.35,41.61,1.68,94.64,0.6905,False,False
1780820879.2492726,archive_flood_1955_592765,archive_flood_1955_592765.mp4,30,50.0,640,480,combined,detect_combined,Flooded,deeplabv3plus,False,False,0,tensorrt,tensorrt,tensorrt,21.65,21.65,45.78,46.19,5.52,18.1,23.62,1483.75,46.4,0.0,1483.75,46.4,0.0,51.35,41.61,1.68,94.64,1.0,False,False
1780820879.3512795,archive_flood_1955_592765,archive_flood_1955_592765.mp4,31,50.0,640,480,combined,detect_combined,Flooded,deeplabv3plus,False,False,0,tensorrt,tensorrt,tensorrt,23.0,23.0,43.06,43.47,6.73,17.55,24.28,1483.75,41.0,0.0,1483.75,41.0,0.0,51.35,41.61,1.68,94.64,1.0,False,False
1780820879.4546316,archive_flood_1955_592765,archive_flood_1955_592765.mp4,32,50.0,640,480,combined,detect_combined,Flooded,deeplabv3plus,False,False,0,tensorrt,tensorrt,tensorrt,22.25,22.25,44.5,44.94,7.63,18.58,26.209999999999997,1483.75,30.5,0.0,1483.75,30.5,0.0,51.35,41.61,1.68,94.64,1.0,False,False
1780820879.5562642,archive_flood_1955_592765,archive_flood_1955_592765.mp4,33,50.0,640,480,combined,detect_combined,Flooded,deeplabv3plus,False,False,0,tensorrt,tensorrt,tensorrt,23.13,23.13,42.81,43.23,6.21,19.41,25.62,1483.75,28.3,0.0,1483.75,28.3,0.0,51.35,41.61,1.68,94.64,0.7484,False,False
1780820879.6722467,archive_flood_1955_592765,archive_flood_1955_592765.mp4,34,50.0,640,480,combined,detect_combined,Flooded,deeplabv3plus,False,False,0,tensorrt,tensorrt,tensorrt,17.43,17.43,56.96,57.38,17.47,18.27,35.739999999999995,1483.75,46.4,0.0,1483.75,46.4,0.0,51.35,41.61,1.68,94.64,0.8474,False,False
1780820879.7643425,archive_flood_1955_592765,archive_flood_1955_592765.mp4,35,50.0,640,480,combined,detect_combined,Flooded,deeplabv3plus,False,False,0,tensorrt,tensorrt,tensorrt,26.59,26.59,37.17,37.6,7.51,17.17,24.68,1483.75,35.2,0.0,1483.75,35.2,0.0,51.35,41.61,1.68,94.64,0.9301,False,False
1780820879.8453593,archive_flood_1955_592765,archive_flood_1955_592765.mp4,36,50.0,640,480,combined,detect_combined,Flooded,deeplabv3plus,False,False,0,tensorrt,tensorrt,tensorrt,29.88,29.88,33.13,33.47,5.14,9.75,14.89,1483.75,30.4,0.0,1483.75,30.4,0.0,51.35,41.61,1.68,94.64,0.9166,False,False
1780820879.9307733,archive_flood_1955_592765,archive_flood_1955_592765.mp4,37,50.0,640,480,combined,detect_combined,Flooded,deeplabv3plus,False,False,0,tensorrt,tensorrt,tensorrt,21.69,21.69,45.74,46.11,5.36,19.68,25.04,1483.75,33.3,0.0,1483.75,33.3,0.0,51.35,41.61,1.68,94.64,0.8507,False,False
1780820880.0143175,archive_flood_1955_592765,archive_flood_1955_592765.mp4,38,50.0,640,480,combined,detect_combined,Flooded,deeplabv3plus,False,False,0,tensorrt,tensorrt,tensorrt,25.66,25.66,38.58,38.97,5.85,12.02,17.869999999999997,1483.75,32.0,0.0,1483.75,32.0,0.0,51.35,41.61,1.68,94.64,0.7291,False,False
1780820880.1160958,archive_flood_1955_592765,archive_flood_1955_592765.mp4,39,50.0,640,480,combined,detect_combined,Flooded,deeplabv3plus,False,False,0,tensorrt,tensorrt,tensorrt,22.67,22.67,43.71,44.12,8.98,19.05,28.03,1483.75,35.7,0.0,1483.75,35.7,0.0,51.35,41.61,1.68,94.64,0.7486,False,False
1780820880.2214777,archive_flood_1955_592765,archive_flood_1955_592765.mp4,40,50.0,640,480,combined,detect_combined,Flooded,deeplabv3plus,False,False,0,tensorrt,tensorrt,tensorrt,21.66,21.66,45.75,46.17,8.38,18.74,27.119999999999997,1483.75,32.2,0.0,1483.75,32.2,0.0,51.35,41.61,1.68,94.64,0.9615,False,False
1780820880.3257468,archive_flood_1955_592765,archive_flood_1955_592765.mp4,41,50.0,640,480,combined,detect_combined,Flooded,deeplabv3plus,False,False,0,tensorrt,tensorrt,tensorrt,21.15,21.15,46.84,47.27,6.39,22.1,28.490000000000002,1483.74,47.5,0.0,1483.74,47.5,0.0,51.35,41.61,1.68,94.64,0.9313,False,False
1780820880.426451,archive_flood_1955_592765,archive_flood_1955_592765.mp4,42,50.0,640,480,combined,detect_combined,Flooded,deeplabv3plus,False,False,0,tensorrt,tensorrt,tensorrt,21.39,21.39,46.4,46.75,7.05,20.45,27.5,1483.74,47.4,0.0,1483.74,47.4,0.0,51.35,41.61,1.68,94.64,0.9592,False,False
1780820880.5185354,archive_flood_1955_592765,archive_flood_1955_592765.mp4,43,50.0,640,480,combined,detect_combined,Flooded,deeplabv3plus,False,False,0,tensorrt,tensorrt,tensorrt,20.29,20.29,48.89,49.3,5.03,18.94,23.970000000000002,1483.74,47.3,0.0,1483.74,47.3,0.0,51.35,41.61,1.68,94.64,0.8102,False,False
1780820880.615903,archive_flood_1955_592765,archive_flood_1955_592765.mp4,44,50.0,640,480,combined,detect_combined,Flooded,deeplabv3plus,False,False,0,tensorrt,tensorrt,tensorrt,20.57,20.57,48.22,48.63,7.03,20.73,27.76,1483.74,50.0,0.0,1483.74,50.0,0.0,51.35,41.61,1.68,94.64,0.8233,False,False
1780820880.718774,archive_flood_1955_592765,archive_flood_1955_592765.mp4,45,50.0,640,480,combined,detect_combined,Flooded,deeplabv3plus,False,False,0,tensorrt,tensorrt,tensorrt,21.53,21.53,45.89,46.45,8.41,18.68,27.09,1483.74,31.7,0.0,1483.74,31.7,0.0,51.35,41.61,1.68,94.64,0.7747,False,False
1780820880.8152454,archive_flood_1955_592765,archive_flood_1955_592765.mp4,46,50.0,640,480,combined,detect_combined,Flooded,deeplabv3plus,False,False,0,tensorrt,tensorrt,tensorrt,24.11,24.11,41.07,41.47,6.42,15.53,21.95,1483.74,30.9,0.0,1483.74,30.9,0.0,51.35,41.61,1.68,94.64,0.9099,False,False
1780820880.920353,archive_flood_1955_592765,archive_flood_1955_592765.mp4,47,50.0,640,480,combined,detect_combined,Flooded,deeplabv3plus,False,False,0,tensorrt,tensorrt,tensorrt,20.38,20.38,48.72,49.06,8.6,17.57,26.17,1483.74,48.4,0.0,1483.74,48.4,0.0,51.35,41.61,1.68,94.64,1.0,False,False
1780820880.9701235,archive_flood_1955_592765,archive_flood_1955_592765.mp4,48,50.0,640,480,combined,detect_combined,Flooded,deeplabv3plus,False,False,0,tensorrt,tensorrt,tensorrt,43.9,43.9,22.47,22.78,4.09,7.49,11.58,1483.74,62.1,0.0,1483.74,62.1,0.0,51.35,41.61,1.68,94.64,0.8844,False,False
1780820881.0366664,archive_flood_1955_592765,archive_flood_1955_592765.mp4,49,50.0,640,480,combined,detect_combined,Flooded,deeplabv3plus,False,False,0,tensorrt,tensorrt,tensorrt,27.64,27.64,35.86,36.18,4.9,13.67,18.57,1483.74,41.5,0.0,1483.74,41.5,0.0,51.35,41.61,1.68,94.64,0.8162,False,False
1780820881.1042638,archive_flood_1955_592765,archive_flood_1955_592765.mp4,50,50.0,640,480,combined,detect_combined,Flooded,deeplabv3plus,False,False,0,tensorrt,tensorrt,tensorrt,28.09,28.09,35.28,35.6,5.33,9.93,15.26,1483.74,30.0,0.0,1483.74,30.0,0.0,51.35,41.61,1.68,94.64,0.8815,False,False
1780820881.1765118,archive_flood_1955_592765,archive_flood_1955_592765.mp4,51,50.0,640,480,combined,detect_combined,Flooded,deeplabv3plus,False,False,0,tensorrt,tensorrt,tensorrt,27.4,27.4,36.06,36.5,6.92,11.54,18.46,1483.74,35.7,0.0,1483.74,35.7,0.0,51.35,41.61,1.68,94.64,0.8543,False,False
1780820881.271987,archive_flood_1955_592765,archive_flood_1955_592765.mp4,52,50.0,640,480,combined,detect_combined,Flooded,deeplabv3plus,False,False,0,tensorrt,tensorrt,tensorrt,21.76,21.76,45.56,45.96,6.4,21.13,27.53,1483.74,30.9,0.0,1483.74,30.9,0.0,51.35,41.61,1.68,94.64,0.8797,False,False
1780820881.3737957,archive_flood_1955_592765,archive_flood_1955_592765.mp4,53,50.0,640,480,combined,detect_combined,Flooded,deeplabv3plus,False,False,0,tensorrt,tensorrt,tensorrt,22.19,22.19,44.64,45.06,5.46,19.02,24.48,1483.74,32.8,0.0,1483.74,32.8,0.0,51.35,41.61,1.68,94.64,0.7749,False,False
1780820881.477689,archive_flood_1955_592765,archive_flood_1955_592765.mp4,54,50.0,640,480,combined,detect_combined,Flooded,deeplabv3plus,False,False,0,tensorrt,tensorrt,tensorrt,23.19,23.19,42.73,43.12,6.1,18.15,24.25,1483.74,28.3,0.0,1483.74,28.3,0.0,51.35,41.61,1.68,94.64,0.7674,False,False
1780820881.5810883,archive_flood_1955_592765,archive_flood_1955_592765.mp4,55,50.0,640,480,combined,detect_combined,Flooded,deeplabv3plus,False,False,0,tensorrt,tensorrt,tensorrt,20.83,20.83,47.61,48.0,6.43,17.66,24.09,1483.74,39.7,0.0,1483.74,39.7,0.0,51.35,41.61,1.68,94.64,1.0,False,False
1780820881.6763155,archive_flood_1955_592765,archive_flood_1955_592765.mp4,56,50.0,640,480,combined,detect_combined,Flooded,deeplabv3plus,False,False,0,tensorrt,tensorrt,tensorrt,20.16,20.16,49.22,49.6,5.53,22.33,27.86,1483.74,49.1,0.0,1483.74,49.1,0.0,51.35,41.61,1.68,94.64,1.0,False,False
1780820881.7664528,archive_flood_1955_592765,archive_flood_1955_592765.mp4,57,50.0,640,480,combined,detect_combined,Flooded,deeplabv3plus,False,False,0,tensorrt,tensorrt,tensorrt,18.78,18.78,52.76,53.26,6.45,21.0,27.45,1483.74,49.0,0.0,1483.74,49.0,0.0,51.35,41.61,1.68,94.64,0.9879,False,False
1780820881.8377416,archive_flood_1955_592765,archive_flood_1955_592765.mp4,58,50.0,640,480,combined,detect_combined,Flooded,deeplabv3plus,False,False,0,tensorrt,tensorrt,tensorrt,31.85,31.85,30.93,31.4,4.59,8.15,12.74,1483.74,53.3,0.0,1483.74,53.3,0.0,51.35,41.61,1.68,94.64,0.602,False,False
1780820881.9161751,archive_flood_1955_592765,archive_flood_1955_592765.mp4,59,50.0,640,480,combined,detect_combined,Flooded,deeplabv3plus,False,False,0,tensorrt,tensorrt,tensorrt,25.69,25.69,38.54,38.93,4.89,13.7,18.59,1483.74,47.8,0.0,1483.74,47.8,0.0,51.35,41.61,1.68,94.64,0.6202,False,False
1780820881.9899933,archive_flood_1955_592765,archive_flood_1955_592765.mp4,60,50.0,640,480,combined,detect_combined,Flooded,deeplabv3plus,False,False,0,tensorrt,tensorrt,tensorrt,24.35,24.35,40.68,41.08,5.05,14.25,19.3,1483.74,32.6,0.0,1483.74,32.6,0.0,51.35,41.61,1.68,94.64,0.8973,False,False
1780820882.077624,archive_flood_1955_592765,archive_flood_1955_592765.mp4,61,50.0,640,480,combined,detect_combined,Flooded,deeplabv3plus,False,False,0,tensorrt,tensorrt,tensorrt,20.71,20.71,47.9,48.27,5.38,18.22,23.599999999999998,1483.74,29.4,0.0,1483.74,29.4,0.0,51.35,41.61,1.68,94.64,0.8841,False,False
1780820882.1685443,archive_flood_1955_592765,archive_flood_1955_592765.mp4,62,50.0,640,480,combined,detect_combined,Flooded,deeplabv3plus,False,False,0,tensorrt,tensorrt,tensorrt,31.41,31.41,31.45,31.84,6.52,11.35,17.869999999999997,1483.74,39.3,0.0,1483.74,39.3,0.0,51.35,41.61,1.68,94.64,0.8972,False,False
1780820882.2535334,archive_flood_1955_592765,archive_flood_1955_592765.mp4,63,50.0,640,480,combined,detect_combined,Flooded,deeplabv3plus,False,False,0,tensorrt,tensorrt,tensorrt,25.16,25.16,39.35,39.74,5.85,11.63,17.48,1483.74,31.4,0.0,1483.74,31.4,0.0,51.35,41.61,1.68,94.64,0.5727,False,False
1780820882.3575592,archive_flood_1955_592765,archive_flood_1955_592765.mp4,64,50.0,640,480,combined,detect_combined,Flooded,deeplabv3plus,False,False,0,tensorrt,tensorrt,tensorrt,20.0,20.0,49.52,49.99,6.55,20.9,27.45,1483.74,45.2,0.0,1483.74,45.2,0.0,51.35,41.61,1.68,94.64,0.7914,False,False
1780820882.460708,archive_flood_1955_592765,archive_flood_1955_592765.mp4,65,50.0,640,480,combined,detect_combined,Flooded,deeplabv3plus,False,False,0,tensorrt,tensorrt,tensorrt,21.38,21.38,46.34,46.77,7.22,13.89,21.11,1483.74,50.0,0.0,1483.74,50.0,0.0,51.35,41.61,1.68,94.64,0.8848,False,False
1780820882.548085,archive_flood_1955_592765,archive_flood_1955_592765.mp4,66,50.0,640,480,combined,detect_combined,Flooded,deeplabv3plus,False,False,0,tensorrt,tensorrt,tensorrt,22.09,22.09,44.92,45.26,5.83,17.81,23.64,1483.74,49.1,0.0,1483.74,49.1,0.0,51.35,41.61,1.68,94.64,0.9174,False,False
1780820882.629984,archive_flood_1955_592765,archive_flood_1955_592765.mp4,67,50.0,640,480,combined,detect_combined,Flooded,deeplabv3plus,False,False,0,tensorrt,tensorrt,tensorrt,21.16,21.16,46.81,47.27,6.75,11.78,18.53,1483.74,47.8,0.0,1483.74,47.8,0.0,51.35,41.61,1.68,94.64,0.9874,False,False
1780820882.6897097,archive_flood_1955_592765,archive_flood_1955_592765.mp4,68,50.0,640,480,combined,detect_combined,Flooded,deeplabv3plus,False,False,0,tensorrt,tensorrt,tensorrt,40.76,40.76,24.16,24.53,4.43,8.36,12.79,1483.74,47.1,0.0,1483.74,47.1,0.0,51.35,41.61,1.68,94.64,0.5982,False,False
1780820882.764456,archive_flood_1955_592765,archive_flood_1955_592765.mp4,69,50.0,640,480,combined,detect_combined,Flooded,deeplabv3plus,False,False,0,tensorrt,tensorrt,tensorrt,27.11,27.11,36.51,36.89,5.32,10.54,15.86,1483.74,37.8,0.0,1483.74,37.8,0.0,51.35,41.61,1.68,94.64,0.6585,False,False
1780820882.8512945,archive_flood_1955_592765,archive_flood_1955_592765.mp4,70,50.0,640,480,combined,detect_combined,Flooded,deeplabv3plus,False,False,0,tensorrt,tensorrt,tensorrt,22.14,22.14,44.69,45.17,6.83,18.47,25.299999999999997,1483.74,35.3,0.0,1483.74,35.3,0.0,51.35,41.61,1.68,94.64,0.9868,False,False
1780820882.9395554,archive_flood_1955_592765,archive_flood_1955_592765.mp4,71,50.0,640,480,combined,detect_combined,Flooded,deeplabv3plus,False,False,0,tensorrt,tensorrt,tensorrt,22.18,22.18,44.69,45.08,6.32,16.6,22.92,1483.74,48.1,0.0,1483.74,48.1,0.0,51.35,41.61,1.68,94.64,0.9638,False,False
1780820883.027324,archive_flood_1955_592765,archive_flood_1955_592765.mp4,72,50.0,640,480,combined,detect_combined,Flooded,deeplabv3plus,False,False,0,tensorrt,tensorrt,tensorrt,25.68,25.68,38.38,38.94,6.38,15.11,21.49,1483.73,49.0,0.0,1483.73,49.0,0.0,51.35,41.61,1.68,94.64,1.0,False,False
1780820883.1163316,archive_flood_1955_592765,archive_flood_1955_592765.mp4,73,50.0,640,480,combined,detect_combined,Flooded,deeplabv3plus,False,False,0,tensorrt,tensorrt,tensorrt,23.54,23.54,42.13,42.48,5.66,15.28,20.939999999999998,1483.73,49.1,0.0,1483.73,49.1,0.0,51.35,41.61,1.68,94.64,0.7472,False,False
1780820883.2088926,archive_flood_1955_592765,archive_flood_1955_592765.mp4,74,50.0,640,480,combined,detect_combined,Flooded,deeplabv3plus,False,False,0,tensorrt,tensorrt,tensorrt,21.97,21.97,45.13,45.52,7.94,17.14,25.080000000000002,1483.73,56.1,0.0,1483.73,56.1,0.0,51.35,41.61,1.68,94.64,0.756,False,False
1780820883.2843518,archive_flood_1955_592765,archive_flood_1955_592765.mp4,75,50.0,640,480,combined,detect_combined,Flooded,deeplabv3plus,False,False,0,tensorrt,tensorrt,tensorrt,29.46,29.46,33.47,33.95,6.49,8.61,15.1,1483.73,48.9,0.0,1483.73,48.9,0.0,51.35,41.61,1.68,94.64,0.8552,False,False
1780820883.3639805,archive_flood_1955_592765,archive_flood_1955_592765.mp4,76,50.0,640,480,combined,detect_combined,Flooded,deeplabv3plus,False,False,0,tensorrt,tensorrt,tensorrt,26.45,26.45,37.38,37.81,4.74,13.95,18.689999999999998,1483.73,37.8,0.0,1483.73,37.8,0.0,51.35,41.61,1.68,94.64,1.0,False,False
1780820883.4434147,archive_flood_1955_592765,archive_flood_1955_592765.mp4,77,50.0,640,480,combined,detect_combined,Flooded,deeplabv3plus,False,False,0,tensorrt,tensorrt,tensorrt,23.87,23.87,41.42,41.89,5.4,10.72,16.12,1483.73,37.8,0.0,1483.73,37.8,0.0,51.35,41.61,1.68,94.64,1.0,False,False
1780820883.5094163,archive_flood_1955_592765,archive_flood_1955_592765.mp4,78,50.0,640,480,combined,detect_combined,Flooded,deeplabv3plus,False,False,0,tensorrt,tensorrt,tensorrt,33.67,33.67,29.35,29.7,5.07,8.83,13.9,1483.73,43.6,0.0,1483.73,43.6,0.0,51.35,41.61,1.68,94.64,0.999,False,False
1780820883.5782073,archive_flood_1955_592765,archive_flood_1955_592765.mp4,79,50.0,640,480,combined,detect_combined,Flooded,deeplabv3plus,False,False,0,tensorrt,tensorrt,tensorrt,29.11,29.11,33.91,34.35,4.91,9.82,14.73,1483.73,40.0,0.0,1483.73,40.0,0.0,51.35,41.61,1.68,94.64,0.9839,False,False
1780820883.6492596,archive_flood_1955_592765,archive_flood_1955_592765.mp4,80,50.0,640,480,combined,detect_combined,Flooded,deeplabv3plus,False,False,0,tensorrt,tensorrt,tensorrt,29.88,29.88,33.13,33.47,5.7,10.32,16.02,1483.73,50.0,0.0,1483.73,50.0,0.0,51.35,41.61,1.68,94.64,0.8668,False,False
1780820883.7218986,archive_flood_1955_592765,archive_flood_1955_592765.mp4,81,50.0,640,480,combined,detect_combined,Flooded,deeplabv3plus,False,False,0,tensorrt,tensorrt,tensorrt,27.0,27.0,36.54,37.04,5.06,8.66,13.719999999999999,1483.73,48.9,0.0,1483.73,48.9,0.0,51.35,41.61,1.68,94.64,1.0,False,False
1780820883.7942321,archive_flood_1955_592765,archive_flood_1955_592765.mp4,82,50.0,640,480,combined,detect_combined,Flooded,deeplabv3plus,False,False,0,tensorrt,tensorrt,tensorrt,26.78,26.78,37.02,37.34,4.49,12.59,17.08,1483.73,44.2,0.0,1483.73,44.2,0.0,51.35,41.61,1.68,94.64,0.7634,False,False
1780820883.8624566,archive_flood_1955_592765,archive_flood_1955_592765.mp4,83,50.0,640,480,combined,detect_combined,Flooded,deeplabv3plus,False,False,0,tensorrt,tensorrt,tensorrt,28.51,28.51,34.76,35.08,6.57,8.33,14.9,1483.73,43.6,0.0,1483.73,43.6,0.0,51.35,41.61,1.68,94.64,0.9366,False,False
1780820883.9280102,archive_flood_1955_592765,archive_flood_1955_592765.mp4,84,50.0,640,480,combined,detect_combined,Flooded,deeplabv3plus,False,False,0,tensorrt,tensorrt,tensorrt,30.31,30.31,32.6,32.99,5.6,8.12,13.719999999999999,1483.73,53.7,0.0,1483.73,53.7,0.0,51.35,41.61,1.68,94.64,0.9308,False,False
1780820884.0133579,archive_flood_1955_592765,archive_flood_1955_592765.mp4,85,50.0,640,480,combined,detect_combined,Flooded,deeplabv3plus,False,False,0,tensorrt,tensorrt,tensorrt,24.42,24.42,40.63,40.95,4.37,13.72,18.09,1483.73,36.0,0.0,1483.73,36.0,0.0,51.35,41.61,1.68,94.64,0.9366,False,False
1780820884.0805604,archive_flood_1955_592765,archive_flood_1955_592765.mp4,86,50.0,640,480,combined,detect_combined,Flooded,deeplabv3plus,False,False,0,tensorrt,tensorrt,tensorrt,36.09,36.09,27.34,27.71,5.45,8.37,13.82,1483.73,33.3,0.0,1483.73,33.3,0.0,51.35,41.61,1.68,94.64,0.7971,False,False
1780820884.1626105,archive_flood_1955_592765,archive_flood_1955_592765.mp4,87,50.0,640,480,combined,detect_combined,Flooded,deeplabv3plus,False,False,0,tensorrt,tensorrt,tensorrt,25.62,25.62,38.68,39.04,4.87,14.41,19.28,1483.73,47.8,0.0,1483.73,47.8,0.0,51.35,41.61,1.68,94.64,0.9686,False,False
1780820884.2507327,archive_flood_1955_592765,archive_flood_1955_592765.mp4,88,50.0,640,480,combined,detect_combined,Flooded,deeplabv3plus,False,False,0,tensorrt,tensorrt,tensorrt,25.45,25.45,38.9,39.3,4.77,13.35,18.119999999999997,1483.73,55.4,0.0,1483.73,55.4,0.0,51.35,41.61,1.68,94.64,0.5838,False,False
1780820884.3280425,archive_flood_1955_592765,archive_flood_1955_592765.mp4,89,50.0,640,480,combined,detect_combined,Flooded,deeplabv3plus,False,False,0,tensorrt,tensorrt,tensorrt,26.77,26.77,37.02,37.35,5.4,12.82,18.22,1483.73,57.4,0.0,1483.73,57.4,0.0,51.35,41.61,1.68,94.64,0.5581,False,False
1780820884.4156272,archive_flood_1955_592765,archive_flood_1955_592765.mp4,90,50.0,640,480,combined,detect_combined,Flooded,deeplabv3plus,False,False,0,tensorrt,tensorrt,tensorrt,23.64,23.64,41.91,42.31,5.39,14.77,20.16,1483.73,47.1,0.0,1483.73,47.1,0.0,51.35,41.61,1.68,94.64,1.0,False,False
1780820884.5051062,archive_flood_1955_592765,archive_flood_1955_592765.mp4,91,50.0,640,480,combined,detect_combined,Flooded,deeplabv3plus,False,False,0,tensorrt,tensorrt,tensorrt,22.97,22.97,43.16,43.54,7.15,17.9,25.049999999999997,1483.73,50.0,0.0,1483.73,50.0,0.0,51.35,41.61,1.68,94.64,1.0,False,False
1780820884.5971286,archive_flood_1955_592765,archive_flood_1955_592765.mp4,92,50.0,640,480,combined,detect_combined,Flooded,deeplabv3plus,False,False,0,tensorrt,tensorrt,tensorrt,20.24,20.24,48.56,49.41,8.46,18.76,27.220000000000002,1483.73,54.4,0.0,1483.73,54.4,0.0,51.35,41.61,1.68,94.64,1.0,False,False
1780820884.694726,archive_flood_1955_592765,archive_flood_1955_592765.mp4,93,50.0,640,480,combined,detect_combined,Flooded,deeplabv3plus,False,False,0,tensorrt,tensorrt,tensorrt,25.61,25.61,38.66,39.05,5.87,17.99,23.86,1483.73,52.8,0.0,1483.73,52.8,0.0,51.35,41.61,1.68,94.64,0.5738,False,False
1780820884.7785928,archive_flood_1955_592765,archive_flood_1955_592765.mp4,94,50.0,640,480,combined,detect_combined,Flooded,deeplabv3plus,False,False,0,tensorrt,tensorrt,tensorrt,25.55,25.55,38.81,39.14,8.17,11.08,19.25,1483.73,58.8,0.0,1483.73,58.8,0.0,51.35,41.61,1.68,94.64,0.5766,False,False
1780820884.8431258,archive_flood_1955_592765,archive_flood_1955_592765.mp4,95,50.0,640,480,combined,detect_combined,Flooded,deeplabv3plus,False,False,0,tensorrt,tensorrt,tensorrt,30.82,30.82,32.14,32.45,4.48,8.75,13.23,1483.73,51.3,0.0,1483.73,51.3,0.0,51.35,41.61,1.68,94.64,0.9479,False,False
1780820884.9125276,archive_flood_1955_592765,archive_flood_1955_592765.mp4,96,50.0,640,480,combined,detect_combined,Flooded,deeplabv3plus,False,False,0,tensorrt,tensorrt,tensorrt,31.45,31.45,31.47,31.8,3.97,9.04,13.01,1483.72,52.2,0.0,1483.72,52.2,0.0,51.35,41.61,1.68,94.64,1.0,False,False
1780820884.9851234,archive_flood_1955_592765,archive_flood_1955_592765.mp4,97,50.0,640,480,combined,detect_combined,Flooded,deeplabv3plus,False,False,0,tensorrt,tensorrt,tensorrt,25.18,25.18,39.18,39.72,6.54,8.83,15.370000000000001,1483.72,37.5,0.0,1483.72,37.5,0.0,51.35,41.61,1.68,94.64,0.9765,False,False
1780820885.0616145,archive_flood_1955_592765,archive_flood_1955_592765.mp4,98,50.0,640,480,combined,detect_combined,Flooded,deeplabv3plus,False,False,0,tensorrt,tensorrt,tensorrt,24.38,24.38,40.53,41.01,5.31,12.09,17.4,1483.72,43.2,0.0,1483.72,43.2,0.0,51.35,41.61,1.68,94.64,0.6571,False,False
1780820885.1231856,archive_flood_1955_592765,archive_flood_1955_592765.mp4,99,50.0,640,480,combined,detect_combined,Flooded,deeplabv3plus,False,False,0,tensorrt,tensorrt,tensorrt,41.05,41.05,24.03,24.36,4.48,7.6,12.08,1483.72,31.4,0.0,1483.72,31.4,0.0,51.35,41.61,1.68,94.64,0.6704,False,False
1780820885.1975472,archive_flood_1955_592765,archive_flood_1955_592765.mp4,100,50.0,640,480,combined,detect_combined,Flooded,deeplabv3plus,False,False,0,tensorrt,tensorrt,tensorrt,31.56,31.56,31.33,31.69,5.49,9.15,14.64,1483.72,38.6,0.0,1483.72,38.6,0.0,51.35,41.61,1.68,94.64,0.9127,False,False
1780820885.286679,archive_flood_1955_592765,archive_flood_1955_592765.mp4,101,50.0,640,480,combined,detect_combined,Flooded,deeplabv3plus,False,False,0,tensorrt,tensorrt,tensorrt,27.31,27.31,36.23,36.62,6.33,14.4,20.73,1483.72,32.7,0.0,1483.72,32.7,0.0,51.35,41.61,1.68,94.64,1.0,False,False
1780820885.375944,archive_flood_1955_592765,archive_flood_1955_592765.mp4,102,50.0,640,480,combined,detect_combined,Flooded,deeplabv3plus,False,False,0,tensorrt,tensorrt,tensorrt,26.84,26.84,36.87,37.26,5.62,14.49,20.11,1483.72,34.0,0.0,1483.72,34.0,0.0,51.35,41.61,1.68,94.64,0.9995,False,False
1780820885.4687097,archive_flood_1955_592765,archive_flood_1955_592765.mp4,103,50.0,640,480,combined,detect_combined,Flooded,deeplabv3plus,False,False,0,tensorrt,tensorrt,tensorrt,26.43,26.43,37.41,37.83,6.55,15.37,21.919999999999998,1483.72,33.3,0.0,1483.72,33.3,0.0,51.35,41.61,1.68,94.64,0.9621,False,False
1780820885.566141,archive_flood_1955_592765,archive_flood_1955_592765.mp4,104,50.0,640,480,combined,detect_combined,Flooded,deeplabv3plus,False,False,0,tensorrt,tensorrt,tensorrt,23.16,23.16,42.78,43.17,5.66,14.11,19.77,1483.72,47.4,0.0,1483.72,47.4,0.0,51.35,41.61,1.68,94.64,0.9661,False,False
1780820885.6692414,archive_flood_1955_592765,archive_flood_1955_592765.mp4,105,50.0,640,480,combined,detect_combined,Flooded,deeplabv3plus,False,False,0,tensorrt,tensorrt,tensorrt,19.57,19.57,50.75,51.1,6.65,19.5,26.15,1483.72,55.6,0.0,1483.72,55.6,0.0,51.35,41.61,1.68,94.64,0.8054,False,False
1780820885.7426455,archive_flood_1955_592765,archive_flood_1955_592765.mp4,106,50.0,640,480,combined,detect_combined,Flooded,deeplabv3plus,False,False,0,tensorrt,tensorrt,tensorrt,31.9,31.9,30.88,31.35,5.3,7.13,12.43,1483.72,59.5,0.0,1483.72,59.5,0.0,51.35,41.61,1.68,94.64,0.9297,False,False
1780820885.8161888,archive_flood_1955_592765,archive_flood_1955_592765.mp4,107,50.0,640,480,combined,detect_combined,Flooded,deeplabv3plus,False,False,0,tensorrt,tensorrt,tensorrt,31.25,31.25,31.64,32.0,4.65,8.5,13.15,1483.71,66.7,0.0,1483.71,66.7,0.0,51.35,41.61,1.68,94.64,0.8449,False,False
1780820885.8863714,archive_flood_1955_592765,archive_flood_1955_592765.mp4,108,50.0,640,480,combined,detect_combined,Flooded,deeplabv3plus,False,False,0,tensorrt,tensorrt,tensorrt,28.72,28.72,34.49,34.82,4.24,13.72,17.96,1483.71,53.8,0.0,1483.71,53.8,0.0,51.35,41.61,1.68,94.64,0.6934,False,False
1780820885.9599304,archive_flood_1955_592765,archive_flood_1955_592765.mp4,109,50.0,640,480,combined,detect_combined,Flooded,deeplabv3plus,False,False,0,tensorrt,tensorrt,tensorrt,26.2,26.2,37.79,38.17,5.4,13.14,18.54,1483.71,50.0,0.0,1483.71,50.0,0.0,51.35,41.61,1.68,94.64,0.7187,False,False
1780820886.040095,archive_flood_1955_592765,archive_flood_1955_592765.mp4,110,50.0,640,480,combined,detect_combined,Flooded,deeplabv3plus,False,False,0,tensorrt,tensorrt,tensorrt,26.89,26.89,36.76,37.19,4.74,12.64,17.380000000000003,1483.71,47.9,0.0,1483.71,47.9,0.0,51.35,41.61,1.68,94.64,1.0,False,False
1780820886.132976,archive_flood_1955_592765,archive_flood_1955_592765.mp4,111,50.0,640,480,combined,detect_combined,Flooded,deeplabv3plus,False,False,0,tensorrt,tensorrt,tensorrt,20.96,20.96,47.32,47.71,5.16,15.59,20.75,1483.71,43.4,0.0,1483.71,43.4,0.0,51.35,41.61,1.68,94.64,0.8815,False,False
1780820886.2159357,archive_flood_1955_592765,archive_flood_1955_592765.mp4,112,50.0,640,480,combined,detect_combined,Flooded,deeplabv3plus,False,False,0,tensorrt,tensorrt,tensorrt,26.85,26.85,36.8,37.24,6.62,10.92,17.54,1483.71,49.0,0.0,1483.71,49.0,0.0,51.35,41.61,1.68,94.64,1.0,False,False
1780820886.3074617,archive_flood_1955_592765,archive_flood_1955_592765.mp4,113,50.0,640,480,combined,detect_combined,Flooded,deeplabv3plus,False,False,0,tensorrt,tensorrt,tensorrt,25.87,25.87,38.25,38.65,5.47,12.01,17.48,1483.71,47.2,0.0,1483.71,47.2,0.0,51.35,41.61,1.68,94.64,0.5689,False,False
1780820886.398913,archive_flood_1955_592765,archive_flood_1955_592765.mp4,114,50.0,640,480,combined,detect_combined,Flooded,deeplabv3plus,False,False,0,tensorrt,tensorrt,tensorrt,24.2,24.2,40.91,41.32,8.56,14.54,23.1,1483.71,33.3,0.0,1483.71,33.3,0.0,51.35,41.61,1.68,94.64,0.5768,False,False
1780820886.4953268,archive_flood_1955_592765,archive_flood_1955_592765.mp4,115,50.0,640,480,combined,detect_combined,Flooded,deeplabv3plus,False,False,0,tensorrt,tensorrt,tensorrt,23.29,23.29,42.51,42.93,5.61,14.01,19.62,1483.71,31.0,0.0,1483.71,31.0,0.0,51.35,41.61,1.68,94.64,0.8898,False,False
1780820886.5794134,archive_flood_1955_592765,archive_flood_1955_592765.mp4,116,50.0,640,480,combined,detect_combined,Flooded,deeplabv3plus,False,False,0,tensorrt,tensorrt,tensorrt,24.17,24.17,41.02,41.37,5.64,12.82,18.46,1483.71,29.8,0.0,1483.71,29.8,0.0,51.35,41.61,1.68,94.64,1.0,False,False
1780820886.659419,archive_flood_1955_592765,archive_flood_1955_592765.mp4,117,50.0,640,480,combined,detect_combined,Flooded,deeplabv3plus,False,False,0,tensorrt,tensorrt,tensorrt,28.79,28.79,34.26,34.73,5.26,13.32,18.58,1483.71,36.7,0.0,1483.71,36.7,0.0,51.35,41.61,1.68,94.64,0.983,False,False
1780820886.742777,archive_flood_1955_592765,archive_flood_1955_592765.mp4,118,50.0,640,480,combined,detect_combined,Flooded,deeplabv3plus,False,False,0,tensorrt,tensorrt,tensorrt,24.74,24.74,40.01,40.42,5.59,13.38,18.97,1483.71,31.9,0.0,1483.71,31.9,0.0,51.35,41.61,1.68,94.64,0.7194,False,False
1780820886.8216689,archive_flood_1955_592765,archive_flood_1955_592765.mp4,119,50.0,640,480,combined,detect_combined,Flooded,deeplabv3plus,False,False,0,tensorrt,tensorrt,tensorrt,25.7,25.7,38.59,38.91,4.64,14.7,19.34,1483.71,35.4,0.0,1483.71,35.4,0.0,51.35,41.61,1.68,94.64,0.6895,False,False
1780820886.8980746,archive_flood_1955_592765,archive_flood_1955_592765.mp4,120,50.0,640,480,combined,detect_combined,Flooded,deeplabv3plus,False,False,0,tensorrt,tensorrt,tensorrt,27.82,27.82,35.43,35.95,5.02,8.83,13.85,1483.71,52.3,0.0,1483.71,52.3,0.0,51.35,41.61,1.68,94.64,1.0,False,False
1780820886.9981663,archive_flood_1955_592765,archive_flood_1955_592765.mp4,121,50.0,640,480,combined,detect_combined,Flooded,deeplabv3plus,False,False,0,tensorrt,tensorrt,tensorrt,21.07,21.07,47.11,47.45,5.78,17.19,22.970000000000002,1483.71,50.8,0.0,1483.71,50.8,0.0,51.35,41.61,1.68,94.64,1.0,False,False
1780820887.0791116,archive_flood_1955_592765,archive_flood_1955_592765.mp4,122,50.0,640,480,combined,detect_combined,Flooded,deeplabv3plus,False,False,0,tensorrt,tensorrt,tensorrt,21.74,21.74,45.6,46.0,5.07,18.3,23.37,1483.71,53.2,0.0,1483.71,53.2,0.0,51.35,41.61,1.68,94.64,1.0,False,False
1780820887.1729314,archive_flood_1955_592765,archive_flood_1955_592765.mp4,123,50.0,640,480,combined,detect_combined,Flooded,deeplabv3plus,False,False,0,tensorrt,tensorrt,tensorrt,30.98,30.98,31.88,32.28,5.93,11.99,17.92,1483.71,52.0,0.0,1483.71,52.0,0.0,51.35,41.61,1.68,94.64,0.7836,False,False
1780820887.266442,archive_flood_1955_592765,archive_flood_1955_592765.mp4,124,50.0,640,480,combined,detect_combined,Flooded,deeplabv3plus,False,False,0,tensorrt,tensorrt,tensorrt,22.59,22.59,43.89,44.26,8.83,17.49,26.32,1483.71,54.5,0.0,1483.71,54.5,0.0,51.35,41.61,1.68,94.64,0.8159,False,False
1780820887.3503253,archive_flood_1955_592765,archive_flood_1955_592765.mp4,125,50.0,640,480,combined,detect_combined,Flooded,deeplabv3plus,False,False,0,tensorrt,tensorrt,tensorrt,23.42,23.42,42.28,42.7,7.8,14.84,22.64,1483.71,44.0,0.0,1483.71,44.0,0.0,51.35,41.61,1.68,94.64,1.0,False,False
1780820887.4502702,archive_flood_1955_592765,archive_flood_1955_592765.mp4,126,50.0,640,480,combined,detect_combined,Flooded,deeplabv3plus,False,False,0,tensorrt,tensorrt,tensorrt,20.24,20.24,49.0,49.41,8.0,17.39,25.39,1483.71,46.6,0.0,1483.71,46.6,0.0,51.35,41.61,1.68,94.64,1.0,False,False
1780820887.541003,archive_flood_1955_592765,archive_flood_1955_592765.mp4,127,50.0,640,480,combined,detect_combined,Flooded,deeplabv3plus,False,False,0,tensorrt,tensorrt,tensorrt,24.27,24.27,40.82,41.21,5.8,13.01,18.81,1483.71,40.4,0.0,1483.71,40.4,0.0,51.35,41.61,1.68,94.64,0.9371,False,False
1780820887.625702,archive_flood_1955_592765,archive_flood_1955_592765.mp4,128,50.0,640,480,combined,detect_combined,Flooded,deeplabv3plus,False,False,0,tensorrt,tensorrt,tensorrt,24.5,24.5,40.41,40.81,6.81,11.44,18.25,1483.71,42.0,0.0,1483.71,42.0,0.0,51.35,41.61,1.68,94.64,0.912,False,False
1780820887.7058969,archive_flood_1955_592765,archive_flood_1955_592765.mp4,129,50.0,640,480,combined,detect_combined,Flooded,deeplabv3plus,False,False,0,tensorrt,tensorrt,tensorrt,33.38,33.38,29.57,29.96,5.22,9.84,15.059999999999999,1483.71,53.1,0.0,1483.71,53.1,0.0,51.35,41.61,1.68,94.64,0.9038,False,False
1780820887.7922072,archive_flood_1955_592765,archive_flood_1955_592765.mp4,130,50.0,640,480,combined,detect_combined,Flooded,deeplabv3plus,False,False,0,tensorrt,tensorrt,tensorrt,24.49,24.49,40.44,40.83,4.76,14.53,19.29,1483.71,42.0,0.0,1483.71,42.0,0.0,51.35,41.61,1.68,94.64,0.8135,False,False
1780820887.8894157,archive_flood_1955_592765,archive_flood_1955_592765.mp4,131,50.0,640,480,combined,detect_combined,Flooded,deeplabv3plus,False,False,0,tensorrt,tensorrt,tensorrt,24.81,24.81,39.92,40.31,5.18,14.88,20.060000000000002,1483.71,34.5,0.0,1483.71,34.5,0.0,51.35,41.61,1.68,94.64,0.8,False,False
1780820887.9970937,archive_flood_1955_592765,archive_flood_1955_592765.mp4,132,50.0,640,480,combined,detect_combined,Flooded,deeplabv3plus,False,False,0,tensorrt,tensorrt,tensorrt,20.78,20.78,47.7,48.12,6.12,17.97,24.09,1483.71,33.3,0.0,1483.71,33.3,0.0,51.35,41.61,1.68,94.64,1.0,False,False
1780820888.1061542,archive_flood_1955_592765,archive_flood_1955_592765.mp4,133,50.0,640,480,combined,detect_combined,Flooded,deeplabv3plus,False,False,0,tensorrt,tensorrt,tensorrt,21.75,21.75,45.55,45.97,6.05,21.7,27.75,1483.71,31.8,0.0,1483.71,31.8,0.0,51.35,41.61,1.68,94.64,0.9334,False,False
1780820888.207374,archive_flood_1955_592765,archive_flood_1955_592765.mp4,134,50.0,640,480,combined,detect_combined,Flooded,deeplabv3plus,False,False,0,tensorrt,tensorrt,tensorrt,22.68,22.68,43.68,44.1,6.31,17.17,23.48,1483.71,43.1,0.0,1483.71,43.1,0.0,51.35,41.61,1.68,94.64,0.9209,False,False
1780820888.3009725,archive_flood_1955_592765,archive_flood_1955_592765.mp4,135,50.0,640,480,combined,detect_combined,Flooded,deeplabv3plus,False,False,0,tensorrt,tensorrt,tensorrt,22.63,22.63,43.78,44.19,6.01,19.58,25.589999999999996,1483.71,49.1,0.0,1483.71,49.1,0.0,51.35,41.61,1.68,94.64,1.0,False,False
1780820888.3837032,archive_flood_1955_592765,archive_flood_1955_592765.mp4,136,50.0,640,480,combined,detect_combined,Flooded,deeplabv3plus,False,False,0,tensorrt,tensorrt,tensorrt,25.61,25.61,38.66,39.05,5.98,11.75,17.73,1483.71,42.6,0.0,1483.71,42.6,0.0,51.35,41.61,1.68,94.64,0.5052,False,False
1780820888.4676886,archive_flood_1955_592765,archive_flood_1955_592765.mp4,137,50.0,640,480,combined,detect_combined,Flooded,deeplabv3plus,False,False,0,tensorrt,tensorrt,tensorrt,26.15,26.15,37.87,38.24,5.81,11.42,17.23,1483.71,47.9,0.0,1483.71,47.9,0.0,51.35,41.61,1.68,94.64,0.953,False,False
1780820888.5624957,archive_flood_1955_592765,archive_flood_1955_592765.mp4,138,50.0,640,480,combined,detect_combined,Flooded,deeplabv3plus,False,False,0,tensorrt,tensorrt,tensorrt,21.39,21.39,46.37,46.75,6.8,15.1,21.9,1483.71,46.6,0.0,1483.71,46.6,0.0,51.35,41.61,1.68,94.64,0.9118,False,False
1780820888.6536808,archive_flood_1955_592765,archive_flood_1955_592765.mp4,139,50.0,640,480,combined,detect_combined,Flooded,deeplabv3plus,False,False,0,tensorrt,tensorrt,tensorrt,17.85,17.85,55.67,56.03,13.65,18.43,32.08,1483.71,43.6,0.0,1483.71,43.6,0.0,51.35,41.61,1.68,94.64,0.8786,False,False
1780820888.742738,archive_flood_1955_592765,archive_flood_1955_592765.mp4,140,50.0,640,480,combined,detect_combined,Flooded,deeplabv3plus,False,False,0,tensorrt,tensorrt,tensorrt,23.0,23.0,43.11,43.47,5.19,11.99,17.18,1483.71,46.9,0.0,1483.71,46.9,0.0,51.35,41.61,1.68,94.64,0.5916,False,False
1780820888.8296165,archive_flood_1955_592765,archive_flood_1955_592765.mp4,141,50.0,640,480,combined,detect_combined,Flooded,deeplabv3plus,False,False,0,tensorrt,tensorrt,tensorrt,22.5,22.5,44.0,44.45,7.15,15.35,22.5,1483.71,51.9,0.0,1483.71,51.9,0.0,51.35,41.61,1.68,94.64,0.9705,False,False
1780820888.9012372,archive_flood_1955_592765,archive_flood_1955_592765.mp4,142,50.0,640,480,combined,detect_combined,Flooded,deeplabv3plus,False,False,0,tensorrt,tensorrt,tensorrt,32.64,32.64,30.02,30.64,4.93,9.09,14.02,1483.71,52.3,0.0,1483.71,52.3,0.0,51.35,41.61,1.68,94.64,0.9964,False,False
1780820888.9675422,archive_flood_1955_592765,archive_flood_1955_592765.mp4,143,50.0,640,480,combined,detect_combined,Flooded,deeplabv3plus,False,False,0,tensorrt,tensorrt,tensorrt,34.42,34.42,28.71,29.06,4.37,9.81,14.18,1483.71,45.9,0.0,1483.71,45.9,0.0,51.35,41.61,1.68,94.64,0.7526,False,False
1780820889.0189574,archive_flood_1955_592765,archive_flood_1955_592765.mp4,144,50.0,640,480,combined,detect_combined,Flooded,deeplabv3plus,False,False,0,tensorrt,tensorrt,tensorrt,45.48,45.48,21.67,21.99,3.96,8.44,12.399999999999999,1483.71,43.3,0.0,1483.71,43.3,0.0,51.35,41.61,1.68,94.64,0.7933,False,False
1780820889.0839436,archive_flood_1955_592765,archive_flood_1955_592765.mp4,145,50.0,640,480,combined,detect_combined,Flooded,deeplabv3plus,False,False,0,tensorrt,tensorrt,tensorrt,32.67,32.67,30.28,30.61,4.94,10.65,15.59,1483.71,39.5,0.0,1483.71,39.5,0.0,51.35,41.61,1.68,94.64,0.9943,False,False
1780820889.1529756,archive_flood_1955_592765,archive_flood_1955_592765.mp4,146,50.0,640,480,combined,detect_combined,Flooded,deeplabv3plus,False,False,0,tensorrt,tensorrt,tensorrt,29.47,29.47,33.58,33.93,5.85,9.06,14.91,1483.71,32.5,0.0,1483.71,32.5,0.0,51.35,41.61,1.68,94.64,1.0,False,False
1780820889.2358148,archive_flood_1955_592765,archive_flood_1955_592765.mp4,147,50.0,640,480,combined,detect_combined,Flooded,deeplabv3plus,False,False,0,tensorrt,tensorrt,tensorrt,22.87,22.87,43.22,43.72,4.91,15.57,20.48,1483.71,27.7,0.0,1483.71,27.7,0.0,51.35,41.61,1.68,94.64,0.9707,False,False
1780820889.3139849,archive_flood_1955_592765,archive_flood_1955_592765.mp4,148,50.0,640,480,combined,detect_combined,Flooded,deeplabv3plus,False,False,0,tensorrt,tensorrt,tensorrt,27.87,27.87,35.06,35.88,4.78,14.21,18.990000000000002,1483.71,31.9,0.0,1483.71,31.9,0.0,51.35,41.61,1.68,94.64,0.8465,False,False
1780820889.3940516,archive_flood_1955_592765,archive_flood_1955_592765.mp4,149,50.0,640,480,combined,detect_combined,Flooded,deeplabv3plus,False,False,0,tensorrt,tensorrt,tensorrt,27.27,27.27,36.34,36.67,4.99,12.78,17.77,1483.71,33.3,0.0,1483.71,33.3,0.0,51.35,41.61,1.68,94.64,0.8703,False,False
1780820889.4680727,archive_flood_1955_592765,archive_flood_1955_592765.mp4,150,50.0,640,480,combined,detect_combined,Flooded,deeplabv3plus,False,False,0,tensorrt,tensorrt,tensorrt,28.86,28.86,34.21,34.65,7.28,11.99,19.27,1483.71,37.5,0.0,1483.71,37.5,0.0,51.35,41.61,1.68,94.64,1.0,False,False
1780820889.5469723,archive_flood_1955_592765,archive_flood_1955_592765.mp4,151,50.0,640,480,combined,detect_combined,Flooded,deeplabv3plus,False,False,0,tensorrt,tensorrt,tensorrt,25.5,25.5,38.66,39.22,4.67,11.26,15.93,1483.71,45.5,0.0,1483.71,45.5,0.0,51.35,41.61,1.68,94.64,0.9699,False,False
1780820889.6301773,archive_flood_1955_592765,archive_flood_1955_592765.mp4,152,50.0,640,480,combined,detect_combined,Flooded,deeplabv3plus,False,False,0,tensorrt,tensorrt,tensorrt,22.91,22.91,43.33,43.65,9.53,17.2,26.729999999999997,1483.71,56.9,0.0,1483.71,56.9,0.0,51.35,41.61,1.68,94.64,0.9766,False,False
1780820889.6953013,archive_flood_1955_592765,archive_flood_1955_592765.mp4,153,50.0,640,480,combined,detect_combined,Flooded,deeplabv3plus,False,False,0,tensorrt,tensorrt,tensorrt,31.53,31.53,31.38,31.71,9.05,10.25,19.3,1483.71,56.4,0.0,1483.71,56.4,0.0,51.35,41.61,1.68,94.64,0.6762,False,False
1780820889.7600381,archive_flood_1955_592765,archive_flood_1955_592765.mp4,154,50.0,640,480,combined,detect_combined,Flooded,deeplabv3plus,False,False,0,tensorrt,tensorrt,tensorrt,31.88,31.88,31.06,31.37,4.53,8.87,13.399999999999999,1483.71,50.0,0.0,1483.71,50.0,0.0,51.35,41.61,1.68,94.64,0.722,False,False
1780820889.8280892,archive_flood_1955_592765,archive_flood_1955_592765.mp4,155,50.0,640,480,combined,detect_combined,Flooded,deeplabv3plus,False,False,0,tensorrt,tensorrt,tensorrt,29.55,29.55,33.48,33.84,4.73,9.05,13.780000000000001,1483.71,50.0,0.0,1483.71,50.0,0.0,51.35,41.61,1.68,94.64,1.0,False,False
1780820889.8939652,archive_flood_1955_592765,archive_flood_1955_592765.mp4,156,50.0,640,480,combined,detect_combined,Flooded,deeplabv3plus,False,False,0,tensorrt,tensorrt,tensorrt,29.91,29.91,33.09,33.43,4.78,8.9,13.68,1483.71,45.9,0.0,1483.71,45.9,0.0,51.35,41.61,1.68,94.64,0.9141,False,False
1780820889.9642563,archive_flood_1955_592765,archive_flood_1955_592765.mp4,157,50.0,640,480,combined,detect_combined,Flooded,deeplabv3plus,False,False,0,tensorrt,tensorrt,tensorrt,31.06,31.06,31.9,32.2,4.83,9.0,13.83,1483.71,33.3,0.0,1483.71,33.3,0.0,51.35,41.61,1.68,94.64,1.0,False,False
1780820890.027615,archive_flood_1955_592765,archive_flood_1955_592765.mp4,158,50.0,640,480,combined,detect_combined,Flooded,deeplabv3plus,False,False,0,tensorrt,tensorrt,tensorrt,31.65,31.65,31.24,31.59,5.2,9.64,14.84,1483.71,31.4,0.0,1483.71,31.4,0.0,51.35,41.61,1.68,94.64,0.8428,False,False
1780820890.1022303,archive_flood_1955_592765,archive_flood_1955_592765.mp4,159,50.0,640,480,combined,detect_combined,Flooded,deeplabv3plus,False,False,0,tensorrt,tensorrt,tensorrt,27.04,27.04,35.88,36.98,5.79,9.18,14.969999999999999,1483.71,36.4,0.0,1483.71,36.4,0.0,51.35,41.61,1.68,94.64,0.8754,False,False
1780820890.1889753,archive_flood_1955_592765,archive_flood_1955_592765.mp4,160,50.0,640,480,combined,detect_combined,Flooded,deeplabv3plus,False,False,0,tensorrt,tensorrt,tensorrt,23.45,23.45,41.74,42.65,6.84,16.25,23.09,1483.71,32.1,0.0,1483.71,32.1,0.0,51.35,41.61,1.68,94.64,1.0,False,False
1780820890.2860413,archive_flood_1955_592765,archive_flood_1955_592765.mp4,161,50.0,640,480,combined,detect_combined,Flooded,deeplabv3plus,False,False,0,tensorrt,tensorrt,tensorrt,22.02,22.02,45.0,45.4,5.5,17.54,23.04,1483.71,35.6,0.0,1483.71,35.6,0.0,51.35,41.61,1.68,94.64,1.0,False,False
1780820890.3761554,archive_flood_1955_592765,archive_flood_1955_592765.mp4,162,50.0,640,480,combined,detect_combined,Flooded,deeplabv3plus,False,False,0,tensorrt,tensorrt,tensorrt,26.06,26.06,38.0,38.37,5.01,13.27,18.28,1483.71,32.1,0.0,1483.71,32.1,0.0,51.35,41.61,1.68,94.64,0.8692,False,False
1780820890.4738436,archive_flood_1955_592765,archive_flood_1955_592765.mp4,163,50.0,640,480,combined,detect_combined,Flooded,deeplabv3plus,False,False,0,tensorrt,tensorrt,tensorrt,22.25,22.25,44.09,44.93,7.17,18.23,25.4,1483.71,37.5,0.0,1483.71,37.5,0.0,51.35,41.61,1.68,94.64,0.7425,False,False
1780820890.5635011,archive_flood_1955_592765,archive_flood_1955_592765.mp4,164,50.0,640,480,combined,detect_combined,Flooded,deeplabv3plus,False,False,0,tensorrt,tensorrt,tensorrt,26.91,26.91,36.79,37.16,7.17,12.64,19.810000000000002,1483.7,45.5,0.0,1483.7,45.5,0.0,51.35,41.61,1.68,94.64,0.8114,False,False
1780820890.6710193,archive_flood_1955_592765,archive_flood_1955_592765.mp4,165,50.0,640,480,combined,detect_combined,Flooded,deeplabv3plus,False,False,0,tensorrt,tensorrt,tensorrt,16.84,16.84,58.6,59.37,10.54,27.68,38.22,1483.7,45.2,0.0,1483.7,45.2,0.0,51.35,41.61,1.68,94.64,1.0,False,False
1780820890.7561102,archive_flood_1955_592765,archive_flood_1955_592765.mp4,166,50.0,640,480,combined,detect_combined,Flooded,deeplabv3plus,False,False,0,tensorrt,tensorrt,tensorrt,21.31,21.31,46.55,46.92,7.71,15.67,23.38,1483.7,60.8,0.0,1483.7,60.8,0.0,51.35,41.61,1.68,94.64,1.0,False,False
1780820890.8379405,archive_flood_1955_592765,archive_flood_1955_592765.mp4,167,50.0,640,480,combined,detect_combined,Flooded,deeplabv3plus,False,False,0,tensorrt,tensorrt,tensorrt,24.84,24.84,39.93,40.26,5.24,12.95,18.189999999999998,1483.7,62.5,0.0,1483.7,62.5,0.0,51.35,41.61,1.68,94.64,1.0,False,False
1780820890.9062638,archive_flood_1955_592765,archive_flood_1955_592765.mp4,168,50.0,640,480,combined,detect_combined,Flooded,deeplabv3plus,False,False,0,tensorrt,tensorrt,tensorrt,29.79,29.79,33.13,33.57,4.15,10.95,15.1,1483.7,61.9,0.0,1483.7,61.9,0.0,51.35,41.61,1.68,94.64,0.7694,False,False
1780820890.9734995,archive_flood_1955_592765,archive_flood_1955_592765.mp4,169,50.0,640,480,combined,detect_combined,Flooded,deeplabv3plus,False,False,0,tensorrt,tensorrt,tensorrt,32.85,32.85,30.03,30.44,4.6,8.82,13.42,1483.7,50.0,0.0,1483.7,50.0,0.0,51.35,41.61,1.68,94.64,0.7299,False,False
1780820891.0320067,archive_flood_1955_592765,archive_flood_1955_592765.mp4,170,50.0,640,480,combined,detect_combined,Flooded,deeplabv3plus,False,False,0,tensorrt,tensorrt,tensorrt,40.39,40.39,24.45,24.76,4.52,8.84,13.36,1483.7,48.6,0.0,1483.7,48.6,0.0,51.35,41.61,1.68,94.64,1.0,False,False
1780820891.0946596,archive_flood_1955_592765,archive_flood_1955_592765.mp4,171,50.0,640,480,combined,detect_combined,Flooded,deeplabv3plus,False,False,0,tensorrt,tensorrt,tensorrt,32.21,32.21,30.58,31.05,4.76,8.39,13.15,1483.7,50.0,0.0,1483.7,50.0,0.0,51.35,41.61,1.68,94.64,0.8736,False,False
1780820891.1661785,archive_flood_1955_592765,archive_flood_1955_592765.mp4,172,50.0,640,480,combined,detect_combined,Flooded,deeplabv3plus,False,False,0,tensorrt,tensorrt,tensorrt,32.45,32.45,30.43,30.81,5.34,10.03,15.37,1483.7,51.2,0.0,1483.7,51.2,0.0,51.35,41.61,1.68,94.64,1.0,False,False
1780820891.248165,archive_flood_1955_592765,archive_flood_1955_592765.mp4,173,50.0,640,480,combined,detect_combined,Flooded,deeplabv3plus,False,False,0,tensorrt,tensorrt,tensorrt,23.82,23.82,41.56,41.98,4.69,14.52,19.21,1483.7,50.0,0.0,1483.7,50.0,0.0,51.35,41.61,1.68,94.64,1.0,False,False
1780820891.3401124,archive_flood_1955_592765,archive_flood_1955_592765.mp4,174,50.0,640,480,combined,detect_combined,Flooded,deeplabv3plus,False,False,0,tensorrt,tensorrt,tensorrt,28.48,28.48,34.77,35.11,5.08,13.36,18.439999999999998,1483.7,43.4,0.0,1483.7,43.4,0.0,51.35,41.61,1.68,94.64,0.9983,False,False
1780820891.437312,archive_flood_1955_592765,archive_flood_1955_592765.mp4,175,50.0,640,480,combined,detect_combined,Flooded,deeplabv3plus,False,False,0,tensorrt,tensorrt,tensorrt,20.75,20.75,47.79,48.2,5.86,17.94,23.8,1483.7,32.1,0.0,1483.7,32.1,0.0,51.35,41.61,1.68,94.64,1.0,False,False
1780820891.545714,archive_flood_1955_592765,archive_flood_1955_592765.mp4,176,50.0,640,480,combined,detect_combined,Flooded,deeplabv3plus,False,False,0,tensorrt,tensorrt,tensorrt,20.37,20.37,48.7,49.08,7.98,21.5,29.48,1483.7,36.4,0.0,1483.7,36.4,0.0,51.35,41.61,1.68,94.64,0.9741,False,False
1780820891.6430123,archive_flood_1955_592765,archive_flood_1955_592765.mp4,177,50.0,640,480,combined,detect_combined,Flooded,deeplabv3plus,False,False,0,tensorrt,tensorrt,tensorrt,20.51,20.51,48.35,48.75,10.83,20.81,31.64,1483.7,32.2,0.0,1483.7,32.2,0.0,51.35,41.61,1.68,94.64,1.0,False,False
1780820891.73402,archive_flood_1955_592765,archive_flood_1955_592765.mp4,178,50.0,640,480,combined,detect_combined,Flooded,deeplabv3plus,False,False,0,tensorrt,tensorrt,tensorrt,22.2,22.2,44.64,45.04,5.78,19.74,25.52,1483.7,37.7,0.0,1483.7,37.7,0.0,51.35,41.61,1.68,94.64,0.6139,False,False
1780820891.80585,archive_flood_1955_592765,archive_flood_1955_592765.mp4,179,50.0,640,480,combined,detect_combined,Flooded,deeplabv3plus,False,False,0,tensorrt,tensorrt,tensorrt,31.66,31.66,31.15,31.59,6.01,9.09,15.1,1483.7,48.9,0.0,1483.7,48.9,0.0,51.35,41.61,1.68,94.64,0.6525,False,False
1780820891.8787317,archive_flood_1955_592765,archive_flood_1955_592765.mp4,180,50.0,640,480,combined,detect_combined,Flooded,deeplabv3plus,False,False,0,tensorrt,tensorrt,tensorrt,27.21,27.21,36.39,36.75,7.83,9.09,16.92,1483.69,41.0,0.0,1483.69,41.0,0.0,51.35,41.61,1.68,94.64,1.0,False,False
1780820891.965195,archive_flood_1955_592765,archive_flood_1955_592765.mp4,181,50.0,640,480,combined,detect_combined,Flooded,deeplabv3plus,False,False,0,tensorrt,tensorrt,tensorrt,24.29,24.29,40.82,41.16,5.44,15.25,20.69,1483.68,46.8,0.0,1483.68,46.8,0.0,51.35,41.61,1.68,94.64,1.0,False,False
1780820892.037851,archive_flood_1955_592765,archive_flood_1955_592765.mp4,182,50.0,640,480,combined,detect_combined,Flooded,deeplabv3plus,False,False,0,tensorrt,tensorrt,tensorrt,29.16,29.16,33.74,34.29,5.84,13.11,18.95,1483.68,47.7,0.0,1483.68,47.7,0.0,51.35,41.61,1.68,94.64,0.9998,False,False
1780820892.110962,archive_flood_1955_592765,archive_flood_1955_592765.mp4,183,50.0,640,480,combined,detect_combined,Flooded,deeplabv3plus,False,False,0,tensorrt,tensorrt,tensorrt,26.24,26.24,37.47,38.11,5.62,9.52,15.14,1483.68,47.6,0.0,1483.68,47.6,0.0,51.35,41.61,1.68,94.64,0.9575,False,False
1780820892.1838217,archive_flood_1955_592765,archive_flood_1955_592765.mp4,184,50.0,640,480,combined,detect_combined,Flooded,deeplabv3plus,False,False,0,tensorrt,tensorrt,tensorrt,33.43,33.43,29.59,29.91,5.31,11.33,16.64,1483.68,0.0,0.0,1483.68,0.0,0.0,51.35,41.61,1.68,94.64,1.0,False,False
1780820892.2432768,archive_flood_1955_592765,archive_flood_1955_592765.mp4,185,50.0,640,480,combined,detect_combined,Flooded,deeplabv3plus,False,False,0,tensorrt,tensorrt,tensorrt,41.13,41.13,24.0,24.31,4.1,7.99,12.09,1483.68,55.9,0.0,1483.68,55.9,0.0,51.35,41.61,1.68,94.64,1.0,False,False
1780820892.3109155,archive_flood_1955_592765,archive_flood_1955_592765.mp4,186,50.0,640,480,combined,detect_combined,Flooded,deeplabv3plus,False,False,0,tensorrt,tensorrt,tensorrt,29.47,29.47,33.59,33.93,7.75,8.94,16.689999999999998,1483.68,51.4,0.0,1483.68,51.4,0.0,51.35,41.61,1.68,94.64,0.8915,False,False
1780820892.3861284,archive_flood_1955_592765,archive_flood_1955_592765.mp4,187,50.0,640,480,combined,detect_combined,Flooded,deeplabv3plus,False,False,0,tensorrt,tensorrt,tensorrt,29.26,29.26,33.81,34.18,4.99,13.0,17.990000000000002,1483.68,51.2,0.0,1483.68,51.2,0.0,51.35,41.61,1.68,94.64,0.8905,False,False
1780820892.4563274,archive_flood_1955_592765,archive_flood_1955_592765.mp4,188,50.0,640,480,combined,detect_combined,Flooded,deeplabv3plus,False,False,0,tensorrt,tensorrt,tensorrt,31.42,31.42,31.51,31.83,4.92,9.08,14.0,1483.68,50.0,0.0,1483.68,50.0,0.0,51.35,41.61,1.68,94.64,0.8279,False,False
1780820892.5248494,archive_flood_1955_592765,archive_flood_1955_592765.mp4,189,50.0,640,480,combined,detect_combined,Flooded,deeplabv3plus,False,False,0,tensorrt,tensorrt,tensorrt,31.55,31.55,31.3,31.7,5.11,9.89,15.0,1483.68,40.0,0.0,1483.68,40.0,0.0,51.35,41.61,1.68,94.64,0.8218,False,False
1780820892.6128044,archive_flood_1955_592765,archive_flood_1955_592765.mp4,190,50.0,640,480,combined,detect_combined,Flooded,deeplabv3plus,False,False,0,tensorrt,tensorrt,tensorrt,25.18,25.18,39.33,39.72,8.73,12.56,21.29,1483.68,30.0,0.0,1483.68,30.0,0.0,51.35,41.61,1.68,94.64,0.9821,False,False
1780820892.7169921,archive_flood_1955_592765,archive_flood_1955_592765.mp4,191,50.0,640,480,combined,detect_combined,Flooded,deeplabv3plus,False,False,0,tensorrt,tensorrt,tensorrt,20.09,20.09,49.37,49.78,6.3,19.06,25.36,1483.68,31.1,0.0,1483.68,31.1,0.0,51.35,41.61,1.68,94.64,1.0,False,False
1780820892.8209848,archive_flood_1955_592765,archive_flood_1955_592765.mp4,192,50.0,640,480,combined,detect_combined,Flooded,deeplabv3plus,False,False,0,tensorrt,tensorrt,tensorrt,21.1,21.1,46.98,47.4,9.33,18.96,28.29,1483.68,30.0,0.0,1483.68,30.0,0.0,51.35,41.61,1.68,94.64,1.0,False,False
1780820892.9265985,archive_flood_1955_592765,archive_flood_1955_592765.mp4,193,50.0,640,480,combined,detect_combined,Flooded,deeplabv3plus,False,False,0,tensorrt,tensorrt,tensorrt,22.92,22.92,43.26,43.62,5.96,15.86,21.82,1483.68,43.5,0.0,1483.68,43.5,0.0,51.35,41.61,1.68,94.64,0.8862,False,False
1780820893.0088835,archive_flood_1955_592765,archive_flood_1955_592765.mp4,194,50.0,640,480,combined,detect_combined,Flooded,deeplabv3plus,False,False,0,tensorrt,tensorrt,tensorrt,22.74,22.74,43.63,43.97,5.15,17.43,22.58,1483.68,34.7,0.0,1483.68,34.7,0.0,51.35,41.61,1.68,94.64,0.8903,False,False
1780820893.0944147,archive_flood_1955_592765,archive_flood_1955_592765.mp4,195,50.0,640,480,combined,detect_combined,Flooded,deeplabv3plus,False,False,0,tensorrt,tensorrt,tensorrt,23.13,23.13,42.85,43.24,6.3,15.83,22.13,1483.68,30.6,0.0,1483.68,30.6,0.0,51.35,41.61,1.68,94.64,1.0,False,False
1780820893.181023,archive_flood_1955_592765,archive_flood_1955_592765.mp4,196,50.0,640,480,combined,detect_combined,Flooded,deeplabv3plus,False,False,0,tensorrt,tensorrt,tensorrt,27.02,27.02,36.52,37.01,5.03,16.01,21.040000000000003,1483.68,32.7,0.0,1483.68,32.7,0.0,51.35,41.61,1.68,94.64,1.0,False,False
1780820893.273333,archive_flood_1955_592765,archive_flood_1955_592765.mp4,197,50.0,640,480,combined,detect_combined,Flooded,deeplabv3plus,False,False,0,tensorrt,tensorrt,tensorrt,21.57,21.57,45.97,46.37,5.89,20.19,26.080000000000002,1483.68,40.0,0.0,1483.68,40.0,0.0,51.35,41.61,1.68,94.64,1.0,False,False
1780820893.372421,archive_flood_1955_592765,archive_flood_1955_592765.mp4,198,50.0,640,480,combined,detect_combined,Flooded,deeplabv3plus,False,False,0,tensorrt,tensorrt,tensorrt,20.43,20.43,48.53,48.95,7.98,18.77,26.75,1483.68,45.9,0.0,1483.68,45.9,0.0,51.35,41.61,1.68,94.64,0.9151,False,False
1780820893.4628744,archive_flood_1955_592765,archive_flood_1955_592765.mp4,199,50.0,640,480,combined,detect_combined,Flooded,deeplabv3plus,False,False,0,tensorrt,tensorrt,tensorrt,23.46,23.46,42.28,42.63,10.44,15.99,26.43,1483.68,56.9,0.0,1483.68,56.9,0.0,51.35,41.61,1.68,94.64,0.9003,False,False
1780820893.5509777,archive_flood_1955_592765,archive_flood_1955_592765.mp4,200,50.0,640,480,combined,detect_combined,Flooded,deeplabv3plus,False,False,0,tensorrt,tensorrt,tensorrt,22.19,22.19,44.52,45.06,4.81,18.85,23.66,1483.68,64.8,0.0,1483.68,64.8,0.0,51.35,41.61,1.68,94.64,0.7903,False,False
1780820893.6263251,archive_flood_1955_592765,archive_flood_1955_592765.mp4,201,50.0,640,480,combined,detect_combined,Flooded,deeplabv3plus,False,False,0,tensorrt,tensorrt,tensorrt,33.22,33.22,29.77,30.1,5.45,8.63,14.080000000000002,1483.68,64.3,0.0,1483.68,64.3,0.0,51.35,41.61,1.68,94.64,1.0,False,False
1780820893.7002892,archive_flood_1955_592765,archive_flood_1955_592765.mp4,202,50.0,640,480,combined,detect_combined,Flooded,deeplabv3plus,False,False,0,tensorrt,tensorrt,tensorrt,29.23,29.23,33.87,34.22,5.82,9.5,15.32,1483.67,65.1,0.0,1483.67,65.1,0.0,51.35,41.61,1.68,94.64,1.0,False,False
1780820893.7702742,archive_flood_1955_592765,archive_flood_1955_592765.mp4,203,50.0,640,480,combined,detect_combined,Flooded,deeplabv3plus,False,False,0,tensorrt,tensorrt,tensorrt,27.88,27.88,35.52,35.87,6.46,10.18,16.64,1483.67,59.1,0.0,1483.67,59.1,0.0,51.35,41.61,1.68,94.64,0.8115,False,False
1780820893.8402414,archive_flood_1955_592765,archive_flood_1955_592765.mp4,204,50.0,640,480,combined,detect_combined,Flooded,deeplabv3plus,False,False,0,tensorrt,tensorrt,tensorrt,26.79,26.79,36.96,37.33,4.9,12.07,16.97,1483.67,70.5,0.0,1483.67,70.5,0.0,51.35,41.61,1.68,94.64,0.8007,False,False
1780820893.9066782,archive_flood_1955_592765,archive_flood_1955_592765.mp4,205,50.0,640,480,combined,detect_combined,Flooded,deeplabv3plus,False,False,0,tensorrt,tensorrt,tensorrt,31.27,31.27,31.66,31.98,4.67,8.2,12.87,1483.67,44.7,0.0,1483.67,44.7,0.0,51.35,41.61,1.68,94.64,0.6415,False,False
1780820893.9837706,archive_flood_1955_592765,archive_flood_1955_592765.mp4,206,50.0,640,480,combined,detect_combined,Flooded,deeplabv3plus,False,False,0,tensorrt,tensorrt,tensorrt,27.55,27.55,35.97,36.3,4.34,13.04,17.38,1483.67,48.9,0.0,1483.67,48.9,0.0,51.35,41.61,1.68,94.64,0.8639,False,False
1780820894.0532882,archive_flood_1955_592765,archive_flood_1955_592765.mp4,207,50.0,640,480,combined,detect_combined,Flooded,deeplabv3plus,False,False,0,tensorrt,tensorrt,tensorrt,27.92,27.92,35.48,35.82,6.32,10.29,16.61,1483.66,42.9,0.0,1483.66,42.9,0.0,51.35,41.61,1.68,94.64,0.994,False,False
1780820894.1217322,archive_flood_1955_592765,archive_flood_1955_592765.mp4,208,50.0,640,480,combined,detect_combined,Flooded,deeplabv3plus,False,False,0,tensorrt,tensorrt,tensorrt,32.37,32.37,30.25,30.89,5.21,9.6,14.809999999999999,1483.66,50.0,0.0,1483.66,50.0,0.0,51.35,41.61,1.68,94.64,0.871,False,False
1780820894.2055142,archive_flood_1955_592765,archive_flood_1955_592765.mp4,209,50.0,640,480,combined,detect_combined,Flooded,deeplabv3plus,False,False,0,tensorrt,tensorrt,tensorrt,26.03,26.03,38.04,38.42,5.42,10.86,16.28,1483.66,37.3,0.0,1483.66,37.3,0.0,51.35,41.61,1.68,94.64,0.8686,False,False
1780820894.2883863,archive_flood_1955_592765,archive_flood_1955_592765.mp4,210,50.0,640,480,combined,detect_combined,Flooded,deeplabv3plus,False,False,0,tensorrt,tensorrt,tensorrt,27.69,27.69,35.71,36.11,5.42,11.49,16.91,1483.66,41.2,0.0,1483.66,41.2,0.0,51.35,41.61,1.68,94.64,1.0,False,False
1780820894.3840525,archive_flood_1955_592765,archive_flood_1955_592765.mp4,211,50.0,640,480,combined,detect_combined,Flooded,deeplabv3plus,False,False,0,tensorrt,tensorrt,tensorrt,23.09,23.09,42.89,43.3,6.76,18.97,25.729999999999997,1483.66,39.3,0.0,1483.66,39.3,0.0,51.35,41.61,1.68,94.64,1.0,False,False
1780820894.483365,archive_flood_1955_592765,archive_flood_1955_592765.mp4,212,50.0,640,480,combined,detect_combined,Flooded,deeplabv3plus,False,False,0,tensorrt,tensorrt,tensorrt,21.07,21.07,47.06,47.47,6.21,17.85,24.060000000000002,1483.66,40.3,0.0,1483.66,40.3,0.0,51.35,41.61,1.68,94.64,1.0,False,False
1780820894.5757592,archive_flood_1955_592765,archive_flood_1955_592765.mp4,213,50.0,640,480,combined,detect_combined,Flooded,deeplabv3plus,False,False,0,tensorrt,tensorrt,tensorrt,23.43,23.43,42.27,42.67,6.54,17.14,23.68,1483.66,42.6,0.0,1483.66,42.6,0.0,51.35,41.61,1.68,94.64,0.9033,False,False
1780820894.68535,archive_flood_1955_592765,archive_flood_1955_592765.mp4,214,50.0,640,480,combined,detect_combined,Flooded,deeplabv3plus,False,False,0,tensorrt,tensorrt,tensorrt,30.74,30.74,32.1,32.53,7.41,12.92,20.33,1483.66,43.5,0.0,1483.66,43.5,0.0,51.35,41.61,1.68,94.64,0.8729,False,False
1780820894.7735548,archive_flood_1955_592765,archive_flood_1955_592765.mp4,215,50.0,640,480,combined,detect_combined,Flooded,deeplabv3plus,False,False,0,tensorrt,tensorrt,tensorrt,24.14,24.14,41.04,41.42,6.02,15.28,21.299999999999997,1483.66,48.1,0.0,1483.66,48.1,0.0,51.35,41.61,1.68,94.64,1.0,False,False
1780820894.8534548,archive_flood_1955_592765,archive_flood_1955_592765.mp4,216,50.0,640,480,combined,detect_combined,Flooded,deeplabv3plus,False,False,0,tensorrt,tensorrt,tensorrt,26.35,26.35,37.59,37.95,5.67,10.9,16.57,1483.65,65.3,0.0,1483.65,65.3,0.0,51.35,41.61,1.68,94.64,1.0,False,False
1780820894.9283295,archive_flood_1955_592765,archive_flood_1955_592765.mp4,217,50.0,640,480,combined,detect_combined,Flooded,deeplabv3plus,False,False,0,tensorrt,tensorrt,tensorrt,31.0,31.0,31.78,32.26,6.06,9.79,15.849999999999998,1483.65,59.6,0.0,1483.65,59.6,0.0,51.35,41.61,1.68,94.64,1.0,False,False
1780820894.9984643,archive_flood_1955_592765,archive_flood_1955_592765.mp4,218,50.0,640,480,combined,detect_combined,Flooded,deeplabv3plus,False,False,0,tensorrt,tensorrt,tensorrt,29.76,29.76,33.24,33.6,5.11,9.7,14.809999999999999,1483.65,58.1,0.0,1483.65,58.1,0.0,51.35,41.61,1.68,94.64,0.7064,False,False
1780820895.0916872,archive_flood_1955_592765,archive_flood_1955_592765.mp4,219,50.0,640,480,combined,detect_combined,Flooded,deeplabv3plus,False,False,0,tensorrt,tensorrt,tensorrt,22.26,22.26,44.51,44.93,8.76,16.7,25.46,1483.65,55.4,0.0,1483.65,55.4,0.0,51.35,41.61,1.68,94.64,0.8137,False,False
1780820895.1858754,archive_flood_1955_592765,archive_flood_1955_592765.mp4,220,50.0,640,480,combined,detect_combined,Flooded,deeplabv3plus,False,False,0,tensorrt,tensorrt,tensorrt,20.61,20.61,48.11,48.51,6.94,22.16,29.1,1483.65,54.4,0.0,1483.65,54.4,0.0,51.35,41.61,1.68,94.64,1.0,False,False
1780820895.292765,archive_flood_1955_592765,archive_flood_1955_592765.mp4,221,50.0,640,480,combined,detect_combined,Flooded,deeplabv3plus,False,False,0,tensorrt,tensorrt,tensorrt,17.76,17.76,55.89,56.32,6.12,23.94,30.060000000000002,1483.65,42.4,0.0,1483.65,42.4,0.0,51.35,41.61,1.68,94.64,0.8353,False,False
1780820895.3930593,archive_flood_1955_592765,archive_flood_1955_592765.mp4,222,50.0,640,480,combined,detect_combined,Flooded,deeplabv3plus,False,False,0,tensorrt,tensorrt,tensorrt,20.58,20.58,47.95,48.6,6.24,17.13,23.369999999999997,1483.65,47.7,0.0,1483.65,47.7,0.0,51.35,41.61,1.68,94.64,1.0,False,False
1780820895.4959152,archive_flood_1955_592765,archive_flood_1955_592765.mp4,223,50.0,640,480,combined,detect_combined,Flooded,deeplabv3plus,False,False,0,tensorrt,tensorrt,tensorrt,19.92,19.92,49.77,50.2,6.65,13.49,20.14,1483.65,47.6,0.0,1483.65,47.6,0.0,51.35,41.61,1.68,94.64,0.9348,False,False
1780820895.5778978,archive_flood_1955_592765,archive_flood_1955_592765.mp4,224,50.0,640,480,combined,detect_combined,Flooded,deeplabv3plus,False,False,0,tensorrt,tensorrt,tensorrt,21.56,21.56,45.96,46.38,6.43,14.23,20.66,1483.65,51.0,0.0,1483.65,51.0,0.0,51.35,41.61,1.68,94.64,0.6439,False,False
1780820895.6686082,archive_flood_1955_592765,archive_flood_1955_592765.mp4,225,50.0,640,480,combined,detect_combined,Flooded,deeplabv3plus,False,False,0,tensorrt,tensorrt,tensorrt,25.5,25.5,38.81,39.22,6.14,12.51,18.65,1483.65,49.1,0.0,1483.65,49.1,0.0,51.35,41.61,1.68,94.64,0.6742,False,False
1780820895.7481616,archive_flood_1955_592765,archive_flood_1955_592765.mp4,226,50.0,640,480,combined,detect_combined,Flooded,deeplabv3plus,False,False,0,tensorrt,tensorrt,tensorrt,26.68,26.68,37.04,37.48,6.18,11.41,17.59,1483.64,44.7,0.0,1483.64,44.7,0.0,51.35,41.61,1.68,94.64,0.6403,False,False
1780820895.8323703,archive_flood_1955_592765,archive_flood_1955_592765.mp4,227,50.0,640,480,combined,detect_combined,Flooded,deeplabv3plus,False,False,0,tensorrt,tensorrt,tensorrt,25.37,25.37,39.05,39.42,5.03,14.24,19.27,1483.64,44.7,0.0,1483.64,44.7,0.0,51.35,41.61,1.68,94.64,0.8285,False,False
1780820895.9232986,archive_flood_1955_592765,archive_flood_1955_592765.mp4,228,50.0,640,480,combined,detect_combined,Flooded,deeplabv3plus,False,False,0,tensorrt,tensorrt,tensorrt,22.37,22.37,44.27,44.71,5.77,14.8,20.57,1483.64,51.9,0.0,1483.64,51.9,0.0,51.35,41.61,1.68,94.64,0.9948,False,False
1780820896.012997,archive_flood_1955_592765,archive_flood_1955_592765.mp4,229,50.0,640,480,combined,detect_combined,Flooded,deeplabv3plus,False,False,0,tensorrt,tensorrt,tensorrt,22.59,22.59,41.98,44.26,7.45,12.27,19.72,1483.64,52.1,0.0,1483.64,52.1,0.0,51.35,41.61,1.68,94.64,0.6798,False,False
1780820896.0813925,archive_flood_1955_592765,archive_flood_1955_592765.mp4,230,50.0,640,480,combined,detect_combined,Flooded,deeplabv3plus,False,False,0,tensorrt,tensorrt,tensorrt,36.5,36.5,27.04,27.39,5.49,7.37,12.86,1483.64,71.1,0.0,1483.64,71.1,0.0,51.35,41.61,1.68,94.64,0.7102,False,False
1780820896.1488137,archive_flood_1955_592765,archive_flood_1955_592765.mp4,231,50.0,640,480,combined,detect_combined,Flooded,deeplabv3plus,False,False,0,tensorrt,tensorrt,tensorrt,34.31,34.31,28.75,29.14,4.84,9.63,14.47,1483.64,69.0,0.0,1483.64,69.0,0.0,51.35,41.61,1.68,94.64,1.0,False,False
1780820896.219725,archive_flood_1955_592765,archive_flood_1955_592765.mp4,232,50.0,640,480,combined,detect_combined,Flooded,deeplabv3plus,False,False,0,tensorrt,tensorrt,tensorrt,32.99,32.99,29.96,30.31,4.44,9.51,13.95,1483.64,62.8,0.0,1483.64,62.8,0.0,51.35,41.61,1.68,94.64,1.0,False,False
1780820896.292974,archive_flood_1955_592765,archive_flood_1955_592765.mp4,233,50.0,640,480,combined,detect_combined,Flooded,deeplabv3plus,False,False,0,tensorrt,tensorrt,tensorrt,30.5,30.5,32.45,32.78,4.66,9.43,14.09,1483.64,58.7,0.0,1483.64,58.7,0.0,51.35,41.61,1.68,94.64,1.0,False,False
1780820896.3665578,archive_flood_1955_592765,archive_flood_1955_592765.mp4,234,50.0,640,480,combined,detect_combined,Flooded,deeplabv3plus,False,False,0,tensorrt,tensorrt,tensorrt,30.29,30.29,32.67,33.01,4.95,9.49,14.440000000000001,1483.64,52.4,0.0,1483.64,52.4,0.0,51.35,41.61,1.68,94.64,0.8102,False,False
1780820896.4419818,archive_flood_1955_592765,archive_flood_1955_592765.mp4,235,50.0,640,480,combined,detect_combined,Flooded,deeplabv3plus,False,False,0,tensorrt,tensorrt,tensorrt,28.36,28.36,34.85,35.26,5.03,12.4,17.43,1483.64,52.3,0.0,1483.64,52.3,0.0,51.35,41.61,1.68,94.64,0.8153,False,False
1780820896.5231595,archive_flood_1955_592765,archive_flood_1955_592765.mp4,236,50.0,640,480,combined,detect_combined,Flooded,deeplabv3plus,False,False,0,tensorrt,tensorrt,tensorrt,28.37,28.37,34.86,35.25,5.8,13.51,19.31,1483.64,37.5,0.0,1483.64,37.5,0.0,51.35,41.61,1.68,94.64,1.0,False,False
1780820896.6125402,archive_flood_1955_592765,archive_flood_1955_592765.mp4,237,50.0,640,480,combined,detect_combined,Flooded,deeplabv3plus,False,False,0,tensorrt,tensorrt,tensorrt,27.86,27.86,35.44,35.89,6.5,13.81,20.310000000000002,1483.64,41.1,0.0,1483.64,41.1,0.0,51.35,41.61,1.68,94.64,1.0,False,False
1780820896.709029,archive_flood_1955_592765,archive_flood_1955_592765.mp4,238,50.0,640,480,combined,detect_combined,Flooded,deeplabv3plus,False,False,0,tensorrt,tensorrt,tensorrt,23.76,23.76,41.73,42.1,5.87,17.52,23.39,1483.64,39.7,0.0,1483.64,39.7,0.0,51.35,41.61,1.68,94.64,0.9654,False,False
1780820896.8031113,archive_flood_1955_592765,archive_flood_1955_592765.mp4,239,50.0,640,480,combined,detect_combined,Flooded,deeplabv3plus,False,False,0,tensorrt,tensorrt,tensorrt,25.69,25.69,38.56,38.93,6.0,16.5,22.5,1483.64,36.2,0.0,1483.64,36.2,0.0,51.35,41.61,1.68,94.64,0.5636,False,False
1780820896.9020207,archive_flood_1955_592765,archive_flood_1955_592765.mp4,240,50.0,640,480,combined,detect_combined,Flooded,deeplabv3plus,False,False,0,tensorrt,tensorrt,tensorrt,22.5,22.5,44.04,44.45,5.96,18.34,24.3,1483.64,33.3,0.0,1483.64,33.3,0.0,51.35,41.61,1.68,94.64,0.5805,False,False
1780820897.0017462,archive_flood_1955_592765,archive_flood_1955_592765.mp4,241,50.0,640,480,combined,detect_combined,Flooded,deeplabv3plus,False,False,0,tensorrt,tensorrt,tensorrt,24.57,24.57,40.29,40.7,6.9,17.58,24.479999999999997,1483.64,33.3,0.0,1483.64,33.3,0.0,51.35,41.61,1.68,94.64,1.0,False,False
1780820897.1089032,archive_flood_1955_592765,archive_flood_1955_592765.mp4,242,50.0,640,480,combined,detect_combined,Flooded,deeplabv3plus,False,False,0,tensorrt,tensorrt,tensorrt,20.27,20.27,48.78,49.35,6.06,17.01,23.07,1483.64,29.0,0.0,1483.64,29.0,0.0,51.35,41.61,1.68,94.64,0.9446,False,False
1780820897.240201,archive_flood_1955_592765,archive_flood_1955_592765.mp4,243,50.0,640,480,combined,detect_combined,Flooded,deeplabv3plus,False,False,0,tensorrt,tensorrt,tensorrt,17.69,17.69,56.1,56.52,7.47,24.96,32.43,1483.64,39.7,0.0,1483.64,39.7,0.0,51.35,41.61,1.68,94.64,0.7555,False,False
1780820897.3346462,archive_flood_1955_592765,archive_flood_1955_592765.mp4,244,50.0,640,480,combined,detect_combined,Flooded,deeplabv3plus,False,False,0,tensorrt,tensorrt,tensorrt,24.91,24.91,39.77,40.14,7.15,15.81,22.96,1483.63,48.2,0.0,1483.63,48.2,0.0,51.35,41.61,1.68,94.64,0.7552,False,False
1780820897.4437482,archive_flood_1955_592765,archive_flood_1955_592765.mp4,245,50.0,640,480,combined,detect_combined,Flooded,deeplabv3plus,False,False,0,tensorrt,tensorrt,tensorrt,18.89,18.89,52.53,52.93,11.69,19.4,31.089999999999996,1483.63,58.2,0.0,1483.63,58.2,0.0,51.35,41.61,1.68,94.64,0.7229,False,False
1780820897.5023386,archive_flood_1955_592765,archive_flood_1955_592765.mp4,246,50.0,640,480,combined,detect_combined,Flooded,deeplabv3plus,False,False,0,tensorrt,tensorrt,tensorrt,36.93,36.93,26.5,27.08,4.32,7.86,12.18,1483.63,54.3,0.0,1483.63,54.3,0.0,51.35,41.61,1.68,94.64,0.8911,False,False
1780820897.572961,archive_flood_1955_592765,archive_flood_1955_592765.mp4,247,50.0,640,480,combined,detect_combined,Flooded,deeplabv3plus,False,False,0,tensorrt,tensorrt,tensorrt,29.42,29.42,33.68,34.0,4.84,9.43,14.27,1483.63,45.0,0.0,1483.63,45.0,0.0,51.35,41.61,1.68,94.64,0.8024,False,False
1780820897.6688585,archive_flood_1955_592765,archive_flood_1955_592765.mp4,248,50.0,640,480,combined,detect_combined,Flooded,deeplabv3plus,False,False,0,tensorrt,tensorrt,tensorrt,21.34,21.34,46.53,46.87,4.99,16.05,21.04,1483.63,43.6,0.0,1483.63,43.6,0.0,51.35,41.61,1.68,94.64,0.8028,False,False
1780820897.7573411,archive_flood_1955_592765,archive_flood_1955_592765.mp4,249,50.0,640,480,combined,detect_combined,Flooded,deeplabv3plus,False,False,0,tensorrt,tensorrt,tensorrt,19.62,19.62,50.58,50.97,9.22,17.43,26.65,1483.63,47.1,0.0,1483.63,47.1,0.0,51.35,41.61,1.68,94.64,0.8608,False,False
1780820897.8372216,archive_flood_1955_592765,archive_flood_1955_592765.mp4,250,50.0,640,480,combined,detect_combined,Flooded,deeplabv3plus,False,False,0,tensorrt,tensorrt,tensorrt,28.3,28.3,34.97,35.34,5.4,10.98,16.380000000000003,1483.63,49.0,0.0,1483.63,49.0,0.0,51.35,41.61,1.68,94.64,0.8581,False,False
1780820897.9241836,archive_flood_1955_592765,archive_flood_1955_592765.mp4,251,50.0,640,480,combined,detect_combined,Flooded,deeplabv3plus,False,False,0,tensorrt,tensorrt,tensorrt,22.59,22.59,43.75,44.26,5.77,12.69,18.46,1483.63,46.3,0.0,1483.63,46.3,0.0,51.35,41.61,1.68,94.64,0.8453,False,False
1780820898.0191982,archive_flood_1955_592765,archive_flood_1955_592765.mp4,252,50.0,640,480,combined,detect_combined,Flooded,deeplabv3plus,False,False,0,tensorrt,tensorrt,tensorrt,19.7,19.7,50.32,50.76,6.68,15.94,22.619999999999997,1483.62,37.3,0.0,1483.62,37.3,0.0,51.35,41.61,1.68,94.64,0.8673,False,False
1780820898.119971,archive_flood_1955_592765,archive_flood_1955_592765.mp4,253,50.0,640,480,combined,detect_combined,Flooded,deeplabv3plus,False,False,0,tensorrt,tensorrt,tensorrt,24.69,24.69,40.01,40.49,5.72,15.04,20.759999999999998,1483.62,31.7,0.0,1483.62,31.7,0.0,51.35,41.61,1.68,94.64,0.7672,False,False
1780820898.231553,archive_flood_1955_592765,archive_flood_1955_592765.mp4,254,50.0,640,480,combined,detect_combined,Flooded,deeplabv3plus,False,False,0,tensorrt,tensorrt,tensorrt,18.81,18.81,52.74,53.15,7.14,24.85,31.990000000000002,1483.62,27.3,0.0,1483.62,27.3,0.0,51.35,41.61,1.68,94.64,0.6862,False,False
1780820898.331346,archive_flood_1955_592765,archive_flood_1955_592765.mp4,255,50.0,640,480,combined,detect_combined,Flooded,deeplabv3plus,False,False,0,tensorrt,tensorrt,tensorrt,23.44,23.44,42.25,42.67,5.83,14.49,20.32,1483.62,39.0,0.0,1483.62,39.0,0.0,51.35,41.61,1.68,94.64,0.6801,False,False
1780820898.440812,archive_flood_1955_592765,archive_flood_1955_592765.mp4,256,50.0,640,480,combined,detect_combined,Flooded,deeplabv3plus,False,False,0,tensorrt,tensorrt,tensorrt,20.43,20.43,48.56,48.94,13.72,17.93,31.65,1483.62,37.9,0.0,1483.62,37.9,0.0,51.35,41.61,1.68,94.64,0.8167,False,False
1780820898.5388346,archive_flood_1955_592765,archive_flood_1955_592765.mp4,257,50.0,640,480,combined,detect_combined,Flooded,deeplabv3plus,False,False,0,tensorrt,tensorrt,tensorrt,22.88,22.88,43.32,43.7,6.36,18.56,24.919999999999998,1483.62,27.3,0.0,1483.62,27.3,0.0,51.35,41.61,1.68,94.64,0.9967,False,False
1780820898.6421688,archive_flood_1955_592765,archive_flood_1955_592765.mp4,258,50.0,640,480,combined,detect_combined,Flooded,deeplabv3plus,False,False,0,tensorrt,tensorrt,tensorrt,20.37,20.37,48.67,49.09,6.71,19.96,26.67,1483.62,44.6,0.0,1483.62,44.6,0.0,51.35,41.61,1.68,94.64,0.5862,False,False
1780820898.7573392,archive_flood_1955_592765,archive_flood_1955_592765.mp4,259,50.0,640,480,combined,detect_combined,Flooded,deeplabv3plus,False,False,0,tensorrt,tensorrt,tensorrt,16.82,16.82,58.96,59.45,10.63,23.53,34.160000000000004,1483.62,58.7,0.0,1483.62,58.7,0.0,51.35,41.61,1.68,94.64,0.8637,False,False
1780820898.8316054,archive_flood_1955_592765,archive_flood_1955_592765.mp4,260,50.0,640,480,combined,detect_combined,Flooded,deeplabv3plus,False,False,0,tensorrt,tensorrt,tensorrt,32.22,32.22,30.69,31.03,4.55,11.79,16.34,1483.62,56.8,0.0,1483.62,56.8,0.0,51.35,41.61,1.68,94.64,0.9034,False,False
1780820898.911083,archive_flood_1955_592765,archive_flood_1955_592765.mp4,261,50.0,640,480,combined,detect_combined,Flooded,deeplabv3plus,False,False,0,tensorrt,tensorrt,tensorrt,24.92,24.92,39.54,40.13,5.65,13.17,18.82,1483.62,58.7,0.0,1483.62,58.7,0.0,51.35,41.61,1.68,94.64,0.7084,False,False
1780820898.9946744,archive_flood_1955_592765,archive_flood_1955_592765.mp4,262,50.0,640,480,combined,detect_combined,Flooded,deeplabv3plus,False,False,0,tensorrt,tensorrt,tensorrt,22.81,22.81,43.41,43.84,6.29,14.39,20.68,1483.62,56.9,0.0,1483.62,56.9,0.0,51.35,41.61,1.68,94.64,0.7711,False,False
1780820899.0657663,archive_flood_1955_592765,archive_flood_1955_592765.mp4,263,50.0,640,480,combined,detect_combined,Flooded,deeplabv3plus,False,False,0,tensorrt,tensorrt,tensorrt,29.22,29.22,33.84,34.22,4.98,13.53,18.509999999999998,1483.62,56.1,0.0,1483.62,56.1,0.0,51.35,41.61,1.68,94.64,0.6871,False,False
1780820899.133901,archive_flood_1955_592765,archive_flood_1955_592765.mp4,264,50.0,640,480,combined,detect_combined,Flooded,deeplabv3plus,False,False,0,tensorrt,tensorrt,tensorrt,30.37,30.37,32.63,32.93,4.63,10.7,15.329999999999998,1483.62,35.9,0.0,1483.62,35.9,0.0,51.35,41.61,1.68,94.64,0.7602,False,False
1780820899.216204,archive_flood_1955_592765,archive_flood_1955_592765.mp4,265,50.0,640,480,combined,detect_combined,Flooded,deeplabv3plus,False,False,0,tensorrt,tensorrt,tensorrt,26.16,26.16,37.88,38.22,5.75,16.17,21.92,1483.62,35.4,0.0,1483.62,35.4,0.0,51.35,41.61,1.68,94.64,0.7682,False,False
1780820899.2935605,archive_flood_1955_592765,archive_flood_1955_592765.mp4,266,50.0,640,480,combined,detect_combined,Flooded,deeplabv3plus,False,False,0,tensorrt,tensorrt,tensorrt,32.0,32.0,30.89,31.25,4.84,11.0,15.84,1483.62,48.9,0.0,1483.62,48.9,0.0,51.35,41.61,1.68,94.64,0.6629,False,False
1780820899.3783662,archive_flood_1955_592765,archive_flood_1955_592765.mp4,267,50.0,640,480,combined,detect_combined,Flooded,deeplabv3plus,False,False,0,tensorrt,tensorrt,tensorrt,26.52,26.52,37.33,37.7,6.84,13.57,20.41,1483.62,43.4,0.0,1483.62,43.4,0.0,51.35,41.61,1.68,94.64,0.6492,False,False
1780820899.467894,archive_flood_1955_592765,archive_flood_1955_592765.mp4,268,50.0,640,480,combined,detect_combined,Flooded,deeplabv3plus,False,False,0,tensorrt,tensorrt,tensorrt,24.67,24.67,40.13,40.53,5.6,14.03,19.63,1483.61,46.3,0.0,1483.61,46.3,0.0,51.35,41.61,1.68,94.64,0.6664,False,False
1780820899.5614905,archive_flood_1955_592765,archive_flood_1955_592765.mp4,269,50.0,640,480,combined,detect_combined,Flooded,deeplabv3plus,False,False,0,tensorrt,tensorrt,tensorrt,25.18,25.18,39.33,39.72,7.52,14.55,22.07,1483.61,44.6,0.0,1483.61,44.6,0.0,51.35,41.61,1.68,94.64,0.7116,False,False
1780820899.665153,archive_flood_1955_592765,archive_flood_1955_592765.mp4,270,50.0,640,480,combined,detect_combined,Flooded,deeplabv3plus,False,False,0,tensorrt,tensorrt,tensorrt,22.19,22.19,44.67,45.06,16.79,16.18,32.97,1483.61,45.0,0.0,1483.61,45.0,0.0,51.35,41.61,1.68,94.64,0.7239,False,False
1780820899.7346303,archive_flood_1955_592765,archive_flood_1955_592765.mp4,271,50.0,640,480,combined,detect_combined,Flooded,deeplabv3plus,False,False,0,tensorrt,tensorrt,tensorrt,35.97,35.97,27.45,27.8,5.98,10.8,16.78,1483.61,39.5,0.0,1483.61,39.5,0.0,51.35,41.61,1.68,94.64,0.856,False,False
1780820899.8309717,archive_flood_1955_592765,archive_flood_1955_592765.mp4,272,50.0,640,480,combined,detect_combined,Flooded,deeplabv3plus,False,False,0,tensorrt,tensorrt,tensorrt,23.42,23.42,42.32,42.69,7.62,17.35,24.970000000000002,1483.61,38.9,0.0,1483.61,38.9,0.0,51.35,41.61,1.68,94.64,0.4917,False,False
1780820899.9243681,archive_flood_1955_592765,archive_flood_1955_592765.mp4,273,50.0,640,480,combined,detect_combined,Flooded,deeplabv3plus,False,False,0,tensorrt,tensorrt,tensorrt,26.94,26.94,36.76,37.11,6.41,12.72,19.130000000000003,1483.61,42.9,0.0,1483.61,42.9,0.0,51.35,41.61,1.68,94.64,0.6961,False,False
1780820900.0105324,archive_flood_1955_592765,archive_flood_1955_592765.mp4,274,50.0,640,480,combined,detect_combined,Flooded,deeplabv3plus,False,False,0,tensorrt,tensorrt,tensorrt,25.31,25.31,39.18,39.52,5.75,13.53,19.28,1483.61,47.9,0.0,1483.61,47.9,0.0,51.35,41.61,1.68,94.64,0.691,False,False
1780820900.0862303,archive_flood_1955_592765,archive_flood_1955_592765.mp4,275,50.0,640,480,combined,detect_combined,Flooded,deeplabv3plus,False,False,0,tensorrt,tensorrt,tensorrt,30.15,30.15,32.81,33.17,5.24,9.47,14.71,1483.61,51.1,0.0,1483.61,51.1,0.0,51.35,41.61,1.68,94.64,0.6955,False,False
1780820900.1692286,archive_flood_1955_592765,archive_flood_1955_592765.mp4,276,50.0,640,480,combined,detect_combined,Flooded,deeplabv3plus,False,False,0,tensorrt,tensorrt,tensorrt,27.79,27.79,35.63,35.99,5.3,9.68,14.98,1483.61,49.0,0.0,1483.61,49.0,0.0,51.35,41.61,1.68,94.64,0.5151,False,False
1780820900.2356186,archive_flood_1955_592765,archive_flood_1955_592765.mp4,277,50.0,640,480,combined,detect_combined,Flooded,deeplabv3plus,False,False,0,tensorrt,tensorrt,tensorrt,40.04,40.04,24.65,24.98,5.26,9.95,15.209999999999999,1483.61,50.0,0.0,1483.61,50.0,0.0,51.35,41.61,1.68,94.64,0.7646,False,False
1780820900.318124,archive_flood_1955_592765,archive_flood_1955_592765.mp4,278,50.0,640,480,combined,detect_combined,Flooded,deeplabv3plus,False,False,0,tensorrt,tensorrt,tensorrt,23.98,23.98,41.38,41.7,5.6,17.89,23.490000000000002,1483.61,53.2,0.0,1483.61,53.2,0.0,51.35,41.61,1.68,94.64,0.7357,False,False
1780820900.3831134,archive_flood_1955_592765,archive_flood_1955_592765.mp4,279,50.0,640,480,combined,detect_combined,Flooded,deeplabv3plus,False,False,0,tensorrt,tensorrt,tensorrt,34.95,34.95,28.2,28.62,5.06,8.41,13.469999999999999,1483.61,42.1,0.0,1483.61,42.1,0.0,51.35,41.61,1.68,94.64,0.8812,False,False
1780820900.4643068,archive_flood_1955_592765,archive_flood_1955_592765.mp4,280,50.0,640,480,combined,detect_combined,Flooded,deeplabv3plus,False,False,0,tensorrt,tensorrt,tensorrt,30.33,30.33,32.59,32.97,5.44,11.25,16.69,1483.61,40.8,0.0,1483.61,40.8,0.0,51.35,41.61,1.68,94.64,0.9062,False,False
1780820900.5514128,archive_flood_1955_592765,archive_flood_1955_592765.mp4,281,50.0,640,480,combined,detect_combined,Flooded,deeplabv3plus,False,False,0,tensorrt,tensorrt,tensorrt,23.71,23.71,41.81,42.17,5.86,16.53,22.39,1483.61,43.4,0.0,1483.61,43.4,0.0,51.35,41.61,1.68,94.64,0.7836,False,False
1780820900.642574,archive_flood_1955_592765,archive_flood_1955_592765.mp4,282,50.0,640,480,combined,detect_combined,Flooded,deeplabv3plus,False,False,0,tensorrt,tensorrt,tensorrt,23.94,23.94,41.36,41.77,7.07,12.26,19.33,1483.61,43.6,0.0,1483.61,43.6,0.0,51.35,41.61,1.68,94.64,0.7008,False,False
1780820900.7480714,archive_flood_1955_592765,archive_flood_1955_592765.mp4,283,50.0,640,480,combined,detect_combined,Flooded,deeplabv3plus,False,False,0,tensorrt,tensorrt,tensorrt,21.78,21.78,45.49,45.91,8.49,18.02,26.509999999999998,1483.61,31.7,0.0,1483.61,31.7,0.0,51.35,41.61,1.68,94.64,0.4732,False,False
1780820900.845404,archive_flood_1955_592765,archive_flood_1955_592765.mp4,284,50.0,640,480,combined,detect_combined,Flooded,deeplabv3plus,False,False,0,tensorrt,tensorrt,tensorrt,24.07,24.07,41.15,41.54,5.91,13.37,19.28,1483.61,32.7,0.0,1483.61,32.7,0.0,51.35,41.61,1.68,94.64,0.7573,False,False
1780820900.9453375,archive_flood_1955_592765,archive_flood_1955_592765.mp4,285,50.0,640,480,combined,detect_combined,Flooded,deeplabv3plus,False,False,0,tensorrt,tensorrt,tensorrt,21.54,21.54,46.02,46.43,6.91,12.72,19.630000000000003,1483.61,33.9,0.0,1483.61,33.9,0.0,51.35,41.61,1.68,94.64,0.7686,False,False
1780820901.0403042,archive_flood_1955_592765,archive_flood_1955_592765.mp4,286,50.0,640,480,combined,detect_combined,Flooded,deeplabv3plus,False,False,0,tensorrt,tensorrt,tensorrt,23.07,23.07,42.93,43.34,6.57,14.98,21.55,1483.61,30.9,0.0,1483.61,30.9,0.0,51.35,41.61,1.68,94.64,0.6832,False,False
1780820901.150004,archive_flood_1955_592765,archive_flood_1955_592765.mp4,287,50.0,640,480,combined,detect_combined,Flooded,deeplabv3plus,False,False,0,tensorrt,tensorrt,tensorrt,18.95,18.95,52.35,52.76,6.36,19.26,25.62,1483.6,31.7,0.0,1483.6,31.7,0.0,51.35,41.61,1.68,94.64,0.5343,False,False
1780820901.2698734,archive_flood_1955_592765,archive_flood_1955_592765.mp4,288,50.0,640,480,combined,detect_combined,Flooded,deeplabv3plus,False,False,0,tensorrt,tensorrt,tensorrt,18.3,18.3,54.23,54.65,12.23,20.4,32.629999999999995,1483.6,37.7,0.0,1483.6,37.7,0.0,51.35,41.61,1.68,94.64,0.7088,False,False
1780820901.3714502,archive_flood_1955_592765,archive_flood_1955_592765.mp4,289,50.0,640,480,combined,detect_combined,Flooded,deeplabv3plus,False,False,0,tensorrt,tensorrt,tensorrt,23.42,23.42,42.29,42.7,5.66,15.6,21.259999999999998,1483.6,51.7,0.0,1483.6,51.7,0.0,51.35,41.61,1.68,94.64,0.9895,False,False
1780820901.4786646,archive_flood_1955_592765,archive_flood_1955_592765.mp4,290,50.0,640,480,combined,detect_combined,Flooded,deeplabv3plus,False,False,0,tensorrt,tensorrt,tensorrt,18.62,18.62,53.27,53.71,8.0,20.79,28.79,1483.6,44.4,0.0,1483.6,44.4,0.0,51.35,41.61,1.68,94.64,0.992,False,False
1780820901.5775993,archive_flood_1955_592765,archive_flood_1955_592765.mp4,291,50.0,640,480,combined,detect_combined,Flooded,deeplabv3plus,False,False,0,tensorrt,tensorrt,tensorrt,25.82,25.82,38.37,38.74,6.35,19.71,26.060000000000002,1483.6,42.9,0.0,1483.6,42.9,0.0,51.35,41.61,1.68,94.64,0.9124,False,False
1780820901.6764777,archive_flood_1955_592765,archive_flood_1955_592765.mp4,292,50.0,640,480,combined,detect_combined,Flooded,deeplabv3plus,False,False,0,tensorrt,tensorrt,tensorrt,19.26,19.26,51.47,51.92,6.66,20.46,27.12,1483.6,44.8,0.0,1483.6,44.8,0.0,51.35,41.61,1.68,94.64,0.7432,False,False
1780820901.777244,archive_flood_1955_592765,archive_flood_1955_592765.mp4,293,50.0,640,480,combined,detect_combined,Flooded,deeplabv3plus,False,False,0,tensorrt,tensorrt,tensorrt,22.86,22.86,43.34,43.74,6.05,18.2,24.25,1483.6,30.0,0.0,1483.6,30.0,0.0,51.35,41.61,1.68,94.64,0.7265,False,False
1780820901.8943417,archive_flood_1955_592765,archive_flood_1955_592765.mp4,294,50.0,640,480,combined,detect_combined,Flooded,deeplabv3plus,False,False,0,tensorrt,tensorrt,tensorrt,18.2,18.2,54.55,54.94,7.22,24.63,31.849999999999998,1483.6,35.7,0.0,1483.6,35.7,0.0,51.35,41.61,1.68,94.64,0.9313,False,False
1780820902.0159733,archive_flood_1955_592765,archive_flood_1955_592765.mp4,295,50.0,640,480,combined,detect_combined,Flooded,deeplabv3plus,False,False,0,tensorrt,tensorrt,tensorrt,19.08,19.08,52.02,52.41,14.99,19.96,34.95,1483.6,30.1,0.0,1483.6,30.1,0.0,51.35,41.61,1.68,94.64,0.8764,False,False
1780820902.1494744,archive_flood_1955_592765,archive_flood_1955_592765.mp4,296,50.0,640,480,combined,detect_combined,Flooded,deeplabv3plus,False,False,0,tensorrt,tensorrt,tensorrt,13.55,13.55,73.38,73.78,7.37,20.89,28.26,1483.6,34.2,0.0,1483.6,34.2,0.0,51.35,41.61,1.68,94.64,0.7316,False,False
1780820902.256151,archive_flood_1955_592765,archive_flood_1955_592765.mp4,297,50.0,640,480,combined,detect_combined,Flooded,deeplabv3plus,False,False,0,tensorrt,tensorrt,tensorrt,23.68,23.68,41.82,42.22,7.13,17.5,24.63,1483.6,36.1,0.0,1483.6,36.1,0.0,51.35,41.61,1.68,94.64,0.4824,False,False
1780820902.3658302,archive_flood_1955_592765,archive_flood_1955_592765.mp4,298,50.0,640,480,combined,detect_combined,Flooded,deeplabv3plus,False,False,0,tensorrt,tensorrt,tensorrt,20.54,20.54,48.28,48.69,6.76,19.39,26.15,1483.6,35.3,0.0,1483.6,35.3,0.0,51.35,41.61,1.68,94.64,0.7026,False,False
1780820902.4707367,archive_flood_1955_592765,archive_flood_1955_592765.mp4,299,50.0,640,480,combined,detect_combined,Flooded,deeplabv3plus,False,False,0,tensorrt,tensorrt,tensorrt,25.41,25.41,38.99,39.36,5.85,16.92,22.770000000000003,1483.6,36.1,0.0,1483.6,36.1,0.0,51.35,41.61,1.68,94.64,0.6063,False,False
1780820902.5658166,archive_flood_1955_592765,archive_flood_1955_592765.mp4,300,50.0,640,480,combined,detect_combined,Flooded,deeplabv3plus,False,False,0,tensorrt,tensorrt,tensorrt,18.34,18.34,54.19,54.52,8.62,18.1,26.72,1483.6,69.0,0.0,1483.6,69.0,0.0,51.35,41.61,1.68,94.64,0.6244,False,False
1780820902.631158,archive_flood_1955_592765,archive_flood_1955_592765.mp4,301,50.0,640,480,combined,detect_combined,Flooded,deeplabv3plus,False,False,0,tensorrt,tensorrt,tensorrt,34.66,34.66,28.54,28.85,4.76,8.84,13.6,1483.6,73.0,0.0,1483.6,73.0,0.0,51.35,41.61,1.68,94.64,0.5764,False,False
1780820902.7179422,archive_flood_1955_592765,archive_flood_1955_592765.mp4,302,50.0,640,480,combined,detect_combined,Flooded,deeplabv3plus,False,False,0,tensorrt,tensorrt,tensorrt,20.91,20.91,47.47,47.82,6.56,21.36,27.919999999999998,1483.59,79.6,0.0,1483.59,79.6,0.0,51.35,41.61,1.68,94.64,0.7449,False,False
1780820902.803842,archive_flood_1955_592765,archive_flood_1955_592765.mp4,303,50.0,640,480,combined,detect_combined,Flooded,deeplabv3plus,False,False,0,tensorrt,tensorrt,tensorrt,27.54,27.54,34.12,36.32,5.75,9.77,15.52,1483.59,72.3,0.0,1483.59,72.3,0.0,51.35,41.61,1.68,94.64,0.9436,False,False
1780820902.8905492,archive_flood_1955_592765,archive_flood_1955_592765.mp4,304,50.0,640,480,combined,detect_combined,Flooded,deeplabv3plus,False,False,0,tensorrt,tensorrt,tensorrt,23.67,23.67,41.86,42.24,8.66,14.93,23.59,1483.59,78.0,0.0,1483.59,78.0,0.0,51.35,41.61,1.68,94.64,0.8739,False,False
1780820902.9794903,archive_flood_1955_592765,archive_flood_1955_592765.mp4,305,50.0,640,480,combined,detect_combined,Flooded,deeplabv3plus,False,False,0,tensorrt,tensorrt,tensorrt,20.56,20.56,47.99,48.63,10.64,20.43,31.07,1483.59,70.6,0.0,1483.59,70.6,0.0,51.35,41.61,1.68,94.64,0.9059,False,False
1780820903.0468152,archive_flood_1955_592765,archive_flood_1955_592765.mp4,306,50.0,640,480,combined,detect_combined,Flooded,deeplabv3plus,False,False,0,tensorrt,tensorrt,tensorrt,35.8,35.8,27.61,27.94,4.56,9.1,13.66,1483.59,63.2,0.0,1483.59,63.2,0.0,51.35,41.61,1.68,94.64,0.6978,False,False
1780820903.111566,archive_flood_1955_592765,archive_flood_1955_592765.mp4,307,50.0,640,480,combined,detect_combined,Flooded,deeplabv3plus,False,False,0,tensorrt,tensorrt,tensorrt,37.12,37.12,26.66,26.94,4.28,9.4,13.68,1483.59,63.2,0.0,1483.59,63.2,0.0,51.35,41.61,1.68,94.64,0.8055,False,False
1780820903.1738167,archive_flood_1955_592765,archive_flood_1955_592765.mp4,308,50.0,640,480,combined,detect_combined,Flooded,deeplabv3plus,False,False,0,tensorrt,tensorrt,tensorrt,39.38,39.38,25.07,25.4,4.54,11.13,15.670000000000002,1483.59,48.6,0.0,1483.59,48.6,0.0,51.35,41.61,1.68,94.64,0.2933,False,False
1780820903.2486866,archive_flood_1955_592765,archive_flood_1955_592765.mp4,309,50.0,640,480,combined,detect_combined,Flooded,deeplabv3plus,False,False,0,tensorrt,tensorrt,tensorrt,29.5,29.5,33.57,33.9,4.45,9.42,13.870000000000001,1483.59,56.8,0.0,1483.59,56.8,0.0,51.35,41.61,1.68,94.64,0.309,False,False
1780820903.316279,archive_flood_1955_592765,archive_flood_1955_592765.mp4,310,50.0,640,480,combined,detect_combined,Flooded,deeplabv3plus,False,False,0,tensorrt,tensorrt,tensorrt,30.91,30.91,32.04,32.36,6.62,15.78,22.4,1483.59,55.8,0.0,1483.59,55.8,0.0,51.35,41.61,1.68,94.64,0.3259,False,False
1780820903.403635,archive_flood_1955_592765,archive_flood_1955_592765.mp4,311,50.0,640,480,combined,detect_combined,Flooded,deeplabv3plus,False,False,0,tensorrt,tensorrt,tensorrt,20.9,20.9,47.47,47.84,5.03,17.6,22.630000000000003,1483.59,51.9,0.0,1483.59,51.9,0.0,51.35,41.61,1.68,94.64,0.3748,False,False
1780820903.4816978,archive_flood_1955_592765,archive_flood_1955_592765.mp4,312,50.0,640,480,combined,detect_combined,Flooded,deeplabv3plus,False,False,0,tensorrt,tensorrt,tensorrt,26.18,26.18,37.83,38.19,5.54,12.54,18.08,1483.59,43.2,0.0,1483.59,43.2,0.0,51.35,41.61,1.68,94.64,0.3869,False,False
1780820903.5666077,archive_flood_1955_592765,archive_flood_1955_592765.mp4,313,50.0,640,480,combined,detect_combined,Flooded,deeplabv3plus,False,False,0,tensorrt,tensorrt,tensorrt,25.53,25.53,38.82,39.17,5.34,12.93,18.27,1483.81,64.0,0.0,1483.81,64.0,0.0,51.35,41.61,1.68,94.64,0.3931,False,False
1780820903.634929,archive_flood_1955_592765,archive_flood_1955_592765.mp4,314,50.0,640,480,combined,detect_combined,Flooded,deeplabv3plus,False,False,0,tensorrt,tensorrt,tensorrt,27.13,27.13,36.53,36.86,5.1,12.52,17.619999999999997,1483.81,58.1,0.0,1483.81,58.1,0.0,51.35,41.61,1.68,94.64,0.4189,False,False
1780820903.7240407,archive_flood_1955_592765,archive_flood_1955_592765.mp4,315,50.0,640,480,combined,detect_combined,Flooded,deeplabv3plus,False,False,0,tensorrt,tensorrt,tensorrt,29.68,29.68,32.99,33.69,4.17,11.15,15.32,1483.81,81.1,0.0,1483.81,81.1,0.0,51.35,41.61,1.68,94.64,0.4114,False,False
1780820903.801852,archive_flood_1955_592765,archive_flood_1955_592765.mp4,316,50.0,640,480,combined,detect_combined,Flooded,deeplabv3plus,False,False,0,tensorrt,tensorrt,tensorrt,24.41,24.41,40.47,40.97,6.55,12.85,19.4,1483.81,59.6,0.0,1483.81,59.6,0.0,51.35,41.61,1.68,94.64,0.4183,False,False
1780820903.886774,archive_flood_1955_592765,archive_flood_1955_592765.mp4,317,50.0,640,480,combined,detect_combined,Flooded,deeplabv3plus,False,False,0,tensorrt,tensorrt,tensorrt,21.73,21.73,43.99,46.01,5.0,16.54,21.54,1483.81,64.6,0.0,1483.81,64.6,0.0,51.35,41.61,1.68,94.64,0.4171,False,False
1780820903.9676323,archive_flood_1955_592765,archive_flood_1955_592765.mp4,318,50.0,640,480,combined,detect_combined,Flooded,deeplabv3plus,False,False,0,tensorrt,tensorrt,tensorrt,26.02,26.02,37.98,38.43,9.83,13.13,22.96,1483.8,66.0,0.0,1483.8,66.0,0.0,51.35,41.61,1.68,94.64,0.4221,False,False
1780820904.0439556,archive_flood_1955_592765,archive_flood_1955_592765.mp4,319,50.0,640,480,combined,detect_combined,Flooded,deeplabv3plus,False,False,0,tensorrt,tensorrt,tensorrt,27.97,27.97,35.43,35.76,6.69,11.24,17.93,1483.8,66.7,0.0,1483.8,66.7,0.0,51.35,41.61,1.68,94.64,0.385,False,False
1780820904.1110587,archive_flood_1955_592765,archive_flood_1955_592765.mp4,320,50.0,640,480,combined,detect_combined,Flooded,deeplabv3plus,False,False,0,tensorrt,tensorrt,tensorrt,32.62,32.62,30.32,30.66,8.39,7.84,16.23,1483.8,66.7,0.0,1483.8,66.7,0.0,51.35,41.61,1.68,94.64,0.4077,False,False
1780820904.188213,archive_flood_1955_592765,archive_flood_1955_592765.mp4,321,50.0,640,480,combined,detect_combined,Flooded,deeplabv3plus,False,False,0,tensorrt,tensorrt,tensorrt,25.1,25.1,39.16,39.84,4.71,13.96,18.67,1483.8,65.2,0.0,1483.8,65.2,0.0,51.35,41.61,1.68,94.64,0.4402,False,False
1780820904.262798,archive_flood_1955_592765,archive_flood_1955_592765.mp4,322,50.0,640,480,combined,detect_combined,Flooded,deeplabv3plus,False,False,0,tensorrt,tensorrt,tensorrt,26.22,26.22,37.61,38.14,4.6,13.07,17.67,1483.8,64.4,0.0,1483.8,64.4,0.0,51.35,41.61,1.68,94.64,0.4256,False,False
1780820904.3351338,archive_flood_1955_592765,archive_flood_1955_592765.mp4,323,50.0,640,480,combined,detect_combined,Flooded,deeplabv3plus,False,False,0,tensorrt,tensorrt,tensorrt,28.56,28.56,34.68,35.01,4.57,12.68,17.25,1483.8,60.0,0.0,1483.8,60.0,0.0,51.35,41.61,1.68,94.64,0.4026,False,False
1780820904.3998072,archive_flood_1955_592765,archive_flood_1955_592765.mp4,324,50.0,640,480,combined,detect_combined,Flooded,deeplabv3plus,False,False,0,tensorrt,tensorrt,tensorrt,36.03,36.03,27.43,27.76,5.91,9.06,14.97,1483.8,68.4,0.0,1483.8,68.4,0.0,51.35,41.61,1.68,94.64,0.4142,False,False
1780820904.4739947,archive_flood_1955_592765,archive_flood_1955_592765.mp4,325,50.0,640,480,combined,detect_combined,Flooded,deeplabv3plus,False,False,0,tensorrt,tensorrt,tensorrt,26.84,26.84,36.83,37.26,4.43,12.59,17.02,1483.8,64.3,0.0,1483.8,64.3,0.0,51.35,41.61,1.68,94.64,0.4199,False,False
1780820904.5493805,archive_flood_1955_592765,archive_flood_1955_592765.mp4,326,50.0,640,480,combined,detect_combined,Flooded,deeplabv3plus,False,False,0,tensorrt,tensorrt,tensorrt,27.5,27.5,36.02,36.37,4.57,12.35,16.92,1483.8,52.2,0.0,1483.8,52.2,0.0,51.35,41.61,1.68,94.64,0.3931,False,False
1780820904.659559,archive_flood_1955_592765,archive_flood_1955_592765.mp4,327,50.0,640,480,combined,detect_combined,Flooded,deeplabv3plus,False,False,0,tensorrt,tensorrt,tensorrt,17.62,17.62,56.42,56.75,7.28,22.0,29.28,1483.8,49.2,0.0,1483.8,49.2,0.0,51.35,41.61,1.68,94.64,0.4021,False,False
1780820904.7356567,archive_flood_1955_592765,archive_flood_1955_592765.mp4,328,50.0,640,480,combined,detect_combined,Flooded,deeplabv3plus,False,False,0,tensorrt,tensorrt,tensorrt,32.97,32.97,30.02,30.33,5.86,11.68,17.54,1483.8,53.3,0.0,1483.8,53.3,0.0,51.35,41.61,1.68,94.64,0.3849,False,False
1780820904.811422,archive_flood_1955_592765,archive_flood_1955_592765.mp4,329,50.0,640,480,combined,detect_combined,Flooded,deeplabv3plus,False,False,0,tensorrt,tensorrt,tensorrt,29.33,29.33,33.68,34.1,5.55,12.46,18.01,1483.8,46.7,0.0,1483.8,46.7,0.0,51.35,41.61,1.68,94.64,0.4207,False,False
1780820904.8917673,archive_flood_1955_592765,archive_flood_1955_592765.mp4,330,50.0,640,480,combined,detect_combined,Flooded,deeplabv3plus,False,False,0,tensorrt,tensorrt,tensorrt,26.51,26.51,37.38,37.72,5.8,12.42,18.22,1483.79,47.9,0.0,1483.79,47.9,0.0,51.35,41.61,1.68,94.64,0.4216,False,False
1780820904.9746382,archive_flood_1955_592765,archive_flood_1955_592765.mp4,331,50.0,640,480,combined,detect_combined,Flooded,deeplabv3plus,False,False,0,tensorrt,tensorrt,tensorrt,31.49,31.49,31.4,31.75,6.68,11.22,17.9,1483.79,43.5,0.0,1483.79,43.5,0.0,51.35,41.61,1.68,94.64,0.4061,False,False
1780820905.053289,archive_flood_1955_592765,archive_flood_1955_592765.mp4,332,50.0,640,480,combined,detect_combined,Flooded,deeplabv3plus,False,False,0,tensorrt,tensorrt,tensorrt,27.85,27.85,35.58,35.9,5.39,11.17,16.56,1483.79,47.8,0.0,1483.79,47.8,0.0,51.35,41.61,1.68,94.64,0.3931,False,False
1780820905.1234205,archive_flood_1955_592765,archive_flood_1955_592765.mp4,333,50.0,640,480,combined,detect_combined,Flooded,deeplabv3plus,False,False,0,tensorrt,tensorrt,tensorrt,29.27,29.27,33.82,34.16,5.65,10.01,15.66,1483.79,53.7,0.0,1483.79,53.7,0.0,51.35,41.61,1.68,94.64,0.3635,False,False
1780820905.1898115,archive_flood_1955_592765,archive_flood_1955_592765.mp4,334,50.0,640,480,combined,detect_combined,Flooded,deeplabv3plus,False,False,0,tensorrt,tensorrt,tensorrt,30.86,30.86,32.08,32.4,5.88,11.37,17.25,1483.79,48.6,0.0,1483.79,48.6,0.0,51.35,41.61,1.68,94.64,0.364,False,False
1780820905.2744436,archive_flood_1955_592765,archive_flood_1955_592765.mp4,335,50.0,640,480,combined,detect_combined,Flooded,deeplabv3plus,False,False,0,tensorrt,tensorrt,tensorrt,24.09,24.09,41.09,41.52,6.44,13.38,19.82,1483.79,66.0,0.0,1483.79,66.0,0.0,51.35,41.61,1.68,94.64,0.3685,False,False
1780820905.3417072,archive_flood_1955_592765,archive_flood_1955_592765.mp4,336,50.0,640,480,combined,detect_combined,Flooded,deeplabv3plus,False,False,0,tensorrt,tensorrt,tensorrt,35.45,35.45,27.9,28.21,4.3,7.66,11.96,1483.79,66.7,0.0,1483.79,66.7,0.0,51.35,41.61,1.68,94.64,0.3514,False,False
1780820905.409142,archive_flood_1955_592765,archive_flood_1955_592765.mp4,337,50.0,640,480,combined,detect_combined,Flooded,deeplabv3plus,False,False,0,tensorrt,tensorrt,tensorrt,32.62,32.62,30.31,30.66,5.41,9.15,14.56,1483.79,64.1,0.0,1483.79,64.1,0.0,51.35,41.61,1.68,94.64,0.4016,False,False
1780820905.4775145,archive_flood_1955_592765,archive_flood_1955_592765.mp4,338,50.0,640,480,combined,detect_combined,Flooded,deeplabv3plus,False,False,0,tensorrt,tensorrt,tensorrt,32.29,32.29,30.6,30.97,4.75,8.86,13.61,1483.79,65.8,0.0,1483.79,65.8,0.0,51.35,41.61,1.68,94.64,0.4054,False,False
1780820905.5602593,archive_flood_1955_592765,archive_flood_1955_592765.mp4,339,50.0,640,480,combined,detect_combined,Flooded,deeplabv3plus,False,False,0,tensorrt,tensorrt,tensorrt,27.37,27.37,36.1,36.54,5.2,8.51,13.71,1483.79,79.2,0.0,1483.79,79.2,0.0,51.35,41.61,1.68,94.64,0.4062,False,False
1780820905.630264,archive_flood_1955_592765,archive_flood_1955_592765.mp4,340,50.0,640,480,combined,detect_combined,Flooded,deeplabv3plus,False,False,0,tensorrt,tensorrt,tensorrt,27.99,27.99,35.17,35.73,6.22,10.49,16.71,1483.79,55.3,0.0,1483.79,55.3,0.0,51.35,41.61,1.68,94.64,0.4036,False,False
1780820905.705109,archive_flood_1955_592765,archive_flood_1955_592765.mp4,341,50.0,640,480,combined,detect_combined,Flooded,deeplabv3plus,False,False,0,tensorrt,tensorrt,tensorrt,24.91,24.91,39.83,40.15,4.3,15.62,19.919999999999998,1483.79,50.0,0.0,1483.79,50.0,0.0,51.35,41.61,1.68,94.64,0.4131,False,False
1780820905.773118,archive_flood_1955_592765,archive_flood_1955_592765.mp4,342,50.0,640,480,combined,detect_combined,Flooded,deeplabv3plus,False,False,0,tensorrt,tensorrt,tensorrt,29.64,29.64,33.42,33.74,5.67,9.12,14.79,1483.79,40.0,0.0,1483.79,40.0,0.0,51.35,41.61,1.68,94.64,0.4175,False,False
1780820905.8544781,archive_flood_1955_592765,archive_flood_1955_592765.mp4,343,50.0,640,480,combined,detect_combined,Flooded,deeplabv3plus,False,False,0,tensorrt,tensorrt,tensorrt,30.04,30.04,32.94,33.29,4.43,12.24,16.67,1483.78,48.9,0.0,1483.78,48.9,0.0,51.35,41.61,1.68,94.64,0.3977,False,False
1780820905.9343104,archive_flood_1955_592765,archive_flood_1955_592765.mp4,344,50.0,640,480,combined,detect_combined,Flooded,deeplabv3plus,False,False,0,tensorrt,tensorrt,tensorrt,28.81,28.81,34.34,34.72,5.22,12.43,17.65,1483.78,50.0,0.0,1483.78,50.0,0.0,51.35,41.61,1.68,94.64,0.3934,False,False
1780820906.0251992,archive_flood_1955_592765,archive_flood_1955_592765.mp4,345,50.0,640,480,combined,detect_combined,Flooded,deeplabv3plus,False,False,0,tensorrt,tensorrt,tensorrt,28.79,28.79,34.38,34.73,7.18,10.44,17.619999999999997,1483.78,49.0,0.0,1483.78,49.0,0.0,51.35,41.61,1.68,94.64,0.3821,False,False
1780820906.1089165,archive_flood_1955_592765,archive_flood_1955_592765.mp4,346,50.0,640,480,combined,detect_combined,Flooded,deeplabv3plus,False,False,0,tensorrt,tensorrt,tensorrt,24.11,24.11,41.14,41.48,5.25,14.12,19.369999999999997,1483.78,63.8,0.0,1483.78,63.8,0.0,51.35,41.61,1.68,94.64,0.3951,False,False
1780820906.1744857,archive_flood_1955_592765,archive_flood_1955_592765.mp4,347,50.0,640,480,combined,detect_combined,Flooded,deeplabv3plus,False,False,0,tensorrt,tensorrt,tensorrt,34.53,34.53,28.64,28.96,4.3,8.2,12.5,1483.78,60.0,0.0,1483.78,60.0,0.0,51.35,41.61,1.68,94.64,0.3992,False,False
1780820906.2420447,archive_flood_1955_592765,archive_flood_1955_592765.mp4,348,50.0,640,480,combined,detect_combined,Flooded,deeplabv3plus,False,False,0,tensorrt,tensorrt,tensorrt,29.86,29.86,33.18,33.49,4.7,9.31,14.010000000000002,1483.78,59.0,0.0,1483.78,59.0,0.0,51.35,41.61,1.68,94.64,0.3945,False,False
1780820906.3173168,archive_flood_1955_592765,archive_flood_1955_592765.mp4,349,50.0,640,480,combined,detect_combined,Flooded,deeplabv3plus,False,False,0,tensorrt,tensorrt,tensorrt,31.44,31.44,31.49,31.81,4.94,11.9,16.84,1483.78,56.8,0.0,1483.78,56.8,0.0,51.35,41.61,1.68,94.64,0.4024,False,False
1780820906.3843055,archive_flood_1955_592765,archive_flood_1955_592765.mp4,350,50.0,640,480,combined,detect_combined,Flooded,deeplabv3plus,False,False,0,tensorrt,tensorrt,tensorrt,31.78,31.78,31.09,31.46,4.14,9.27,13.41,1483.78,47.5,0.0,1483.78,47.5,0.0,51.35,41.61,1.68,94.64,0.406,False,False
1780820906.4600666,archive_flood_1955_592765,archive_flood_1955_592765.mp4,351,50.0,640,480,combined,detect_combined,Flooded,deeplabv3plus,False,False,0,tensorrt,tensorrt,tensorrt,26.49,26.49,37.4,37.75,5.6,12.76,18.36,1483.78,55.6,0.0,1483.78,55.6,0.0,51.35,41.61,1.68,94.64,0.3939,False,False
1780820906.525914,archive_flood_1955_592765,archive_flood_1955_592765.mp4,352,50.0,640,480,combined,detect_combined,Flooded,deeplabv3plus,False,False,0,tensorrt,tensorrt,tensorrt,35.71,35.71,27.58,28.0,4.14,7.76,11.899999999999999,1483.78,55.6,0.0,1483.78,55.6,0.0,51.35,41.61,1.68,94.64,0.3793,False,False
1780820906.6020539,archive_flood_1955_592765,archive_flood_1955_592765.mp4,353,50.0,640,480,combined,detect_combined,Flooded,deeplabv3plus,False,False,0,tensorrt,tensorrt,tensorrt,34.22,34.22,28.82,29.22,4.44,10.97,15.41,1483.78,65.1,0.0,1483.78,65.1,0.0,51.35,41.61,1.68,94.64,0.4275,False,False
1780820906.6821566,archive_flood_1955_592765,archive_flood_1955_592765.mp4,354,50.0,640,480,combined,detect_combined,Flooded,deeplabv3plus,False,False,0,tensorrt,tensorrt,tensorrt,25.17,25.17,39.4,39.73,4.79,9.34,14.129999999999999,1483.78,72.3,0.0,1483.78,72.3,0.0,51.35,41.61,1.68,94.64,0.431,False,False
1780820906.7680466,archive_flood_1955_592765,archive_flood_1955_592765.mp4,355,50.0,640,480,combined,detect_combined,Flooded,deeplabv3plus,False,False,0,tensorrt,tensorrt,tensorrt,34.47,34.47,28.67,29.01,5.82,11.69,17.509999999999998,1483.78,75.0,0.0,1483.78,75.0,0.0,51.35,41.61,1.68,94.64,0.4223,False,False
1780820906.8436995,archive_flood_1955_592765,archive_flood_1955_592765.mp4,356,50.0,640,480,combined,detect_combined,Flooded,deeplabv3plus,False,False,0,tensorrt,tensorrt,tensorrt,26.68,26.68,36.78,37.48,5.66,13.85,19.509999999999998,1483.78,65.1,0.0,1483.78,65.1,0.0,51.35,41.61,1.68,94.64,0.4302,False,False
1780820906.9171727,archive_flood_1955_592765,archive_flood_1955_592765.mp4,357,50.0,640,480,combined,detect_combined,Flooded,deeplabv3plus,False,False,0,tensorrt,tensorrt,tensorrt,30.3,30.3,32.7,33.01,4.28,11.15,15.43,1483.78,68.2,0.0,1483.78,68.2,0.0,51.35,41.61,1.68,94.64,0.4171,False,False
1780820906.987973,archive_flood_1955_592765,archive_flood_1955_592765.mp4,358,50.0,640,480,combined,detect_combined,Flooded,deeplabv3plus,False,False,0,tensorrt,tensorrt,tensorrt,32.81,32.81,30.14,30.48,4.22,7.92,12.14,1483.78,54.8,0.0,1483.78,54.8,0.0,51.35,41.61,1.68,94.64,0.3936,False,False
1780820907.0630314,archive_flood_1955_592765,archive_flood_1955_592765.mp4,359,50.0,640,480,combined,detect_combined,Flooded,deeplabv3plus,False,False,0,tensorrt,tensorrt,tensorrt,28.48,28.48,34.79,35.12,4.81,12.43,17.24,1483.77,42.5,0.0,1483.77,42.5,0.0,51.35,41.61,1.68,94.64,0.403,False,False
1780820907.1514747,archive_flood_1955_592765,archive_flood_1955_592765.mp4,360,50.0,640,480,combined,detect_combined,Flooded,deeplabv3plus,False,False,0,tensorrt,tensorrt,tensorrt,25.4,25.4,39.01,39.37,5.29,15.64,20.93,1483.77,49.4,0.0,1483.77,49.4,0.0,51.35,41.61,1.68,94.64,0.4017,False,False
1780820907.2323895,archive_flood_1955_592765,archive_flood_1955_592765.mp4,361,50.0,640,480,combined,detect_combined,Flooded,deeplabv3plus,False,False,0,tensorrt,tensorrt,tensorrt,25.39,25.39,39.06,39.38,6.35,14.31,20.66,1483.77,58.3,0.0,1483.77,58.3,0.0,51.35,41.61,1.68,94.64,0.4134,False,False
1780820907.3019466,archive_flood_1955_592765,archive_flood_1955_592765.mp4,362,50.0,640,480,combined,detect_combined,Flooded,deeplabv3plus,False,False,0,tensorrt,tensorrt,tensorrt,28.04,28.04,35.31,35.66,6.11,11.55,17.66,1483.77,55.8,0.0,1483.77,55.8,0.0,51.35,41.61,1.68,94.64,0.4016,False,False
1780820907.3736029,archive_flood_1955_592765,archive_flood_1955_592765.mp4,363,50.0,640,480,combined,detect_combined,Flooded,deeplabv3plus,False,False,0,tensorrt,tensorrt,tensorrt,35.0,35.0,28.26,28.58,4.05,10.36,14.41,1483.77,48.8,0.0,1483.77,48.8,0.0,51.35,41.61,1.68,94.64,0.3893,False,False
1780820907.45088,archive_flood_1955_592765,archive_flood_1955_592765.mp4,364,50.0,640,480,combined,detect_combined,Flooded,deeplabv3plus,False,False,0,tensorrt,tensorrt,tensorrt,27.7,27.7,35.76,36.1,5.01,11.66,16.67,1483.77,53.5,0.0,1483.77,53.5,0.0,51.35,41.61,1.68,94.64,0.3704,False,False
1780820907.5299652,archive_flood_1955_592765,archive_flood_1955_592765.mp4,365,50.0,640,480,combined,detect_combined,Flooded,deeplabv3plus,False,False,0,tensorrt,tensorrt,tensorrt,26.12,26.12,37.9,38.28,6.13,15.7,21.83,1483.77,53.3,0.0,1483.77,53.3,0.0,51.35,41.61,1.68,94.64,0.3652,False,False
1780820907.6023374,archive_flood_1955_592765,archive_flood_1955_592765.mp4,366,50.0,640,480,combined,detect_combined,Flooded,deeplabv3plus,False,False,0,tensorrt,tensorrt,tensorrt,26.54,26.54,37.33,37.67,5.64,11.52,17.16,1483.77,52.4,0.0,1483.77,52.4,0.0,51.35,41.61,1.68,94.64,0.3978,False,False
1780820907.6858172,archive_flood_1955_592765,archive_flood_1955_592765.mp4,367,50.0,640,480,combined,detect_combined,Flooded,deeplabv3plus,False,False,0,tensorrt,tensorrt,tensorrt,30.01,30.01,33.0,33.32,4.39,11.89,16.28,1483.77,44.9,0.0,1483.77,44.9,0.0,51.35,41.61,1.68,94.64,0.4087,False,False
1780820907.759597,archive_flood_1955_592765,archive_flood_1955_592765.mp4,368,50.0,640,480,combined,detect_combined,Flooded,deeplabv3plus,False,False,0,tensorrt,tensorrt,tensorrt,26.66,26.66,37.17,37.51,4.49,15.48,19.97,1483.77,46.5,0.0,1483.77,46.5,0.0,51.35,41.61,1.68,94.64,0.4224,False,False
1780820907.8381858,archive_flood_1955_592765,archive_flood_1955_592765.mp4,369,50.0,640,480,combined,detect_combined,Flooded,deeplabv3plus,False,False,0,tensorrt,tensorrt,tensorrt,24.33,24.33,40.74,41.11,7.42,12.09,19.509999999999998,1483.77,46.7,0.0,1483.77,46.7,0.0,51.35,41.61,1.68,94.64,0.3868,False,False
1780820907.9139903,archive_flood_1955_592765,archive_flood_1955_592765.mp4,370,50.0,640,480,combined,detect_combined,Flooded,deeplabv3plus,False,False,0,tensorrt,tensorrt,tensorrt,31.31,31.31,31.57,31.93,5.06,9.24,14.3,1483.77,51.1,0.0,1483.77,51.1,0.0,51.35,41.61,1.68,94.64,0.3788,False,False
1780820907.9999864,archive_flood_1955_592765,archive_flood_1955_592765.mp4,371,50.0,640,480,combined,detect_combined,Flooded,deeplabv3plus,False,False,0,tensorrt,tensorrt,tensorrt,26.31,26.31,37.66,38.01,10.76,11.82,22.58,1483.77,62.7,0.0,1483.77,62.7,0.0,51.35,41.61,1.68,94.64,0.3669,False,False
1780820908.065648,archive_flood_1955_592765,archive_flood_1955_592765.mp4,372,50.0,640,480,combined,detect_combined,Flooded,deeplabv3plus,False,False,0,tensorrt,tensorrt,tensorrt,37.77,37.77,26.05,26.47,4.26,8.63,12.89,1483.77,59.0,0.0,1483.77,59.0,0.0,51.35,41.61,1.68,94.64,0.3551,False,False
1780820908.1465504,archive_flood_1955_592765,archive_flood_1955_592765.mp4,373,50.0,640,480,combined,detect_combined,Flooded,deeplabv3plus,False,False,0,tensorrt,tensorrt,tensorrt,26.24,26.24,37.79,38.12,4.62,13.51,18.13,1483.77,63.8,0.0,1483.77,63.8,0.0,51.35,41.61,1.68,94.64,0.3649,False,False
1780820908.2204773,archive_flood_1955_592765,archive_flood_1955_592765.mp4,374,50.0,640,480,combined,detect_combined,Flooded,deeplabv3plus,False,False,0,tensorrt,tensorrt,tensorrt,25.69,25.69,38.59,38.93,6.83,11.2,18.03,1483.77,58.7,0.0,1483.77,58.7,0.0,51.35,41.61,1.68,94.64,0.3803,False,False
1780820908.288932,archive_flood_1955_592765,archive_flood_1955_592765.mp4,375,50.0,640,480,combined,detect_combined,Flooded,deeplabv3plus,False,False,0,tensorrt,tensorrt,tensorrt,32.35,32.35,30.58,30.91,4.24,7.68,11.92,1483.77,64.1,0.0,1483.77,64.1,0.0,51.35,41.61,1.68,94.64,0.3929,False,False
1780820908.360893,archive_flood_1955_592765,archive_flood_1955_592765.mp4,376,50.0,640,480,combined,detect_combined,Flooded,deeplabv3plus,False,False,0,tensorrt,tensorrt,tensorrt,29.29,29.29,33.72,34.14,4.47,9.97,14.440000000000001,1483.77,61.9,0.0,1483.77,61.9,0.0,51.35,41.61,1.68,94.64,0.4151,False,False
1780820908.4183595,archive_flood_1955_592765,archive_flood_1955_592765.mp4,377,50.0,640,480,combined,detect_combined,Flooded,deeplabv3plus,False,False,0,tensorrt,tensorrt,tensorrt,40.08,40.08,24.63,24.95,4.05,8.84,12.89,1483.77,60.6,0.0,1483.77,60.6,0.0,51.35,41.61,1.68,94.64,0.4575,False,False
1780820908.4750605,archive_flood_1955_592765,archive_flood_1955_592765.mp4,378,50.0,640,480,combined,detect_combined,Flooded,deeplabv3plus,False,False,0,tensorrt,tensorrt,tensorrt,38.48,38.48,25.66,25.99,4.73,10.02,14.75,1483.77,50.0,0.0,1483.77,50.0,0.0,51.35,41.61,1.68,94.64,0.4603,False,False
1780820908.5389154,archive_flood_1955_592765,archive_flood_1955_592765.mp4,379,50.0,640,480,combined,detect_combined,Flooded,deeplabv3plus,False,False,0,tensorrt,tensorrt,tensorrt,33.06,33.06,29.94,30.24,4.31,10.35,14.66,1483.76,52.6,0.0,1483.76,52.6,0.0,51.35,41.61,1.68,94.64,0.4744,False,False
1780820908.6125765,archive_flood_1955_592765,archive_flood_1955_592765.mp4,380,50.0,640,480,combined,detect_combined,Flooded,deeplabv3plus,False,False,0,tensorrt,tensorrt,tensorrt,26.44,26.44,37.47,37.81,7.8,10.45,18.25,1483.76,65.1,0.0,1483.76,65.1,0.0,51.35,41.61,1.68,94.64,0.4628,False,False
1780820908.6900556,archive_flood_1955_592765,archive_flood_1955_592765.mp4,381,50.0,640,480,combined,detect_combined,Flooded,deeplabv3plus,False,False,0,tensorrt,tensorrt,tensorrt,25.22,25.22,39.32,39.64,4.7,10.25,14.95,1483.76,60.5,0.0,1483.76,60.5,0.0,51.35,41.61,1.68,94.64,0.4476,False,False
1780820908.755126,archive_flood_1955_592765,archive_flood_1955_592765.mp4,382,50.0,640,480,combined,detect_combined,Flooded,deeplabv3plus,False,False,0,tensorrt,tensorrt,tensorrt,36.02,36.02,27.39,27.76,4.77,10.11,14.879999999999999,1483.76,66.7,0.0,1483.76,66.7,0.0,51.35,41.61,1.68,94.64,0.4227,False,False
1780820908.8238494,archive_flood_1955_592765,archive_flood_1955_592765.mp4,383,50.0,640,480,combined,detect_combined,Flooded,deeplabv3plus,False,False,0,tensorrt,tensorrt,tensorrt,31.58,31.58,31.28,31.67,4.13,8.87,13.0,1483.76,53.8,0.0,1483.76,53.8,0.0,51.35,41.61,1.68,94.64,0.2609,False,False
1780820908.8992455,archive_flood_1955_592765,archive_flood_1955_592765.mp4,384,50.0,640,480,combined,detect_combined,Flooded,deeplabv3plus,False,False,0,tensorrt,tensorrt,tensorrt,30.21,30.21,32.77,33.11,4.53,12.08,16.61,1483.76,41.9,0.0,1483.76,41.9,0.0,51.35,41.61,1.68,94.64,0.5798,False,False
1780820908.975027,archive_flood_1955_592765,archive_flood_1955_592765.mp4,385,50.0,640,480,combined,detect_combined,Flooded,deeplabv3plus,False,False,0,tensorrt,tensorrt,tensorrt,26.92,26.92,36.8,37.15,4.84,13.91,18.75,1483.76,46.8,0.0,1483.76,46.8,0.0,51.35,41.61,1.68,94.64,0.5796,False,False
1780820909.0487864,archive_flood_1955_592765,archive_flood_1955_592765.mp4,386,50.0,640,480,combined,detect_combined,Flooded,deeplabv3plus,False,False,0,tensorrt,tensorrt,tensorrt,32.55,32.55,30.36,30.72,5.17,11.26,16.43,1483.76,39.0,0.0,1483.76,39.0,0.0,51.35,41.61,1.68,94.64,0.6101,False,False
1780820909.122017,archive_flood_1955_592765,archive_flood_1955_592765.mp4,387,50.0,640,480,combined,detect_combined,Flooded,deeplabv3plus,False,False,0,tensorrt,tensorrt,tensorrt,30.27,30.27,32.74,33.03,5.24,10.05,15.290000000000001,1483.76,30.0,0.0,1483.76,30.0,0.0,51.35,41.61,1.68,94.64,0.6525,False,False
1780820909.1925673,archive_flood_1955_592765,archive_flood_1955_592765.mp4,388,50.0,640,480,combined,detect_combined,Flooded,deeplabv3plus,False,False,0,tensorrt,tensorrt,tensorrt,30.15,30.15,32.82,33.17,5.29,9.69,14.98,1483.76,35.0,0.0,1483.76,35.0,0.0,51.35,41.61,1.68,94.64,0.6193,False,False
1780820909.2729704,archive_flood_1955_592765,archive_flood_1955_592765.mp4,389,50.0,640,480,combined,detect_combined,Flooded,deeplabv3plus,False,False,0,tensorrt,tensorrt,tensorrt,28.04,28.04,35.32,35.67,4.88,11.23,16.11,1483.76,44.7,0.0,1483.76,44.7,0.0,51.35,41.61,1.68,94.64,0.5716,False,False
1780820909.3450744,archive_flood_1955_592765,archive_flood_1955_592765.mp4,390,50.0,640,480,combined,detect_combined,Flooded,deeplabv3plus,False,False,0,tensorrt,tensorrt,tensorrt,29.05,29.05,34.09,34.42,6.55,9.67,16.22,1483.76,50.0,0.0,1483.76,50.0,0.0,51.35,41.61,1.68,94.64,0.5917,False,False
1780820909.4209442,archive_flood_1955_592765,archive_flood_1955_592765.mp4,391,50.0,640,480,combined,detect_combined,Flooded,deeplabv3plus,False,False,0,tensorrt,tensorrt,tensorrt,28.1,28.1,35.0,35.59,5.84,10.14,15.98,1483.76,48.8,0.0,1483.76,48.8,0.0,51.35,41.61,1.68,94.64,0.6362,False,False
1780820909.4984143,archive_flood_1955_592765,archive_flood_1955_592765.mp4,392,50.0,640,480,combined,detect_combined,Flooded,deeplabv3plus,False,False,0,tensorrt,tensorrt,tensorrt,29.07,29.07,33.93,34.4,5.76,10.35,16.11,1483.76,46.5,0.0,1483.76,46.5,0.0,51.35,41.61,1.68,94.64,0.6461,False,False
1780820909.5733411,archive_flood_1955_592765,archive_flood_1955_592765.mp4,393,50.0,640,480,combined,detect_combined,Flooded,deeplabv3plus,False,False,0,tensorrt,tensorrt,tensorrt,31.78,31.78,31.13,31.47,6.8,10.83,17.63,1483.76,48.9,0.0,1483.76,48.9,0.0,51.35,41.61,1.68,94.64,0.5521,False,False
1780820909.6697195,archive_flood_1955_592765,archive_flood_1955_592765.mp4,394,50.0,640,480,combined,detect_combined,Flooded,deeplabv3plus,False,False,0,tensorrt,tensorrt,tensorrt,24.89,24.89,39.83,40.18,5.06,14.2,19.259999999999998,1483.76,53.0,0.0,1483.76,53.0,0.0,51.35,41.61,1.68,94.64,0.6101,False,False
1780820909.7434819,archive_flood_1955_592765,archive_flood_1955_592765.mp4,395,50.0,640,480,combined,detect_combined,Flooded,deeplabv3plus,False,False,0,tensorrt,tensorrt,tensorrt,28.29,28.29,35.01,35.35,5.6,9.81,15.41,1483.75,38.1,0.0,1483.75,38.1,0.0,51.35,41.61,1.68,94.64,0.6128,False,False
1780820909.8115246,archive_flood_1955_592765,archive_flood_1955_592765.mp4,396,50.0,640,480,combined,detect_combined,Flooded,deeplabv3plus,False,False,0,tensorrt,tensorrt,tensorrt,31.0,31.0,31.79,32.25,5.53,10.26,15.79,1483.75,37.5,0.0,1483.75,37.5,0.0,51.35,41.61,1.68,94.64,0.6702,False,False
1780820909.8756402,archive_flood_1955_592765,archive_flood_1955_592765.mp4,397,50.0,640,480,combined,detect_combined,Flooded,deeplabv3plus,False,False,0,tensorrt,tensorrt,tensorrt,41.67,41.67,23.69,24.0,4.86,9.37,14.23,1483.75,28.6,0.0,1483.75,28.6,0.0,51.35,41.61,1.68,94.64,0.6301,False,False
1780820909.9673471,archive_flood_1955_592765,archive_flood_1955_592765.mp4,398,50.0,640,480,combined,detect_combined,Flooded,deeplabv3plus,False,False,0,tensorrt,tensorrt,tensorrt,20.95,20.95,47.4,47.73,5.62,17.83,23.45,1483.75,60.4,0.0,1483.75,60.4,0.0,51.35,41.61,1.68,94.64,0.6876,False,False
1780820910.0475678,archive_flood_1955_592765,archive_flood_1955_592765.mp4,399,50.0,640,480,combined,detect_combined,Flooded,deeplabv3plus,False,False,0,tensorrt,tensorrt,tensorrt,21.85,21.85,44.09,45.77,4.84,17.92,22.76,1483.75,68.9,0.0,1483.75,68.9,0.0,51.35,41.61,1.68,94.64,0.6666,False,False
1780820910.1292226,archive_flood_1955_592765,archive_flood_1955_592765.mp4,400,50.0,640,480,combined,detect_combined,Flooded,deeplabv3plus,False,False,0,tensorrt,tensorrt,tensorrt,26.5,26.5,37.29,37.73,9.56,11.56,21.12,1483.75,70.2,0.0,1483.75,70.2,0.0,51.35,41.61,1.68,94.64,0.6269,False,False
1780820910.204213,archive_flood_1955_592765,archive_flood_1955_592765.mp4,401,50.0,640,480,combined,detect_combined,Flooded,deeplabv3plus,False,False,0,tensorrt,tensorrt,tensorrt,27.45,27.45,36.05,36.42,4.56,13.56,18.12,1483.75,64.6,0.0,1483.75,64.6,0.0,51.35,41.61,1.68,94.64,0.6123,False,False
1780820910.2922487,archive_flood_1955_592765,archive_flood_1955_592765.mp4,402,50.0,640,480,combined,detect_combined,Flooded,deeplabv3plus,False,False,0,tensorrt,tensorrt,tensorrt,23.13,23.13,42.91,43.23,7.53,19.81,27.34,1483.75,65.4,0.0,1483.75,65.4,0.0,51.35,41.61,1.68,94.64,0.6015,False,False
1780820910.3723783,archive_flood_1955_592765,archive_flood_1955_592765.mp4,403,50.0,640,480,combined,detect_combined,Flooded,deeplabv3plus,False,False,0,tensorrt,tensorrt,tensorrt,27.74,27.74,35.26,36.05,7.85,13.04,20.89,1483.75,53.2,0.0,1483.75,53.2,0.0,51.35,41.61,1.68,94.64,0.6311,False,False
1780820910.4476287,archive_flood_1955_592765,archive_flood_1955_592765.mp4,404,50.0,640,480,combined,detect_combined,Flooded,deeplabv3plus,False,False,0,tensorrt,tensorrt,tensorrt,27.58,27.58,35.83,36.26,5.72,10.66,16.38,1483.75,58.1,0.0,1483.75,58.1,0.0,51.35,41.61,1.68,94.64,0.5446,False,False
1780820910.5162718,archive_flood_1955_592765,archive_flood_1955_592765.mp4,405,50.0,640,480,combined,detect_combined,Flooded,deeplabv3plus,False,False,0,tensorrt,tensorrt,tensorrt,32.31,32.31,30.58,30.95,4.44,10.95,15.39,1483.75,81.0,0.0,1483.75,81.0,0.0,51.35,41.61,1.68,94.64,0.5356,False,False
1780820910.5859883,archive_flood_1955_592765,archive_flood_1955_592765.mp4,406,50.0,640,480,combined,detect_combined,Flooded,deeplabv3plus,False,False,0,tensorrt,tensorrt,tensorrt,34.58,34.58,28.61,28.92,5.22,10.83,16.05,1483.75,68.3,0.0,1483.75,68.3,0.0,51.35,41.61,1.68,94.64,0.5453,False,False
1780820910.6658533,archive_flood_1955_592765,archive_flood_1955_592765.mp4,407,50.0,640,480,combined,detect_combined,Flooded,deeplabv3plus,False,False,0,tensorrt,tensorrt,tensorrt,22.84,22.84,43.41,43.77,10.22,10.99,21.21,1483.75,70.2,0.0,1483.75,70.2,0.0,51.35,41.61,1.68,94.64,0.6282,False,False
1780820910.729712,archive_flood_1955_592765,archive_flood_1955_592765.mp4,408,50.0,640,480,combined,detect_combined,Flooded,deeplabv3plus,False,False,0,tensorrt,tensorrt,tensorrt,36.62,36.62,26.98,27.31,4.66,13.35,18.009999999999998,1483.75,77.5,0.0,1483.75,77.5,0.0,51.35,41.61,1.68,94.64,0.6352,False,False
1780820910.80821,archive_flood_1955_592765,archive_flood_1955_592765.mp4,409,50.0,640,480,combined,detect_combined,Flooded,deeplabv3plus,False,False,0,tensorrt,tensorrt,tensorrt,25.18,25.18,38.46,39.72,4.5,13.09,17.59,1483.75,69.6,0.0,1483.75,69.6,0.0,51.35,41.61,1.68,94.64,0.5748,False,False
1780820910.861378,archive_flood_1955_592765,archive_flood_1955_592765.mp4,410,50.0,640,480,combined,detect_combined,Flooded,deeplabv3plus,False,False,0,tensorrt,tensorrt,tensorrt,47.86,47.86,20.59,20.9,3.88,6.8,10.68,1483.74,62.1,0.0,1483.74,62.1,0.0,51.35,41.61,1.68,94.64,0.5725,False,False
1780820910.939088,archive_flood_1955_592765,archive_flood_1955_592765.mp4,411,50.0,640,480,combined,detect_combined,Flooded,deeplabv3plus,False,False,0,tensorrt,tensorrt,tensorrt,26.91,26.91,36.82,37.17,5.24,9.11,14.35,1483.74,76.6,0.0,1483.74,76.6,0.0,51.35,41.61,1.68,94.64,0.629,False,False
1780820911.0116365,archive_flood_1955_592765,archive_flood_1955_592765.mp4,412,50.0,640,480,combined,detect_combined,Flooded,deeplabv3plus,False,False,0,tensorrt,tensorrt,tensorrt,30.51,30.51,32.25,32.78,4.73,9.32,14.05,1483.74,68.9,0.0,1483.74,68.9,0.0,51.35,41.61,1.68,94.64,0.65,False,False
1780820911.0939388,archive_flood_1955_592765,archive_flood_1955_592765.mp4,413,50.0,640,480,combined,detect_combined,Flooded,deeplabv3plus,False,False,0,tensorrt,tensorrt,tensorrt,23.11,23.11,42.97,43.27,5.21,14.53,19.74,1483.74,86.7,0.0,1483.74,86.7,0.0,51.35,41.61,1.68,94.64,0.5739,False,False
1780820911.1791227,archive_flood_1955_592765,archive_flood_1955_592765.mp4,414,50.0,640,480,combined,detect_combined,Flooded,deeplabv3plus,False,False,0,tensorrt,tensorrt,tensorrt,26.79,26.79,36.97,37.33,5.9,8.93,14.83,1483.74,74.0,0.0,1483.74,74.0,0.0,51.35,41.61,1.68,94.64,0.5583,False,False
1780820911.2542806,archive_flood_1955_592765,archive_flood_1955_592765.mp4,415,50.0,640,480,combined,detect_combined,Flooded,deeplabv3plus,False,False,0,tensorrt,tensorrt,tensorrt,29.41,29.41,33.69,34.0,4.75,9.37,14.12,1483.74,65.2,0.0,1483.74,65.2,0.0,51.35,41.61,1.68,94.64,0.5518,False,False
1780820911.3135486,archive_flood_1955_592765,archive_flood_1955_592765.mp4,416,50.0,640,480,combined,detect_combined,Flooded,deeplabv3plus,False,False,0,tensorrt,tensorrt,tensorrt,39.44,39.44,25.01,25.35,4.96,9.49,14.45,1483.74,45.5,0.0,1483.74,45.5,0.0,51.35,41.61,1.68,94.64,0.6179,False,False
1780820911.3931255,archive_flood_1955_592765,archive_flood_1955_592765.mp4,417,50.0,640,480,combined,detect_combined,Flooded,deeplabv3plus,False,False,0,tensorrt,tensorrt,tensorrt,23.65,23.65,41.93,42.28,5.31,16.77,22.08,1483.74,47.8,0.0,1483.74,47.8,0.0,51.35,41.61,1.68,94.64,0.6185,False,False
1780820911.4742346,archive_flood_1955_592765,archive_flood_1955_592765.mp4,418,50.0,640,480,combined,detect_combined,Flooded,deeplabv3plus,False,False,0,tensorrt,tensorrt,tensorrt,27.14,27.14,36.48,36.84,5.42,12.35,17.77,1483.74,53.1,0.0,1483.74,53.1,0.0,51.35,41.61,1.68,94.64,0.571,False,False
1780820911.5544775,archive_flood_1955_592765,archive_flood_1955_592765.mp4,419,50.0,640,480,combined,detect_combined,Flooded,deeplabv3plus,False,False,0,tensorrt,tensorrt,tensorrt,26.06,26.06,37.92,38.38,5.17,14.87,20.04,1483.74,47.9,0.0,1483.74,47.9,0.0,51.35,41.61,1.68,94.64,0.6524,False,False
1780820911.6389174,archive_flood_1955_592765,archive_flood_1955_592765.mp4,420,50.0,640,480,combined,detect_combined,Flooded,deeplabv3plus,False,False,0,tensorrt,tensorrt,tensorrt,24.6,24.6,40.24,40.65,5.39,17.76,23.150000000000002,1483.73,51.0,0.0,1483.73,51.0,0.0,51.35,41.61,1.68,94.64,0.6217,False,False
1780820911.707335,archive_flood_1955_592765,archive_flood_1955_592765.mp4,421,50.0,640,480,combined,detect_combined,Flooded,deeplabv3plus,False,False,0,tensorrt,tensorrt,tensorrt,36.39,36.39,27.15,27.48,4.25,7.62,11.870000000000001,1483.73,53.7,0.0,1483.73,53.7,0.0,51.35,41.61,1.68,94.64,0.5824,False,False
1780820911.7737236,archive_flood_1955_592765,archive_flood_1955_592765.mp4,422,50.0,640,480,combined,detect_combined,Flooded,deeplabv3plus,False,False,0,tensorrt,tensorrt,tensorrt,34.71,34.71,28.48,28.81,4.59,8.24,12.83,1483.73,44.4,0.0,1483.73,44.4,0.0,51.35,41.61,1.68,94.64,0.6171,False,False
1780820911.8512676,archive_flood_1955_592765,archive_flood_1955_592765.mp4,423,50.0,640,480,combined,detect_combined,Flooded,deeplabv3plus,False,False,0,tensorrt,tensorrt,tensorrt,27.82,27.82,35.65,35.95,5.64,13.49,19.13,1483.73,41.9,0.0,1483.73,41.9,0.0,51.35,41.61,1.68,94.64,0.6275,False,False
1780820911.93422,archive_flood_1955_592765,archive_flood_1955_592765.mp4,424,50.0,640,480,combined,detect_combined,Flooded,deeplabv3plus,False,False,0,tensorrt,tensorrt,tensorrt,30.22,30.22,32.73,33.09,5.4,11.39,16.79,1483.73,56.5,0.0,1483.73,56.5,0.0,51.35,41.61,1.68,94.64,0.5794,False,False
1780820912.0117226,archive_flood_1955_592765,archive_flood_1955_592765.mp4,425,50.0,640,480,combined,detect_combined,Flooded,deeplabv3plus,False,False,0,tensorrt,tensorrt,tensorrt,27.3,27.3,36.3,36.63,7.93,12.0,19.93,1483.73,61.9,0.0,1483.73,61.9,0.0,51.35,41.61,1.68,94.64,0.5786,False,False
1780820912.087123,archive_flood_1955_592765,archive_flood_1955_592765.mp4,426,50.0,640,480,combined,detect_combined,Flooded,deeplabv3plus,False,False,0,tensorrt,tensorrt,tensorrt,25.93,25.93,38.17,38.56,4.68,15.09,19.77,1483.73,59.5,0.0,1483.73,59.5,0.0,51.35,41.61,1.68,94.64,0.5624,False,False
1780820912.1851454,archive_flood_1955_592765,archive_flood_1955_592765.mp4,427,50.0,640,480,combined,detect_combined,Flooded,deeplabv3plus,False,False,0,tensorrt,tensorrt,tensorrt,26.4,26.4,37.55,37.88,6.02,14.7,20.72,1483.73,60.8,0.0,1483.73,60.8,0.0,51.35,41.61,1.68,94.64,0.6308,False,False
1780820912.2568214,archive_flood_1955_592765,archive_flood_1955_592765.mp4,428,50.0,640,480,combined,detect_combined,Flooded,deeplabv3plus,False,False,0,tensorrt,tensorrt,tensorrt,29.03,29.03,34.1,34.45,5.96,8.98,14.940000000000001,1483.73,61.9,0.0,1483.73,61.9,0.0,51.35,41.61,1.68,94.64,0.5628,False,False
1780820912.3301501,archive_flood_1955_592765,archive_flood_1955_592765.mp4,429,50.0,640,480,combined,detect_combined,Flooded,deeplabv3plus,False,False,0,tensorrt,tensorrt,tensorrt,26.59,26.59,37.27,37.61,4.73,17.32,22.05,1483.73,60.0,0.0,1483.73,60.0,0.0,51.35,41.61,1.68,94.64,0.6169,False,False
1780820912.4017313,archive_flood_1955_592765,archive_flood_1955_592765.mp4,430,50.0,640,480,combined,detect_combined,Flooded,deeplabv3plus,False,False,0,tensorrt,tensorrt,tensorrt,28.35,28.35,34.95,35.28,4.95,12.15,17.1,1483.73,54.8,0.0,1483.73,54.8,0.0,51.35,41.61,1.68,94.64,0.6463,False,False
1780820912.4722073,archive_flood_1955_592765,archive_flood_1955_592765.mp4,431,50.0,640,480,combined,detect_combined,Flooded,deeplabv3plus,False,False,0,tensorrt,tensorrt,tensorrt,29.52,29.52,33.55,33.88,5.36,10.27,15.629999999999999,1483.73,43.9,0.0,1483.73,43.9,0.0,51.35,41.61,1.68,94.64,0.6205,False,False
1780820912.5461376,archive_flood_1955_592765,archive_flood_1955_592765.mp4,432,50.0,640,480,combined,detect_combined,Flooded,deeplabv3plus,False,False,0,tensorrt,tensorrt,tensorrt,30.0,30.0,32.97,33.33,7.29,11.68,18.97,1483.73,47.7,0.0,1483.73,47.7,0.0,51.35,41.61,1.68,94.64,0.6148,False,False
1780820912.6218317,archive_flood_1955_592765,archive_flood_1955_592765.mp4,433,50.0,640,480,combined,detect_combined,Flooded,deeplabv3plus,False,False,0,tensorrt,tensorrt,tensorrt,30.72,30.72,32.22,32.56,4.9,9.56,14.46,1483.73,53.5,0.0,1483.73,53.5,0.0,51.35,41.61,1.68,94.64,0.6122,False,False
1780820912.6843038,archive_flood_1955_592765,archive_flood_1955_592765.mp4,434,50.0,640,480,combined,detect_combined,Flooded,deeplabv3plus,False,False,0,tensorrt,tensorrt,tensorrt,35.9,35.9,27.41,27.86,5.27,8.56,13.83,1483.73,60.0,0.0,1483.73,60.0,0.0,51.35,41.61,1.68,94.64,0.5967,False,False
1780820912.7775528,archive_flood_1955_592765,archive_flood_1955_592765.mp4,435,50.0,640,480,combined,detect_combined,Flooded,deeplabv3plus,False,False,0,tensorrt,tensorrt,tensorrt,22.06,22.06,44.97,45.34,5.2,17.49,22.689999999999998,1483.72,66.7,0.0,1483.72,66.7,0.0,51.35,41.61,1.68,94.64,0.5908,False,False
1780820912.8515666,archive_flood_1955_592765,archive_flood_1955_592765.mp4,436,50.0,640,480,combined,detect_combined,Flooded,deeplabv3plus,False,False,0,tensorrt,tensorrt,tensorrt,28.79,28.79,34.31,34.73,5.53,10.68,16.21,1483.72,52.3,0.0,1483.72,52.3,0.0,51.35,41.61,1.68,94.64,0.5968,False,False
1780820912.920889,archive_flood_1955_592765,archive_flood_1955_592765.mp4,437,50.0,640,480,combined,detect_combined,Flooded,deeplabv3plus,False,False,0,tensorrt,tensorrt,tensorrt,33.86,33.86,29.18,29.54,4.73,8.84,13.57,1483.72,51.3,0.0,1483.72,51.3,0.0,51.35,41.61,1.68,94.64,0.5843,False,False
1780820913.005648,archive_flood_1955_592765,archive_flood_1955_592765.mp4,438,50.0,640,480,combined,detect_combined,Flooded,deeplabv3plus,False,False,0,tensorrt,tensorrt,tensorrt,25.44,25.44,38.95,39.32,6.57,13.71,20.28,1483.72,43.7,0.0,1483.72,43.7,0.0,51.35,41.61,1.68,94.64,0.5972,False,False
1780820913.0893452,archive_flood_1955_592765,archive_flood_1955_592765.mp4,439,50.0,640,480,combined,detect_combined,Flooded,deeplabv3plus,False,False,0,tensorrt,tensorrt,tensorrt,31.64,31.64,30.91,31.61,6.8,12.16,18.96,1483.72,35.4,0.0,1483.72,35.4,0.0,51.35,41.61,1.68,94.64,0.5806,False,False
1780820913.1659524,archive_flood_1955_592765,archive_flood_1955_592765.mp4,440,50.0,640,480,combined,detect_combined,Flooded,deeplabv3plus,False,False,0,tensorrt,tensorrt,tensorrt,29.42,29.42,33.67,33.99,4.65,9.45,14.1,1483.72,33.3,0.0,1483.72,33.3,0.0,51.35,41.61,1.68,94.64,0.5966,False,False
1780820913.2277555,archive_flood_1955_592765,archive_flood_1955_592765.mp4,441,50.0,640,480,combined,detect_combined,Flooded,deeplabv3plus,False,False,0,tensorrt,tensorrt,tensorrt,34.35,34.35,28.78,29.11,5.02,9.9,14.92,1483.72,38.9,0.0,1483.72,38.9,0.0,51.35,41.61,1.68,94.64,0.6162,False,False
1780820913.2884984,archive_flood_1955_592765,archive_flood_1955_592765.mp4,442,50.0,640,480,combined,detect_combined,Flooded,deeplabv3plus,False,False,0,tensorrt,tensorrt,tensorrt,40.83,40.83,23.97,24.49,5.16,9.65,14.81,1483.72,50.0,0.0,1483.72,50.0,0.0,51.35,41.61,1.68,94.64,0.616,False,False
1780820913.3679504,archive_flood_1955_592765,archive_flood_1955_592765.mp4,443,50.0,640,480,combined,detect_combined,Flooded,deeplabv3plus,False,False,0,tensorrt,tensorrt,tensorrt,25.02,25.02,39.64,39.97,5.4,14.65,20.05,1483.72,59.1,0.0,1483.72,59.1,0.0,51.35,41.61,1.68,94.64,0.6339,False,False
1780820913.43835,archive_flood_1955_592765,archive_flood_1955_592765.mp4,444,50.0,640,480,combined,detect_combined,Flooded,deeplabv3plus,False,False,0,tensorrt,tensorrt,tensorrt,28.87,28.87,34.2,34.64,5.48,10.66,16.14,1483.72,61.0,0.0,1483.72,61.0,0.0,51.35,41.61,1.68,94.64,0.554,False,False
1780820913.5166502,archive_flood_1955_592765,archive_flood_1955_592765.mp4,445,50.0,640,480,combined,detect_combined,Flooded,deeplabv3plus,False,False,0,tensorrt,tensorrt,tensorrt,26.5,26.5,37.0,37.74,4.93,11.35,16.28,1483.72,55.3,0.0,1483.72,55.3,0.0,51.35,41.61,1.68,94.64,0.5498,False,False
1780820913.5867603,archive_flood_1955_592765,archive_flood_1955_592765.mp4,446,50.0,640,480,combined,detect_combined,Flooded,deeplabv3plus,False,False,0,tensorrt,tensorrt,tensorrt,31.82,31.82,31.08,31.42,4.6,9.16,13.76,1483.72,51.3,0.0,1483.72,51.3,0.0,51.35,41.61,1.68,94.64,0.5976,False,False
1780820913.6676486,archive_flood_1955_592765,archive_flood_1955_592765.mp4,447,50.0,640,480,combined,detect_combined,Flooded,deeplabv3plus,False,False,0,tensorrt,tensorrt,tensorrt,25.21,25.21,39.33,39.67,4.94,14.45,19.39,1483.72,46.8,0.0,1483.72,46.8,0.0,51.35,41.61,1.68,94.64,0.6479,False,False
1780820913.7534995,archive_flood_1955_592765,archive_flood_1955_592765.mp4,448,50.0,640,480,combined,detect_combined,Flooded,deeplabv3plus,False,False,0,tensorrt,tensorrt,tensorrt,25.92,25.92,38.11,38.58,5.55,11.63,17.18,1483.72,49.0,0.0,1483.72,49.0,0.0,51.35,41.61,1.68,94.64,0.6226,False,False
1780820913.8437374,archive_flood_1955_592765,archive_flood_1955_592765.mp4,449,50.0,640,480,combined,detect_combined,Flooded,deeplabv3plus,False,False,0,tensorrt,tensorrt,tensorrt,23.2,23.2,42.72,43.1,8.18,18.15,26.33,1483.72,40.4,0.0,1483.72,40.4,0.0,51.35,41.61,1.68,94.64,0.6003,False,False
1780820913.9463975,archive_flood_1955_592765,archive_flood_1955_592765.mp4,450,50.0,640,480,combined,detect_combined,Flooded,deeplabv3plus,False,False,0,tensorrt,tensorrt,tensorrt,22.89,22.89,43.3,43.69,6.18,17.97,24.15,1483.72,31.0,0.0,1483.72,31.0,0.0,51.35,41.61,1.68,94.64,0.595,False,False
1780820914.05935,archive_flood_1955_592765,archive_flood_1955_592765.mp4,451,50.0,640,480,combined,detect_combined,Flooded,deeplabv3plus,False,False,0,tensorrt,tensorrt,tensorrt,21.65,21.65,45.82,46.19,7.68,18.52,26.2,1483.71,55.2,0.0,1483.71,55.2,0.0,51.35,41.61,1.68,94.64,0.6674,False,False
1780820914.142219,archive_flood_1955_592765,archive_flood_1955_592765.mp4,452,50.0,640,480,combined,detect_combined,Flooded,deeplabv3plus,False,False,0,tensorrt,tensorrt,tensorrt,24.45,24.45,40.53,40.91,4.67,13.27,17.939999999999998,1483.71,56.5,0.0,1483.71,56.5,0.0,51.35,41.61,1.68,94.64,0.6428,False,False
1780820914.2281895,archive_flood_1955_592765,archive_flood_1955_592765.mp4,453,50.0,640,480,combined,detect_combined,Flooded,deeplabv3plus,False,False,0,tensorrt,tensorrt,tensorrt,22.6,22.6,43.84,44.25,6.18,11.02,17.2,1483.71,62.5,0.0,1483.71,62.5,0.0,51.35,41.61,1.68,94.64,0.5742,False,False
1780820914.29991,archive_flood_1955_592765,archive_flood_1955_592765.mp4,454,50.0,640,480,combined,detect_combined,Flooded,deeplabv3plus,False,False,0,tensorrt,tensorrt,tensorrt,29.19,29.19,33.94,34.26,4.64,10.9,15.54,1483.71,60.0,0.0,1483.71,60.0,0.0,51.35,41.61,1.68,94.64,0.5658,False,False
1780820914.3724523,archive_flood_1955_592765,archive_flood_1955_592765.mp4,455,50.0,640,480,combined,detect_combined,Flooded,deeplabv3plus,False,False,0,tensorrt,tensorrt,tensorrt,27.85,27.85,35.6,35.91,4.39,10.79,15.18,1483.71,59.1,0.0,1483.71,59.1,0.0,51.35,41.61,1.68,94.64,0.5712,False,False
1780820914.4447603,archive_flood_1955_592765,archive_flood_1955_592765.mp4,456,50.0,640,480,combined,detect_combined,Flooded,deeplabv3plus,False,False,0,tensorrt,tensorrt,tensorrt,27.55,27.55,35.97,36.3,8.9,10.21,19.11,1483.71,45.2,0.0,1483.71,45.2,0.0,51.35,41.61,1.68,94.64,0.5943,False,False
1780820914.5112815,archive_flood_1955_592765,archive_flood_1955_592765.mp4,457,50.0,640,480,combined,detect_combined,Flooded,deeplabv3plus,False,False,0,tensorrt,tensorrt,tensorrt,34.66,34.66,28.55,28.85,4.33,7.36,11.690000000000001,1483.71,48.6,0.0,1483.71,48.6,0.0,51.35,41.61,1.68,94.64,0.5742,False,False
1780820914.584001,archive_flood_1955_592765,archive_flood_1955_592765.mp4,458,50.0,640,480,combined,detect_combined,Flooded,deeplabv3plus,False,False,0,tensorrt,tensorrt,tensorrt,31.1,31.1,31.85,32.15,4.91,9.76,14.67,1483.71,47.5,0.0,1483.71,47.5,0.0,51.35,41.61,1.68,94.64,0.6246,False,False
1780820914.6764934,archive_flood_1955_592765,archive_flood_1955_592765.mp4,459,50.0,640,480,combined,detect_combined,Flooded,deeplabv3plus,False,False,0,tensorrt,tensorrt,tensorrt,24.5,24.5,40.3,40.82,6.65,22.49,29.14,1483.71,52.3,0.0,1483.71,52.3,0.0,51.35,41.61,1.68,94.64,0.5598,False,False
1780820914.7430909,archive_flood_1955_592765,archive_flood_1955_592765.mp4,460,50.0,640,480,combined,detect_combined,Flooded,deeplabv3plus,False,False,0,tensorrt,tensorrt,tensorrt,31.56,31.56,31.28,31.69,4.43,10.19,14.62,1483.71,54.1,0.0,1483.71,54.1,0.0,51.35,41.61,1.68,94.64,0.5705,False,False
1780820914.8089457,archive_flood_1955_592765,archive_flood_1955_592765.mp4,461,50.0,640,480,combined,detect_combined,Flooded,deeplabv3plus,False,False,0,tensorrt,tensorrt,tensorrt,34.04,34.04,29.05,29.38,4.7,8.44,13.14,1483.71,54.8,0.0,1483.71,54.8,0.0,51.35,41.61,1.68,94.64,0.5286,False,False
1780820914.877571,archive_flood_1955_592765,archive_flood_1955_592765.mp4,462,50.0,640,480,combined,detect_combined,Flooded,deeplabv3plus,False,False,0,tensorrt,tensorrt,tensorrt,31.75,31.75,31.2,31.5,4.69,8.88,13.57,1483.71,48.8,0.0,1483.71,48.8,0.0,51.35,41.61,1.68,94.64,0.6005,False,False
1780820914.9419403,archive_flood_1955_592765,archive_flood_1955_592765.mp4,463,50.0,640,480,combined,detect_combined,Flooded,deeplabv3plus,False,False,0,tensorrt,tensorrt,tensorrt,30.52,30.52,32.3,32.77,4.34,10.05,14.39,1483.71,51.4,0.0,1483.71,51.4,0.0,51.35,41.61,1.68,94.64,0.6047,False,False
1780820915.0107126,archive_flood_1955_592765,archive_flood_1955_592765.mp4,464,50.0,640,480,combined,detect_combined,Flooded,deeplabv3plus,False,False,0,tensorrt,tensorrt,tensorrt,31.49,31.49,31.44,31.75,4.83,8.94,13.77,1483.71,41.0,0.0,1483.71,41.0,0.0,51.35,41.61,1.68,94.64,0.6357,False,False
1780820915.0780208,archive_flood_1955_592765,archive_flood_1955_592765.mp4,465,50.0,640,480,combined,detect_combined,Flooded,deeplabv3plus,False,False,0,tensorrt,tensorrt,tensorrt,31.48,31.48,31.39,31.77,4.75,9.11,13.86,1483.71,47.5,0.0,1483.71,47.5,0.0,51.35,41.61,1.68,94.64,0.6323,False,False
1780820915.1499853,archive_flood_1955_592765,archive_flood_1955_592765.mp4,466,50.0,640,480,combined,detect_combined,Flooded,deeplabv3plus,False,False,0,tensorrt,tensorrt,tensorrt,28.19,28.19,35.14,35.47,6.81,8.65,15.46,1483.71,54.8,0.0,1483.71,54.8,0.0,51.35,41.61,1.68,94.64,0.664,False,False
1780820915.2144344,archive_flood_1955_592765,archive_flood_1955_592765.mp4,467,50.0,640,480,combined,detect_combined,Flooded,deeplabv3plus,False,False,0,tensorrt,tensorrt,tensorrt,34.06,34.06,29.0,29.36,4.15,9.41,13.56,1483.71,47.4,0.0,1483.71,47.4,0.0,51.35,41.61,1.68,94.64,0.6476,False,False
1780820915.2906408,archive_flood_1955_592765,archive_flood_1955_592765.mp4,468,50.0,640,480,combined,detect_combined,Flooded,deeplabv3plus,False,False,0,tensorrt,tensorrt,tensorrt,28.83,28.83,34.38,34.69,4.92,13.99,18.91,1483.71,36.2,0.0,1483.71,36.2,0.0,51.35,41.61,1.68,94.64,0.5891,False,False
1780820915.3655772,archive_flood_1955_592765,archive_flood_1955_592765.mp4,469,50.0,640,480,combined,detect_combined,Flooded,deeplabv3plus,False,False,0,tensorrt,tensorrt,tensorrt,31.26,31.26,31.65,31.99,5.86,8.38,14.240000000000002,1483.71,34.1,0.0,1483.71,34.1,0.0,51.35,41.61,1.68,94.64,0.5903,False,False
1780820915.4400492,archive_flood_1955_592765,archive_flood_1955_592765.mp4,470,50.0,640,480,combined,detect_combined,Flooded,deeplabv3plus,False,False,0,tensorrt,tensorrt,tensorrt,28.49,28.49,34.76,35.09,4.91,11.07,15.98,1483.71,34.1,0.0,1483.71,34.1,0.0,51.35,41.61,1.68,94.64,0.5589,False,False
1780820915.5173268,archive_flood_1955_592765,archive_flood_1955_592765.mp4,471,50.0,640,480,combined,detect_combined,Flooded,deeplabv3plus,False,False,0,tensorrt,tensorrt,tensorrt,28.82,28.82,34.4,34.7,6.59,12.55,19.14,1483.71,32.6,0.0,1483.71,32.6,0.0,51.35,41.61,1.68,94.64,0.5582,False,False
1780820915.5889654,archive_flood_1955_592765,archive_flood_1955_592765.mp4,472,50.0,640,480,combined,detect_combined,Flooded,deeplabv3plus,False,False,0,tensorrt,tensorrt,tensorrt,28.49,28.49,34.79,35.09,4.71,11.56,16.27,1483.71,35.9,0.0,1483.71,35.9,0.0,51.35,41.61,1.68,94.64,0.6261,False,False
1780820915.645762,archive_flood_1955_592765,archive_flood_1955_592765.mp4,473,50.0,640,480,combined,detect_combined,Flooded,deeplabv3plus,False,False,0,tensorrt,tensorrt,tensorrt,43.43,43.43,22.7,23.02,4.7,7.86,12.56,1483.71,35.5,0.0,1483.71,35.5,0.0,51.35,41.61,1.68,94.64,0.6278,False,False
1780820915.7142274,archive_flood_1955_592765,archive_flood_1955_592765.mp4,474,50.0,640,480,combined,detect_combined,Flooded,deeplabv3plus,False,False,0,tensorrt,tensorrt,tensorrt,30.65,30.65,32.3,32.63,7.55,9.71,17.26,1483.71,40.0,0.0,1483.71,40.0,0.0,51.35,41.61,1.68,94.64,0.6326,False,False
1780820915.789969,archive_flood_1955_592765,archive_flood_1955_592765.mp4,475,50.0,640,480,combined,detect_combined,Flooded,deeplabv3plus,False,False,0,tensorrt,tensorrt,tensorrt,26.09,26.09,37.86,38.33,8.32,10.42,18.740000000000002,1483.71,47.7,0.0,1483.71,47.7,0.0,51.35,41.61,1.68,94.64,0.5822,False,False
1780820915.8596113,archive_flood_1955_592765,archive_flood_1955_592765.mp4,476,50.0,640,480,combined,detect_combined,Flooded,deeplabv3plus,False,False,0,tensorrt,tensorrt,tensorrt,30.72,30.72,32.19,32.55,6.56,8.49,15.05,1483.71,45.2,0.0,1483.71,45.2,0.0,51.35,41.61,1.68,94.64,0.5889,False,False
1780820915.9340525,archive_flood_1955_592765,archive_flood_1955_592765.mp4,477,50.0,640,480,combined,detect_combined,Flooded,deeplabv3plus,False,False,0,tensorrt,tensorrt,tensorrt,26.04,26.04,38.08,38.41,4.4,11.63,16.03,1483.71,45.2,0.0,1483.71,45.2,0.0,51.35,41.61,1.68,94.64,0.5903,False,False
1780820916.011219,archive_flood_1955_592765,archive_flood_1955_592765.mp4,478,50.0,640,480,combined,detect_combined,Flooded,deeplabv3plus,False,False,0,tensorrt,tensorrt,tensorrt,28.94,28.94,34.22,34.56,4.91,10.7,15.61,1483.71,60.5,0.0,1483.71,60.5,0.0,51.35,41.61,1.68,94.64,0.5879,False,False
1780820916.0808272,archive_flood_1955_592765,archive_flood_1955_592765.mp4,479,50.0,640,480,combined,detect_combined,Flooded,deeplabv3plus,False,False,0,tensorrt,tensorrt,tensorrt,26.88,26.88,36.87,37.2,4.9,12.34,17.240000000000002,1483.71,61.0,0.0,1483.71,61.0,0.0,51.35,41.61,1.68,94.64,0.6548,False,False
1780820916.1606004,archive_flood_1955_592765,archive_flood_1955_592765.mp4,480,50.0,640,480,combined,detect_combined,Flooded,deeplabv3plus,False,False,0,tensorrt,tensorrt,tensorrt,27.6,27.6,35.9,36.23,4.42,14.89,19.310000000000002,1483.71,58.1,0.0,1483.71,58.1,0.0,51.35,41.61,1.68,94.64,0.5409,False,False
1780820916.2541852,archive_flood_1955_592765,archive_flood_1955_592765.mp4,481,50.0,640,480,combined,detect_combined,Flooded,deeplabv3plus,False,False,0,tensorrt,tensorrt,tensorrt,20.62,20.62,48.11,48.5,4.45,14.0,18.45,1483.71,53.7,0.0,1483.71,53.7,0.0,51.35,41.61,1.68,94.64,0.5313,False,False
1780820916.330515,archive_flood_1955_592765,archive_flood_1955_592765.mp4,482,50.0,640,480,combined,detect_combined,Flooded,deeplabv3plus,False,False,0,tensorrt,tensorrt,tensorrt,29.14,29.14,33.87,34.31,5.42,9.76,15.18,1483.71,48.9,0.0,1483.71,48.9,0.0,51.35,41.61,1.68,94.64,0.6014,False,False
1780820916.411702,archive_flood_1955_592765,archive_flood_1955_592765.mp4,483,50.0,640,480,combined,detect_combined,Flooded,deeplabv3plus,False,False,0,tensorrt,tensorrt,tensorrt,24.67,24.67,40.17,40.54,5.48,14.36,19.84,1483.71,48.0,0.0,1483.71,48.0,0.0,51.35,41.61,1.68,94.64,0.6175,False,False
1780820916.50454,archive_flood_1955_592765,archive_flood_1955_592765.mp4,484,50.0,640,480,combined,detect_combined,Flooded,deeplabv3plus,False,False,0,tensorrt,tensorrt,tensorrt,27.2,27.2,36.3,36.76,5.74,14.78,20.52,1483.71,36.4,0.0,1483.71,36.4,0.0,51.35,41.61,1.68,94.64,0.5755,False,False
1780820916.7174566,archive_flood_1955_592765,archive_flood_1955_592765.mp4,485,50.0,640,480,combined,detect_combined,Flooded,deeplabv3plus,False,False,0,tensorrt,tensorrt,tensorrt,6.7,6.7,148.93,149.32,13.36,47.08,60.44,1483.95,45.5,0.0,1483.95,45.5,0.0,51.35,41.61,1.68,94.64,0.5468,False,False
