timestamp,video_id,video_name,frame_idx,sim_altitude_m,input_width,input_height,mode,active_tool,classification_label,primary_model,model_switch_occurred,segmentation_skipped,human_count,clf_backend,seg_backend,human_backend,fps,instant_fps,total_inference_ms,total_latency_ms,classification_ms,segmentation_ms,model_switch_latency_ms,memory_mb,cpu_percent,power_w,peak_memory_mb,peak_cpu_percent,peak_power_w,clf_load_ms,seg_load_ms,human_load_ms,model_load_total_ms,flood_ratio,warmup,session_first_frame
1780821983.4769216,archive_hollywood_flood_rescue_1938_589df8,archive_hollywood_flood_rescue_1938_589df8.mp4,0,50.0,640,480,combined,detect_combined,Flooded,deeplabv3plus,True,False,0,tensorrt,tensorrt,tensorrt,2.24,2.24,444.78,446.78,37.61,55.3,92.91,1231.42,0.0,6.78,1231.42,0.0,7.08,159.68,66.69,4.66,231.03,0.3586,False,True
1780821983.6046867,archive_hollywood_flood_rescue_1938_589df8,archive_hollywood_flood_rescue_1938_589df8.mp4,0,50.0,640,480,combined,detect_combined,Flooded,deeplabv3plus,True,False,0,tensorrt,tensorrt,tensorrt,18.4,18.4,53.92,54.35,11.19,19.35,30.54,1220.73,0.0,9.07,1220.73,0.0,9.07,45.55,52.37,0.98,98.9,0.3586,False,True
1780821983.6624112,archive_hollywood_flood_rescue_1938_589df8,archive_hollywood_flood_rescue_1938_589df8.mp4,1,50.0,640,480,combined,detect_combined,Flooded,deeplabv3plus,False,False,0,tensorrt,tensorrt,tensorrt,38.93,38.93,25.4,25.69,4.86,11.69,16.55,1221.23,38.2,9.07,1221.23,38.2,9.07,45.55,52.37,0.98,98.9,0.3717,False,False
1780821983.7379124,archive_hollywood_flood_rescue_1938_589df8,archive_hollywood_flood_rescue_1938_589df8.mp4,2,50.0,640,480,combined,detect_combined,Flooded,deeplabv3plus,False,False,0,tensorrt,tensorrt,tensorrt,22.29,22.29,44.45,44.85,9.75,16.42,26.17,1221.22,33.3,9.07,1221.22,33.3,9.07,45.55,52.37,0.98,98.9,0.426,False,False
1780821983.8101842,archive_hollywood_flood_rescue_1938_589df8,archive_hollywood_flood_rescue_1938_589df8.mp4,3,50.0,640,480,combined,detect_combined,Flooded,deeplabv3plus,False,False,0,tensorrt,tensorrt,tensorrt,31.95,31.95,30.89,31.3,6.58,12.35,18.93,1221.21,29.3,9.07,1221.21,29.3,9.07,45.55,52.37,0.98,98.9,0.3889,False,False
1780821983.8919497,archive_hollywood_flood_rescue_1938_589df8,archive_hollywood_flood_rescue_1938_589df8.mp4,4,50.0,640,480,combined,detect_combined,Flooded,deeplabv3plus,False,False,0,tensorrt,tensorrt,tensorrt,21.16,21.16,46.92,47.26,9.29,17.14,26.43,1221.46,31.1,9.07,1221.46,31.1,9.07,45.55,52.37,0.98,98.9,0.6297,False,False
1780821983.959613,archive_hollywood_flood_rescue_1938_589df8,archive_hollywood_flood_rescue_1938_589df8.mp4,5,50.0,640,480,combined,detect_combined,Flooded,deeplabv3plus,False,False,0,tensorrt,tensorrt,tensorrt,27.33,27.33,36.24,36.59,5.73,11.19,16.92,1221.44,32.4,9.07,1221.44,32.4,9.07,45.55,52.37,0.98,98.9,0.6302,False,False
1780821984.036202,archive_hollywood_flood_rescue_1938_589df8,archive_hollywood_flood_rescue_1938_589df8.mp4,6,50.0,640,480,combined,detect_combined,Flooded,deeplabv3plus,False,False,0,tensorrt,tensorrt,tensorrt,24.34,24.34,40.72,41.09,6.13,14.66,20.79,1221.43,39.5,9.07,1221.43,39.5,9.07,45.55,52.37,0.98,98.9,0.4316,False,False
1780821984.1132863,archive_hollywood_flood_rescue_1938_589df8,archive_hollywood_flood_rescue_1938_589df8.mp4,7,50.0,640,480,combined,detect_combined,Flooded,deeplabv3plus,False,False,0,tensorrt,tensorrt,tensorrt,25.89,25.89,38.26,38.62,6.72,15.21,21.93,1221.42,31.8,8.62,1221.42,31.8,9.07,45.55,52.37,0.98,98.9,0.3978,False,False
1780821984.202147,archive_hollywood_flood_rescue_1938_589df8,archive_hollywood_flood_rescue_1938_589df8.mp4,8,50.0,640,480,combined,detect_combined,Flooded,deeplabv3plus,False,False,0,tensorrt,tensorrt,tensorrt,23.06,23.06,42.89,43.36,8.07,22.84,30.91,1221.4,31.4,8.62,1221.4,31.4,9.07,45.55,52.37,0.98,98.9,0.5533,False,False
1780821984.2762482,archive_hollywood_flood_rescue_1938_589df8,archive_hollywood_flood_rescue_1938_589df8.mp4,9,50.0,640,480,combined,detect_combined,Flooded,deeplabv3plus,False,False,0,tensorrt,tensorrt,tensorrt,26.58,26.58,37.11,37.63,5.46,12.9,18.36,1221.39,31.8,8.62,1221.39,31.8,9.07,45.55,52.37,0.98,98.9,0.3885,False,False
1780821984.363322,archive_hollywood_flood_rescue_1938_589df8,archive_hollywood_flood_rescue_1938_589df8.mp4,10,50.0,640,480,combined,detect_combined,Flooded,deeplabv3plus,False,False,0,tensorrt,tensorrt,tensorrt,20.55,20.55,48.15,48.66,5.61,18.54,24.15,1221.38,32.1,8.62,1221.38,32.1,9.07,45.55,52.37,0.98,98.9,0.535,False,False
1780821984.4410686,archive_hollywood_flood_rescue_1938_589df8,archive_hollywood_flood_rescue_1938_589df8.mp4,11,50.0,640,480,combined,detect_combined,Flooded,deeplabv3plus,False,False,0,tensorrt,tensorrt,tensorrt,27.43,27.43,35.93,36.46,5.36,14.71,20.07,1221.37,40.0,8.62,1221.37,40.0,9.07,45.55,52.37,0.98,98.9,0.4707,False,False
1780821984.5235267,archive_hollywood_flood_rescue_1938_589df8,archive_hollywood_flood_rescue_1938_589df8.mp4,12,50.0,640,480,combined,detect_combined,Flooded,deeplabv3plus,False,False,0,tensorrt,tensorrt,tensorrt,23.0,23.0,43.12,43.49,6.12,19.88,26.0,1221.36,50.0,8.62,1221.36,50.0,9.07,45.55,52.37,0.98,98.9,0.5011,False,False
1780821984.6079237,archive_hollywood_flood_rescue_1938_589df8,archive_hollywood_flood_rescue_1938_589df8.mp4,13,50.0,640,480,combined,detect_combined,Flooded,deeplabv3plus,False,False,0,tensorrt,tensorrt,tensorrt,22.31,22.31,44.48,44.83,5.72,19.08,24.799999999999997,1221.34,56.9,8.62,1221.34,56.9,9.07,45.55,52.37,0.98,98.9,0.5526,False,False
1780821984.6809354,archive_hollywood_flood_rescue_1938_589df8,archive_hollywood_flood_rescue_1938_589df8.mp4,14,50.0,640,480,combined,detect_combined,Flooded,deeplabv3plus,False,False,0,tensorrt,tensorrt,tensorrt,27.16,27.16,36.5,36.82,5.56,14.59,20.15,1221.32,48.8,8.77,1221.32,48.8,9.07,45.55,52.37,0.98,98.9,0.5223,False,False
1780821984.753347,archive_hollywood_flood_rescue_1938_589df8,archive_hollywood_flood_rescue_1938_589df8.mp4,15,50.0,640,480,combined,detect_combined,Flooded,deeplabv3plus,False,False,0,tensorrt,tensorrt,tensorrt,28.92,28.92,33.9,34.57,4.42,15.09,19.509999999999998,1221.31,52.4,8.77,1221.31,52.4,9.07,45.55,52.37,0.98,98.9,0.613,False,False
1780821984.8328393,archive_hollywood_flood_rescue_1938_589df8,archive_hollywood_flood_rescue_1938_589df8.mp4,16,50.0,640,480,combined,detect_combined,Flooded,deeplabv3plus,False,False,0,tensorrt,tensorrt,tensorrt,23.39,23.39,42.21,42.75,6.49,15.98,22.47,1221.3,48.9,8.77,1221.3,48.9,9.07,45.55,52.37,0.98,98.9,0.4941,False,False
1780821984.910599,archive_hollywood_flood_rescue_1938_589df8,archive_hollywood_flood_rescue_1938_589df8.mp4,17,50.0,640,480,combined,detect_combined,Flooded,deeplabv3plus,False,False,0,tensorrt,tensorrt,tensorrt,23.62,23.62,41.98,42.34,5.54,17.27,22.81,1221.28,46.7,8.77,1221.28,46.7,9.07,45.55,52.37,0.98,98.9,0.5233,False,False
1780821984.985742,archive_hollywood_flood_rescue_1938_589df8,archive_hollywood_flood_rescue_1938_589df8.mp4,18,50.0,640,480,combined,detect_combined,Flooded,deeplabv3plus,False,False,0,tensorrt,tensorrt,tensorrt,26.65,26.65,36.85,37.52,4.86,16.23,21.09,1221.27,30.2,8.77,1221.27,30.2,9.07,45.55,52.37,0.98,98.9,0.4166,False,False
1780821985.0557096,archive_hollywood_flood_rescue_1938_589df8,archive_hollywood_flood_rescue_1938_589df8.mp4,19,50.0,640,480,combined,detect_combined,Flooded,deeplabv3plus,False,False,0,tensorrt,tensorrt,tensorrt,27.79,27.79,35.56,35.99,4.66,10.92,15.58,1221.26,41.5,8.77,1221.26,41.5,9.07,45.55,52.37,0.98,98.9,0.4532,False,False
1780821985.1236537,archive_hollywood_flood_rescue_1938_589df8,archive_hollywood_flood_rescue_1938_589df8.mp4,20,50.0,640,480,combined,detect_combined,Flooded,deeplabv3plus,False,False,0,tensorrt,tensorrt,tensorrt,24.88,24.88,39.85,40.19,5.38,13.14,18.52,1221.24,43.6,8.77,1221.24,43.6,9.07,45.55,52.37,0.98,98.9,0.421,False,False
1780821985.190202,archive_hollywood_flood_rescue_1938_589df8,archive_hollywood_flood_rescue_1938_589df8.mp4,21,50.0,640,480,combined,detect_combined,Flooded,deeplabv3plus,False,False,0,tensorrt,tensorrt,tensorrt,25.95,25.95,38.19,38.53,4.87,12.58,17.45,1221.23,50.0,8.77,1221.23,50.0,9.07,45.55,52.37,0.98,98.9,0.4746,False,False
1780821985.263191,archive_hollywood_flood_rescue_1938_589df8,archive_hollywood_flood_rescue_1938_589df8.mp4,22,50.0,640,480,combined,detect_combined,Flooded,deeplabv3plus,False,False,0,tensorrt,tensorrt,tensorrt,22.49,22.49,44.07,44.46,4.95,10.99,15.940000000000001,1231.05,53.3,9.23,1231.05,53.3,9.23,45.55,52.37,0.98,98.9,0.4224,False,False
1780821985.3584774,archive_hollywood_flood_rescue_1938_589df8,archive_hollywood_flood_rescue_1938_589df8.mp4,23,50.0,640,480,combined,detect_combined,Flooded,deeplabv3plus,False,False,0,tensorrt,tensorrt,tensorrt,20.78,20.78,47.69,48.12,5.98,18.16,24.14,1297.08,50.9,9.23,1297.08,50.9,9.23,45.55,52.37,0.98,98.9,0.4082,False,False
1780821985.4489377,archive_hollywood_flood_rescue_1938_589df8,archive_hollywood_flood_rescue_1938_589df8.mp4,24,50.0,640,480,combined,detect_combined,Flooded,deeplabv3plus,False,False,0,tensorrt,tensorrt,tensorrt,17.63,17.63,56.14,56.72,21.39,20.93,42.32,1325.76,49.1,9.23,1325.76,49.1,9.23,45.55,52.37,0.98,98.9,0.4279,False,False
1780821985.5407348,archive_hollywood_flood_rescue_1938_589df8,archive_hollywood_flood_rescue_1938_589df8.mp4,25,50.0,640,480,combined,detect_combined,Flooded,deeplabv3plus,False,False,0,tensorrt,tensorrt,tensorrt,26.33,26.33,37.49,37.98,7.35,13.46,20.810000000000002,1269.24,40.7,9.23,1269.24,40.7,9.23,45.55,52.37,0.98,98.9,0.399,False,False
1780821985.630183,archive_hollywood_flood_rescue_1938_589df8,archive_hollywood_flood_rescue_1938_589df8.mp4,26,50.0,640,480,combined,detect_combined,Flooded,deeplabv3plus,False,False,0,tensorrt,tensorrt,tensorrt,26.12,26.12,37.89,38.29,7.82,13.6,21.42,1269.23,35.8,9.23,1269.23,35.8,9.23,45.55,52.37,0.98,98.9,0.415,False,False
1780821985.7239826,archive_hollywood_flood_rescue_1938_589df8,archive_hollywood_flood_rescue_1938_589df8.mp4,27,50.0,640,480,combined,detect_combined,Flooded,deeplabv3plus,False,False,0,tensorrt,tensorrt,tensorrt,22.78,22.78,43.48,43.9,5.8,16.47,22.27,1269.22,32.1,9.23,1269.22,32.1,9.23,45.55,52.37,0.98,98.9,0.3891,False,False
1780821985.8203702,archive_hollywood_flood_rescue_1938_589df8,archive_hollywood_flood_rescue_1938_589df8.mp4,28,50.0,640,480,combined,detect_combined,Flooded,deeplabv3plus,False,False,0,tensorrt,tensorrt,tensorrt,21.53,21.53,45.97,46.45,7.15,21.45,28.6,1269.51,48.2,9.23,1269.51,48.2,9.23,45.55,52.37,0.98,98.9,0.412,False,False
1780821985.910804,archive_hollywood_flood_rescue_1938_589df8,archive_hollywood_flood_rescue_1938_589df8.mp4,29,50.0,640,480,combined,detect_combined,Flooded,deeplabv3plus,False,False,0,tensorrt,tensorrt,tensorrt,20.95,20.95,47.27,47.74,6.52,20.37,26.89,1269.5,50.0,8.92,1269.5,50.0,9.23,45.55,52.37,0.98,98.9,0.5008,False,False
1780821985.9881623,archive_hollywood_flood_rescue_1938_589df8,archive_hollywood_flood_rescue_1938_589df8.mp4,30,50.0,640,480,combined,detect_combined,Flooded,deeplabv3plus,False,False,0,tensorrt,tensorrt,tensorrt,23.13,23.13,42.8,43.23,5.19,12.54,17.73,1269.48,53.1,8.92,1269.48,53.1,9.23,45.55,52.37,0.98,98.9,0.4736,False,False
1780821986.0585923,archive_hollywood_flood_rescue_1938_589df8,archive_hollywood_flood_rescue_1938_589df8.mp4,31,50.0,640,480,combined,detect_combined,Flooded,deeplabv3plus,False,False,0,tensorrt,tensorrt,tensorrt,25.82,25.82,38.28,38.73,7.03,14.55,21.580000000000002,1269.47,48.7,8.92,1269.47,48.7,9.23,45.55,52.37,0.98,98.9,0.4171,False,False
1780821986.122804,archive_hollywood_flood_rescue_1938_589df8,archive_hollywood_flood_rescue_1938_589df8.mp4,32,50.0,640,480,combined,detect_combined,Flooded,deeplabv3plus,False,False,0,tensorrt,tensorrt,tensorrt,33.33,33.33,29.65,30.0,4.4,11.2,15.6,1269.46,50.0,8.92,1269.46,50.0,9.23,45.55,52.37,0.98,98.9,0.4469,False,False
1780821986.2347906,archive_hollywood_flood_rescue_1938_589df8,archive_hollywood_flood_rescue_1938_589df8.mp4,33,50.0,640,480,combined,detect_combined,Flooded,deeplabv3plus,False,False,0,tensorrt,tensorrt,tensorrt,13.02,13.02,75.27,76.81,5.41,16.71,22.12,1348.6,44.1,8.92,1348.6,44.1,9.23,45.55,52.37,0.98,98.9,0.4923,False,False
1780821986.3289144,archive_hollywood_flood_rescue_1938_589df8,archive_hollywood_flood_rescue_1938_589df8.mp4,34,50.0,640,480,combined,detect_combined,Flooded,deeplabv3plus,False,False,0,tensorrt,tensorrt,tensorrt,21.31,21.31,46.5,46.93,6.88,16.9,23.779999999999998,1347.14,44.4,8.92,1347.14,44.4,9.23,45.55,52.37,0.98,98.9,0.3671,False,False
1780821986.4225607,archive_hollywood_flood_rescue_1938_589df8,archive_hollywood_flood_rescue_1938_589df8.mp4,35,50.0,640,480,combined,detect_combined,Flooded,deeplabv3plus,False,False,0,tensorrt,tensorrt,tensorrt,25.52,25.52,38.75,39.19,6.64,15.06,21.7,1347.13,36.8,9.07,1347.13,36.8,9.23,45.55,52.37,0.98,98.9,0.4379,False,False
1780821986.5206308,archive_hollywood_flood_rescue_1938_589df8,archive_hollywood_flood_rescue_1938_589df8.mp4,36,50.0,640,480,combined,detect_combined,Flooded,deeplabv3plus,False,False,0,tensorrt,tensorrt,tensorrt,22.22,22.22,44.53,45.0,9.85,20.17,30.020000000000003,1347.12,32.8,9.07,1347.12,32.8,9.23,45.55,52.37,0.98,98.9,0.2221,False,False
1780821986.611673,archive_hollywood_flood_rescue_1938_589df8,archive_hollywood_flood_rescue_1938_589df8.mp4,37,50.0,640,480,combined,detect_combined,Flooded,deeplabv3plus,False,False,0,tensorrt,tensorrt,tensorrt,22.13,22.13,44.78,45.19,10.27,18.7,28.97,1347.1,46.3,9.07,1347.1,46.3,9.23,45.55,52.37,0.98,98.9,0.4457,False,False
1780821986.7091463,archive_hollywood_flood_rescue_1938_589df8,archive_hollywood_flood_rescue_1938_589df8.mp4,38,50.0,640,480,combined,detect_combined,Flooded,deeplabv3plus,False,False,0,tensorrt,tensorrt,tensorrt,21.08,21.08,47.01,47.43,6.46,21.46,27.92,1347.09,49.1,9.07,1347.09,49.1,9.23,45.55,52.37,0.98,98.9,0.289,False,False
1780821986.7978346,archive_hollywood_flood_rescue_1938_589df8,archive_hollywood_flood_rescue_1938_589df8.mp4,39,50.0,640,480,combined,detect_combined,Flooded,deeplabv3plus,False,False,0,tensorrt,tensorrt,tensorrt,23.31,23.31,42.56,42.9,5.82,18.29,24.11,1347.08,49.0,9.07,1347.08,49.0,9.23,45.55,52.37,0.98,98.9,0.4423,False,False
1780821986.8907912,archive_hollywood_flood_rescue_1938_589df8,archive_hollywood_flood_rescue_1938_589df8.mp4,40,50.0,640,480,combined,detect_combined,Flooded,deeplabv3plus,False,False,0,tensorrt,tensorrt,tensorrt,20.55,20.55,48.22,48.67,6.26,18.16,24.42,1347.06,31.5,9.07,1347.06,31.5,9.23,45.55,52.37,0.98,98.9,0.4925,False,False
1780821987.002421,archive_hollywood_flood_rescue_1938_589df8,archive_hollywood_flood_rescue_1938_589df8.mp4,41,50.0,640,480,combined,detect_combined,Flooded,deeplabv3plus,False,False,0,tensorrt,tensorrt,tensorrt,16.9,16.9,58.76,59.18,7.53,20.81,28.34,1347.3,35.8,8.3,1347.3,35.8,9.23,45.55,52.37,0.98,98.9,0.4644,False,False
1780821987.1148882,archive_hollywood_flood_rescue_1938_589df8,archive_hollywood_flood_rescue_1938_589df8.mp4,42,50.0,640,480,combined,detect_combined,Flooded,deeplabv3plus,False,False,0,tensorrt,tensorrt,tensorrt,17.48,17.48,56.78,57.2,11.9,20.86,32.76,1347.29,40.6,8.3,1347.29,40.6,9.23,45.55,52.37,0.98,98.9,0.4131,False,False
1780821987.2186055,archive_hollywood_flood_rescue_1938_589df8,archive_hollywood_flood_rescue_1938_589df8.mp4,43,50.0,640,480,combined,detect_combined,Flooded,deeplabv3plus,False,False,0,tensorrt,tensorrt,tensorrt,18.24,18.24,54.32,54.82,14.35,25.83,40.18,1347.28,50.0,8.3,1347.28,50.0,9.23,45.55,52.37,0.98,98.9,0.3602,False,False
1780821987.288678,archive_hollywood_flood_rescue_1938_589df8,archive_hollywood_flood_rescue_1938_589df8.mp4,44,50.0,640,480,combined,detect_combined,Flooded,deeplabv3plus,False,False,0,tensorrt,tensorrt,tensorrt,31.9,31.9,30.99,31.35,4.91,10.38,15.290000000000001,1347.27,56.8,8.3,1347.27,56.8,9.23,45.55,52.37,0.98,98.9,0.3508,False,False
1780821987.3759406,archive_hollywood_flood_rescue_1938_589df8,archive_hollywood_flood_rescue_1938_589df8.mp4,45,50.0,640,480,combined,detect_combined,Flooded,deeplabv3plus,False,False,0,tensorrt,tensorrt,tensorrt,19.33,19.33,51.4,51.73,5.64,19.22,24.86,1347.25,44.7,8.3,1347.25,44.7,9.23,45.55,52.37,0.98,98.9,0.3998,False,False
1780821987.460454,archive_hollywood_flood_rescue_1938_589df8,archive_hollywood_flood_rescue_1938_589df8.mp4,46,50.0,640,480,combined,detect_combined,Flooded,deeplabv3plus,False,False,0,tensorrt,tensorrt,tensorrt,19.5,19.5,50.79,51.28,7.71,20.75,28.46,1347.24,51.9,8.3,1347.24,51.9,9.23,45.55,52.37,0.98,98.9,0.278,False,False
1780821987.5375519,archive_hollywood_flood_rescue_1938_589df8,archive_hollywood_flood_rescue_1938_589df8.mp4,47,50.0,640,480,combined,detect_combined,Flooded,deeplabv3plus,False,False,0,tensorrt,tensorrt,tensorrt,26.51,26.51,37.35,37.72,7.68,12.5,20.18,1347.23,36.2,8.3,1347.23,36.2,9.23,45.55,52.37,0.98,98.9,0.2711,False,False
1780821987.6205964,archive_hollywood_flood_rescue_1938_589df8,archive_hollywood_flood_rescue_1938_589df8.mp4,48,50.0,640,480,combined,detect_combined,Flooded,deeplabv3plus,False,False,0,tensorrt,tensorrt,tensorrt,22.53,22.53,44.01,44.39,5.71,20.02,25.73,1347.21,31.2,8.61,1347.21,31.2,9.23,45.55,52.37,0.98,98.9,0.3379,False,False
1780821987.6952024,archive_hollywood_flood_rescue_1938_589df8,archive_hollywood_flood_rescue_1938_589df8.mp4,49,50.0,640,480,combined,detect_combined,Flooded,deeplabv3plus,False,False,0,tensorrt,tensorrt,tensorrt,26.89,26.89,36.68,37.19,4.82,12.68,17.5,1347.19,30.2,8.61,1347.19,30.2,9.23,45.55,52.37,0.98,98.9,0.4111,False,False
1780821987.7829022,archive_hollywood_flood_rescue_1938_589df8,archive_hollywood_flood_rescue_1938_589df8.mp4,50,50.0,640,480,combined,detect_combined,Flooded,deeplabv3plus,False,False,0,tensorrt,tensorrt,tensorrt,19.87,19.87,49.89,50.33,8.86,15.94,24.799999999999997,1347.18,37.3,8.61,1347.18,37.3,9.23,45.55,52.37,0.98,98.9,0.3219,False,False
1780821987.8639724,archive_hollywood_flood_rescue_1938_589df8,archive_hollywood_flood_rescue_1938_589df8.mp4,51,50.0,640,480,combined,detect_combined,Flooded,deeplabv3plus,False,False,0,tensorrt,tensorrt,tensorrt,30.33,30.33,32.58,32.97,5.68,12.06,17.740000000000002,1347.98,42.2,8.61,1347.98,42.2,9.23,45.55,52.37,0.98,98.9,0.3401,False,False
1780821987.9414499,archive_hollywood_flood_rescue_1938_589df8,archive_hollywood_flood_rescue_1938_589df8.mp4,52,50.0,640,480,combined,detect_combined,Flooded,deeplabv3plus,False,False,0,tensorrt,tensorrt,tensorrt,26.04,26.04,38.07,38.4,6.35,12.24,18.59,1347.96,34.8,8.61,1347.96,34.8,9.23,45.55,52.37,0.98,98.9,0.322,False,False
1780821988.0336926,archive_hollywood_flood_rescue_1938_589df8,archive_hollywood_flood_rescue_1938_589df8.mp4,53,50.0,640,480,combined,detect_combined,Flooded,deeplabv3plus,False,False,0,tensorrt,tensorrt,tensorrt,19.09,19.09,51.97,52.4,9.75,20.27,30.02,1347.95,35.3,8.61,1347.95,35.3,9.23,45.55,52.37,0.98,98.9,0.2781,False,False
1780821988.1196158,archive_hollywood_flood_rescue_1938_589df8,archive_hollywood_flood_rescue_1938_589df8.mp4,54,50.0,640,480,combined,detect_combined,Flooded,deeplabv3plus,False,False,0,tensorrt,tensorrt,tensorrt,23.41,23.41,42.33,42.71,12.2,15.78,27.979999999999997,1347.93,40.4,8.61,1347.93,40.4,9.23,45.55,52.37,0.98,98.9,0.3234,False,False
1780821988.2076902,archive_hollywood_flood_rescue_1938_589df8,archive_hollywood_flood_rescue_1938_589df8.mp4,55,50.0,640,480,combined,detect_combined,Flooded,deeplabv3plus,False,False,0,tensorrt,tensorrt,tensorrt,20.77,20.77,47.71,48.14,6.64,18.95,25.59,1347.92,42.9,8.61,1347.92,42.9,9.23,45.55,52.37,0.98,98.9,0.387,False,False
1780821988.292461,archive_hollywood_flood_rescue_1938_589df8,archive_hollywood_flood_rescue_1938_589df8.mp4,56,50.0,640,480,combined,detect_combined,Flooded,deeplabv3plus,False,False,0,tensorrt,tensorrt,tensorrt,23.67,23.67,41.85,42.24,6.69,15.54,22.23,1347.9,42.0,8.61,1347.9,42.0,9.23,45.55,52.37,0.98,98.9,0.4289,False,False
1780821988.3737223,archive_hollywood_flood_rescue_1938_589df8,archive_hollywood_flood_rescue_1938_589df8.mp4,57,50.0,640,480,combined,detect_combined,Flooded,deeplabv3plus,False,False,0,tensorrt,tensorrt,tensorrt,26.25,26.25,37.68,38.09,6.36,16.24,22.599999999999998,1347.89,57.8,8.61,1347.89,57.8,9.23,45.55,52.37,0.98,98.9,0.4606,False,False
1780821988.4510703,archive_hollywood_flood_rescue_1938_589df8,archive_hollywood_flood_rescue_1938_589df8.mp4,58,50.0,640,480,combined,detect_combined,Flooded,deeplabv3plus,False,False,0,tensorrt,tensorrt,tensorrt,26.03,26.03,37.97,38.42,6.54,13.53,20.07,1347.88,66.7,8.61,1347.88,66.7,9.23,45.55,52.37,0.98,98.9,0.3445,False,False
1780821988.5186872,archive_hollywood_flood_rescue_1938_589df8,archive_hollywood_flood_rescue_1938_589df8.mp4,59,50.0,640,480,combined,detect_combined,Flooded,deeplabv3plus,False,False,0,tensorrt,tensorrt,tensorrt,23.68,23.68,41.89,42.22,5.06,10.46,15.52,1347.87,62.5,8.61,1347.87,62.5,9.23,45.55,52.37,0.98,98.9,0.4603,False,False
1780821988.5806866,archive_hollywood_flood_rescue_1938_589df8,archive_hollywood_flood_rescue_1938_589df8.mp4,60,50.0,640,480,combined,detect_combined,Flooded,deeplabv3plus,False,False,0,tensorrt,tensorrt,tensorrt,31.9,31.9,30.93,31.34,4.56,8.23,12.79,1348.11,50.0,8.61,1348.11,50.0,9.23,45.55,52.37,0.98,98.9,0.4157,False,False
1780821988.6507292,archive_hollywood_flood_rescue_1938_589df8,archive_hollywood_flood_rescue_1938_589df8.mp4,61,50.0,640,480,combined,detect_combined,Flooded,deeplabv3plus,False,False,0,tensorrt,tensorrt,tensorrt,27.32,27.32,36.25,36.61,4.95,9.43,14.379999999999999,1348.09,52.5,8.61,1348.09,52.5,9.23,45.55,52.37,0.98,98.9,0.3454,False,False
1780821988.7114809,archive_hollywood_flood_rescue_1938_589df8,archive_hollywood_flood_rescue_1938_589df8.mp4,62,50.0,640,480,combined,detect_combined,Flooded,deeplabv3plus,False,False,0,tensorrt,tensorrt,tensorrt,28.22,28.22,35.1,35.44,5.21,9.99,15.2,1348.08,51.5,8.61,1348.08,51.5,9.23,45.55,52.37,0.98,98.9,0.457,False,False
1780821988.7845855,archive_hollywood_flood_rescue_1938_589df8,archive_hollywood_flood_rescue_1938_589df8.mp4,63,50.0,640,480,combined,detect_combined,Flooded,deeplabv3plus,False,False,0,tensorrt,tensorrt,tensorrt,23.89,23.89,41.39,41.87,5.51,13.47,18.98,1348.07,56.8,9.83,1348.07,56.8,9.83,45.55,52.37,0.98,98.9,0.3209,False,False
1780821988.8497882,archive_hollywood_flood_rescue_1938_589df8,archive_hollywood_flood_rescue_1938_589df8.mp4,64,50.0,640,480,combined,detect_combined,Flooded,deeplabv3plus,False,False,0,tensorrt,tensorrt,tensorrt,27.74,27.74,35.55,36.04,5.09,9.45,14.54,1348.05,38.9,9.83,1348.05,38.9,9.83,45.55,52.37,0.98,98.9,0.3601,False,False
1780821988.9165547,archive_hollywood_flood_rescue_1938_589df8,archive_hollywood_flood_rescue_1938_589df8.mp4,65,50.0,640,480,combined,detect_combined,Flooded,deeplabv3plus,False,False,0,tensorrt,tensorrt,tensorrt,28.94,28.94,34.15,34.56,5.11,9.5,14.61,1348.04,33.3,9.83,1348.04,33.3,9.83,45.55,52.37,0.98,98.9,0.3615,False,False
1780821988.9838562,archive_hollywood_flood_rescue_1938_589df8,archive_hollywood_flood_rescue_1938_589df8.mp4,66,50.0,640,480,combined,detect_combined,Flooded,deeplabv3plus,False,False,0,tensorrt,tensorrt,tensorrt,28.85,28.85,34.26,34.66,5.08,11.7,16.78,1348.03,30.6,9.83,1348.03,30.6,9.83,45.55,52.37,0.98,98.9,0.2961,False,False
1780821989.0433695,archive_hollywood_flood_rescue_1938_589df8,archive_hollywood_flood_rescue_1938_589df8.mp4,67,50.0,640,480,combined,detect_combined,Flooded,deeplabv3plus,False,False,0,tensorrt,tensorrt,tensorrt,36.5,36.5,27.09,27.4,4.44,8.36,12.8,1348.02,34.4,9.83,1348.02,34.4,9.83,45.55,52.37,0.98,98.9,0.3518,False,False
1780821989.0957224,archive_hollywood_flood_rescue_1938_589df8,archive_hollywood_flood_rescue_1938_589df8.mp4,68,50.0,640,480,combined,detect_combined,Flooded,deeplabv3plus,False,False,0,tensorrt,tensorrt,tensorrt,40.12,40.12,24.57,24.92,4.4,8.54,12.94,1348.0,34.5,9.83,1348.0,34.5,9.83,45.55,52.37,0.98,98.9,0.48,False,False
1780821989.1644933,archive_hollywood_flood_rescue_1938_589df8,archive_hollywood_flood_rescue_1938_589df8.mp4,69,50.0,640,480,combined,detect_combined,Flooded,deeplabv3plus,False,False,0,tensorrt,tensorrt,tensorrt,26.43,26.43,37.52,37.83,5.75,13.54,19.29,1347.99,43.2,9.83,1347.99,43.2,9.83,45.55,52.37,0.98,98.9,0.4188,False,False
1780821989.2294269,archive_hollywood_flood_rescue_1938_589df8,archive_hollywood_flood_rescue_1938_589df8.mp4,70,50.0,640,480,combined,detect_combined,Flooded,deeplabv3plus,False,False,0,tensorrt,tensorrt,tensorrt,27.01,27.01,36.7,37.03,5.44,9.65,15.09,1347.98,38.5,9.83,1347.98,38.5,9.83,45.55,52.37,0.98,98.9,0.464,False,False
1780821989.2977333,archive_hollywood_flood_rescue_1938_589df8,archive_hollywood_flood_rescue_1938_589df8.mp4,71,50.0,640,480,combined,detect_combined,Flooded,deeplabv3plus,False,False,0,tensorrt,tensorrt,tensorrt,27.35,27.35,36.23,36.57,5.32,10.37,15.69,1347.96,40.0,9.83,1347.96,40.0,9.83,45.55,52.37,0.98,98.9,0.5169,False,False
1780821989.380466,archive_hollywood_flood_rescue_1938_589df8,archive_hollywood_flood_rescue_1938_589df8.mp4,72,50.0,640,480,combined,detect_combined,Flooded,deeplabv3plus,False,False,0,tensorrt,tensorrt,tensorrt,22.34,22.34,44.4,44.77,4.84,17.15,21.99,1347.95,39.6,9.22,1347.95,39.6,9.83,45.55,52.37,0.98,98.9,0.3318,False,False
1780821989.45452,archive_hollywood_flood_rescue_1938_589df8,archive_hollywood_flood_rescue_1938_589df8.mp4,73,50.0,640,480,combined,detect_combined,Flooded,deeplabv3plus,False,False,0,tensorrt,tensorrt,tensorrt,29.56,29.56,33.46,33.83,5.48,11.9,17.380000000000003,1347.93,38.1,9.22,1347.93,38.1,9.83,45.55,52.37,0.98,98.9,0.4064,False,False
1780821989.5228195,archive_hollywood_flood_rescue_1938_589df8,archive_hollywood_flood_rescue_1938_589df8.mp4,74,50.0,640,480,combined,detect_combined,Flooded,deeplabv3plus,False,False,0,tensorrt,tensorrt,tensorrt,28.9,28.9,34.23,34.6,4.71,9.93,14.64,1347.92,36.8,9.22,1347.92,36.8,9.83,45.55,52.37,0.98,98.9,0.4889,False,False
1780821989.5901818,archive_hollywood_flood_rescue_1938_589df8,archive_hollywood_flood_rescue_1938_589df8.mp4,75,50.0,640,480,combined,detect_combined,Flooded,deeplabv3plus,False,False,0,tensorrt,tensorrt,tensorrt,27.68,27.68,35.74,36.13,5.88,9.78,15.66,1347.9,42.9,9.22,1347.9,42.9,9.83,45.55,52.37,0.98,98.9,0.3552,False,False
1780821989.6641622,archive_hollywood_flood_rescue_1938_589df8,archive_hollywood_flood_rescue_1938_589df8.mp4,76,50.0,640,480,combined,detect_combined,Flooded,deeplabv3plus,False,False,0,tensorrt,tensorrt,tensorrt,26.74,26.74,37.07,37.4,5.42,13.44,18.86,1347.89,38.6,9.22,1347.89,38.6,9.83,45.55,52.37,0.98,98.9,0.3736,False,False
1780821989.7307851,archive_hollywood_flood_rescue_1938_589df8,archive_hollywood_flood_rescue_1938_589df8.mp4,77,50.0,640,480,combined,detect_combined,Flooded,deeplabv3plus,False,False,0,tensorrt,tensorrt,tensorrt,25.85,25.85,38.21,38.68,5.52,10.01,15.53,1347.88,36.1,9.22,1347.88,36.1,9.83,45.55,52.37,0.98,98.9,0.3213,False,False
1780821989.8015568,archive_hollywood_flood_rescue_1938_589df8,archive_hollywood_flood_rescue_1938_589df8.mp4,78,50.0,640,480,combined,detect_combined,Flooded,deeplabv3plus,False,False,0,tensorrt,tensorrt,tensorrt,26.06,26.06,37.52,38.38,5.25,9.48,14.73,1348.12,54.1,9.22,1348.12,54.1,9.83,45.55,52.37,0.98,98.9,0.354,False,False
1780821989.8753738,archive_hollywood_flood_rescue_1938_589df8,archive_hollywood_flood_rescue_1938_589df8.mp4,79,50.0,640,480,combined,detect_combined,Flooded,deeplabv3plus,False,False,0,tensorrt,tensorrt,tensorrt,25.54,25.54,38.57,39.16,5.18,12.66,17.84,1348.11,52.5,9.22,1348.11,52.5,9.83,45.55,52.37,0.98,98.9,0.5548,False,False
1780821989.9303477,archive_hollywood_flood_rescue_1938_589df8,archive_hollywood_flood_rescue_1938_589df8.mp4,80,50.0,640,480,combined,detect_combined,Flooded,deeplabv3plus,False,False,0,tensorrt,tensorrt,tensorrt,33.37,33.37,29.66,29.96,4.82,9.48,14.3,1348.11,54.8,9.37,1348.11,54.8,9.83,45.55,52.37,0.98,98.9,0.4411,False,False
1780821989.9997036,archive_hollywood_flood_rescue_1938_589df8,archive_hollywood_flood_rescue_1938_589df8.mp4,81,50.0,640,480,combined,detect_combined,Flooded,deeplabv3plus,False,False,0,tensorrt,tensorrt,tensorrt,30.21,30.21,32.77,33.1,4.93,10.49,15.42,1348.11,56.1,9.37,1348.11,56.1,9.83,45.55,52.37,0.98,98.9,0.4559,False,False
1780821990.0649111,archive_hollywood_flood_rescue_1938_589df8,archive_hollywood_flood_rescue_1938_589df8.mp4,82,50.0,640,480,combined,detect_combined,Flooded,deeplabv3plus,False,False,0,tensorrt,tensorrt,tensorrt,28.28,28.28,35.02,35.36,5.38,12.11,17.49,1348.11,59.5,9.37,1348.11,59.5,9.83,45.55,52.37,0.98,98.9,0.2949,False,False
1780821990.128643,archive_hollywood_flood_rescue_1938_589df8,archive_hollywood_flood_rescue_1938_589df8.mp4,83,50.0,640,480,combined,detect_combined,Flooded,deeplabv3plus,False,False,0,tensorrt,tensorrt,tensorrt,29.99,29.99,32.81,33.35,5.13,11.37,16.5,1348.11,52.8,9.37,1348.11,52.8,9.83,45.55,52.37,0.98,98.9,0.2859,False,False
1780821990.1960144,archive_hollywood_flood_rescue_1938_589df8,archive_hollywood_flood_rescue_1938_589df8.mp4,84,50.0,640,480,combined,detect_combined,Flooded,deeplabv3plus,False,False,0,tensorrt,tensorrt,tensorrt,28.62,28.62,34.6,34.94,5.24,9.68,14.92,1348.11,42.1,9.37,1348.11,42.1,9.83,45.55,52.37,0.98,98.9,0.2163,False,False
1780821990.3057408,archive_hollywood_flood_rescue_1938_589df8,archive_hollywood_flood_rescue_1938_589df8.mp4,85,50.0,640,480,combined,detect_combined,Flooded,deeplabv3plus,False,False,0,tensorrt,tensorrt,tensorrt,15.13,15.13,65.69,66.08,9.44,18.34,27.78,1348.45,48.5,9.37,1348.45,48.5,9.83,45.55,52.37,0.98,98.9,0.2678,False,False
1780821990.3765981,archive_hollywood_flood_rescue_1938_589df8,archive_hollywood_flood_rescue_1938_589df8.mp4,86,50.0,640,480,combined,detect_combined,Flooded,deeplabv3plus,False,False,0,tensorrt,tensorrt,tensorrt,27.12,27.12,36.5,36.88,5.93,12.12,18.049999999999997,1348.45,48.8,9.37,1348.45,48.8,9.83,45.55,52.37,0.98,98.9,0.421,False,False
1780821990.4495585,archive_hollywood_flood_rescue_1938_589df8,archive_hollywood_flood_rescue_1938_589df8.mp4,87,50.0,640,480,combined,detect_combined,Flooded,deeplabv3plus,False,False,0,tensorrt,tensorrt,tensorrt,27.04,27.04,36.55,36.98,6.56,12.21,18.77,1348.45,38.1,9.37,1348.45,38.1,9.83,45.55,52.37,0.98,98.9,0.4256,False,False
1780821990.5283878,archive_hollywood_flood_rescue_1938_589df8,archive_hollywood_flood_rescue_1938_589df8.mp4,88,50.0,640,480,combined,detect_combined,Flooded,deeplabv3plus,False,False,0,tensorrt,tensorrt,tensorrt,27.25,27.25,36.3,36.7,6.02,11.27,17.29,1348.45,35.6,9.37,1348.45,35.6,9.83,45.55,52.37,0.98,98.9,0.2286,False,False
1780821990.614332,archive_hollywood_flood_rescue_1938_589df8,archive_hollywood_flood_rescue_1938_589df8.mp4,89,50.0,640,480,combined,detect_combined,Flooded,deeplabv3plus,False,False,0,tensorrt,tensorrt,tensorrt,24.43,24.43,40.52,40.94,6.42,16.86,23.28,1348.45,37.5,9.37,1348.45,37.5,9.83,45.55,52.37,0.98,98.9,0.4061,False,False
1780821990.710715,archive_hollywood_flood_rescue_1938_589df8,archive_hollywood_flood_rescue_1938_589df8.mp4,90,50.0,640,480,combined,detect_combined,Flooded,deeplabv3plus,False,False,0,tensorrt,tensorrt,tensorrt,19.97,19.97,49.65,50.07,7.39,21.41,28.8,1348.45,37.7,9.37,1348.45,37.7,9.83,45.55,52.37,0.98,98.9,0.4977,False,False
1780821990.7977383,archive_hollywood_flood_rescue_1938_589df8,archive_hollywood_flood_rescue_1938_589df8.mp4,91,50.0,640,480,combined,detect_combined,Flooded,deeplabv3plus,False,False,0,tensorrt,tensorrt,tensorrt,24.71,24.71,40.04,40.47,6.08,13.32,19.4,1348.45,37.5,9.37,1348.45,37.5,9.83,45.55,52.37,0.98,98.9,0.3422,False,False
1780821990.899107,archive_hollywood_flood_rescue_1938_589df8,archive_hollywood_flood_rescue_1938_589df8.mp4,92,50.0,640,480,combined,detect_combined,Flooded,deeplabv3plus,False,False,0,tensorrt,tensorrt,tensorrt,18.81,18.81,52.73,53.17,8.18,20.88,29.06,1348.45,33.9,9.37,1348.45,33.9,9.83,45.55,52.37,0.98,98.9,0.3546,False,False
1780821991.0033247,archive_hollywood_flood_rescue_1938_589df8,archive_hollywood_flood_rescue_1938_589df8.mp4,93,50.0,640,480,combined,detect_combined,Flooded,deeplabv3plus,False,False,0,tensorrt,tensorrt,tensorrt,21.21,21.21,46.7,47.15,6.88,19.37,26.25,1348.44,33.3,9.37,1348.44,33.3,9.83,45.55,52.37,0.98,98.9,0.5443,False,False
1780821991.105267,archive_hollywood_flood_rescue_1938_589df8,archive_hollywood_flood_rescue_1938_589df8.mp4,94,50.0,640,480,combined,detect_combined,Flooded,deeplabv3plus,False,False,0,tensorrt,tensorrt,tensorrt,22.49,22.49,44.04,44.46,6.5,22.13,28.63,1348.44,38.3,8.15,1348.44,38.3,9.83,45.55,52.37,0.98,98.9,0.3528,False,False
1780821991.1956084,archive_hollywood_flood_rescue_1938_589df8,archive_hollywood_flood_rescue_1938_589df8.mp4,95,50.0,640,480,combined,detect_combined,Flooded,deeplabv3plus,False,False,0,tensorrt,tensorrt,tensorrt,23.01,23.01,43.03,43.46,7.3,15.63,22.93,1348.44,53.8,8.15,1348.44,53.8,9.83,45.55,52.37,0.98,98.9,0.4973,False,False
1780821991.282363,archive_hollywood_flood_rescue_1938_589df8,archive_hollywood_flood_rescue_1938_589df8.mp4,96,50.0,640,480,combined,detect_combined,Flooded,deeplabv3plus,False,False,0,tensorrt,tensorrt,tensorrt,27.32,27.32,36.13,36.6,6.66,13.11,19.77,1348.44,54.9,8.15,1348.44,54.9,9.83,45.55,52.37,0.98,98.9,0.3591,False,False
1780821991.3644366,archive_hollywood_flood_rescue_1938_589df8,archive_hollywood_flood_rescue_1938_589df8.mp4,97,50.0,640,480,combined,detect_combined,Flooded,deeplabv3plus,False,False,0,tensorrt,tensorrt,tensorrt,24.37,24.37,40.56,41.03,6.15,15.53,21.68,1348.44,48.9,8.15,1348.44,48.9,9.83,45.55,52.37,0.98,98.9,0.4457,False,False
1780821991.4457633,archive_hollywood_flood_rescue_1938_589df8,archive_hollywood_flood_rescue_1938_589df8.mp4,98,50.0,640,480,combined,detect_combined,Flooded,deeplabv3plus,False,False,0,tensorrt,tensorrt,tensorrt,27.7,27.7,35.59,36.1,5.71,12.12,17.83,1348.44,57.4,8.15,1348.44,57.4,9.83,45.55,52.37,0.98,98.9,0.2798,False,False
1780821991.5246618,archive_hollywood_flood_rescue_1938_589df8,archive_hollywood_flood_rescue_1938_589df8.mp4,99,50.0,640,480,combined,detect_combined,Flooded,deeplabv3plus,False,False,0,tensorrt,tensorrt,tensorrt,25.23,25.23,39.24,39.63,5.31,13.86,19.169999999999998,1348.44,39.1,8.15,1348.44,39.1,9.83,45.55,52.37,0.98,98.9,0.292,False,False
1780821991.611525,archive_hollywood_flood_rescue_1938_589df8,archive_hollywood_flood_rescue_1938_589df8.mp4,100,50.0,640,480,combined,detect_combined,Flooded,deeplabv3plus,False,False,0,tensorrt,tensorrt,tensorrt,22.91,22.91,43.24,43.65,6.08,18.65,24.729999999999997,1348.44,36.5,8.15,1348.44,36.5,9.83,45.55,52.37,0.98,98.9,0.2636,False,False
1780821991.7098553,archive_hollywood_flood_rescue_1938_589df8,archive_hollywood_flood_rescue_1938_589df8.mp4,101,50.0,640,480,combined,detect_combined,Flooded,deeplabv3plus,False,False,0,tensorrt,tensorrt,tensorrt,21.23,21.23,46.68,47.1,8.09,20.45,28.54,1348.43,34.5,8.46,1348.43,34.5,9.83,45.55,52.37,0.98,98.9,0.2058,False,False
1780821991.8120072,archive_hollywood_flood_rescue_1938_589df8,archive_hollywood_flood_rescue_1938_589df8.mp4,102,50.0,640,480,combined,detect_combined,Flooded,deeplabv3plus,False,False,0,tensorrt,tensorrt,tensorrt,20.35,20.35,48.72,49.13,7.89,18.93,26.82,1348.43,29.8,8.46,1348.43,29.8,9.83,45.55,52.37,0.98,98.9,0.3891,False,False
1780821991.924104,archive_hollywood_flood_rescue_1938_589df8,archive_hollywood_flood_rescue_1938_589df8.mp4,103,50.0,640,480,combined,detect_combined,Flooded,deeplabv3plus,False,False,0,tensorrt,tensorrt,tensorrt,19.55,19.55,50.74,51.15,7.24,17.87,25.11,1348.43,37.5,8.46,1348.43,37.5,9.83,45.55,52.37,0.98,98.9,0.3771,False,False
1780821992.021275,archive_hollywood_flood_rescue_1938_589df8,archive_hollywood_flood_rescue_1938_589df8.mp4,104,50.0,640,480,combined,detect_combined,Flooded,deeplabv3plus,False,False,0,tensorrt,tensorrt,tensorrt,22.42,22.42,44.17,44.6,6.71,16.64,23.35,1348.43,33.3,8.46,1348.43,33.3,9.83,45.55,52.37,0.98,98.9,0.385,False,False
1780821992.11127,archive_hollywood_flood_rescue_1938_589df8,archive_hollywood_flood_rescue_1938_589df8.mp4,105,50.0,640,480,combined,detect_combined,Flooded,deeplabv3plus,False,False,0,tensorrt,tensorrt,tensorrt,23.7,23.7,41.79,42.19,6.67,14.95,21.619999999999997,1348.43,32.7,8.46,1348.43,32.7,9.83,45.55,52.37,0.98,98.9,0.4585,False,False
1780821992.211393,archive_hollywood_flood_rescue_1938_589df8,archive_hollywood_flood_rescue_1938_589df8.mp4,106,50.0,640,480,combined,detect_combined,Flooded,deeplabv3plus,False,False,0,tensorrt,tensorrt,tensorrt,19.06,19.06,51.99,52.47,7.03,22.09,29.12,1348.43,37.9,8.46,1348.43,37.9,9.83,45.55,52.37,0.98,98.9,0.3034,False,False
1780821992.3127768,archive_hollywood_flood_rescue_1938_589df8,archive_hollywood_flood_rescue_1938_589df8.mp4,107,50.0,640,480,combined,detect_combined,Non-Flooded,resnet18,True,False,0,tensorrt,tensorrt,tensorrt,18.19,18.19,54.46,54.99,7.71,24.28,31.990000000000002,1348.43,39.3,7.84,1348.43,39.3,9.83,45.55,52.37,0.98,98.9,0.193,False,False
1780821992.408711,archive_hollywood_flood_rescue_1938_589df8,archive_hollywood_flood_rescue_1938_589df8.mp4,108,50.0,640,480,combined,detect_combined,Flooded,deeplabv3plus,True,False,0,tensorrt,tensorrt,tensorrt,23.07,23.07,42.89,43.34,8.07,14.22,22.29,1348.43,53.6,7.84,1348.43,53.6,9.83,45.55,52.37,0.98,98.9,0.2234,False,False
1780821992.4874892,archive_hollywood_flood_rescue_1938_589df8,archive_hollywood_flood_rescue_1938_589df8.mp4,109,50.0,640,480,combined,detect_combined,Flooded,deeplabv3plus,False,False,0,tensorrt,tensorrt,tensorrt,24.29,24.29,40.82,41.18,6.36,19.22,25.58,1348.42,58.7,7.84,1348.42,58.7,9.83,45.55,52.37,0.98,98.9,0.3187,False,False
1780821992.5608344,archive_hollywood_flood_rescue_1938_589df8,archive_hollywood_flood_rescue_1938_589df8.mp4,110,50.0,640,480,combined,detect_combined,Flooded,deeplabv3plus,False,False,0,tensorrt,tensorrt,tensorrt,28.6,28.6,34.63,34.97,5.58,11.29,16.869999999999997,1348.42,54.5,7.84,1348.42,54.5,9.83,45.55,52.37,0.98,98.9,0.2391,False,False
1780821992.6399837,archive_hollywood_flood_rescue_1938_589df8,archive_hollywood_flood_rescue_1938_589df8.mp4,111,50.0,640,480,combined,detect_combined,Flooded,deeplabv3plus,False,False,0,tensorrt,tensorrt,tensorrt,23.19,23.19,42.79,43.12,5.14,17.82,22.96,1348.42,59.6,7.84,1348.42,59.6,9.83,45.55,52.37,0.98,98.9,0.2493,False,False
1780821992.7015815,archive_hollywood_flood_rescue_1938_589df8,archive_hollywood_flood_rescue_1938_589df8.mp4,112,50.0,640,480,combined,detect_combined,Flooded,deeplabv3plus,False,False,0,tensorrt,tensorrt,tensorrt,34.71,34.71,28.44,28.81,4.99,9.05,14.040000000000001,1348.42,52.8,7.84,1348.42,52.8,9.83,45.55,52.37,0.98,98.9,0.2572,False,False
1780821992.7800996,archive_hollywood_flood_rescue_1938_589df8,archive_hollywood_flood_rescue_1938_589df8.mp4,113,50.0,640,480,combined,detect_combined,Flooded,deeplabv3plus,False,False,0,tensorrt,tensorrt,tensorrt,23.49,23.49,42.01,42.58,6.29,13.87,20.16,1348.42,54.3,7.84,1348.42,54.3,9.83,45.55,52.37,0.98,98.9,0.3858,False,False
1780821992.8477252,archive_hollywood_flood_rescue_1938_589df8,archive_hollywood_flood_rescue_1938_589df8.mp4,114,50.0,640,480,combined,detect_combined,Flooded,deeplabv3plus,False,False,0,tensorrt,tensorrt,tensorrt,34.84,34.84,28.35,28.7,5.01,8.88,13.89,1348.42,43.2,9.22,1348.42,43.2,9.83,45.55,52.37,0.98,98.9,0.3936,False,False
1780821992.914248,archive_hollywood_flood_rescue_1938_589df8,archive_hollywood_flood_rescue_1938_589df8.mp4,115,50.0,640,480,combined,detect_combined,Flooded,deeplabv3plus,False,False,0,tensorrt,tensorrt,tensorrt,34.62,34.62,28.55,28.89,6.35,11.78,18.13,1348.42,57.5,9.22,1348.42,57.5,9.83,45.55,52.37,0.98,98.9,0.5759,False,False
1780821992.9868958,archive_hollywood_flood_rescue_1938_589df8,archive_hollywood_flood_rescue_1938_589df8.mp4,116,50.0,640,480,combined,detect_combined,Flooded,deeplabv3plus,False,False,0,tensorrt,tensorrt,tensorrt,27.74,27.74,35.68,36.05,5.35,12.76,18.11,1348.41,48.7,9.22,1348.41,48.7,9.83,45.55,52.37,0.98,98.9,0.484,False,False
1780821993.0442047,archive_hollywood_flood_rescue_1938_589df8,archive_hollywood_flood_rescue_1938_589df8.mp4,117,50.0,640,480,combined,detect_combined,Flooded,deeplabv3plus,False,False,0,tensorrt,tensorrt,tensorrt,42.24,42.24,23.31,23.67,4.37,7.2,11.57,1348.41,54.3,9.22,1348.41,54.3,9.83,45.55,52.37,0.98,98.9,0.5225,False,False
1780821993.104045,archive_hollywood_flood_rescue_1938_589df8,archive_hollywood_flood_rescue_1938_589df8.mp4,118,50.0,640,480,combined,detect_combined,Flooded,deeplabv3plus,False,False,0,tensorrt,tensorrt,tensorrt,30.03,30.03,32.98,33.31,5.84,10.55,16.39,1348.41,51.4,9.22,1348.41,51.4,9.83,45.55,52.37,0.98,98.9,0.4712,False,False
1780821993.168746,archive_hollywood_flood_rescue_1938_589df8,archive_hollywood_flood_rescue_1938_589df8.mp4,119,50.0,640,480,combined,detect_combined,Flooded,deeplabv3plus,False,False,0,tensorrt,tensorrt,tensorrt,31.38,31.38,31.52,31.86,5.12,9.46,14.580000000000002,1348.41,28.6,9.22,1348.41,28.6,9.83,45.55,52.37,0.98,98.9,0.5082,False,False
1780821993.2394948,archive_hollywood_flood_rescue_1938_589df8,archive_hollywood_flood_rescue_1938_589df8.mp4,120,50.0,640,480,combined,detect_combined,Flooded,deeplabv3plus,False,False,0,tensorrt,tensorrt,tensorrt,31.98,31.98,30.94,31.27,4.93,9.97,14.9,1348.41,41.5,9.22,1348.41,41.5,9.83,45.55,52.37,0.98,98.9,0.6483,False,False
1780821993.3201523,archive_hollywood_flood_rescue_1938_589df8,archive_hollywood_flood_rescue_1938_589df8.mp4,121,50.0,640,480,combined,detect_combined,Flooded,deeplabv3plus,False,False,0,tensorrt,tensorrt,tensorrt,25.52,25.52,38.82,39.18,7.34,13.04,20.38,1348.41,43.7,9.22,1348.41,43.7,9.83,45.55,52.37,0.98,98.9,0.5229,False,False
1780821993.3994813,archive_hollywood_flood_rescue_1938_589df8,archive_hollywood_flood_rescue_1938_589df8.mp4,122,50.0,640,480,combined,detect_combined,Flooded,deeplabv3plus,False,False,0,tensorrt,tensorrt,tensorrt,26.7,26.7,37.08,37.46,5.59,13.37,18.96,1348.41,47.6,9.22,1348.41,47.6,9.83,45.55,52.37,0.98,98.9,0.3624,False,False
1780821993.4673903,archive_hollywood_flood_rescue_1938_589df8,archive_hollywood_flood_rescue_1938_589df8.mp4,123,50.0,640,480,combined,detect_combined,Flooded,deeplabv3plus,False,False,0,tensorrt,tensorrt,tensorrt,27.9,27.9,35.49,35.84,5.41,10.96,16.37,1348.41,48.7,9.53,1348.41,48.7,9.83,45.55,52.37,0.98,98.9,0.4979,False,False
1780821993.5335426,archive_hollywood_flood_rescue_1938_589df8,archive_hollywood_flood_rescue_1938_589df8.mp4,124,50.0,640,480,combined,detect_combined,Flooded,deeplabv3plus,False,False,0,tensorrt,tensorrt,tensorrt,28.07,28.07,35.23,35.62,5.42,10.13,15.55,1348.4,36.8,9.53,1348.4,36.8,9.83,45.55,52.37,0.98,98.9,0.7075,False,False
1780821993.603144,archive_hollywood_flood_rescue_1938_589df8,archive_hollywood_flood_rescue_1938_589df8.mp4,125,50.0,640,480,combined,detect_combined,Flooded,deeplabv3plus,False,False,0,tensorrt,tensorrt,tensorrt,27.24,27.24,36.36,36.71,5.65,10.16,15.81,1348.4,38.1,9.53,1348.4,38.1,9.83,45.55,52.37,0.98,98.9,0.7633,False,False
1780821993.6897626,archive_hollywood_flood_rescue_1938_589df8,archive_hollywood_flood_rescue_1938_589df8.mp4,126,50.0,640,480,combined,detect_combined,Flooded,deeplabv3plus,False,False,0,tensorrt,tensorrt,tensorrt,24.26,24.26,40.83,41.22,5.61,14.67,20.28,1349.3,36.5,9.53,1349.3,36.5,9.83,45.55,52.37,0.98,98.9,0.6754,False,False
1780821993.7808015,archive_hollywood_flood_rescue_1938_589df8,archive_hollywood_flood_rescue_1938_589df8.mp4,127,50.0,640,480,combined,detect_combined,Flooded,deeplabv3plus,False,False,0,tensorrt,tensorrt,tensorrt,30.76,30.76,32.1,32.51,6.76,14.06,20.82,1349.3,30.8,9.53,1349.3,30.8,9.83,45.55,52.37,0.98,98.9,0.7328,False,False
1780821993.8603222,archive_hollywood_flood_rescue_1938_589df8,archive_hollywood_flood_rescue_1938_589df8.mp4,128,50.0,640,480,combined,detect_combined,Flooded,deeplabv3plus,False,False,0,tensorrt,tensorrt,tensorrt,25.3,25.3,39.17,39.52,7.93,14.34,22.27,1349.3,54.0,9.53,1349.3,54.0,9.83,45.55,52.37,0.98,98.9,0.5933,False,False
1780821993.9416068,archive_hollywood_flood_rescue_1938_589df8,archive_hollywood_flood_rescue_1938_589df8.mp4,129,50.0,640,480,combined,detect_combined,Flooded,deeplabv3plus,False,False,0,tensorrt,tensorrt,tensorrt,21.04,21.04,46.95,47.54,5.11,20.93,26.04,1349.3,60.4,9.53,1349.3,60.4,9.83,45.55,52.37,0.98,98.9,0.7028,False,False
1780821994.0180492,archive_hollywood_flood_rescue_1938_589df8,archive_hollywood_flood_rescue_1938_589df8.mp4,130,50.0,640,480,combined,detect_combined,Flooded,deeplabv3plus,False,False,0,tensorrt,tensorrt,tensorrt,27.97,27.97,35.37,35.75,5.84,14.85,20.689999999999998,1349.3,51.1,9.22,1349.3,51.1,9.83,45.55,52.37,0.98,98.9,0.6298,False,False
1780821994.093093,archive_hollywood_flood_rescue_1938_589df8,archive_hollywood_flood_rescue_1938_589df8.mp4,131,50.0,640,480,combined,detect_combined,Flooded,deeplabv3plus,False,False,0,tensorrt,tensorrt,tensorrt,26.82,26.82,36.93,37.29,5.25,14.97,20.22,1349.3,54.5,9.22,1349.3,54.5,9.83,45.55,52.37,0.98,98.9,0.6036,False,False
1780821994.1699944,archive_hollywood_flood_rescue_1938_589df8,archive_hollywood_flood_rescue_1938_589df8.mp4,132,50.0,640,480,combined,detect_combined,Flooded,deeplabv3plus,False,False,0,tensorrt,tensorrt,tensorrt,25.88,25.88,38.28,38.64,8.79,13.46,22.25,1349.25,53.3,9.22,1349.25,53.3,9.83,45.55,52.37,0.98,98.9,0.5597,False,False
1780821994.2553022,archive_hollywood_flood_rescue_1938_589df8,archive_hollywood_flood_rescue_1938_589df8.mp4,133,50.0,640,480,combined,detect_combined,Flooded,deeplabv3plus,False,False,0,tensorrt,tensorrt,tensorrt,21.29,21.29,46.57,46.97,6.07,17.99,24.06,1349.25,45.8,9.22,1349.25,45.8,9.83,45.55,52.37,0.98,98.9,0.5305,False,False
1780821994.3499694,archive_hollywood_flood_rescue_1938_589df8,archive_hollywood_flood_rescue_1938_589df8.mp4,134,50.0,640,480,combined,detect_combined,Flooded,deeplabv3plus,False,False,0,tensorrt,tensorrt,tensorrt,21.2,21.2,46.77,47.18,6.51,21.16,27.67,1349.25,30.9,9.22,1349.25,30.9,9.83,45.55,52.37,0.98,98.9,0.4404,False,False
1780821994.4431784,archive_hollywood_flood_rescue_1938_589df8,archive_hollywood_flood_rescue_1938_589df8.mp4,135,50.0,640,480,combined,detect_combined,Flooded,deeplabv3plus,False,False,0,tensorrt,tensorrt,tensorrt,23.14,23.14,42.79,43.22,7.87,16.75,24.62,1349.25,43.1,9.22,1349.25,43.1,9.83,45.55,52.37,0.98,98.9,0.5557,False,False
1780821994.5345554,archive_hollywood_flood_rescue_1938_589df8,archive_hollywood_flood_rescue_1938_589df8.mp4,136,50.0,640,480,combined,detect_combined,Flooded,deeplabv3plus,False,False,0,tensorrt,tensorrt,tensorrt,20.33,20.33,48.78,49.19,6.37,19.15,25.52,1349.24,42.6,9.22,1349.24,42.6,9.83,45.55,52.37,0.98,98.9,0.6115,False,False
1780821994.6076891,archive_hollywood_flood_rescue_1938_589df8,archive_hollywood_flood_rescue_1938_589df8.mp4,137,50.0,640,480,combined,detect_combined,Flooded,deeplabv3plus,False,False,0,tensorrt,tensorrt,tensorrt,33.31,33.31,29.69,30.02,6.51,7.57,14.08,1348.96,50.0,8.76,1348.96,50.0,9.83,45.55,52.37,0.98,98.9,0.6241,False,False
1780821994.6658192,archive_hollywood_flood_rescue_1938_589df8,archive_hollywood_flood_rescue_1938_589df8.mp4,138,50.0,640,480,combined,detect_combined,Flooded,deeplabv3plus,False,False,0,tensorrt,tensorrt,tensorrt,34.63,34.63,28.55,28.87,4.68,8.31,12.99,1348.95,38.2,8.76,1348.95,38.2,9.83,45.55,52.37,0.98,98.9,0.6161,False,False
1780821994.7224193,archive_hollywood_flood_rescue_1938_589df8,archive_hollywood_flood_rescue_1938_589df8.mp4,139,50.0,640,480,combined,detect_combined,Flooded,deeplabv3plus,False,False,0,tensorrt,tensorrt,tensorrt,31.86,31.86,31.06,31.39,5.12,9.0,14.120000000000001,1348.94,42.4,8.76,1348.94,42.4,9.83,45.55,52.37,0.98,98.9,0.5979,False,False
1780821994.783758,archive_hollywood_flood_rescue_1938_589df8,archive_hollywood_flood_rescue_1938_589df8.mp4,140,50.0,640,480,combined,detect_combined,Flooded,deeplabv3plus,False,False,0,tensorrt,tensorrt,tensorrt,34.18,34.18,28.92,29.26,4.45,8.72,13.170000000000002,1348.92,33.3,8.76,1348.92,33.3,9.83,45.55,52.37,0.98,98.9,0.6416,False,False
1780821994.8471105,archive_hollywood_flood_rescue_1938_589df8,archive_hollywood_flood_rescue_1938_589df8.mp4,141,50.0,640,480,combined,detect_combined,Flooded,deeplabv3plus,False,False,0,tensorrt,tensorrt,tensorrt,33.6,33.6,29.43,29.76,4.06,9.06,13.120000000000001,1348.9,43.6,8.76,1348.9,43.6,9.83,45.55,52.37,0.98,98.9,0.6893,False,False
1780821994.9283924,archive_hollywood_flood_rescue_1938_589df8,archive_hollywood_flood_rescue_1938_589df8.mp4,142,50.0,640,480,combined,detect_combined,Flooded,deeplabv3plus,False,False,0,tensorrt,tensorrt,tensorrt,27.75,27.75,35.66,36.04,5.45,13.58,19.03,1348.89,30.4,8.76,1348.89,30.4,9.83,45.55,52.37,0.98,98.9,0.6278,False,False
1780821994.9910522,archive_hollywood_flood_rescue_1938_589df8,archive_hollywood_flood_rescue_1938_589df8.mp4,143,50.0,640,480,combined,detect_combined,Flooded,deeplabv3plus,False,False,0,tensorrt,tensorrt,tensorrt,36.6,36.6,27.03,27.32,4.13,7.68,11.809999999999999,1348.88,35.1,8.76,1348.88,35.1,9.83,45.55,52.37,0.98,98.9,0.5996,False,False
1780821995.055388,archive_hollywood_flood_rescue_1938_589df8,archive_hollywood_flood_rescue_1938_589df8.mp4,144,50.0,640,480,combined,detect_combined,Flooded,deeplabv3plus,False,False,0,tensorrt,tensorrt,tensorrt,30.53,30.53,32.41,32.75,4.54,10.47,15.010000000000002,1347.64,34.3,8.76,1347.64,34.3,9.83,45.55,52.37,0.98,98.9,0.6718,False,False
1780821995.131196,archive_hollywood_flood_rescue_1938_589df8,archive_hollywood_flood_rescue_1938_589df8.mp4,145,50.0,640,480,combined,detect_combined,Flooded,deeplabv3plus,False,False,0,tensorrt,tensorrt,tensorrt,25.3,25.3,39.15,39.52,5.82,14.55,20.37,1347.64,45.2,8.76,1347.64,45.2,9.83,45.55,52.37,0.98,98.9,0.6207,False,False
1780821995.2049515,archive_hollywood_flood_rescue_1938_589df8,archive_hollywood_flood_rescue_1938_589df8.mp4,146,50.0,640,480,combined,detect_combined,Flooded,deeplabv3plus,False,False,0,tensorrt,tensorrt,tensorrt,27.76,27.76,35.6,36.03,4.85,15.29,20.14,1347.64,55.8,9.07,1347.64,55.8,9.83,45.55,52.37,0.98,98.9,0.5732,False,False
1780821995.3146257,archive_hollywood_flood_rescue_1938_589df8,archive_hollywood_flood_rescue_1938_589df8.mp4,147,50.0,640,480,combined,detect_combined,Flooded,deeplabv3plus,False,False,0,tensorrt,tensorrt,tensorrt,15.33,15.33,64.84,65.21,7.5,32.5,40.0,1347.65,54.7,9.07,1347.65,54.7,9.83,45.55,52.37,0.98,98.9,0.5161,False,False
1780821995.3898933,archive_hollywood_flood_rescue_1938_589df8,archive_hollywood_flood_rescue_1938_589df8.mp4,148,50.0,640,480,combined,detect_combined,Flooded,deeplabv3plus,False,False,0,tensorrt,tensorrt,tensorrt,24.48,24.48,40.51,40.85,4.67,14.87,19.54,1347.65,61.4,9.07,1347.65,61.4,9.83,45.55,52.37,0.98,98.9,0.5777,False,False
1780821995.4647205,archive_hollywood_flood_rescue_1938_589df8,archive_hollywood_flood_rescue_1938_589df8.mp4,149,50.0,640,480,combined,detect_combined,Flooded,deeplabv3plus,False,False,0,tensorrt,tensorrt,tensorrt,23.42,23.42,42.25,42.71,5.57,15.35,20.92,1347.65,53.3,9.07,1347.65,53.3,9.83,45.55,52.37,0.98,98.9,0.5455,False,False
1780821995.5460145,archive_hollywood_flood_rescue_1938_589df8,archive_hollywood_flood_rescue_1938_589df8.mp4,150,50.0,640,480,combined,detect_combined,Flooded,deeplabv3plus,False,False,0,tensorrt,tensorrt,tensorrt,25.71,25.71,38.51,38.89,5.39,13.22,18.61,1347.65,41.3,9.07,1347.65,41.3,9.83,45.55,52.37,0.98,98.9,0.5904,False,False
1780821995.6235697,archive_hollywood_flood_rescue_1938_589df8,archive_hollywood_flood_rescue_1938_589df8.mp4,151,50.0,640,480,combined,detect_combined,Flooded,deeplabv3plus,False,False,0,tensorrt,tensorrt,tensorrt,26.67,26.67,36.94,37.49,5.99,14.06,20.05,1347.62,42.9,9.07,1347.62,42.9,9.83,45.55,52.37,0.98,98.9,0.6633,False,False
1780821995.6886787,archive_hollywood_flood_rescue_1938_589df8,archive_hollywood_flood_rescue_1938_589df8.mp4,152,50.0,640,480,combined,detect_combined,Flooded,deeplabv3plus,False,False,0,tensorrt,tensorrt,tensorrt,30.9,30.9,32.05,32.37,4.65,8.53,13.18,1347.61,50.0,9.07,1347.61,50.0,9.83,45.55,52.37,0.98,98.9,0.6136,False,False
1780821995.7670918,archive_hollywood_flood_rescue_1938_589df8,archive_hollywood_flood_rescue_1938_589df8.mp4,153,50.0,640,480,combined,detect_combined,Flooded,deeplabv3plus,False,False,0,tensorrt,tensorrt,tensorrt,23.96,23.96,41.33,41.73,4.54,12.91,17.45,1347.61,51.1,9.37,1347.61,51.1,9.83,45.55,52.37,0.98,98.9,0.6308,False,False
1780821995.831863,archive_hollywood_flood_rescue_1938_589df8,archive_hollywood_flood_rescue_1938_589df8.mp4,154,50.0,640,480,combined,detect_combined,Flooded,deeplabv3plus,False,False,0,tensorrt,tensorrt,tensorrt,28.89,28.89,34.25,34.61,4.71,10.68,15.39,1347.61,40.5,9.37,1347.61,40.5,9.83,45.55,52.37,0.98,98.9,0.6904,False,False
1780821995.8993669,archive_hollywood_flood_rescue_1938_589df8,archive_hollywood_flood_rescue_1938_589df8.mp4,155,50.0,640,480,combined,detect_combined,Flooded,deeplabv3plus,False,False,0,tensorrt,tensorrt,tensorrt,27.42,27.42,35.98,36.47,4.94,13.94,18.88,1347.6,39.5,9.37,1347.6,39.5,9.83,45.55,52.37,0.98,98.9,0.6081,False,False
1780821995.9801197,archive_hollywood_flood_rescue_1938_589df8,archive_hollywood_flood_rescue_1938_589df8.mp4,156,50.0,640,480,combined,detect_combined,Flooded,deeplabv3plus,False,False,0,tensorrt,tensorrt,tensorrt,23.53,23.53,41.96,42.5,7.89,13.41,21.3,1347.6,41.3,9.37,1347.6,41.3,9.83,45.55,52.37,0.98,98.9,0.564,False,False
1780821996.0386374,archive_hollywood_flood_rescue_1938_589df8,archive_hollywood_flood_rescue_1938_589df8.mp4,157,50.0,640,480,combined,detect_combined,Flooded,deeplabv3plus,False,False,0,tensorrt,tensorrt,tensorrt,35.23,35.23,27.73,28.39,4.82,8.4,13.22,1347.6,47.2,9.37,1347.6,47.2,9.83,45.55,52.37,0.98,98.9,0.5455,False,False
1780821996.1066616,archive_hollywood_flood_rescue_1938_589df8,archive_hollywood_flood_rescue_1938_589df8.mp4,158,50.0,640,480,combined,detect_combined,Flooded,deeplabv3plus,False,False,0,tensorrt,tensorrt,tensorrt,32.81,32.81,30.13,30.48,4.82,8.62,13.44,1347.6,35.0,9.37,1347.6,35.0,9.83,45.55,52.37,0.98,98.9,0.4339,False,False
1780821996.1814673,archive_hollywood_flood_rescue_1938_589df8,archive_hollywood_flood_rescue_1938_589df8.mp4,159,50.0,640,480,combined,detect_combined,Flooded,deeplabv3plus,False,False,0,tensorrt,tensorrt,tensorrt,24.57,24.57,40.12,40.7,4.99,13.64,18.630000000000003,1347.6,36.6,9.37,1347.6,36.6,9.83,45.55,52.37,0.98,98.9,0.5149,False,False
1780821996.2473223,archive_hollywood_flood_rescue_1938_589df8,archive_hollywood_flood_rescue_1938_589df8.mp4,160,50.0,640,480,combined,detect_combined,Flooded,deeplabv3plus,False,False,0,tensorrt,tensorrt,tensorrt,31.6,31.6,30.8,31.65,7.21,10.03,17.24,1347.6,35.1,9.37,1347.6,35.1,9.83,45.55,52.37,0.98,98.9,0.551,False,False
1780821996.310579,archive_hollywood_flood_rescue_1938_589df8,archive_hollywood_flood_rescue_1938_589df8.mp4,161,50.0,640,480,combined,detect_combined,Flooded,deeplabv3plus,False,False,0,tensorrt,tensorrt,tensorrt,33.79,33.79,29.27,29.59,4.82,8.28,13.1,1347.6,34.3,9.37,1347.6,34.3,9.83,45.55,52.37,0.98,98.9,0.4507,False,False
1780821996.382285,archive_hollywood_flood_rescue_1938_589df8,archive_hollywood_flood_rescue_1938_589df8.mp4,162,50.0,640,480,combined,detect_combined,Flooded,deeplabv3plus,False,False,0,tensorrt,tensorrt,tensorrt,26.71,26.71,36.34,37.44,7.1,10.81,17.91,1347.59,43.2,9.07,1347.59,43.2,9.83,45.55,52.37,0.98,98.9,0.5784,False,False
1780821996.4517558,archive_hollywood_flood_rescue_1938_589df8,archive_hollywood_flood_rescue_1938_589df8.mp4,163,50.0,640,480,combined,detect_combined,Flooded,deeplabv3plus,False,False,0,tensorrt,tensorrt,tensorrt,27.44,27.44,35.96,36.44,4.93,9.14,14.07,1347.58,35.0,9.07,1347.58,35.0,9.83,45.55,52.37,0.98,98.9,0.4801,False,False
1780821996.5236044,archive_hollywood_flood_rescue_1938_589df8,archive_hollywood_flood_rescue_1938_589df8.mp4,164,50.0,640,480,combined,detect_combined,Flooded,deeplabv3plus,False,False,0,tensorrt,tensorrt,tensorrt,28.13,28.13,35.19,35.55,5.35,12.1,17.45,1347.58,51.3,9.07,1347.58,51.3,9.83,45.55,52.37,0.98,98.9,0.3978,False,False
1780821996.594462,archive_hollywood_flood_rescue_1938_589df8,archive_hollywood_flood_rescue_1938_589df8.mp4,165,50.0,640,480,combined,detect_combined,Flooded,deeplabv3plus,False,False,0,tensorrt,tensorrt,tensorrt,32.39,32.39,30.51,30.88,6.26,10.89,17.15,1347.58,55.0,9.07,1347.58,55.0,9.83,45.55,52.37,0.98,98.9,0.3512,False,False
1780821996.6661427,archive_hollywood_flood_rescue_1938_589df8,archive_hollywood_flood_rescue_1938_589df8.mp4,166,50.0,640,480,combined,detect_combined,Flooded,deeplabv3plus,False,False,0,tensorrt,tensorrt,tensorrt,29.79,29.79,33.19,33.57,5.58,9.93,15.51,1347.58,50.0,9.07,1347.58,50.0,9.83,45.55,52.37,0.98,98.9,0.4158,False,False
1780821996.7398689,archive_hollywood_flood_rescue_1938_589df8,archive_hollywood_flood_rescue_1938_589df8.mp4,167,50.0,640,480,combined,detect_combined,Flooded,deeplabv3plus,False,False,0,tensorrt,tensorrt,tensorrt,28.65,28.65,34.6,34.9,4.59,11.72,16.310000000000002,1347.58,50.0,9.07,1347.58,50.0,9.83,45.55,52.37,0.98,98.9,0.4294,False,False
1780821996.802738,archive_hollywood_flood_rescue_1938_589df8,archive_hollywood_flood_rescue_1938_589df8.mp4,168,50.0,640,480,combined,detect_combined,Flooded,deeplabv3plus,False,False,0,tensorrt,tensorrt,tensorrt,29.86,29.86,33.15,33.49,4.77,9.49,14.26,1347.58,59.5,9.07,1347.58,59.5,9.83,45.55,52.37,0.98,98.9,0.4051,False,False
1780821996.8698225,archive_hollywood_flood_rescue_1938_589df8,archive_hollywood_flood_rescue_1938_589df8.mp4,169,50.0,640,480,combined,detect_combined,Flooded,deeplabv3plus,False,False,0,tensorrt,tensorrt,tensorrt,26.36,26.36,37.62,37.94,4.99,15.08,20.07,1347.52,51.4,9.07,1347.52,51.4,9.83,45.55,52.37,0.98,98.9,0.4754,False,False
1780821996.936435,archive_hollywood_flood_rescue_1938_589df8,archive_hollywood_flood_rescue_1938_589df8.mp4,170,50.0,640,480,combined,detect_combined,Flooded,deeplabv3plus,False,False,0,tensorrt,tensorrt,tensorrt,28.23,28.23,34.97,35.42,6.13,9.46,15.59,1347.51,45.9,9.68,1347.51,45.9,9.83,45.55,52.37,0.98,98.9,0.4196,False,False
1780821997.0068228,archive_hollywood_flood_rescue_1938_589df8,archive_hollywood_flood_rescue_1938_589df8.mp4,171,50.0,640,480,combined,detect_combined,Flooded,deeplabv3plus,False,False,0,tensorrt,tensorrt,tensorrt,30.76,30.76,32.06,32.51,4.8,8.32,13.120000000000001,1347.77,47.4,9.68,1347.77,47.4,9.83,45.55,52.37,0.98,98.9,0.6135,False,False
1780821997.0698926,archive_hollywood_flood_rescue_1938_589df8,archive_hollywood_flood_rescue_1938_589df8.mp4,172,50.0,640,480,combined,detect_combined,Flooded,deeplabv3plus,False,False,0,tensorrt,tensorrt,tensorrt,32.81,32.81,30.14,30.48,4.75,9.33,14.08,1347.77,41.7,9.68,1347.77,41.7,9.83,45.55,52.37,0.98,98.9,0.6129,False,False
1780821997.121037,archive_hollywood_flood_rescue_1938_589df8,archive_hollywood_flood_rescue_1938_589df8.mp4,173,50.0,640,480,combined,detect_combined,Flooded,deeplabv3plus,False,False,0,tensorrt,tensorrt,tensorrt,43.2,43.2,22.84,23.15,4.98,7.88,12.86,1347.77,45.2,9.68,1347.77,45.2,9.83,45.55,52.37,0.98,98.9,0.4403,False,False
1780821997.1859052,archive_hollywood_flood_rescue_1938_589df8,archive_hollywood_flood_rescue_1938_589df8.mp4,174,50.0,640,480,combined,detect_combined,Flooded,deeplabv3plus,False,False,0,tensorrt,tensorrt,tensorrt,34.95,34.95,28.21,28.61,6.89,9.74,16.63,1347.77,42.5,9.68,1347.77,42.5,9.83,45.55,52.37,0.98,98.9,0.494,False,False
1780821997.2578652,archive_hollywood_flood_rescue_1938_589df8,archive_hollywood_flood_rescue_1938_589df8.mp4,175,50.0,640,480,combined,detect_combined,Flooded,deeplabv3plus,False,False,0,tensorrt,tensorrt,tensorrt,27.42,27.42,36.11,36.47,5.12,12.57,17.69,1347.77,35.7,9.68,1347.77,35.7,9.83,45.55,52.37,0.98,98.9,0.5339,False,False
1780821997.3303382,archive_hollywood_flood_rescue_1938_589df8,archive_hollywood_flood_rescue_1938_589df8.mp4,176,50.0,640,480,combined,detect_combined,Flooded,deeplabv3plus,False,False,0,tensorrt,tensorrt,tensorrt,24.82,24.82,39.87,40.29,9.04,12.82,21.86,1347.77,41.3,9.68,1347.77,41.3,9.83,45.55,52.37,0.98,98.9,0.4568,False,False
1780821997.4124289,archive_hollywood_flood_rescue_1938_589df8,archive_hollywood_flood_rescue_1938_589df8.mp4,177,50.0,640,480,combined,detect_combined,Flooded,deeplabv3plus,False,False,0,tensorrt,tensorrt,tensorrt,25.42,25.42,38.98,39.35,7.52,13.57,21.09,1347.77,36.7,9.68,1347.77,36.7,9.83,45.55,52.37,0.98,98.9,0.4011,False,False
1780821997.480265,archive_hollywood_flood_rescue_1938_589df8,archive_hollywood_flood_rescue_1938_589df8.mp4,178,50.0,640,480,combined,detect_combined,Flooded,deeplabv3plus,False,False,0,tensorrt,tensorrt,tensorrt,31.73,31.73,31.21,31.51,4.84,11.72,16.560000000000002,1347.76,37.5,9.68,1347.76,37.5,9.83,45.55,52.37,0.98,98.9,0.3651,False,False
1780821997.5461328,archive_hollywood_flood_rescue_1938_589df8,archive_hollywood_flood_rescue_1938_589df8.mp4,179,50.0,640,480,combined,detect_combined,Flooded,deeplabv3plus,False,False,0,tensorrt,tensorrt,tensorrt,32.42,32.42,30.43,30.85,5.49,10.55,16.04,1347.76,43.6,9.07,1347.76,43.6,9.83,45.55,52.37,0.98,98.9,0.3508,False,False
1780821997.6224513,archive_hollywood_flood_rescue_1938_589df8,archive_hollywood_flood_rescue_1938_589df8.mp4,180,50.0,640,480,combined,detect_combined,Flooded,deeplabv3plus,False,False,0,tensorrt,tensorrt,tensorrt,30.28,30.28,32.63,33.03,5.01,12.85,17.86,1347.66,37.0,9.07,1347.66,37.0,9.83,45.55,52.37,0.98,98.9,0.2983,False,False
1780821997.7130165,archive_hollywood_flood_rescue_1938_589df8,archive_hollywood_flood_rescue_1938_589df8.mp4,181,50.0,640,480,combined,detect_combined,Flooded,deeplabv3plus,False,False,0,tensorrt,tensorrt,tensorrt,23.49,23.49,42.1,42.58,6.04,13.82,19.86,1347.66,35.2,9.07,1347.66,35.2,9.83,45.55,52.37,0.98,98.9,0.4577,False,False
1780821997.8295653,archive_hollywood_flood_rescue_1938_589df8,archive_hollywood_flood_rescue_1938_589df8.mp4,182,50.0,640,480,combined,detect_combined,Flooded,deeplabv3plus,False,False,0,tensorrt,tensorrt,tensorrt,16.09,16.09,61.77,62.16,13.6,22.19,35.79,1347.66,45.5,9.07,1347.66,45.5,9.83,45.55,52.37,0.98,98.9,0.5107,False,False
1780821997.9037282,archive_hollywood_flood_rescue_1938_589df8,archive_hollywood_flood_rescue_1938_589df8.mp4,183,50.0,640,480,combined,detect_combined,Flooded,deeplabv3plus,False,False,0,tensorrt,tensorrt,tensorrt,28.75,28.75,34.46,34.79,4.54,9.66,14.2,1347.66,63.6,9.07,1347.66,63.6,9.83,45.55,52.37,0.98,98.9,0.4739,False,False
1780821997.9687688,archive_hollywood_flood_rescue_1938_589df8,archive_hollywood_flood_rescue_1938_589df8.mp4,184,50.0,640,480,combined,detect_combined,Flooded,deeplabv3plus,False,False,0,tensorrt,tensorrt,tensorrt,28.41,28.41,34.86,35.2,4.48,12.42,16.9,1347.66,53.8,9.07,1347.66,53.8,9.83,45.55,52.37,0.98,98.9,0.573,False,False
1780821998.042745,archive_hollywood_flood_rescue_1938_589df8,archive_hollywood_flood_rescue_1938_589df8.mp4,185,50.0,640,480,combined,detect_combined,Flooded,deeplabv3plus,False,False,0,tensorrt,tensorrt,tensorrt,24.56,24.56,40.24,40.72,5.04,13.62,18.66,1347.66,52.3,9.07,1347.66,52.3,9.83,45.55,52.37,0.98,98.9,0.6136,False,False
1780821998.1139476,archive_hollywood_flood_rescue_1938_589df8,archive_hollywood_flood_rescue_1938_589df8.mp4,186,50.0,640,480,combined,detect_combined,Flooded,deeplabv3plus,False,False,0,tensorrt,tensorrt,tensorrt,28.08,28.08,35.12,35.61,5.04,10.72,15.760000000000002,1347.66,35.9,9.37,1347.66,35.9,9.83,45.55,52.37,0.98,98.9,0.5255,False,False
1780821998.185908,archive_hollywood_flood_rescue_1938_589df8,archive_hollywood_flood_rescue_1938_589df8.mp4,187,50.0,640,480,combined,detect_combined,Flooded,deeplabv3plus,False,False,0,tensorrt,tensorrt,tensorrt,29.19,29.19,33.86,34.26,4.61,11.45,16.06,1347.66,60.5,9.37,1347.66,60.5,9.83,45.55,52.37,0.98,98.9,0.4975,False,False
1780821998.2450438,archive_hollywood_flood_rescue_1938_589df8,archive_hollywood_flood_rescue_1938_589df8.mp4,188,50.0,640,480,combined,detect_combined,Flooded,deeplabv3plus,False,False,0,tensorrt,tensorrt,tensorrt,31.63,31.63,31.28,31.61,4.09,9.17,13.26,1347.63,61.8,9.37,1347.63,61.8,9.83,45.55,52.37,0.98,98.9,0.5862,False,False
1780821998.3000069,archive_hollywood_flood_rescue_1938_589df8,archive_hollywood_flood_rescue_1938_589df8.mp4,189,50.0,640,480,combined,detect_combined,Flooded,deeplabv3plus,False,False,0,tensorrt,tensorrt,tensorrt,34.24,34.24,28.48,29.2,4.74,8.35,13.09,1347.63,63.6,9.37,1347.63,63.6,9.83,45.55,52.37,0.98,98.9,0.4709,False,False
1780821998.3656805,archive_hollywood_flood_rescue_1938_589df8,archive_hollywood_flood_rescue_1938_589df8.mp4,190,50.0,640,480,combined,detect_combined,Flooded,deeplabv3plus,False,False,0,tensorrt,tensorrt,tensorrt,29.55,29.55,33.51,33.84,5.08,10.3,15.38,1347.63,42.1,9.37,1347.63,42.1,9.83,45.55,52.37,0.98,98.9,0.5322,False,False
1780821998.426458,archive_hollywood_flood_rescue_1938_589df8,archive_hollywood_flood_rescue_1938_589df8.mp4,191,50.0,640,480,combined,detect_combined,Flooded,deeplabv3plus,False,False,0,tensorrt,tensorrt,tensorrt,31.19,31.19,31.72,32.06,4.29,8.13,12.420000000000002,1347.62,48.5,9.37,1347.62,48.5,9.83,45.55,52.37,0.98,98.9,0.4716,False,False
1780821998.4887624,archive_hollywood_flood_rescue_1938_589df8,archive_hollywood_flood_rescue_1938_589df8.mp4,192,50.0,640,480,combined,detect_combined,Flooded,deeplabv3plus,False,False,0,tensorrt,tensorrt,tensorrt,30.75,30.75,32.16,32.52,4.7,11.77,16.47,1347.62,48.6,9.37,1347.62,48.6,9.83,45.55,52.37,0.98,98.9,0.5557,False,False
1780821998.5473578,archive_hollywood_flood_rescue_1938_589df8,archive_hollywood_flood_rescue_1938_589df8.mp4,193,50.0,640,480,combined,detect_combined,Flooded,deeplabv3plus,False,False,0,tensorrt,tensorrt,tensorrt,32.54,32.54,30.4,30.73,4.24,10.58,14.82,1347.62,42.4,9.37,1347.62,42.4,9.83,45.55,52.37,0.98,98.9,0.502,False,False
1780821998.6135726,archive_hollywood_flood_rescue_1938_589df8,archive_hollywood_flood_rescue_1938_589df8.mp4,194,50.0,640,480,combined,detect_combined,Flooded,deeplabv3plus,False,False,0,tensorrt,tensorrt,tensorrt,27.96,27.96,35.42,35.77,4.86,13.97,18.830000000000002,1347.62,38.9,9.37,1347.62,38.9,9.83,45.55,52.37,0.98,98.9,0.5533,False,False
1780821998.681314,archive_hollywood_flood_rescue_1938_589df8,archive_hollywood_flood_rescue_1938_589df8.mp4,195,50.0,640,480,combined,detect_combined,Flooded,deeplabv3plus,False,False,0,tensorrt,tensorrt,tensorrt,28.79,28.79,34.37,34.74,5.37,10.37,15.739999999999998,1347.62,47.6,9.37,1347.62,47.6,9.83,45.55,52.37,0.98,98.9,0.5292,False,False
1780821998.7579315,archive_hollywood_flood_rescue_1938_589df8,archive_hollywood_flood_rescue_1938_589df8.mp4,196,50.0,640,480,combined,detect_combined,Flooded,deeplabv3plus,False,False,0,tensorrt,tensorrt,tensorrt,25.25,25.25,39.23,39.61,6.89,12.46,19.35,1347.61,42.2,10.14,1347.61,42.2,10.14,45.55,52.37,0.98,98.9,0.6239,False,False
1780821998.8352447,archive_hollywood_flood_rescue_1938_589df8,archive_hollywood_flood_rescue_1938_589df8.mp4,197,50.0,640,480,combined,detect_combined,Flooded,deeplabv3plus,False,False,0,tensorrt,tensorrt,tensorrt,26.65,26.65,37.14,37.53,5.52,12.19,17.71,1347.61,33.3,10.14,1347.61,33.3,10.14,45.55,52.37,0.98,98.9,0.5534,False,False
1780821998.9234693,archive_hollywood_flood_rescue_1938_589df8,archive_hollywood_flood_rescue_1938_589df8.mp4,198,50.0,640,480,combined,detect_combined,Flooded,deeplabv3plus,False,False,0,tensorrt,tensorrt,tensorrt,23.5,23.5,42.13,42.55,6.0,14.75,20.75,1347.61,37.0,10.14,1347.61,37.0,10.14,45.55,52.37,0.98,98.9,0.5798,False,False
1780821999.018117,archive_hollywood_flood_rescue_1938_589df8,archive_hollywood_flood_rescue_1938_589df8.mp4,199,50.0,640,480,combined,detect_combined,Flooded,deeplabv3plus,False,False,0,tensorrt,tensorrt,tensorrt,24.88,24.88,39.73,40.19,6.96,15.76,22.72,1347.61,32.7,10.14,1347.61,32.7,10.14,45.55,52.37,0.98,98.9,0.4649,False,False
1780821999.1104026,archive_hollywood_flood_rescue_1938_589df8,archive_hollywood_flood_rescue_1938_589df8.mp4,200,50.0,640,480,combined,detect_combined,Flooded,deeplabv3plus,False,False,0,tensorrt,tensorrt,tensorrt,23.36,23.36,42.43,42.8,8.54,15.09,23.63,1347.61,38.2,10.14,1347.61,38.2,10.14,45.55,52.37,0.98,98.9,0.4184,False,False
1780821999.1883054,archive_hollywood_flood_rescue_1938_589df8,archive_hollywood_flood_rescue_1938_589df8.mp4,201,50.0,640,480,combined,detect_combined,Flooded,deeplabv3plus,False,False,0,tensorrt,tensorrt,tensorrt,24.15,24.15,41.03,41.41,6.1,16.43,22.53,1347.59,64.4,10.14,1347.59,64.4,10.14,45.55,52.37,0.98,98.9,0.5089,False,False
1780821999.2536228,archive_hollywood_flood_rescue_1938_589df8,archive_hollywood_flood_rescue_1938_589df8.mp4,202,50.0,640,480,combined,detect_combined,Flooded,deeplabv3plus,False,False,0,tensorrt,tensorrt,tensorrt,29.62,29.62,33.42,33.77,6.73,9.38,16.11,1347.59,54.1,10.14,1347.59,54.1,10.14,45.55,52.37,0.98,98.9,0.5431,False,False
1780821999.3197033,archive_hollywood_flood_rescue_1938_589df8,archive_hollywood_flood_rescue_1938_589df8.mp4,203,50.0,640,480,combined,detect_combined,Flooded,deeplabv3plus,False,False,0,tensorrt,tensorrt,tensorrt,29.6,29.6,33.42,33.78,5.24,10.07,15.31,1347.59,55.3,9.37,1347.59,55.3,10.14,45.55,52.37,0.98,98.9,0.5412,False,False
1780821999.38948,archive_hollywood_flood_rescue_1938_589df8,archive_hollywood_flood_rescue_1938_589df8.mp4,204,50.0,640,480,combined,detect_combined,Flooded,deeplabv3plus,False,False,0,tensorrt,tensorrt,tensorrt,30.07,30.07,32.91,33.26,5.03,9.39,14.420000000000002,1347.59,53.8,9.37,1347.59,53.8,10.14,45.55,52.37,0.98,98.9,0.4302,False,False
1780821999.445948,archive_hollywood_flood_rescue_1938_589df8,archive_hollywood_flood_rescue_1938_589df8.mp4,205,50.0,640,480,combined,detect_combined,Flooded,deeplabv3plus,False,False,0,tensorrt,tensorrt,tensorrt,39.52,39.52,25.0,25.3,3.9,6.77,10.67,1347.59,48.5,9.37,1347.59,48.5,10.14,45.55,52.37,0.98,98.9,0.4618,False,False
1780821999.5102441,archive_hollywood_flood_rescue_1938_589df8,archive_hollywood_flood_rescue_1938_589df8.mp4,206,50.0,640,480,combined,detect_combined,Flooded,deeplabv3plus,False,False,0,tensorrt,tensorrt,tensorrt,31.79,31.79,31.13,31.46,6.95,9.13,16.080000000000002,1347.59,56.4,9.37,1347.59,56.4,10.14,45.55,52.37,0.98,98.9,0.5006,False,False
1780821999.5812325,archive_hollywood_flood_rescue_1938_589df8,archive_hollywood_flood_rescue_1938_589df8.mp4,207,50.0,640,480,combined,detect_combined,Flooded,deeplabv3plus,False,False,0,tensorrt,tensorrt,tensorrt,25.95,25.95,38.16,38.54,5.06,14.64,19.7,1347.59,48.8,9.37,1347.59,48.8,10.14,45.55,52.37,0.98,98.9,0.5053,False,False
1780821999.6522298,archive_hollywood_flood_rescue_1938_589df8,archive_hollywood_flood_rescue_1938_589df8.mp4,208,50.0,640,480,combined,detect_combined,Flooded,deeplabv3plus,False,False,0,tensorrt,tensorrt,tensorrt,28.67,28.67,34.51,34.88,5.87,11.3,17.17,1347.54,54.8,9.37,1347.54,54.8,10.14,45.55,52.37,0.98,98.9,0.4381,False,False
1780821999.7186706,archive_hollywood_flood_rescue_1938_589df8,archive_hollywood_flood_rescue_1938_589df8.mp4,209,50.0,640,480,combined,detect_combined,Flooded,deeplabv3plus,False,False,0,tensorrt,tensorrt,tensorrt,31.86,31.86,31.03,31.38,4.6,10.61,15.209999999999999,1347.54,55.3,9.37,1347.54,55.3,10.14,45.55,52.37,0.98,98.9,0.4473,False,False
1780821999.7852137,archive_hollywood_flood_rescue_1938_589df8,archive_hollywood_flood_rescue_1938_589df8.mp4,210,50.0,640,480,combined,detect_combined,Flooded,deeplabv3plus,False,False,0,tensorrt,tensorrt,tensorrt,27.8,27.8,35.61,35.98,5.61,10.66,16.27,1347.54,37.8,9.37,1347.54,37.8,10.14,45.55,52.37,0.98,98.9,0.3958,False,False
1780821999.8568916,archive_hollywood_flood_rescue_1938_589df8,archive_hollywood_flood_rescue_1938_589df8.mp4,211,50.0,640,480,combined,detect_combined,Flooded,deeplabv3plus,False,False,0,tensorrt,tensorrt,tensorrt,27.68,27.68,35.74,36.12,5.71,12.65,18.36,1347.54,35.0,9.37,1347.54,35.0,10.14,45.55,52.37,0.98,98.9,0.3997,False,False
1780821999.9353557,archive_hollywood_flood_rescue_1938_589df8,archive_hollywood_flood_rescue_1938_589df8.mp4,212,50.0,640,480,combined,detect_combined,Flooded,deeplabv3plus,False,False,0,tensorrt,tensorrt,tensorrt,24.75,24.75,40.0,40.4,6.39,12.65,19.04,1347.54,45.5,9.53,1347.54,45.5,10.14,45.55,52.37,0.98,98.9,0.3459,False,False
1780822000.0145752,archive_hollywood_flood_rescue_1938_589df8,archive_hollywood_flood_rescue_1938_589df8.mp4,213,50.0,640,480,combined,detect_combined,Flooded,deeplabv3plus,False,False,0,tensorrt,tensorrt,tensorrt,26.09,26.09,37.94,38.32,6.2,14.49,20.69,1347.54,39.1,9.53,1347.54,39.1,10.14,45.55,52.37,0.98,98.9,0.2749,False,False
1780822000.098229,archive_hollywood_flood_rescue_1938_589df8,archive_hollywood_flood_rescue_1938_589df8.mp4,214,50.0,640,480,combined,detect_combined,Flooded,deeplabv3plus,False,False,0,tensorrt,tensorrt,tensorrt,26.64,26.64,37.06,37.54,6.07,13.2,19.27,1347.54,38.0,9.53,1347.54,38.0,10.14,45.55,52.37,0.98,98.9,0.3601,False,False
1780822000.19369,archive_hollywood_flood_rescue_1938_589df8,archive_hollywood_flood_rescue_1938_589df8.mp4,215,50.0,640,480,combined,detect_combined,Flooded,deeplabv3plus,False,False,0,tensorrt,tensorrt,tensorrt,21.47,21.47,46.17,46.57,5.89,17.82,23.71,1347.54,35.2,9.53,1347.54,35.2,10.14,45.55,52.37,0.98,98.9,0.5083,False,False
1780822000.29527,archive_hollywood_flood_rescue_1938_589df8,archive_hollywood_flood_rescue_1938_589df8.mp4,216,50.0,640,480,combined,detect_combined,Flooded,deeplabv3plus,False,False,0,tensorrt,tensorrt,tensorrt,17.49,17.49,56.77,57.18,6.64,17.45,24.09,1347.53,37.7,9.53,1347.53,37.7,10.14,45.55,52.37,0.98,98.9,0.4099,False,False
1780822000.3926651,archive_hollywood_flood_rescue_1938_589df8,archive_hollywood_flood_rescue_1938_589df8.mp4,217,50.0,640,480,combined,detect_combined,Flooded,deeplabv3plus,False,False,0,tensorrt,tensorrt,tensorrt,24.97,24.97,39.59,40.05,9.41,17.81,27.22,1347.54,45.5,9.53,1347.54,45.5,10.14,45.55,52.37,0.98,98.9,0.3616,False,False
1780822000.4829798,archive_hollywood_flood_rescue_1938_589df8,archive_hollywood_flood_rescue_1938_589df8.mp4,218,50.0,640,480,combined,detect_combined,Flooded,deeplabv3plus,False,False,0,tensorrt,tensorrt,tensorrt,21.88,21.88,45.34,45.7,6.1,18.9,25.0,1347.51,55.6,8.61,1347.51,55.6,10.14,45.55,52.37,0.98,98.9,0.4064,False,False
1780822000.5698903,archive_hollywood_flood_rescue_1938_589df8,archive_hollywood_flood_rescue_1938_589df8.mp4,219,50.0,640,480,combined,detect_combined,Flooded,deeplabv3plus,False,False,0,tensorrt,tensorrt,tensorrt,25.6,25.6,38.61,39.06,9.33,14.43,23.759999999999998,1347.51,53.8,8.61,1347.51,53.8,10.14,45.55,52.37,0.98,98.9,0.3607,False,False
1780822000.6672587,archive_hollywood_flood_rescue_1938_589df8,archive_hollywood_flood_rescue_1938_589df8.mp4,220,50.0,640,480,combined,detect_combined,Flooded,deeplabv3plus,False,False,0,tensorrt,tensorrt,tensorrt,21.48,21.48,46.13,46.55,6.53,19.11,25.64,1347.48,55.2,8.61,1347.48,55.2,10.14,45.55,52.37,0.98,98.9,0.4965,False,False
1780822000.7721741,archive_hollywood_flood_rescue_1938_589df8,archive_hollywood_flood_rescue_1938_589df8.mp4,221,50.0,640,480,combined,detect_combined,Flooded,deeplabv3plus,False,False,0,tensorrt,tensorrt,tensorrt,20.31,20.31,48.81,49.24,7.32,19.56,26.88,1347.48,45.8,8.61,1347.48,45.8,10.14,45.55,52.37,0.98,98.9,0.4504,False,False
1780822000.8742516,archive_hollywood_flood_rescue_1938_589df8,archive_hollywood_flood_rescue_1938_589df8.mp4,222,50.0,640,480,combined,detect_combined,Flooded,deeplabv3plus,False,False,0,tensorrt,tensorrt,tensorrt,20.39,20.39,48.61,49.04,6.83,19.29,26.119999999999997,1347.39,30.0,8.61,1347.39,30.0,10.14,45.55,52.37,0.98,98.9,0.4957,False,False
1780822000.9771724,archive_hollywood_flood_rescue_1938_589df8,archive_hollywood_flood_rescue_1938_589df8.mp4,223,50.0,640,480,combined,detect_combined,Flooded,deeplabv3plus,False,False,0,tensorrt,tensorrt,tensorrt,19.24,19.24,51.53,51.99,7.26,18.42,25.68,1347.39,34.4,8.61,1347.39,34.4,10.14,45.55,52.37,0.98,98.9,0.526,False,False
1780822001.073571,archive_hollywood_flood_rescue_1938_589df8,archive_hollywood_flood_rescue_1938_589df8.mp4,224,50.0,640,480,combined,detect_combined,Flooded,deeplabv3plus,False,False,0,tensorrt,tensorrt,tensorrt,20.71,20.71,47.85,48.29,9.2,19.92,29.12,1347.39,44.6,8.3,1347.39,44.6,10.14,45.55,52.37,0.98,98.9,0.5103,False,False
1780822001.1500542,archive_hollywood_flood_rescue_1938_589df8,archive_hollywood_flood_rescue_1938_589df8.mp4,225,50.0,640,480,combined,detect_combined,Flooded,deeplabv3plus,False,False,0,tensorrt,tensorrt,tensorrt,25.61,25.61,38.62,39.05,8.15,13.54,21.689999999999998,1347.39,51.1,8.3,1347.39,51.1,10.14,45.55,52.37,0.98,98.9,0.4311,False,False
1780822001.2364295,archive_hollywood_flood_rescue_1938_589df8,archive_hollywood_flood_rescue_1938_589df8.mp4,226,50.0,640,480,combined,detect_combined,Flooded,deeplabv3plus,False,False,0,tensorrt,tensorrt,tensorrt,22.38,22.38,44.29,44.69,7.73,15.79,23.52,1347.39,45.3,8.3,1347.39,45.3,10.14,45.55,52.37,0.98,98.9,0.455,False,False
1780822001.3304167,archive_hollywood_flood_rescue_1938_589df8,archive_hollywood_flood_rescue_1938_589df8.mp4,227,50.0,640,480,combined,detect_combined,Flooded,deeplabv3plus,False,False,0,tensorrt,tensorrt,tensorrt,19.28,19.28,51.36,51.85,6.8,24.32,31.12,1347.3,47.4,8.3,1347.3,47.4,10.14,45.55,52.37,0.98,98.9,0.4238,False,False
1780822001.4164226,archive_hollywood_flood_rescue_1938_589df8,archive_hollywood_flood_rescue_1938_589df8.mp4,228,50.0,640,480,combined,detect_combined,Flooded,deeplabv3plus,False,False,0,tensorrt,tensorrt,tensorrt,20.33,20.33,48.75,49.18,6.48,20.34,26.82,1347.3,42.0,8.3,1347.3,42.0,10.14,45.55,52.37,0.98,98.9,0.5558,False,False
1780822001.5009246,archive_hollywood_flood_rescue_1938_589df8,archive_hollywood_flood_rescue_1938_589df8.mp4,229,50.0,640,480,combined,detect_combined,Flooded,deeplabv3plus,False,False,0,tensorrt,tensorrt,tensorrt,27.2,27.2,36.29,36.77,6.45,13.51,19.96,1347.3,38.5,8.3,1347.3,38.5,10.14,45.55,52.37,0.98,98.9,0.5663,False,False
1780822001.5963433,archive_hollywood_flood_rescue_1938_589df8,archive_hollywood_flood_rescue_1938_589df8.mp4,230,50.0,640,480,combined,detect_combined,Flooded,deeplabv3plus,False,False,0,tensorrt,tensorrt,tensorrt,21.7,21.7,45.69,46.09,6.44,21.22,27.66,1347.3,36.7,8.3,1347.3,36.7,10.14,45.55,52.37,0.98,98.9,0.5061,False,False
1780822001.6923954,archive_hollywood_flood_rescue_1938_589df8,archive_hollywood_flood_rescue_1938_589df8.mp4,231,50.0,640,480,combined,detect_combined,Flooded,deeplabv3plus,False,False,0,tensorrt,tensorrt,tensorrt,22.93,22.93,43.18,43.61,7.05,20.92,27.970000000000002,1347.3,44.6,8.46,1347.3,44.6,10.14,45.55,52.37,0.98,98.9,0.5793,False,False
1780822001.7872753,archive_hollywood_flood_rescue_1938_589df8,archive_hollywood_flood_rescue_1938_589df8.mp4,232,50.0,640,480,combined,detect_combined,Flooded,deeplabv3plus,False,False,0,tensorrt,tensorrt,tensorrt,20.76,20.76,47.73,48.17,5.88,20.81,26.689999999999998,1347.3,50.0,8.46,1347.3,50.0,10.14,45.55,52.37,0.98,98.9,0.6285,False,False
1780822001.8785684,archive_hollywood_flood_rescue_1938_589df8,archive_hollywood_flood_rescue_1938_589df8.mp4,233,50.0,640,480,combined,detect_combined,Flooded,deeplabv3plus,False,False,0,tensorrt,tensorrt,tensorrt,20.42,20.42,48.61,48.97,7.61,19.63,27.24,1347.29,55.8,8.46,1347.29,55.8,10.14,45.55,52.37,0.98,98.9,0.4132,False,False
1780822001.9486296,archive_hollywood_flood_rescue_1938_589df8,archive_hollywood_flood_rescue_1938_589df8.mp4,234,50.0,640,480,combined,detect_combined,Flooded,deeplabv3plus,False,False,0,tensorrt,tensorrt,tensorrt,32.14,32.14,30.78,31.12,4.95,10.43,15.379999999999999,1347.29,56.1,8.46,1347.29,56.1,10.14,45.55,52.37,0.98,98.9,0.4861,False,False
1780822002.0340202,archive_hollywood_flood_rescue_1938_589df8,archive_hollywood_flood_rescue_1938_589df8.mp4,235,50.0,640,480,combined,detect_combined,Flooded,deeplabv3plus,False,False,0,tensorrt,tensorrt,tensorrt,20.42,20.42,48.55,48.96,5.71,16.28,21.990000000000002,1347.29,54.7,8.46,1347.29,54.7,10.14,45.55,52.37,0.98,98.9,0.4755,False,False
1780822002.1174731,archive_hollywood_flood_rescue_1938_589df8,archive_hollywood_flood_rescue_1938_589df8.mp4,236,50.0,640,480,combined,detect_combined,Flooded,deeplabv3plus,False,False,0,tensorrt,tensorrt,tensorrt,23.5,23.5,42.19,42.56,7.03,16.76,23.790000000000003,1347.29,40.4,8.46,1347.29,40.4,10.14,45.55,52.37,0.98,98.9,0.4629,False,False
1780822002.2017047,archive_hollywood_flood_rescue_1938_589df8,archive_hollywood_flood_rescue_1938_589df8.mp4,237,50.0,640,480,combined,detect_combined,Flooded,deeplabv3plus,False,False,0,tensorrt,tensorrt,tensorrt,22.0,22.0,45.09,45.46,6.34,17.37,23.71,1347.24,40.8,8.92,1347.24,40.8,10.14,45.55,52.37,0.98,98.9,0.4556,False,False
1780822002.2761884,archive_hollywood_flood_rescue_1938_589df8,archive_hollywood_flood_rescue_1938_589df8.mp4,238,50.0,640,480,combined,detect_combined,Flooded,deeplabv3plus,False,False,0,tensorrt,tensorrt,tensorrt,27.1,27.1,36.56,36.9,4.43,11.98,16.41,1347.24,33.3,8.92,1347.24,33.3,10.14,45.55,52.37,0.98,98.9,0.5044,False,False
1780822002.352194,archive_hollywood_flood_rescue_1938_589df8,archive_hollywood_flood_rescue_1938_589df8.mp4,239,50.0,640,480,combined,detect_combined,Flooded,deeplabv3plus,False,False,0,tensorrt,tensorrt,tensorrt,27.55,27.55,35.68,36.3,5.04,12.17,17.21,1347.23,34.1,8.92,1347.23,34.1,10.14,45.55,52.37,0.98,98.9,0.4912,False,False
1780822002.4327726,archive_hollywood_flood_rescue_1938_589df8,archive_hollywood_flood_rescue_1938_589df8.mp4,240,50.0,640,480,combined,detect_combined,Flooded,deeplabv3plus,False,False,0,tensorrt,tensorrt,tensorrt,23.57,23.57,42.08,42.42,7.56,16.53,24.09,1347.23,37.8,8.92,1347.23,37.8,10.14,45.55,52.37,0.98,98.9,0.5229,False,False
1780822002.4998775,archive_hollywood_flood_rescue_1938_589df8,archive_hollywood_flood_rescue_1938_589df8.mp4,241,50.0,640,480,combined,detect_combined,Flooded,deeplabv3plus,False,False,0,tensorrt,tensorrt,tensorrt,28.79,28.79,34.42,34.74,4.13,13.5,17.63,1347.21,47.2,8.92,1347.21,47.2,10.14,45.55,52.37,0.98,98.9,0.4418,False,False
1780822002.5764387,archive_hollywood_flood_rescue_1938_589df8,archive_hollywood_flood_rescue_1938_589df8.mp4,242,50.0,640,480,combined,detect_combined,Flooded,deeplabv3plus,False,False,0,tensorrt,tensorrt,tensorrt,26.25,26.25,37.72,38.09,7.23,13.93,21.16,1347.21,46.8,8.92,1347.21,46.8,10.14,45.55,52.37,0.98,98.9,0.5257,False,False
1780822002.6490822,archive_hollywood_flood_rescue_1938_589df8,archive_hollywood_flood_rescue_1938_589df8.mp4,243,50.0,640,480,combined,detect_combined,Flooded,deeplabv3plus,False,False,0,tensorrt,tensorrt,tensorrt,26.24,26.24,37.63,38.11,5.06,9.02,14.079999999999998,1347.21,55.8,8.92,1347.21,55.8,10.14,45.55,52.37,0.98,98.9,0.4842,False,False
1780822002.7134697,archive_hollywood_flood_rescue_1938_589df8,archive_hollywood_flood_rescue_1938_589df8.mp4,244,50.0,640,480,combined,detect_combined,Flooded,deeplabv3plus,False,False,0,tensorrt,tensorrt,tensorrt,29.62,29.62,33.32,33.76,4.61,11.31,15.920000000000002,1347.21,47.2,8.92,1347.21,47.2,10.14,45.55,52.37,0.98,98.9,0.4455,False,False
1780822002.7765348,archive_hollywood_flood_rescue_1938_589df8,archive_hollywood_flood_rescue_1938_589df8.mp4,245,50.0,640,480,combined,detect_combined,Flooded,deeplabv3plus,False,False,0,tensorrt,tensorrt,tensorrt,31.21,31.21,31.66,32.04,5.08,8.82,13.9,1347.46,56.8,9.83,1347.46,56.8,10.14,45.55,52.37,0.98,98.9,0.4319,False,False
1780822002.859519,archive_hollywood_flood_rescue_1938_589df8,archive_hollywood_flood_rescue_1938_589df8.mp4,246,50.0,640,480,combined,detect_combined,Flooded,deeplabv3plus,False,False,0,tensorrt,tensorrt,tensorrt,26.48,26.48,37.35,37.77,7.0,15.02,22.02,1393.93,80.4,9.83,1393.93,80.4,10.14,45.55,52.37,0.98,98.9,0.4793,False,False
1780822002.9226909,archive_hollywood_flood_rescue_1938_589df8,archive_hollywood_flood_rescue_1938_589df8.mp4,247,50.0,640,480,combined,detect_combined,Flooded,deeplabv3plus,False,False,0,tensorrt,tensorrt,tensorrt,28.68,28.68,34.4,34.87,6.36,12.34,18.7,1393.93,62.9,9.83,1393.93,62.9,10.14,45.55,52.37,0.98,98.9,0.3699,False,False
1780822002.9888449,archive_hollywood_flood_rescue_1938_589df8,archive_hollywood_flood_rescue_1938_589df8.mp4,248,50.0,640,480,combined,detect_combined,Flooded,deeplabv3plus,False,False,0,tensorrt,tensorrt,tensorrt,27.38,27.38,36.19,36.52,4.38,11.65,16.03,1393.93,55.0,9.83,1393.93,55.0,10.14,45.55,52.37,0.98,98.9,0.534,False,False
1780822003.0560088,archive_hollywood_flood_rescue_1938_589df8,archive_hollywood_flood_rescue_1938_589df8.mp4,249,50.0,640,480,combined,detect_combined,Flooded,deeplabv3plus,False,False,0,tensorrt,tensorrt,tensorrt,26.49,26.49,37.44,37.75,4.1,12.5,16.6,1393.93,46.2,9.83,1393.93,46.2,10.14,45.55,52.37,0.98,98.9,0.5132,False,False
1780822003.1253617,archive_hollywood_flood_rescue_1938_589df8,archive_hollywood_flood_rescue_1938_589df8.mp4,250,50.0,640,480,combined,detect_combined,Flooded,deeplabv3plus,False,False,0,tensorrt,tensorrt,tensorrt,29.6,29.6,33.43,33.78,6.92,9.56,16.48,1393.93,47.5,9.83,1393.93,47.5,10.14,45.55,52.37,0.98,98.9,0.6087,False,False
1780822003.1909418,archive_hollywood_flood_rescue_1938_589df8,archive_hollywood_flood_rescue_1938_589df8.mp4,251,50.0,640,480,combined,detect_combined,Flooded,deeplabv3plus,False,False,0,tensorrt,tensorrt,tensorrt,35.65,35.65,27.72,28.05,4.91,8.87,13.78,1393.93,52.5,9.83,1393.93,52.5,10.14,45.55,52.37,0.98,98.9,0.55,False,False
1780822003.255873,archive_hollywood_flood_rescue_1938_589df8,archive_hollywood_flood_rescue_1938_589df8.mp4,252,50.0,640,480,combined,detect_combined,Flooded,deeplabv3plus,False,False,0,tensorrt,tensorrt,tensorrt,28.23,28.23,35.05,35.42,4.33,12.69,17.02,1393.93,56.4,9.83,1393.93,56.4,10.14,45.55,52.37,0.98,98.9,0.5979,False,False
1780822003.321007,archive_hollywood_flood_rescue_1938_589df8,archive_hollywood_flood_rescue_1938_589df8.mp4,253,50.0,640,480,combined,detect_combined,Flooded,deeplabv3plus,False,False,0,tensorrt,tensorrt,tensorrt,30.75,30.75,32.15,32.52,6.93,8.82,15.75,1393.93,50.0,9.83,1393.93,50.0,10.14,45.55,52.37,0.98,98.9,0.5578,False,False
1780822003.3912919,archive_hollywood_flood_rescue_1938_589df8,archive_hollywood_flood_rescue_1938_589df8.mp4,254,50.0,640,480,combined,detect_combined,Flooded,deeplabv3plus,False,False,0,tensorrt,tensorrt,tensorrt,31.37,31.37,31.47,31.87,5.15,11.73,16.880000000000003,1393.93,41.5,10.44,1393.93,41.5,10.44,45.55,52.37,0.98,98.9,0.5259,False,False
1780822003.4746916,archive_hollywood_flood_rescue_1938_589df8,archive_hollywood_flood_rescue_1938_589df8.mp4,255,50.0,640,480,combined,detect_combined,Flooded,deeplabv3plus,False,False,0,tensorrt,tensorrt,tensorrt,24.55,24.55,40.34,40.74,5.31,15.13,20.44,1393.93,48.9,10.44,1393.93,48.9,10.44,45.55,52.37,0.98,98.9,0.6126,False,False
1780822003.5642083,archive_hollywood_flood_rescue_1938_589df8,archive_hollywood_flood_rescue_1938_589df8.mp4,256,50.0,640,480,combined,detect_combined,Flooded,deeplabv3plus,False,False,0,tensorrt,tensorrt,tensorrt,28.94,28.94,34.2,34.55,7.19,14.75,21.94,1393.93,52.1,10.44,1393.93,52.1,10.44,45.55,52.37,0.98,98.9,0.591,False,False
1780822003.64067,archive_hollywood_flood_rescue_1938_589df8,archive_hollywood_flood_rescue_1938_589df8.mp4,257,50.0,640,480,combined,detect_combined,Flooded,deeplabv3plus,False,False,0,tensorrt,tensorrt,tensorrt,24.19,24.19,40.94,41.33,6.61,10.43,17.04,1393.93,54.5,10.44,1393.93,54.5,10.44,45.55,52.37,0.98,98.9,0.7172,False,False
1780822003.7070162,archive_hollywood_flood_rescue_1938_589df8,archive_hollywood_flood_rescue_1938_589df8.mp4,258,50.0,640,480,combined,detect_combined,Flooded,deeplabv3plus,False,False,0,tensorrt,tensorrt,tensorrt,26.49,26.49,36.01,37.74,4.83,9.03,13.86,1393.93,42.9,10.44,1393.93,42.9,10.44,45.55,52.37,0.98,98.9,0.6542,False,False
1780822003.7755744,archive_hollywood_flood_rescue_1938_589df8,archive_hollywood_flood_rescue_1938_589df8.mp4,259,50.0,640,480,combined,detect_combined,Flooded,deeplabv3plus,False,False,0,tensorrt,tensorrt,tensorrt,28.2,28.2,35.13,35.47,5.04,13.95,18.99,1393.93,50.0,10.44,1393.93,50.0,10.44,45.55,52.37,0.98,98.9,0.6239,False,False
1780822003.8376808,archive_hollywood_flood_rescue_1938_589df8,archive_hollywood_flood_rescue_1938_589df8.mp4,260,50.0,640,480,combined,detect_combined,Flooded,deeplabv3plus,False,False,0,tensorrt,tensorrt,tensorrt,29.97,29.97,33.0,33.37,5.24,9.77,15.01,1393.93,50.0,10.44,1393.93,50.0,10.44,45.55,52.37,0.98,98.9,0.5797,False,False
1780822003.8908737,archive_hollywood_flood_rescue_1938_589df8,archive_hollywood_flood_rescue_1938_589df8.mp4,261,50.0,640,480,combined,detect_combined,Flooded,deeplabv3plus,False,False,0,tensorrt,tensorrt,tensorrt,45.34,45.34,21.74,22.06,4.24,8.72,12.96,1393.92,34.5,10.44,1393.92,34.5,10.44,45.55,52.37,0.98,98.9,0.5385,False,False
1780822003.9556203,archive_hollywood_flood_rescue_1938_589df8,archive_hollywood_flood_rescue_1938_589df8.mp4,262,50.0,640,480,combined,detect_combined,Flooded,deeplabv3plus,False,False,0,tensorrt,tensorrt,tensorrt,37.99,37.99,25.99,26.32,5.07,10.08,15.15,1393.92,38.5,9.98,1393.92,38.5,10.44,45.55,52.37,0.98,98.9,0.5676,False,False
1780822004.0368323,archive_hollywood_flood_rescue_1938_589df8,archive_hollywood_flood_rescue_1938_589df8.mp4,263,50.0,640,480,combined,detect_combined,Flooded,deeplabv3plus,False,False,0,tensorrt,tensorrt,tensorrt,25.58,25.58,38.63,39.09,5.17,12.46,17.630000000000003,1393.92,31.1,9.98,1393.92,31.1,10.44,45.55,52.37,0.98,98.9,0.6775,False,False
1780822004.1140018,archive_hollywood_flood_rescue_1938_589df8,archive_hollywood_flood_rescue_1938_589df8.mp4,264,50.0,640,480,combined,detect_combined,Flooded,deeplabv3plus,False,False,0,tensorrt,tensorrt,tensorrt,28.85,28.85,34.26,34.67,5.84,13.89,19.73,1393.91,37.8,9.98,1393.91,37.8,10.44,45.55,52.37,0.98,98.9,0.5874,False,False
1780822004.1991322,archive_hollywood_flood_rescue_1938_589df8,archive_hollywood_flood_rescue_1938_589df8.mp4,265,50.0,640,480,combined,detect_combined,Flooded,deeplabv3plus,False,False,0,tensorrt,tensorrt,tensorrt,27.7,27.7,35.69,36.11,5.57,13.57,19.14,1393.91,34.0,9.98,1393.91,34.0,10.44,45.55,52.37,0.98,98.9,0.5776,False,False
1780822004.2906628,archive_hollywood_flood_rescue_1938_589df8,archive_hollywood_flood_rescue_1938_589df8.mp4,266,50.0,640,480,combined,detect_combined,Flooded,deeplabv3plus,False,False,0,tensorrt,tensorrt,tensorrt,24.23,24.23,40.9,41.27,5.95,15.0,20.95,1393.91,49.1,9.98,1393.91,49.1,10.44,45.55,52.37,0.98,98.9,0.612,False,False
1780822004.3750238,archive_hollywood_flood_rescue_1938_589df8,archive_hollywood_flood_rescue_1938_589df8.mp4,267,50.0,640,480,combined,detect_combined,Flooded,deeplabv3plus,False,False,0,tensorrt,tensorrt,tensorrt,23.22,23.22,42.53,43.06,5.78,15.31,21.09,1393.91,50.0,9.98,1393.91,50.0,10.44,45.55,52.37,0.98,98.9,0.7059,False,False
1780822004.4566607,archive_hollywood_flood_rescue_1938_589df8,archive_hollywood_flood_rescue_1938_589df8.mp4,268,50.0,640,480,combined,detect_combined,Flooded,deeplabv3plus,False,False,0,tensorrt,tensorrt,tensorrt,26.07,26.07,37.88,38.36,6.73,11.47,18.200000000000003,1393.91,51.1,9.98,1393.91,51.1,10.44,45.55,52.37,0.98,98.9,0.5545,False,False
1780822004.5353825,archive_hollywood_flood_rescue_1938_589df8,archive_hollywood_flood_rescue_1938_589df8.mp4,269,50.0,640,480,combined,detect_combined,Flooded,deeplabv3plus,False,False,0,tensorrt,tensorrt,tensorrt,25.12,25.12,39.44,39.8,5.88,12.45,18.33,1393.91,55.6,9.07,1393.91,55.6,10.44,45.55,52.37,0.98,98.9,0.6984,False,False
1780822004.604684,archive_hollywood_flood_rescue_1938_589df8,archive_hollywood_flood_rescue_1938_589df8.mp4,270,50.0,640,480,combined,detect_combined,Flooded,deeplabv3plus,False,False,0,tensorrt,tensorrt,tensorrt,30.78,30.78,32.11,32.49,5.82,9.68,15.5,1393.91,48.6,9.07,1393.91,48.6,10.44,45.55,52.37,0.98,98.9,0.7265,False,False
1780822004.692443,archive_hollywood_flood_rescue_1938_589df8,archive_hollywood_flood_rescue_1938_589df8.mp4,271,50.0,640,480,combined,detect_combined,Flooded,deeplabv3plus,False,False,0,tensorrt,tensorrt,tensorrt,20.27,20.27,48.84,49.32,6.3,19.04,25.34,1393.91,49.0,9.07,1393.91,49.0,10.44,45.55,52.37,0.98,98.9,0.5715,False,False
1780822004.7750113,archive_hollywood_flood_rescue_1938_589df8,archive_hollywood_flood_rescue_1938_589df8.mp4,272,50.0,640,480,combined,detect_combined,Flooded,deeplabv3plus,False,False,0,tensorrt,tensorrt,tensorrt,25.56,25.56,38.71,39.12,6.25,13.59,19.84,1393.91,36.0,9.07,1393.91,36.0,10.44,45.55,52.37,0.98,98.9,0.5829,False,False
1780822004.8692117,archive_hollywood_flood_rescue_1938_589df8,archive_hollywood_flood_rescue_1938_589df8.mp4,273,50.0,640,480,combined,detect_combined,Flooded,deeplabv3plus,False,False,0,tensorrt,tensorrt,tensorrt,22.1,22.1,44.82,45.24,7.36,21.02,28.38,1393.91,30.2,9.07,1393.91,30.2,10.44,45.55,52.37,0.98,98.9,0.6113,False,False
1780822004.968554,archive_hollywood_flood_rescue_1938_589df8,archive_hollywood_flood_rescue_1938_589df8.mp4,274,50.0,640,480,combined,detect_combined,Flooded,deeplabv3plus,False,False,0,tensorrt,tensorrt,tensorrt,20.72,20.72,47.82,48.27,9.3,21.53,30.830000000000002,1393.91,36.1,9.07,1393.91,36.1,10.44,45.55,52.37,0.98,98.9,0.6924,False,False
1780822005.0703628,archive_hollywood_flood_rescue_1938_589df8,archive_hollywood_flood_rescue_1938_589df8.mp4,275,50.0,640,480,combined,detect_combined,Flooded,deeplabv3plus,False,False,0,tensorrt,tensorrt,tensorrt,20.37,20.37,48.65,49.09,8.68,21.35,30.03,1393.91,30.5,9.07,1393.91,30.5,10.44,45.55,52.37,0.98,98.9,0.6538,False,False
1780822005.1711419,archive_hollywood_flood_rescue_1938_589df8,archive_hollywood_flood_rescue_1938_589df8.mp4,276,50.0,640,480,combined,detect_combined,Flooded,deeplabv3plus,False,False,0,tensorrt,tensorrt,tensorrt,22.39,22.39,44.26,44.67,8.79,18.11,26.9,1393.91,34.4,8.3,1393.91,34.4,10.44,45.55,52.37,0.98,98.9,0.6538,False,False
1780822005.2764075,archive_hollywood_flood_rescue_1938_589df8,archive_hollywood_flood_rescue_1938_589df8.mp4,277,50.0,640,480,combined,detect_combined,Flooded,deeplabv3plus,False,False,0,tensorrt,tensorrt,tensorrt,19.3,19.3,51.35,51.82,7.07,21.51,28.580000000000002,1393.91,34.4,8.3,1393.91,34.4,10.44,45.55,52.37,0.98,98.9,0.7222,False,False
1780822005.3876889,archive_hollywood_flood_rescue_1938_589df8,archive_hollywood_flood_rescue_1938_589df8.mp4,278,50.0,640,480,combined,detect_combined,Flooded,deeplabv3plus,False,False,0,tensorrt,tensorrt,tensorrt,22.03,22.03,44.96,45.38,7.4,21.12,28.520000000000003,1393.91,44.6,8.3,1393.91,44.6,10.44,45.55,52.37,0.98,98.9,0.7537,False,False
1780822005.4737263,archive_hollywood_flood_rescue_1938_589df8,archive_hollywood_flood_rescue_1938_589df8.mp4,279,50.0,640,480,combined,detect_combined,Flooded,deeplabv3plus,False,False,0,tensorrt,tensorrt,tensorrt,24.77,24.77,40.01,40.37,6.14,12.06,18.2,1393.91,35.3,8.3,1393.91,35.3,10.44,45.55,52.37,0.98,98.9,0.7646,False,False
1780822005.563552,archive_hollywood_flood_rescue_1938_589df8,archive_hollywood_flood_rescue_1938_589df8.mp4,280,50.0,640,480,combined,detect_combined,Flooded,deeplabv3plus,False,False,0,tensorrt,tensorrt,tensorrt,20.51,20.51,47.85,48.76,8.38,17.84,26.22,1393.91,43.4,8.3,1393.91,43.4,10.44,45.55,52.37,0.98,98.9,0.7773,False,False
1780822005.6225975,archive_hollywood_flood_rescue_1938_589df8,archive_hollywood_flood_rescue_1938_589df8.mp4,281,50.0,640,480,combined,detect_combined,Flooded,deeplabv3plus,False,False,0,tensorrt,tensorrt,tensorrt,33.81,33.81,29.25,29.58,4.77,8.89,13.66,1393.91,52.9,8.3,1393.91,52.9,10.44,45.55,52.37,0.98,98.9,0.7816,False,False
1780822005.687156,archive_hollywood_flood_rescue_1938_589df8,archive_hollywood_flood_rescue_1938_589df8.mp4,282,50.0,640,480,combined,detect_combined,Flooded,deeplabv3plus,False,False,0,tensorrt,tensorrt,tensorrt,28.26,28.26,34.83,35.38,4.87,9.31,14.18,1393.91,56.8,8.3,1393.91,56.8,10.44,45.55,52.37,0.98,98.9,0.7217,False,False
1780822005.770063,archive_hollywood_flood_rescue_1938_589df8,archive_hollywood_flood_rescue_1938_589df8.mp4,283,50.0,640,480,combined,detect_combined,Flooded,deeplabv3plus,False,False,0,tensorrt,tensorrt,tensorrt,21.89,21.89,45.25,45.68,5.66,18.63,24.29,1393.91,63.3,8.46,1393.91,63.3,10.44,45.55,52.37,0.98,98.9,0.7045,False,False
1780822005.8396165,archive_hollywood_flood_rescue_1938_589df8,archive_hollywood_flood_rescue_1938_589df8.mp4,284,50.0,640,480,combined,detect_combined,Flooded,deeplabv3plus,False,False,0,tensorrt,tensorrt,tensorrt,23.72,23.72,41.79,42.16,5.68,10.83,16.509999999999998,1393.91,63.2,8.46,1393.91,63.2,10.44,45.55,52.37,0.98,98.9,0.7487,False,False
1780822005.8999565,archive_hollywood_flood_rescue_1938_589df8,archive_hollywood_flood_rescue_1938_589df8.mp4,285,50.0,640,480,combined,detect_combined,Flooded,deeplabv3plus,False,False,0,tensorrt,tensorrt,tensorrt,31.2,31.2,31.49,32.05,4.17,7.18,11.35,1393.91,67.6,8.46,1393.91,67.6,10.44,45.55,52.37,0.98,98.9,0.7696,False,False
1780822005.9615378,archive_hollywood_flood_rescue_1938_589df8,archive_hollywood_flood_rescue_1938_589df8.mp4,286,50.0,640,480,combined,detect_combined,Flooded,deeplabv3plus,False,False,0,tensorrt,tensorrt,tensorrt,28.36,28.36,34.95,35.26,4.31,11.96,16.27,1393.91,54.3,8.46,1393.91,54.3,10.44,45.55,52.37,0.98,98.9,0.7576,False,False
1780822006.0287144,archive_hollywood_flood_rescue_1938_589df8,archive_hollywood_flood_rescue_1938_589df8.mp4,287,50.0,640,480,combined,detect_combined,Flooded,deeplabv3plus,False,False,0,tensorrt,tensorrt,tensorrt,28.8,28.8,34.35,34.72,6.78,8.4,15.18,1393.91,65.0,8.46,1393.91,65.0,10.44,45.55,52.37,0.98,98.9,0.7226,False,False
1780822006.099114,archive_hollywood_flood_rescue_1938_589df8,archive_hollywood_flood_rescue_1938_589df8.mp4,288,50.0,640,480,combined,detect_combined,Flooded,deeplabv3plus,False,False,0,tensorrt,tensorrt,tensorrt,29.22,29.22,33.9,34.23,4.9,8.16,13.06,1393.91,60.0,8.46,1393.91,60.0,10.44,45.55,52.37,0.98,98.9,0.7351,False,False
1780822006.1618848,archive_hollywood_flood_rescue_1938_589df8,archive_hollywood_flood_rescue_1938_589df8.mp4,289,50.0,640,480,combined,detect_combined,Flooded,deeplabv3plus,False,False,0,tensorrt,tensorrt,tensorrt,30.43,30.43,32.52,32.86,4.71,10.46,15.170000000000002,1393.91,50.0,8.46,1393.91,50.0,10.44,45.55,52.37,0.98,98.9,0.6647,False,False
1780822006.23364,archive_hollywood_flood_rescue_1938_589df8,archive_hollywood_flood_rescue_1938_589df8.mp4,290,50.0,640,480,combined,detect_combined,Flooded,deeplabv3plus,False,False,0,tensorrt,tensorrt,tensorrt,23.61,23.61,42.02,42.36,4.54,15.1,19.64,1393.91,46.5,8.46,1393.91,46.5,10.44,45.55,52.37,0.98,98.9,0.6895,False,False
1780822006.3026004,archive_hollywood_flood_rescue_1938_589df8,archive_hollywood_flood_rescue_1938_589df8.mp4,291,50.0,640,480,combined,detect_combined,Flooded,deeplabv3plus,False,False,0,tensorrt,tensorrt,tensorrt,29.53,29.53,33.53,33.87,5.46,12.65,18.11,1393.91,32.5,10.29,1393.91,32.5,10.44,45.55,52.37,0.98,98.9,0.6547,False,False
1780822006.3647435,archive_hollywood_flood_rescue_1938_589df8,archive_hollywood_flood_rescue_1938_589df8.mp4,292,50.0,640,480,combined,detect_combined,Flooded,deeplabv3plus,False,False,0,tensorrt,tensorrt,tensorrt,31.78,31.78,31.09,31.47,5.23,8.84,14.07,1393.91,39.5,10.29,1393.91,39.5,10.44,45.55,52.37,0.98,98.9,0.6517,False,False
1780822006.4368324,archive_hollywood_flood_rescue_1938_589df8,archive_hollywood_flood_rescue_1938_589df8.mp4,293,50.0,640,480,combined,detect_combined,Flooded,deeplabv3plus,False,False,0,tensorrt,tensorrt,tensorrt,30.01,30.01,32.92,33.32,5.57,12.0,17.57,1393.9,30.0,10.29,1393.9,30.0,10.44,45.55,52.37,0.98,98.9,0.6924,False,False
1780822006.5182002,archive_hollywood_flood_rescue_1938_589df8,archive_hollywood_flood_rescue_1938_589df8.mp4,294,50.0,640,480,combined,detect_combined,Flooded,deeplabv3plus,False,False,0,tensorrt,tensorrt,tensorrt,24.51,24.51,40.39,40.81,5.77,11.87,17.64,1393.9,40.8,10.29,1393.9,40.8,10.44,45.55,52.37,0.98,98.9,0.7038,False,False
1780822006.6041927,archive_hollywood_flood_rescue_1938_589df8,archive_hollywood_flood_rescue_1938_589df8.mp4,295,50.0,640,480,combined,detect_combined,Flooded,deeplabv3plus,False,False,0,tensorrt,tensorrt,tensorrt,23.75,23.75,41.65,42.11,6.34,12.68,19.02,1393.9,39.6,10.29,1393.9,39.6,10.44,45.55,52.37,0.98,98.9,0.7513,False,False
1780822006.690378,archive_hollywood_flood_rescue_1938_589df8,archive_hollywood_flood_rescue_1938_589df8.mp4,296,50.0,640,480,combined,detect_combined,Flooded,deeplabv3plus,False,False,0,tensorrt,tensorrt,tensorrt,23.9,23.9,41.4,41.84,6.81,15.12,21.93,1393.9,38.9,10.29,1393.9,38.9,10.44,45.55,52.37,0.98,98.9,0.7296,False,False
1780822006.7875588,archive_hollywood_flood_rescue_1938_589df8,archive_hollywood_flood_rescue_1938_589df8.mp4,297,50.0,640,480,combined,detect_combined,Flooded,deeplabv3plus,False,False,0,tensorrt,tensorrt,tensorrt,19.49,19.49,50.87,51.3,6.88,21.91,28.79,1393.9,29.6,10.29,1393.9,29.6,10.44,45.55,52.37,0.98,98.9,0.6057,False,False
1780822006.8884568,archive_hollywood_flood_rescue_1938_589df8,archive_hollywood_flood_rescue_1938_589df8.mp4,298,50.0,640,480,combined,detect_combined,Flooded,deeplabv3plus,False,False,0,tensorrt,tensorrt,tensorrt,20.22,20.22,49.04,49.47,8.29,19.27,27.56,1393.9,40.4,8.46,1393.9,40.4,10.44,45.55,52.37,0.98,98.9,0.5855,False,False
1780822006.9889429,archive_hollywood_flood_rescue_1938_589df8,archive_hollywood_flood_rescue_1938_589df8.mp4,299,50.0,640,480,combined,detect_combined,Flooded,deeplabv3plus,False,False,0,tensorrt,tensorrt,tensorrt,21.1,21.1,47.0,47.38,7.18,18.13,25.31,1393.9,52.5,8.46,1393.9,52.5,10.44,45.55,52.37,0.98,98.9,0.6433,False,False
1780822007.0767064,archive_hollywood_flood_rescue_1938_589df8,archive_hollywood_flood_rescue_1938_589df8.mp4,300,50.0,640,480,combined,detect_combined,Flooded,deeplabv3plus,False,False,0,tensorrt,tensorrt,tensorrt,21.91,21.91,45.26,45.64,6.7,19.07,25.77,1393.9,50.0,8.46,1393.9,50.0,10.44,45.55,52.37,0.98,98.9,0.5738,False,False
1780822007.1561415,archive_hollywood_flood_rescue_1938_589df8,archive_hollywood_flood_rescue_1938_589df8.mp4,301,50.0,640,480,combined,detect_combined,Flooded,deeplabv3plus,False,False,0,tensorrt,tensorrt,tensorrt,25.87,25.87,38.29,38.65,5.7,16.42,22.12,1393.9,52.2,8.46,1393.9,52.2,10.44,45.55,52.37,0.98,98.9,0.5549,False,False
1780822007.2344067,archive_hollywood_flood_rescue_1938_589df8,archive_hollywood_flood_rescue_1938_589df8.mp4,302,50.0,640,480,combined,detect_combined,Flooded,deeplabv3plus,False,False,0,tensorrt,tensorrt,tensorrt,28.57,28.57,34.33,35.0,6.65,18.02,24.67,1393.9,47.7,8.46,1393.9,47.7,10.44,45.55,52.37,0.98,98.9,0.5551,False,False
1780822007.3178062,archive_hollywood_flood_rescue_1938_589df8,archive_hollywood_flood_rescue_1938_589df8.mp4,303,50.0,640,480,combined,detect_combined,Flooded,deeplabv3plus,False,False,0,tensorrt,tensorrt,tensorrt,21.6,21.6,45.86,46.31,5.06,15.07,20.13,1393.9,42.0,8.46,1393.9,42.0,10.44,45.55,52.37,0.98,98.9,0.6795,False,False
1780822007.391167,archive_hollywood_flood_rescue_1938_589df8,archive_hollywood_flood_rescue_1938_589df8.mp4,304,50.0,640,480,combined,detect_combined,Flooded,deeplabv3plus,False,False,0,tensorrt,tensorrt,tensorrt,23.67,23.67,41.9,42.24,8.59,17.25,25.84,1393.9,35.7,8.46,1393.9,35.7,10.44,45.55,52.37,0.98,98.9,0.7178,False,False
1780822007.4604301,archive_hollywood_flood_rescue_1938_589df8,archive_hollywood_flood_rescue_1938_589df8.mp4,305,50.0,640,480,combined,detect_combined,Flooded,deeplabv3plus,False,False,0,tensorrt,tensorrt,tensorrt,31.7,31.7,31.1,31.55,5.2,8.3,13.5,1393.9,44.2,8.76,1393.9,44.2,10.44,45.55,52.37,0.98,98.9,0.7712,False,False
1780822007.5334592,archive_hollywood_flood_rescue_1938_589df8,archive_hollywood_flood_rescue_1938_589df8.mp4,306,50.0,640,480,combined,detect_combined,Flooded,deeplabv3plus,False,False,0,tensorrt,tensorrt,tensorrt,25.51,25.51,38.4,39.2,6.77,9.91,16.68,1393.9,41.9,8.76,1393.9,41.9,10.44,45.55,52.37,0.98,98.9,0.8562,False,False
1780822007.6036222,archive_hollywood_flood_rescue_1938_589df8,archive_hollywood_flood_rescue_1938_589df8.mp4,307,50.0,640,480,combined,detect_combined,Flooded,deeplabv3plus,False,False,0,tensorrt,tensorrt,tensorrt,28.5,28.5,34.75,35.09,5.93,12.52,18.45,1393.9,31.6,8.76,1393.9,31.6,10.44,45.55,52.37,0.98,98.9,0.8505,False,False
1780822007.6733453,archive_hollywood_flood_rescue_1938_589df8,archive_hollywood_flood_rescue_1938_589df8.mp4,308,50.0,640,480,combined,detect_combined,Flooded,deeplabv3plus,False,False,0,tensorrt,tensorrt,tensorrt,31.02,31.02,31.6,32.24,4.32,13.77,18.09,1393.9,43.6,8.76,1393.9,43.6,10.44,45.55,52.37,0.98,98.9,0.696,False,False
1780822007.746243,archive_hollywood_flood_rescue_1938_589df8,archive_hollywood_flood_rescue_1938_589df8.mp4,309,50.0,640,480,combined,detect_combined,Flooded,deeplabv3plus,False,False,0,tensorrt,tensorrt,tensorrt,27.33,27.33,36.19,36.59,5.6,12.91,18.509999999999998,1393.89,37.2,8.76,1393.89,37.2,10.44,45.55,52.37,0.98,98.9,0.7168,False,False
1780822007.8238094,archive_hollywood_flood_rescue_1938_589df8,archive_hollywood_flood_rescue_1938_589df8.mp4,310,50.0,640,480,combined,detect_combined,Flooded,deeplabv3plus,False,False,0,tensorrt,tensorrt,tensorrt,25.96,25.96,38.17,38.51,5.06,19.95,25.009999999999998,1393.89,45.3,8.76,1393.89,45.3,10.44,45.55,52.37,0.98,98.9,0.7587,False,False
1780822007.8956988,archive_hollywood_flood_rescue_1938_589df8,archive_hollywood_flood_rescue_1938_589df8.mp4,311,50.0,640,480,combined,detect_combined,Flooded,deeplabv3plus,False,False,0,tensorrt,tensorrt,tensorrt,24.53,24.53,40.41,40.76,6.38,15.04,21.419999999999998,1393.89,41.5,8.76,1393.89,41.5,10.44,45.55,52.37,0.98,98.9,0.7047,False,False
1780822007.958948,archive_hollywood_flood_rescue_1938_589df8,archive_hollywood_flood_rescue_1938_589df8.mp4,312,50.0,640,480,combined,detect_combined,Flooded,deeplabv3plus,False,False,0,tensorrt,tensorrt,tensorrt,32.92,32.92,30.07,30.38,4.44,8.44,12.879999999999999,1393.89,35.1,8.76,1393.89,35.1,10.44,45.55,52.37,0.98,98.9,0.6578,False,False
1780822008.02881,archive_hollywood_flood_rescue_1938_589df8,archive_hollywood_flood_rescue_1938_589df8.mp4,313,50.0,640,480,combined,detect_combined,Flooded,deeplabv3plus,False,False,0,tensorrt,tensorrt,tensorrt,30.04,30.04,32.93,33.29,5.41,10.44,15.85,1393.89,38.1,9.07,1393.89,38.1,10.44,45.55,52.37,0.98,98.9,0.7086,False,False
1780822008.1132948,archive_hollywood_flood_rescue_1938_589df8,archive_hollywood_flood_rescue_1938_589df8.mp4,314,50.0,640,480,combined,detect_combined,Flooded,deeplabv3plus,False,False,0,tensorrt,tensorrt,tensorrt,25.13,25.13,39.4,39.8,5.56,14.46,20.02,1393.89,46.9,9.07,1393.89,46.9,10.44,45.55,52.37,0.98,98.9,0.7455,False,False
1780822008.1902418,archive_hollywood_flood_rescue_1938_589df8,archive_hollywood_flood_rescue_1938_589df8.mp4,315,50.0,640,480,combined,detect_combined,Flooded,deeplabv3plus,False,False,0,tensorrt,tensorrt,tensorrt,27.12,27.12,36.47,36.87,5.48,13.03,18.509999999999998,1393.89,52.1,9.07,1393.89,52.1,10.44,45.55,52.37,0.98,98.9,0.7538,False,False
1780822008.27633,archive_hollywood_flood_rescue_1938_589df8,archive_hollywood_flood_rescue_1938_589df8.mp4,316,50.0,640,480,combined,detect_combined,Flooded,deeplabv3plus,False,False,0,tensorrt,tensorrt,tensorrt,27.76,27.76,35.58,36.02,6.89,15.19,22.08,1393.89,50.9,9.07,1393.89,50.9,10.44,45.55,52.37,0.98,98.9,0.7564,False,False
1780822008.3686523,archive_hollywood_flood_rescue_1938_589df8,archive_hollywood_flood_rescue_1938_589df8.mp4,317,50.0,640,480,combined,detect_combined,Flooded,deeplabv3plus,False,False,0,tensorrt,tensorrt,tensorrt,21.71,21.71,45.57,46.06,6.26,14.97,21.23,1393.89,51.8,9.07,1393.89,51.8,10.44,45.55,52.37,0.98,98.9,0.8188,False,False
1780822008.4473903,archive_hollywood_flood_rescue_1938_589df8,archive_hollywood_flood_rescue_1938_589df8.mp4,318,50.0,640,480,combined,detect_combined,Flooded,deeplabv3plus,False,False,0,tensorrt,tensorrt,tensorrt,25.45,25.45,38.94,39.3,6.96,13.04,20.0,1393.89,51.1,9.07,1393.89,51.1,10.44,45.55,52.37,0.98,98.9,0.8072,False,False
1780822008.5325253,archive_hollywood_flood_rescue_1938_589df8,archive_hollywood_flood_rescue_1938_589df8.mp4,319,50.0,640,480,combined,detect_combined,Flooded,deeplabv3plus,False,False,0,tensorrt,tensorrt,tensorrt,22.12,22.12,44.78,45.21,6.2,16.81,23.009999999999998,1393.88,49.0,9.07,1393.88,49.0,10.44,45.55,52.37,0.98,98.9,0.8254,False,False
1780822008.6108415,archive_hollywood_flood_rescue_1938_589df8,archive_hollywood_flood_rescue_1938_589df8.mp4,320,50.0,640,480,combined,detect_combined,Flooded,deeplabv3plus,False,False,0,tensorrt,tensorrt,tensorrt,26.59,26.59,37.23,37.61,6.97,13.87,20.84,1393.88,46.9,9.22,1393.88,46.9,10.44,45.55,52.37,0.98,98.9,0.6321,False,False
1780822008.7081835,archive_hollywood_flood_rescue_1938_589df8,archive_hollywood_flood_rescue_1938_589df8.mp4,321,50.0,640,480,combined,detect_combined,Flooded,deeplabv3plus,False,False,0,tensorrt,tensorrt,tensorrt,20.24,20.24,48.98,49.41,8.84,21.45,30.29,1393.88,32.7,9.22,1393.88,32.7,10.44,45.55,52.37,0.98,98.9,0.6514,False,False
1780822008.8118536,archive_hollywood_flood_rescue_1938_589df8,archive_hollywood_flood_rescue_1938_589df8.mp4,322,50.0,640,480,combined,detect_combined,Flooded,deeplabv3plus,False,False,0,tensorrt,tensorrt,tensorrt,19.93,19.93,49.73,50.17,8.51,22.78,31.29,1393.88,35.0,9.22,1393.88,35.0,10.44,45.55,52.37,0.98,98.9,0.6613,False,False
1780822008.8979921,archive_hollywood_flood_rescue_1938_589df8,archive_hollywood_flood_rescue_1938_589df8.mp4,323,50.0,640,480,combined,detect_combined,Flooded,deeplabv3plus,False,False,0,tensorrt,tensorrt,tensorrt,24.65,24.65,40.14,40.57,6.01,13.56,19.57,1393.88,32.7,9.22,1393.88,32.7,10.44,45.55,52.37,0.98,98.9,0.6591,False,False
1780822008.996344,archive_hollywood_flood_rescue_1938_589df8,archive_hollywood_flood_rescue_1938_589df8.mp4,324,50.0,640,480,combined,detect_combined,Flooded,deeplabv3plus,False,False,0,tensorrt,tensorrt,tensorrt,20.54,20.54,48.27,48.69,6.06,22.41,28.47,1393.88,55.2,9.22,1393.88,55.2,10.44,45.55,52.37,0.98,98.9,0.7263,False,False
1780822009.0715547,archive_hollywood_flood_rescue_1938_589df8,archive_hollywood_flood_rescue_1938_589df8.mp4,325,50.0,640,480,combined,detect_combined,Flooded,deeplabv3plus,False,False,0,tensorrt,tensorrt,tensorrt,29.71,29.71,33.26,33.65,4.26,11.42,15.68,1393.88,50.0,9.22,1393.88,50.0,10.44,45.55,52.37,0.98,98.9,0.6817,False,False
1780822009.1634314,archive_hollywood_flood_rescue_1938_589df8,archive_hollywood_flood_rescue_1938_589df8.mp4,326,50.0,640,480,combined,detect_combined,Flooded,deeplabv3plus,False,False,0,tensorrt,tensorrt,tensorrt,22.38,22.38,44.21,44.68,6.23,15.27,21.5,1393.88,47.2,9.22,1393.88,47.2,10.44,45.55,52.37,0.98,98.9,0.7383,False,False
1780822009.2474003,archive_hollywood_flood_rescue_1938_589df8,archive_hollywood_flood_rescue_1938_589df8.mp4,327,50.0,640,480,combined,detect_combined,Flooded,deeplabv3plus,False,False,0,tensorrt,tensorrt,tensorrt,23.93,23.93,41.39,41.8,6.53,16.25,22.78,1393.88,57.7,8.92,1393.88,57.7,10.44,45.55,52.37,0.98,98.9,0.6336,False,False
1780822009.3212981,archive_hollywood_flood_rescue_1938_589df8,archive_hollywood_flood_rescue_1938_589df8.mp4,328,50.0,640,480,combined,detect_combined,Flooded,deeplabv3plus,False,False,0,tensorrt,tensorrt,tensorrt,28.43,28.43,34.65,35.18,7.5,10.64,18.14,1393.88,52.4,8.92,1393.88,52.4,10.44,45.55,52.37,0.98,98.9,0.7803,False,False
1780822009.3896124,archive_hollywood_flood_rescue_1938_589df8,archive_hollywood_flood_rescue_1938_589df8.mp4,329,50.0,640,480,combined,detect_combined,Flooded,deeplabv3plus,False,False,0,tensorrt,tensorrt,tensorrt,31.19,31.19,31.68,32.06,5.1,8.59,13.69,1393.88,48.7,8.92,1393.88,48.7,10.44,45.55,52.37,0.98,98.9,0.7588,False,False
1780822009.4689796,archive_hollywood_flood_rescue_1938_589df8,archive_hollywood_flood_rescue_1938_589df8.mp4,330,50.0,640,480,combined,detect_combined,Flooded,deeplabv3plus,False,False,0,tensorrt,tensorrt,tensorrt,25.4,25.4,38.99,39.37,8.16,15.88,24.04,1393.88,46.7,8.92,1393.88,46.7,10.44,45.55,52.37,0.98,98.9,0.6714,False,False
1780822009.5447302,archive_hollywood_flood_rescue_1938_589df8,archive_hollywood_flood_rescue_1938_589df8.mp4,331,50.0,640,480,combined,detect_combined,Flooded,deeplabv3plus,False,False,0,tensorrt,tensorrt,tensorrt,26.31,26.31,37.57,38.0,5.58,10.52,16.1,1393.88,52.2,8.92,1393.88,52.2,10.44,45.55,52.37,0.98,98.9,0.7229,False,False
1780822009.6131618,archive_hollywood_flood_rescue_1938_589df8,archive_hollywood_flood_rescue_1938_589df8.mp4,332,50.0,640,480,combined,detect_combined,Flooded,deeplabv3plus,False,False,0,tensorrt,tensorrt,tensorrt,29.35,29.35,33.56,34.08,5.45,10.32,15.77,1393.88,52.6,8.92,1393.88,52.6,10.44,45.55,52.37,0.98,98.9,0.6245,False,False
1780822009.6918485,archive_hollywood_flood_rescue_1938_589df8,archive_hollywood_flood_rescue_1938_589df8.mp4,333,50.0,640,480,combined,detect_combined,Flooded,deeplabv3plus,False,False,0,tensorrt,tensorrt,tensorrt,23.01,23.01,43.03,43.47,4.87,14.65,19.52,1393.88,50.0,8.92,1393.88,50.0,10.44,45.55,52.37,0.98,98.9,0.7628,False,False
1780822009.7633157,archive_hollywood_flood_rescue_1938_589df8,archive_hollywood_flood_rescue_1938_589df8.mp4,334,50.0,640,480,combined,detect_combined,Flooded,deeplabv3plus,False,False,0,tensorrt,tensorrt,tensorrt,27.99,27.99,35.41,35.73,5.98,12.37,18.35,1393.88,48.8,8.92,1393.88,48.8,10.44,45.55,52.37,0.98,98.9,0.6376,False,False
1780822009.8302414,archive_hollywood_flood_rescue_1938_589df8,archive_hollywood_flood_rescue_1938_589df8.mp4,335,50.0,640,480,combined,detect_combined,Flooded,deeplabv3plus,False,False,0,tensorrt,tensorrt,tensorrt,27.14,27.14,36.51,36.85,5.33,14.11,19.439999999999998,1393.88,53.7,9.53,1393.88,53.7,10.44,45.55,52.37,0.98,98.9,0.7041,False,False
1780822009.889465,archive_hollywood_flood_rescue_1938_589df8,archive_hollywood_flood_rescue_1938_589df8.mp4,336,50.0,640,480,combined,detect_combined,Flooded,deeplabv3plus,False,False,0,tensorrt,tensorrt,tensorrt,33.11,33.11,29.87,30.2,4.65,11.26,15.91,1393.88,60.0,9.53,1393.88,60.0,10.44,45.55,52.37,0.98,98.9,0.6827,False,False
1780822009.9582455,archive_hollywood_flood_rescue_1938_589df8,archive_hollywood_flood_rescue_1938_589df8.mp4,337,50.0,640,480,combined,detect_combined,Flooded,deeplabv3plus,False,False,0,tensorrt,tensorrt,tensorrt,29.84,29.84,33.17,33.51,4.88,11.49,16.37,1393.88,31.6,9.53,1393.88,31.6,10.44,45.55,52.37,0.98,98.9,0.6181,False,False
1780822010.0327692,archive_hollywood_flood_rescue_1938_589df8,archive_hollywood_flood_rescue_1938_589df8.mp4,338,50.0,640,480,combined,detect_combined,Flooded,deeplabv3plus,False,False,0,tensorrt,tensorrt,tensorrt,31.78,31.78,31.05,31.47,7.34,11.17,18.509999999999998,1393.88,37.2,9.53,1393.88,37.2,10.44,45.55,52.37,0.98,98.9,0.6633,False,False
1780822010.1089733,archive_hollywood_flood_rescue_1938_589df8,archive_hollywood_flood_rescue_1938_589df8.mp4,339,50.0,640,480,combined,detect_combined,Flooded,deeplabv3plus,False,False,0,tensorrt,tensorrt,tensorrt,26.54,26.54,37.28,37.68,5.86,11.8,17.66,1393.87,40.9,9.53,1393.87,40.9,10.44,45.55,52.37,0.98,98.9,0.7419,False,False
1780822010.1838002,archive_hollywood_flood_rescue_1938_589df8,archive_hollywood_flood_rescue_1938_589df8.mp4,340,50.0,640,480,combined,detect_combined,Flooded,deeplabv3plus,False,False,0,tensorrt,tensorrt,tensorrt,28.79,28.79,34.4,34.74,5.26,10.88,16.14,1393.87,38.1,9.53,1393.87,38.1,10.44,45.55,52.37,0.98,98.9,0.8466,False,False
1780822010.2609692,archive_hollywood_flood_rescue_1938_589df8,archive_hollywood_flood_rescue_1938_589df8.mp4,341,50.0,640,480,combined,detect_combined,Flooded,deeplabv3plus,False,False,0,tensorrt,tensorrt,tensorrt,25.12,25.12,39.35,39.81,7.84,13.73,21.57,1393.87,38.3,9.53,1393.87,38.3,10.44,45.55,52.37,0.98,98.9,0.7166,False,False
1780822010.361734,archive_hollywood_flood_rescue_1938_589df8,archive_hollywood_flood_rescue_1938_589df8.mp4,342,50.0,640,480,combined,detect_combined,Flooded,deeplabv3plus,False,False,0,tensorrt,tensorrt,tensorrt,36.19,36.19,27.22,27.63,6.14,9.66,15.8,1393.88,46.7,9.53,1393.88,46.7,10.44,45.55,52.37,0.98,98.9,0.7224,False,False
1780822010.4251683,archive_hollywood_flood_rescue_1938_589df8,archive_hollywood_flood_rescue_1938_589df8.mp4,343,50.0,640,480,combined,detect_combined,Flooded,deeplabv3plus,False,False,0,tensorrt,tensorrt,tensorrt,29.88,29.88,33.09,33.47,5.63,11.95,17.58,1393.88,38.2,9.22,1393.88,38.2,10.44,45.55,52.37,0.98,98.9,0.7796,False,False
1780822010.5189438,archive_hollywood_flood_rescue_1938_589df8,archive_hollywood_flood_rescue_1938_589df8.mp4,344,50.0,640,480,combined,detect_combined,Flooded,deeplabv3plus,False,False,0,tensorrt,tensorrt,tensorrt,28.1,28.1,35.02,35.58,6.7,16.74,23.439999999999998,1393.88,39.3,9.22,1393.88,39.3,10.44,45.55,52.37,0.98,98.9,0.8562,False,False
1780822010.595675,archive_hollywood_flood_rescue_1938_589df8,archive_hollywood_flood_rescue_1938_589df8.mp4,345,50.0,640,480,combined,detect_combined,Flooded,deeplabv3plus,False,False,0,tensorrt,tensorrt,tensorrt,28.2,28.2,35.05,35.46,5.44,11.98,17.42,1393.88,34.1,9.22,1393.88,34.1,10.44,45.55,52.37,0.98,98.9,0.6369,False,False
1780822010.6800103,archive_hollywood_flood_rescue_1938_589df8,archive_hollywood_flood_rescue_1938_589df8.mp4,346,50.0,640,480,combined,detect_combined,Flooded,deeplabv3plus,False,False,0,tensorrt,tensorrt,tensorrt,23.44,23.44,42.18,42.67,8.14,16.46,24.6,1393.88,42.9,9.22,1393.88,42.9,10.44,45.55,52.37,0.98,98.9,0.6102,False,False
1780822010.7628913,archive_hollywood_flood_rescue_1938_589df8,archive_hollywood_flood_rescue_1938_589df8.mp4,347,50.0,640,480,combined,detect_combined,Flooded,deeplabv3plus,False,False,0,tensorrt,tensorrt,tensorrt,22.55,22.55,43.98,44.35,8.51,16.43,24.939999999999998,1393.87,60.9,9.22,1393.87,60.9,10.44,45.55,52.37,0.98,98.9,0.5015,False,False
1780822010.8386457,archive_hollywood_flood_rescue_1938_589df8,archive_hollywood_flood_rescue_1938_589df8.mp4,348,50.0,640,480,combined,detect_combined,Flooded,deeplabv3plus,False,False,0,tensorrt,tensorrt,tensorrt,23.81,23.81,41.65,42.0,5.51,16.04,21.549999999999997,1393.87,52.5,9.22,1393.87,52.5,10.44,45.55,52.37,0.98,98.9,0.7129,False,False
1780822010.9109342,archive_hollywood_flood_rescue_1938_589df8,archive_hollywood_flood_rescue_1938_589df8.mp4,349,50.0,640,480,combined,detect_combined,Flooded,deeplabv3plus,False,False,0,tensorrt,tensorrt,tensorrt,25.23,25.23,39.01,39.64,5.61,11.74,17.35,1393.87,52.2,9.22,1393.87,52.2,10.44,45.55,52.37,0.98,98.9,0.64,False,False
1780822010.9846973,archive_hollywood_flood_rescue_1938_589df8,archive_hollywood_flood_rescue_1938_589df8.mp4,350,50.0,640,480,combined,detect_combined,Flooded,deeplabv3plus,False,False,0,tensorrt,tensorrt,tensorrt,29.29,29.29,33.74,34.14,6.15,11.06,17.21,1393.87,54.5,9.37,1393.87,54.5,10.44,45.55,52.37,0.98,98.9,0.7401,False,False
1780822011.056515,archive_hollywood_flood_rescue_1938_589df8,archive_hollywood_flood_rescue_1938_589df8.mp4,351,50.0,640,480,combined,detect_combined,Flooded,deeplabv3plus,False,False,0,tensorrt,tensorrt,tensorrt,30.96,30.96,31.97,32.3,4.46,12.22,16.68,1393.87,54.5,9.37,1393.87,54.5,10.44,45.55,52.37,0.98,98.9,0.6687,False,False
1780822011.130223,archive_hollywood_flood_rescue_1938_589df8,archive_hollywood_flood_rescue_1938_589df8.mp4,352,50.0,640,480,combined,detect_combined,Flooded,deeplabv3plus,False,False,0,tensorrt,tensorrt,tensorrt,26.73,26.73,37.07,37.41,6.95,11.67,18.62,1393.87,40.5,9.37,1393.87,40.5,10.44,45.55,52.37,0.98,98.9,0.7287,False,False
1780822011.2211347,archive_hollywood_flood_rescue_1938_589df8,archive_hollywood_flood_rescue_1938_589df8.mp4,353,50.0,640,480,combined,detect_combined,Flooded,deeplabv3plus,False,False,0,tensorrt,tensorrt,tensorrt,23.32,23.32,42.33,42.88,7.68,20.94,28.62,1393.87,37.7,9.37,1393.87,37.7,10.44,45.55,52.37,0.98,98.9,0.7926,False,False
1780822011.2880635,archive_hollywood_flood_rescue_1938_589df8,archive_hollywood_flood_rescue_1938_589df8.mp4,354,50.0,640,480,combined,detect_combined,Flooded,deeplabv3plus,False,False,0,tensorrt,tensorrt,tensorrt,30.68,30.68,32.25,32.59,5.08,9.68,14.76,1393.86,34.2,9.37,1393.86,34.2,10.44,45.55,52.37,0.98,98.9,0.7348,False,False
1780822011.3548465,archive_hollywood_flood_rescue_1938_589df8,archive_hollywood_flood_rescue_1938_589df8.mp4,355,50.0,640,480,combined,detect_combined,Flooded,deeplabv3plus,False,False,0,tensorrt,tensorrt,tensorrt,28.65,28.65,34.48,34.9,4.94,10.47,15.41,1393.86,45.9,9.37,1393.86,45.9,10.44,45.55,52.37,0.98,98.9,0.7729,False,False
1780822011.4377582,archive_hollywood_flood_rescue_1938_589df8,archive_hollywood_flood_rescue_1938_589df8.mp4,356,50.0,640,480,combined,detect_combined,Flooded,deeplabv3plus,False,False,0,tensorrt,tensorrt,tensorrt,22.75,22.75,43.54,43.96,5.61,16.14,21.75,1393.86,37.5,9.37,1393.86,37.5,10.44,45.55,52.37,0.98,98.9,0.6981,False,False
1780822011.5222208,archive_hollywood_flood_rescue_1938_589df8,archive_hollywood_flood_rescue_1938_589df8.mp4,357,50.0,640,480,combined,detect_combined,Flooded,deeplabv3plus,False,False,0,tensorrt,tensorrt,tensorrt,24.34,24.34,40.46,41.08,6.09,12.92,19.009999999999998,1393.86,36.0,9.37,1393.86,36.0,10.44,45.55,52.37,0.98,98.9,0.67,False,False
1780822011.5916579,archive_hollywood_flood_rescue_1938_589df8,archive_hollywood_flood_rescue_1938_589df8.mp4,358,50.0,640,480,combined,detect_combined,Flooded,deeplabv3plus,False,False,0,tensorrt,tensorrt,tensorrt,27.88,27.88,35.48,35.87,5.45,13.05,18.5,1393.86,38.5,8.92,1393.86,38.5,10.44,45.55,52.37,0.98,98.9,0.7342,False,False
1780822011.6802566,archive_hollywood_flood_rescue_1938_589df8,archive_hollywood_flood_rescue_1938_589df8.mp4,359,50.0,640,480,combined,detect_combined,Flooded,deeplabv3plus,False,False,0,tensorrt,tensorrt,tensorrt,21.04,21.04,47.08,47.54,9.79,18.44,28.23,1393.86,42.3,8.92,1393.86,42.3,10.44,45.55,52.37,0.98,98.9,0.6998,False,False
1780822011.739178,archive_hollywood_flood_rescue_1938_589df8,archive_hollywood_flood_rescue_1938_589df8.mp4,360,50.0,640,480,combined,detect_combined,Flooded,deeplabv3plus,False,False,0,tensorrt,tensorrt,tensorrt,34.48,34.48,28.56,29.0,4.99,8.9,13.89,1393.86,25.8,8.92,1393.86,25.8,10.44,45.55,52.37,0.98,98.9,0.6918,False,False
1780822011.8049157,archive_hollywood_flood_rescue_1938_589df8,archive_hollywood_flood_rescue_1938_589df8.mp4,361,50.0,640,480,combined,detect_combined,Flooded,deeplabv3plus,False,False,0,tensorrt,tensorrt,tensorrt,30.77,30.77,31.92,32.5,4.84,9.82,14.66,1393.86,35.1,8.92,1393.86,35.1,10.44,45.55,52.37,0.98,98.9,0.7758,False,False
1780822011.8805583,archive_hollywood_flood_rescue_1938_589df8,archive_hollywood_flood_rescue_1938_589df8.mp4,362,50.0,640,480,combined,detect_combined,Flooded,deeplabv3plus,False,False,0,tensorrt,tensorrt,tensorrt,25.02,25.02,39.31,39.97,6.24,10.61,16.85,1393.86,34.1,8.92,1393.86,34.1,10.44,45.55,52.37,0.98,98.9,0.8098,False,False
1780822011.946785,archive_hollywood_flood_rescue_1938_589df8,archive_hollywood_flood_rescue_1938_589df8.mp4,363,50.0,640,480,combined,detect_combined,Flooded,deeplabv3plus,False,False,0,tensorrt,tensorrt,tensorrt,27.69,27.69,35.78,36.12,4.81,13.63,18.44,1393.86,40.5,8.92,1393.86,40.5,10.44,45.55,52.37,0.98,98.9,0.7097,False,False
1780822012.017168,archive_hollywood_flood_rescue_1938_589df8,archive_hollywood_flood_rescue_1938_589df8.mp4,364,50.0,640,480,combined,detect_combined,Flooded,deeplabv3plus,False,False,0,tensorrt,tensorrt,tensorrt,27.74,27.74,34.81,36.05,8.2,8.78,16.979999999999997,1393.86,58.1,8.92,1393.86,58.1,10.44,45.55,52.37,0.98,98.9,0.7299,False,False
1780822012.0944264,archive_hollywood_flood_rescue_1938_589df8,archive_hollywood_flood_rescue_1938_589df8.mp4,365,50.0,640,480,combined,detect_combined,Flooded,deeplabv3plus,False,False,0,tensorrt,tensorrt,tensorrt,27.0,27.0,36.62,37.04,5.89,14.14,20.03,1393.86,56.8,8.92,1393.86,56.8,10.44,45.55,52.37,0.98,98.9,0.7019,False,False
1780822012.1659014,archive_hollywood_flood_rescue_1938_589df8,archive_hollywood_flood_rescue_1938_589df8.mp4,366,50.0,640,480,combined,detect_combined,Flooded,deeplabv3plus,False,False,0,tensorrt,tensorrt,tensorrt,26.79,26.79,36.95,37.33,5.92,13.1,19.02,1393.86,53.5,9.22,1393.86,53.5,10.44,45.55,52.37,0.98,98.9,0.7339,False,False
1780822012.2356167,archive_hollywood_flood_rescue_1938_589df8,archive_hollywood_flood_rescue_1938_589df8.mp4,367,50.0,640,480,combined,detect_combined,Flooded,deeplabv3plus,False,False,0,tensorrt,tensorrt,tensorrt,33.58,33.58,29.43,29.78,4.84,8.03,12.87,1393.86,52.6,9.22,1393.86,52.6,10.44,45.55,52.37,0.98,98.9,0.6478,False,False
1780822012.3041718,archive_hollywood_flood_rescue_1938_589df8,archive_hollywood_flood_rescue_1938_589df8.mp4,368,50.0,640,480,combined,detect_combined,Flooded,deeplabv3plus,False,False,0,tensorrt,tensorrt,tensorrt,30.16,30.16,32.53,33.16,5.22,10.1,15.32,1393.86,53.7,9.22,1393.86,53.7,10.44,45.55,52.37,0.98,98.9,0.5885,False,False
1780822012.381664,archive_hollywood_flood_rescue_1938_589df8,archive_hollywood_flood_rescue_1938_589df8.mp4,369,50.0,640,480,combined,detect_combined,Flooded,deeplabv3plus,False,False,0,tensorrt,tensorrt,tensorrt,24.41,24.41,40.63,40.96,4.77,12.98,17.75,1393.86,63.0,9.22,1393.86,63.0,10.44,45.55,52.37,0.98,98.9,0.6325,False,False
1780822012.4545734,archive_hollywood_flood_rescue_1938_589df8,archive_hollywood_flood_rescue_1938_589df8.mp4,370,50.0,640,480,combined,detect_combined,Flooded,deeplabv3plus,False,False,0,tensorrt,tensorrt,tensorrt,29.9,29.9,33.02,33.44,4.71,13.92,18.63,1393.86,53.5,9.22,1393.86,53.5,10.44,45.55,52.37,0.98,98.9,0.6711,False,False
1780822012.5284448,archive_hollywood_flood_rescue_1938_589df8,archive_hollywood_flood_rescue_1938_589df8.mp4,371,50.0,640,480,combined,detect_combined,Flooded,deeplabv3plus,False,False,0,tensorrt,tensorrt,tensorrt,26.74,26.74,37.08,37.39,4.49,14.04,18.53,1393.86,51.1,9.22,1393.86,51.1,10.44,45.55,52.37,0.98,98.9,0.7313,False,False
1780822012.59516,archive_hollywood_flood_rescue_1938_589df8,archive_hollywood_flood_rescue_1938_589df8.mp4,372,50.0,640,480,combined,detect_combined,Flooded,deeplabv3plus,False,False,0,tensorrt,tensorrt,tensorrt,30.55,30.55,32.4,32.74,4.6,12.86,17.46,1393.86,44.7,9.22,1393.86,44.7,10.44,45.55,52.37,0.98,98.9,0.7055,False,False
1780822012.6660182,archive_hollywood_flood_rescue_1938_589df8,archive_hollywood_flood_rescue_1938_589df8.mp4,373,50.0,640,480,combined,detect_combined,Flooded,deeplabv3plus,False,False,0,tensorrt,tensorrt,tensorrt,31.01,31.01,31.87,32.24,6.7,11.08,17.78,1393.86,30.8,9.22,1393.86,30.8,10.44,45.55,52.37,0.98,98.9,0.7186,False,False
1780822012.7342055,archive_hollywood_flood_rescue_1938_589df8,archive_hollywood_flood_rescue_1938_589df8.mp4,374,50.0,640,480,combined,detect_combined,Flooded,deeplabv3plus,False,False,0,tensorrt,tensorrt,tensorrt,30.8,30.8,32.11,32.46,4.61,11.6,16.21,1393.86,38.5,9.68,1393.86,38.5,10.44,45.55,52.37,0.98,98.9,0.7573,False,False
1780822012.8226488,archive_hollywood_flood_rescue_1938_589df8,archive_hollywood_flood_rescue_1938_589df8.mp4,375,50.0,640,480,combined,detect_combined,Flooded,deeplabv3plus,False,False,0,tensorrt,tensorrt,tensorrt,16.85,16.85,59.02,59.36,7.78,19.1,26.880000000000003,1393.86,56.6,9.68,1393.86,56.6,10.44,45.55,52.37,0.98,98.9,0.7737,False,False
1780822012.8839831,archive_hollywood_flood_rescue_1938_589df8,archive_hollywood_flood_rescue_1938_589df8.mp4,376,50.0,640,480,combined,detect_combined,Flooded,deeplabv3plus,False,False,0,tensorrt,tensorrt,tensorrt,30.61,30.61,32.33,32.67,4.36,9.71,14.07,1393.86,55.6,9.68,1393.86,55.6,10.44,45.55,52.37,0.98,98.9,0.6551,False,False
1780822012.943255,archive_hollywood_flood_rescue_1938_589df8,archive_hollywood_flood_rescue_1938_589df8.mp4,377,50.0,640,480,combined,detect_combined,Flooded,deeplabv3plus,False,False,0,tensorrt,tensorrt,tensorrt,30.39,30.39,32.58,32.91,6.3,8.62,14.919999999999998,1393.86,44.1,9.68,1393.86,44.1,10.44,45.55,52.37,0.98,98.9,0.6811,False,False
1780822013.0098267,archive_hollywood_flood_rescue_1938_589df8,archive_hollywood_flood_rescue_1938_589df8.mp4,378,50.0,640,480,combined,detect_combined,Flooded,deeplabv3plus,False,False,0,tensorrt,tensorrt,tensorrt,29.14,29.14,33.98,34.31,5.55,9.36,14.91,1393.86,50.0,9.68,1393.86,50.0,10.44,45.55,52.37,0.98,98.9,0.8148,False,False
1780822013.0824108,archive_hollywood_flood_rescue_1938_589df8,archive_hollywood_flood_rescue_1938_589df8.mp4,379,50.0,640,480,combined,detect_combined,Flooded,deeplabv3plus,False,False,0,tensorrt,tensorrt,tensorrt,26.15,26.15,37.85,38.24,7.15,12.42,19.57,1393.86,51.2,9.68,1393.86,51.2,10.44,45.55,52.37,0.98,98.9,0.7526,False,False
1780822013.1608436,archive_hollywood_flood_rescue_1938_589df8,archive_hollywood_flood_rescue_1938_589df8.mp4,380,50.0,640,480,combined,detect_combined,Flooded,deeplabv3plus,False,False,0,tensorrt,tensorrt,tensorrt,25.88,25.88,38.3,38.64,5.12,13.69,18.81,1393.86,44.7,9.68,1393.86,44.7,10.44,45.55,52.37,0.98,98.9,0.7572,False,False
1780822013.2217739,archive_hollywood_flood_rescue_1938_589df8,archive_hollywood_flood_rescue_1938_589df8.mp4,381,50.0,640,480,combined,detect_combined,Flooded,deeplabv3plus,False,False,0,tensorrt,tensorrt,tensorrt,33.34,33.34,29.65,29.99,5.12,9.53,14.649999999999999,1393.86,34.3,9.68,1393.86,34.3,10.44,45.55,52.37,0.98,98.9,0.8112,False,False
1780822013.2964547,archive_hollywood_flood_rescue_1938_589df8,archive_hollywood_flood_rescue_1938_589df8.mp4,382,50.0,640,480,combined,detect_combined,Flooded,deeplabv3plus,False,False,0,tensorrt,tensorrt,tensorrt,26.06,26.06,37.96,38.37,5.27,12.15,17.42,1393.86,52.3,10.29,1393.86,52.3,10.44,45.55,52.37,0.98,98.9,0.847,False,False
1780822013.3708792,archive_hollywood_flood_rescue_1938_589df8,archive_hollywood_flood_rescue_1938_589df8.mp4,383,50.0,640,480,combined,detect_combined,Flooded,deeplabv3plus,False,False,0,tensorrt,tensorrt,tensorrt,27.85,27.85,35.53,35.91,5.94,12.66,18.6,1393.86,55.6,10.29,1393.86,55.6,10.44,45.55,52.37,0.98,98.9,0.8579,False,False
1780822013.4535172,archive_hollywood_flood_rescue_1938_589df8,archive_hollywood_flood_rescue_1938_589df8.mp4,384,50.0,640,480,combined,detect_combined,Flooded,deeplabv3plus,False,False,0,tensorrt,tensorrt,tensorrt,25.31,25.31,39.14,39.52,7.17,15.34,22.509999999999998,1393.86,46.7,10.29,1393.86,46.7,10.44,45.55,52.37,0.98,98.9,0.8768,False,False
1780822013.533728,archive_hollywood_flood_rescue_1938_589df8,archive_hollywood_flood_rescue_1938_589df8.mp4,385,50.0,640,480,combined,detect_combined,Flooded,deeplabv3plus,False,False,0,tensorrt,tensorrt,tensorrt,24.19,24.19,40.98,41.34,8.33,13.66,21.990000000000002,1393.85,51.1,10.29,1393.85,51.1,10.44,45.55,52.37,0.98,98.9,0.8718,False,False
1780822013.611558,archive_hollywood_flood_rescue_1938_589df8,archive_hollywood_flood_rescue_1938_589df8.mp4,386,50.0,640,480,combined,detect_combined,Flooded,deeplabv3plus,False,False,0,tensorrt,tensorrt,tensorrt,25.41,25.41,39.0,39.35,5.86,15.7,21.56,1393.86,59.1,10.29,1393.86,59.1,10.44,45.55,52.37,0.98,98.9,0.8159,False,False
1780822013.6806984,archive_hollywood_flood_rescue_1938_589df8,archive_hollywood_flood_rescue_1938_589df8.mp4,387,50.0,640,480,combined,detect_combined,Flooded,deeplabv3plus,False,False,0,tensorrt,tensorrt,tensorrt,29.55,29.55,33.49,33.84,6.71,11.34,18.05,1393.86,57.9,10.29,1393.86,57.9,10.44,45.55,52.37,0.98,98.9,0.8068,False,False
1780822013.7483194,archive_hollywood_flood_rescue_1938_589df8,archive_hollywood_flood_rescue_1938_589df8.mp4,388,50.0,640,480,combined,detect_combined,Flooded,deeplabv3plus,False,False,0,tensorrt,tensorrt,tensorrt,27.28,27.28,36.27,36.65,7.55,9.55,17.1,1393.86,43.9,10.29,1393.86,43.9,10.44,45.55,52.37,0.98,98.9,0.796,False,False
1780822013.8181007,archive_hollywood_flood_rescue_1938_589df8,archive_hollywood_flood_rescue_1938_589df8.mp4,389,50.0,640,480,combined,detect_combined,Flooded,deeplabv3plus,False,False,0,tensorrt,tensorrt,tensorrt,30.11,30.11,32.9,33.21,4.24,10.67,14.91,1393.85,47.6,10.29,1393.85,47.6,10.44,45.55,52.37,0.98,98.9,0.8375,False,False
1780822013.8747668,archive_hollywood_flood_rescue_1938_589df8,archive_hollywood_flood_rescue_1938_589df8.mp4,390,50.0,640,480,combined,detect_combined,Flooded,deeplabv3plus,False,False,0,tensorrt,tensorrt,tensorrt,34.28,34.28,28.84,29.17,4.14,8.96,13.100000000000001,1393.85,52.8,10.29,1393.85,52.8,10.44,45.55,52.37,0.98,98.9,0.795,False,False
1780822013.933443,archive_hollywood_flood_rescue_1938_589df8,archive_hollywood_flood_rescue_1938_589df8.mp4,391,50.0,640,480,combined,detect_combined,Flooded,deeplabv3plus,False,False,0,tensorrt,tensorrt,tensorrt,34.07,34.07,29.03,29.35,4.49,9.61,14.1,1393.85,45.7,10.14,1393.85,45.7,10.44,45.55,52.37,0.98,98.9,0.7141,False,False
1780822013.9969707,archive_hollywood_flood_rescue_1938_589df8,archive_hollywood_flood_rescue_1938_589df8.mp4,392,50.0,640,480,combined,detect_combined,Flooded,deeplabv3plus,False,False,0,tensorrt,tensorrt,tensorrt,32.85,32.85,30.1,30.44,4.88,10.33,15.21,1393.85,45.9,10.14,1393.85,45.9,10.44,45.55,52.37,0.98,98.9,0.8372,False,False
1780822014.0632322,archive_hollywood_flood_rescue_1938_589df8,archive_hollywood_flood_rescue_1938_589df8.mp4,393,50.0,640,480,combined,detect_combined,Flooded,deeplabv3plus,False,False,0,tensorrt,tensorrt,tensorrt,29.1,29.1,34.01,34.37,5.15,9.74,14.89,1393.85,34.3,10.14,1393.85,34.3,10.44,45.55,52.37,0.98,98.9,0.8485,False,False
1780822014.1296532,archive_hollywood_flood_rescue_1938_589df8,archive_hollywood_flood_rescue_1938_589df8.mp4,394,50.0,640,480,combined,detect_combined,Flooded,deeplabv3plus,False,False,0,tensorrt,tensorrt,tensorrt,29.38,29.38,33.63,34.04,5.26,11.14,16.4,1393.85,46.2,10.14,1393.85,46.2,10.44,45.55,52.37,0.98,98.9,0.8358,False,False
1780822014.1894093,archive_hollywood_flood_rescue_1938_589df8,archive_hollywood_flood_rescue_1938_589df8.mp4,395,50.0,640,480,combined,detect_combined,Flooded,deeplabv3plus,False,False,0,tensorrt,tensorrt,tensorrt,31.83,31.83,31.04,31.42,4.73,9.93,14.66,1393.85,56.8,10.14,1393.85,56.8,10.44,45.55,52.37,0.98,98.9,0.8692,False,False
1780822014.2644215,archive_hollywood_flood_rescue_1938_589df8,archive_hollywood_flood_rescue_1938_589df8.mp4,396,50.0,640,480,combined,detect_combined,Flooded,deeplabv3plus,False,False,0,tensorrt,tensorrt,tensorrt,23.27,23.27,42.64,42.98,6.16,12.78,18.939999999999998,1393.85,54.3,10.14,1393.85,54.3,10.44,45.55,52.37,0.98,98.9,0.8868,False,False
1780822014.320567,archive_hollywood_flood_rescue_1938_589df8,archive_hollywood_flood_rescue_1938_589df8.mp4,397,50.0,640,480,combined,detect_combined,Flooded,deeplabv3plus,False,False,0,tensorrt,tensorrt,tensorrt,35.37,35.37,27.94,28.28,4.33,7.89,12.219999999999999,1393.84,33.3,10.14,1393.84,33.3,10.44,45.55,52.37,0.98,98.9,0.7672,False,False
1780822014.3816636,archive_hollywood_flood_rescue_1938_589df8,archive_hollywood_flood_rescue_1938_589df8.mp4,398,50.0,640,480,combined,detect_combined,Flooded,deeplabv3plus,False,False,0,tensorrt,tensorrt,tensorrt,29.99,29.99,32.98,33.35,4.94,15.51,20.45,1393.84,36.4,10.14,1393.84,36.4,10.44,45.55,52.37,0.98,98.9,0.7973,False,False
1780822014.4632554,archive_hollywood_flood_rescue_1938_589df8,archive_hollywood_flood_rescue_1938_589df8.mp4,399,50.0,640,480,combined,detect_combined,Flooded,deeplabv3plus,False,False,0,tensorrt,tensorrt,tensorrt,24.64,24.64,40.2,40.59,5.31,13.19,18.5,1393.84,33.3,10.14,1393.84,33.3,10.44,45.55,52.37,0.98,98.9,0.791,False,False
1780822014.550914,archive_hollywood_flood_rescue_1938_589df8,archive_hollywood_flood_rescue_1938_589df8.mp4,400,50.0,640,480,combined,detect_combined,Flooded,deeplabv3plus,False,False,0,tensorrt,tensorrt,tensorrt,24.94,24.94,39.65,40.09,8.02,15.44,23.46,1393.84,37.0,9.53,1393.84,37.0,10.44,45.55,52.37,0.98,98.9,0.7939,False,False
1780822014.6356332,archive_hollywood_flood_rescue_1938_589df8,archive_hollywood_flood_rescue_1938_589df8.mp4,401,50.0,640,480,combined,detect_combined,Flooded,deeplabv3plus,False,False,0,tensorrt,tensorrt,tensorrt,26.69,26.69,37.06,37.47,5.83,15.18,21.009999999999998,1393.84,41.7,9.53,1393.84,41.7,10.44,45.55,52.37,0.98,98.9,0.7807,False,False
1780822014.723568,archive_hollywood_flood_rescue_1938_589df8,archive_hollywood_flood_rescue_1938_589df8.mp4,402,50.0,640,480,combined,detect_combined,Flooded,deeplabv3plus,False,False,0,tensorrt,tensorrt,tensorrt,23.93,23.93,41.34,41.79,6.24,17.76,24.0,1393.84,50.0,9.53,1393.84,50.0,10.44,45.55,52.37,0.98,98.9,0.8291,False,False
1780822014.8061059,archive_hollywood_flood_rescue_1938_589df8,archive_hollywood_flood_rescue_1938_589df8.mp4,403,50.0,640,480,combined,detect_combined,Flooded,deeplabv3plus,False,False,0,tensorrt,tensorrt,tensorrt,25.54,25.54,38.78,39.15,5.09,15.19,20.28,1393.84,48.9,9.53,1393.84,48.9,10.44,45.55,52.37,0.98,98.9,0.8086,False,False
1780822014.8845956,archive_hollywood_flood_rescue_1938_589df8,archive_hollywood_flood_rescue_1938_589df8.mp4,404,50.0,640,480,combined,detect_combined,Flooded,deeplabv3plus,False,False,0,tensorrt,tensorrt,tensorrt,28.61,28.61,34.57,34.95,5.5,11.86,17.36,1393.84,56.9,9.53,1393.84,56.9,10.44,45.55,52.37,0.98,98.9,0.763,False,False
1780822014.961743,archive_hollywood_flood_rescue_1938_589df8,archive_hollywood_flood_rescue_1938_589df8.mp4,405,50.0,640,480,combined,detect_combined,Flooded,deeplabv3plus,False,False,0,tensorrt,tensorrt,tensorrt,23.69,23.69,41.73,42.21,5.8,14.79,20.59,1393.84,53.3,9.53,1393.84,53.3,10.44,45.55,52.37,0.98,98.9,0.7871,False,False
1780822015.0290391,archive_hollywood_flood_rescue_1938_589df8,archive_hollywood_flood_rescue_1938_589df8.mp4,406,50.0,640,480,combined,detect_combined,Flooded,deeplabv3plus,False,False,0,tensorrt,tensorrt,tensorrt,29.85,29.85,32.86,33.5,6.68,10.28,16.96,1393.84,50.0,9.53,1393.84,50.0,10.44,45.55,52.37,0.98,98.9,0.7519,False,False
1780822015.091073,archive_hollywood_flood_rescue_1938_589df8,archive_hollywood_flood_rescue_1938_589df8.mp4,407,50.0,640,480,combined,detect_combined,Flooded,deeplabv3plus,False,False,0,tensorrt,tensorrt,tensorrt,39.62,39.62,24.89,25.24,4.06,7.02,11.079999999999998,1393.84,43.2,9.53,1393.84,43.2,10.44,45.55,52.37,0.98,98.9,0.8343,False,False
1780822015.1639116,archive_hollywood_flood_rescue_1938_589df8,archive_hollywood_flood_rescue_1938_589df8.mp4,408,50.0,640,480,combined,detect_combined,Flooded,deeplabv3plus,False,False,0,tensorrt,tensorrt,tensorrt,27.73,27.73,35.48,36.06,6.16,11.24,17.4,1393.84,37.8,9.53,1393.84,37.8,10.44,45.55,52.37,0.98,98.9,0.751,False,False
1780822015.2353618,archive_hollywood_flood_rescue_1938_589df8,archive_hollywood_flood_rescue_1938_589df8.mp4,409,50.0,640,480,combined,detect_combined,Flooded,deeplabv3plus,False,False,0,tensorrt,tensorrt,tensorrt,29.35,29.35,33.71,34.07,4.58,12.85,17.43,1393.84,37.2,9.53,1393.84,37.2,10.44,45.55,52.37,0.98,98.9,0.773,False,False
1780822015.3410714,archive_hollywood_flood_rescue_1938_589df8,archive_hollywood_flood_rescue_1938_589df8.mp4,410,50.0,640,480,combined,detect_combined,Flooded,deeplabv3plus,False,False,0,tensorrt,tensorrt,tensorrt,17.03,17.03,58.28,58.7,14.81,12.93,27.740000000000002,1393.84,46.7,9.53,1393.84,46.7,10.44,45.55,52.37,0.98,98.9,0.7352,False,False
1780822015.424057,archive_hollywood_flood_rescue_1938_589df8,archive_hollywood_flood_rescue_1938_589df8.mp4,411,50.0,640,480,combined,detect_combined,Flooded,deeplabv3plus,False,False,0,tensorrt,tensorrt,tensorrt,26.83,26.83,36.85,37.28,6.5,14.7,21.2,1393.84,56.9,9.53,1393.84,56.9,10.44,45.55,52.37,0.98,98.9,0.6575,False,False
1780822015.4918017,archive_hollywood_flood_rescue_1938_589df8,archive_hollywood_flood_rescue_1938_589df8.mp4,412,50.0,640,480,combined,detect_combined,Flooded,deeplabv3plus,False,False,0,tensorrt,tensorrt,tensorrt,27.83,27.83,35.62,35.94,4.91,11.28,16.189999999999998,1393.84,42.9,9.53,1393.84,42.9,10.44,45.55,52.37,0.98,98.9,0.6682,False,False
1780822015.557287,archive_hollywood_flood_rescue_1938_589df8,archive_hollywood_flood_rescue_1938_589df8.mp4,413,50.0,640,480,combined,detect_combined,Flooded,deeplabv3plus,False,False,0,tensorrt,tensorrt,tensorrt,28.95,28.95,34.16,34.54,4.98,9.09,14.07,1393.84,44.4,9.53,1393.84,44.4,10.44,45.55,52.37,0.98,98.9,0.7192,False,False
1780822015.6167252,archive_hollywood_flood_rescue_1938_589df8,archive_hollywood_flood_rescue_1938_589df8.mp4,414,50.0,640,480,combined,detect_combined,Flooded,deeplabv3plus,False,False,0,tensorrt,tensorrt,tensorrt,35.66,35.66,27.7,28.04,4.41,8.42,12.83,1393.84,44.1,9.53,1393.84,44.1,10.44,45.55,52.37,0.98,98.9,0.7285,False,False
1780822015.6855762,archive_hollywood_flood_rescue_1938_589df8,archive_hollywood_flood_rescue_1938_589df8.mp4,415,50.0,640,480,combined,detect_combined,Flooded,deeplabv3plus,False,False,0,tensorrt,tensorrt,tensorrt,29.56,29.56,33.48,33.83,5.35,9.9,15.25,1393.84,43.9,9.53,1393.84,43.9,10.44,45.55,52.37,0.98,98.9,0.7442,False,False
1780822015.743998,archive_hollywood_flood_rescue_1938_589df8,archive_hollywood_flood_rescue_1938_589df8.mp4,416,50.0,640,480,combined,detect_combined,Flooded,deeplabv3plus,False,False,0,tensorrt,tensorrt,tensorrt,31.31,31.31,31.63,31.94,4.36,10.9,15.260000000000002,1393.83,41.2,9.53,1393.83,41.2,10.44,45.55,52.37,0.98,98.9,0.7173,False,False
1780822015.800195,archive_hollywood_flood_rescue_1938_589df8,archive_hollywood_flood_rescue_1938_589df8.mp4,417,50.0,640,480,combined,detect_combined,Flooded,deeplabv3plus,False,False,0,tensorrt,tensorrt,tensorrt,32.45,32.45,30.49,30.81,5.13,8.6,13.73,1393.83,40.0,9.53,1393.83,40.0,10.44,45.55,52.37,0.98,98.9,0.6904,False,False
1780822015.8692155,archive_hollywood_flood_rescue_1938_589df8,archive_hollywood_flood_rescue_1938_589df8.mp4,418,50.0,640,480,combined,detect_combined,Flooded,deeplabv3plus,False,False,0,tensorrt,tensorrt,tensorrt,31.49,31.49,31.37,31.76,4.94,10.48,15.420000000000002,1393.83,52.4,9.53,1393.83,52.4,10.44,45.55,52.37,0.98,98.9,0.6397,False,False
1780822015.9340982,archive_hollywood_flood_rescue_1938_589df8,archive_hollywood_flood_rescue_1938_589df8.mp4,419,50.0,640,480,combined,detect_combined,Flooded,deeplabv3plus,False,False,0,tensorrt,tensorrt,tensorrt,31.44,31.44,31.49,31.81,4.83,7.65,12.48,1393.83,62.9,9.53,1393.83,62.9,10.44,45.55,52.37,0.98,98.9,0.602,False,False
1780822015.998062,archive_hollywood_flood_rescue_1938_589df8,archive_hollywood_flood_rescue_1938_589df8.mp4,420,50.0,640,480,combined,detect_combined,Flooded,deeplabv3plus,False,False,0,tensorrt,tensorrt,tensorrt,30.84,30.84,32.11,32.43,4.63,9.36,13.989999999999998,1393.83,62.2,9.53,1393.83,62.2,10.44,45.55,52.37,0.98,98.9,0.6536,False,False
1780822016.0656927,archive_hollywood_flood_rescue_1938_589df8,archive_hollywood_flood_rescue_1938_589df8.mp4,421,50.0,640,480,combined,detect_combined,Flooded,deeplabv3plus,False,False,0,tensorrt,tensorrt,tensorrt,31.2,31.2,31.72,32.05,5.56,9.79,15.349999999999998,1393.83,64.1,9.53,1393.83,64.1,10.44,45.55,52.37,0.98,98.9,0.76,False,False
1780822016.1360183,archive_hollywood_flood_rescue_1938_589df8,archive_hollywood_flood_rescue_1938_589df8.mp4,422,50.0,640,480,combined,detect_combined,Flooded,deeplabv3plus,False,False,0,tensorrt,tensorrt,tensorrt,27.17,27.17,36.19,36.8,6.5,9.92,16.42,1393.83,61.0,9.53,1393.83,61.0,10.44,45.55,52.37,0.98,98.9,0.8,False,False
1780822016.1991355,archive_hollywood_flood_rescue_1938_589df8,archive_hollywood_flood_rescue_1938_589df8.mp4,423,50.0,640,480,combined,detect_combined,Flooded,deeplabv3plus,False,False,0,tensorrt,tensorrt,tensorrt,33.18,33.18,29.77,30.14,5.65,7.83,13.48,1393.83,59.5,9.53,1393.83,59.5,10.44,45.55,52.37,0.98,98.9,0.7277,False,False
1780822016.2568376,archive_hollywood_flood_rescue_1938_589df8,archive_hollywood_flood_rescue_1938_589df8.mp4,424,50.0,640,480,combined,detect_combined,Flooded,deeplabv3plus,False,False,0,tensorrt,tensorrt,tensorrt,38.89,38.89,25.4,25.71,4.54,8.37,12.91,1393.83,56.3,10.59,1393.83,56.3,10.59,45.55,52.37,0.98,98.9,0.7479,False,False
1780822016.3189898,archive_hollywood_flood_rescue_1938_589df8,archive_hollywood_flood_rescue_1938_589df8.mp4,425,50.0,640,480,combined,detect_combined,Flooded,deeplabv3plus,False,False,0,tensorrt,tensorrt,tensorrt,35.0,35.0,28.25,28.57,4.9,8.0,12.9,1393.83,52.8,10.59,1393.83,52.8,10.59,45.55,52.37,0.98,98.9,0.6563,False,False
1780822016.3811471,archive_hollywood_flood_rescue_1938_589df8,archive_hollywood_flood_rescue_1938_589df8.mp4,426,50.0,640,480,combined,detect_combined,Flooded,deeplabv3plus,False,False,0,tensorrt,tensorrt,tensorrt,30.0,30.0,32.96,33.33,5.08,9.79,14.87,1393.83,34.3,10.59,1393.83,34.3,10.59,45.55,52.37,0.98,98.9,0.6161,False,False
1780822016.449115,archive_hollywood_flood_rescue_1938_589df8,archive_hollywood_flood_rescue_1938_589df8.mp4,427,50.0,640,480,combined,detect_combined,Flooded,deeplabv3plus,False,False,0,tensorrt,tensorrt,tensorrt,29.49,29.49,33.56,33.91,5.8,10.38,16.18,1393.83,37.8,10.59,1393.83,37.8,10.59,45.55,52.37,0.98,98.9,0.6712,False,False
1780822016.5218825,archive_hollywood_flood_rescue_1938_589df8,archive_hollywood_flood_rescue_1938_589df8.mp4,428,50.0,640,480,combined,detect_combined,Flooded,deeplabv3plus,False,False,0,tensorrt,tensorrt,tensorrt,27.36,27.36,36.17,36.55,5.67,10.63,16.3,1393.83,47.7,10.59,1393.83,47.7,10.59,45.55,52.37,0.98,98.9,0.7129,False,False
1780822016.6140883,archive_hollywood_flood_rescue_1938_589df8,archive_hollywood_flood_rescue_1938_589df8.mp4,429,50.0,640,480,combined,detect_combined,Flooded,deeplabv3plus,False,False,0,tensorrt,tensorrt,tensorrt,21.49,21.49,46.11,46.53,8.47,15.59,24.060000000000002,1393.83,40.0,10.59,1393.83,40.0,10.59,45.55,52.37,0.98,98.9,0.7078,False,False
1780822016.6930637,archive_hollywood_flood_rescue_1938_589df8,archive_hollywood_flood_rescue_1938_589df8.mp4,430,50.0,640,480,combined,detect_combined,Flooded,deeplabv3plus,False,False,0,tensorrt,tensorrt,tensorrt,27.9,27.9,35.43,35.85,6.0,11.96,17.96,1393.83,40.4,10.59,1393.83,40.4,10.59,45.55,52.37,0.98,98.9,0.7076,False,False
1780822016.7755816,archive_hollywood_flood_rescue_1938_589df8,archive_hollywood_flood_rescue_1938_589df8.mp4,431,50.0,640,480,combined,detect_combined,Flooded,deeplabv3plus,False,False,0,tensorrt,tensorrt,tensorrt,24.48,24.48,40.45,40.86,10.28,14.36,24.64,1393.82,44.7,10.59,1393.82,44.7,10.59,45.55,52.37,0.98,98.9,0.6907,False,False
1780822016.8599865,archive_hollywood_flood_rescue_1938_589df8,archive_hollywood_flood_rescue_1938_589df8.mp4,432,50.0,640,480,combined,detect_combined,Flooded,deeplabv3plus,False,False,0,tensorrt,tensorrt,tensorrt,24.35,24.35,40.66,41.07,6.13,16.75,22.88,1393.82,38.3,9.07,1393.82,38.3,10.59,45.55,52.37,0.98,98.9,0.7574,False,False
1780822016.941705,archive_hollywood_flood_rescue_1938_589df8,archive_hollywood_flood_rescue_1938_589df8.mp4,433,50.0,640,480,combined,detect_combined,Flooded,deeplabv3plus,False,False,0,tensorrt,tensorrt,tensorrt,26.32,26.32,37.58,38.0,6.35,12.9,19.25,1393.82,36.7,9.07,1393.82,36.7,10.59,45.55,52.37,0.98,98.9,0.6338,False,False
1780822017.0378034,archive_hollywood_flood_rescue_1938_589df8,archive_hollywood_flood_rescue_1938_589df8.mp4,434,50.0,640,480,combined,detect_combined,Flooded,deeplabv3plus,False,False,0,tensorrt,tensorrt,tensorrt,21.22,21.22,46.72,47.13,6.42,20.08,26.5,1393.82,32.7,9.07,1393.82,32.7,10.59,45.55,52.37,0.98,98.9,0.6399,False,False
1780822017.1329682,archive_hollywood_flood_rescue_1938_589df8,archive_hollywood_flood_rescue_1938_589df8.mp4,435,50.0,640,480,combined,detect_combined,Flooded,deeplabv3plus,False,False,0,tensorrt,tensorrt,tensorrt,22.01,22.01,45.02,45.44,6.95,18.13,25.08,1393.82,38.2,9.07,1393.82,38.2,10.59,45.55,52.37,0.98,98.9,0.6111,False,False
1780822017.229142,archive_hollywood_flood_rescue_1938_589df8,archive_hollywood_flood_rescue_1938_589df8.mp4,436,50.0,640,480,combined,detect_combined,Flooded,deeplabv3plus,False,False,0,tensorrt,tensorrt,tensorrt,21.54,21.54,46.0,46.42,6.97,19.35,26.32,1393.82,38.5,9.07,1393.82,38.5,10.59,45.55,52.37,0.98,98.9,0.6088,False,False
1780822017.3152149,archive_hollywood_flood_rescue_1938_589df8,archive_hollywood_flood_rescue_1938_589df8.mp4,437,50.0,640,480,combined,detect_combined,Flooded,deeplabv3plus,False,False,0,tensorrt,tensorrt,tensorrt,22.08,22.08,44.88,45.3,6.94,19.09,26.03,1393.82,53.8,9.07,1393.82,53.8,10.59,45.55,52.37,0.98,98.9,0.7161,False,False
1780822017.3906581,archive_hollywood_flood_rescue_1938_589df8,archive_hollywood_flood_rescue_1938_589df8.mp4,438,50.0,640,480,combined,detect_combined,Flooded,deeplabv3plus,False,False,0,tensorrt,tensorrt,tensorrt,26.52,26.52,37.29,37.71,6.38,11.44,17.82,1393.82,55.0,9.07,1393.82,55.0,10.59,45.55,52.37,0.98,98.9,0.7285,False,False
1780822017.4779952,archive_hollywood_flood_rescue_1938_589df8,archive_hollywood_flood_rescue_1938_589df8.mp4,439,50.0,640,480,combined,detect_combined,Flooded,deeplabv3plus,False,False,0,tensorrt,tensorrt,tensorrt,21.44,21.44,46.25,46.65,5.81,15.72,21.53,1393.82,64.0,8.76,1393.82,64.0,10.59,45.55,52.37,0.98,98.9,0.6381,False,False
1780822017.5474296,archive_hollywood_flood_rescue_1938_589df8,archive_hollywood_flood_rescue_1938_589df8.mp4,440,50.0,640,480,combined,detect_combined,Flooded,deeplabv3plus,False,False,0,tensorrt,tensorrt,tensorrt,28.23,28.23,35.06,35.42,4.19,12.31,16.5,1393.82,65.9,8.76,1393.82,65.9,10.59,45.55,52.37,0.98,98.9,0.6279,False,False
1780822017.6215672,archive_hollywood_flood_rescue_1938_589df8,archive_hollywood_flood_rescue_1938_589df8.mp4,441,50.0,640,480,combined,detect_combined,Flooded,deeplabv3plus,False,False,0,tensorrt,tensorrt,tensorrt,22.55,22.55,43.69,44.35,5.0,15.63,20.630000000000003,1393.82,51.1,8.76,1393.82,51.1,10.59,45.55,52.37,0.98,98.9,0.6406,False,False
1780822017.69504,archive_hollywood_flood_rescue_1938_589df8,archive_hollywood_flood_rescue_1938_589df8.mp4,442,50.0,640,480,combined,detect_combined,Flooded,deeplabv3plus,False,False,0,tensorrt,tensorrt,tensorrt,25.98,25.98,37.94,38.5,4.87,13.62,18.49,1393.82,46.7,8.76,1393.82,46.7,10.59,45.55,52.37,0.98,98.9,0.6806,False,False
1780822017.773313,archive_hollywood_flood_rescue_1938_589df8,archive_hollywood_flood_rescue_1938_589df8.mp4,443,50.0,640,480,combined,detect_combined,Flooded,deeplabv3plus,False,False,0,tensorrt,tensorrt,tensorrt,24.79,24.79,40.01,40.34,6.81,15.7,22.509999999999998,1393.82,39.6,8.76,1393.82,39.6,10.59,45.55,52.37,0.98,98.9,0.6941,False,False
1780822017.8491108,archive_hollywood_flood_rescue_1938_589df8,archive_hollywood_flood_rescue_1938_589df8.mp4,444,50.0,640,480,combined,detect_combined,Flooded,deeplabv3plus,False,False,0,tensorrt,tensorrt,tensorrt,27.81,27.81,35.49,35.96,7.24,17.52,24.759999999999998,1393.83,47.9,8.76,1393.83,47.9,10.59,45.55,52.37,0.98,98.9,0.715,False,False
1780822017.9253511,archive_hollywood_flood_rescue_1938_589df8,archive_hollywood_flood_rescue_1938_589df8.mp4,445,50.0,640,480,combined,detect_combined,Flooded,deeplabv3plus,False,False,0,tensorrt,tensorrt,tensorrt,27.25,27.25,36.31,36.69,6.13,11.56,17.69,1393.83,34.8,8.76,1393.83,34.8,10.59,45.55,52.37,0.98,98.9,0.7144,False,False
1780822018.0080917,archive_hollywood_flood_rescue_1938_589df8,archive_hollywood_flood_rescue_1938_589df8.mp4,446,50.0,640,480,combined,detect_combined,Flooded,deeplabv3plus,False,False,0,tensorrt,tensorrt,tensorrt,23.04,23.04,43.01,43.4,6.23,15.16,21.39,1393.82,38.8,9.07,1393.82,38.8,10.59,45.55,52.37,0.98,98.9,0.7729,False,False
1780822018.100408,archive_hollywood_flood_rescue_1938_589df8,archive_hollywood_flood_rescue_1938_589df8.mp4,447,50.0,640,480,combined,detect_combined,Flooded,deeplabv3plus,False,False,0,tensorrt,tensorrt,tensorrt,30.34,30.34,32.55,32.96,6.93,13.67,20.6,1393.82,36.5,9.07,1393.82,36.5,10.59,45.55,52.37,0.98,98.9,0.6933,False,False
1780822018.1927884,archive_hollywood_flood_rescue_1938_589df8,archive_hollywood_flood_rescue_1938_589df8.mp4,448,50.0,640,480,combined,detect_combined,Flooded,deeplabv3plus,False,False,0,tensorrt,tensorrt,tensorrt,22.63,22.63,43.74,44.18,6.13,18.0,24.13,1393.82,43.4,9.07,1393.82,43.4,10.59,45.55,52.37,0.98,98.9,0.6513,False,False
1780822018.2836432,archive_hollywood_flood_rescue_1938_589df8,archive_hollywood_flood_rescue_1938_589df8.mp4,449,50.0,640,480,combined,detect_combined,Flooded,deeplabv3plus,False,False,0,tensorrt,tensorrt,tensorrt,21.48,21.48,46.14,46.56,6.04,19.26,25.3,1393.82,44.6,9.07,1393.82,44.6,10.59,45.55,52.37,0.98,98.9,0.6378,False,False
1780822018.3727505,archive_hollywood_flood_rescue_1938_589df8,archive_hollywood_flood_rescue_1938_589df8.mp4,450,50.0,640,480,combined,detect_combined,Flooded,deeplabv3plus,False,False,0,tensorrt,tensorrt,tensorrt,26.21,26.21,37.71,38.15,9.36,15.36,24.72,1393.82,38.5,9.07,1393.82,38.5,10.59,45.55,52.37,0.98,98.9,0.6694,False,False
1780822018.4752975,archive_hollywood_flood_rescue_1938_589df8,archive_hollywood_flood_rescue_1938_589df8.mp4,451,50.0,640,480,combined,detect_combined,Flooded,deeplabv3plus,False,False,0,tensorrt,tensorrt,tensorrt,19.96,19.96,49.66,50.09,8.2,21.03,29.23,1393.82,36.7,9.07,1393.82,36.7,10.59,45.55,52.37,0.98,98.9,0.6985,False,False
1780822018.579377,archive_hollywood_flood_rescue_1938_589df8,archive_hollywood_flood_rescue_1938_589df8.mp4,452,50.0,640,480,combined,detect_combined,Flooded,deeplabv3plus,False,False,0,tensorrt,tensorrt,tensorrt,19.64,19.64,50.51,50.93,8.38,17.88,26.259999999999998,1393.82,39.7,8.3,1393.82,39.7,10.59,45.55,52.37,0.98,98.9,0.6856,False,False
1780822018.6560333,archive_hollywood_flood_rescue_1938_589df8,archive_hollywood_flood_rescue_1938_589df8.mp4,453,50.0,640,480,combined,detect_combined,Flooded,deeplabv3plus,False,False,0,tensorrt,tensorrt,tensorrt,26.34,26.34,37.6,37.96,6.58,15.27,21.85,1393.82,53.5,8.3,1393.82,53.5,10.59,45.55,52.37,0.98,98.9,0.6677,False,False
1780822018.732289,archive_hollywood_flood_rescue_1938_589df8,archive_hollywood_flood_rescue_1938_589df8.mp4,454,50.0,640,480,combined,detect_combined,Flooded,deeplabv3plus,False,False,0,tensorrt,tensorrt,tensorrt,23.97,23.97,41.26,41.73,5.6,15.53,21.13,1393.82,58.7,8.3,1393.82,58.7,10.59,45.55,52.37,0.98,98.9,0.6837,False,False
1780822018.8002455,archive_hollywood_flood_rescue_1938_589df8,archive_hollywood_flood_rescue_1938_589df8.mp4,455,50.0,640,480,combined,detect_combined,Flooded,deeplabv3plus,False,False,0,tensorrt,tensorrt,tensorrt,26.12,26.12,37.96,38.29,5.37,9.62,14.989999999999998,1393.82,56.1,8.3,1393.82,56.1,10.59,45.55,52.37,0.98,98.9,0.7181,False,False
1780822018.8718886,archive_hollywood_flood_rescue_1938_589df8,archive_hollywood_flood_rescue_1938_589df8.mp4,456,50.0,640,480,combined,detect_combined,Flooded,deeplabv3plus,False,False,0,tensorrt,tensorrt,tensorrt,23.21,23.21,42.55,43.08,5.31,15.48,20.79,1393.82,52.6,8.3,1393.82,52.6,10.59,45.55,52.37,0.98,98.9,0.6564,False,False
1780822018.9338849,archive_hollywood_flood_rescue_1938_589df8,archive_hollywood_flood_rescue_1938_589df8.mp4,457,50.0,640,480,combined,detect_combined,Flooded,deeplabv3plus,False,False,0,tensorrt,tensorrt,tensorrt,30.38,30.38,32.03,32.92,4.68,7.98,12.66,1393.82,54.1,8.3,1393.82,54.1,10.59,45.55,52.37,0.98,98.9,0.6937,False,False
1780822018.9969018,archive_hollywood_flood_rescue_1938_589df8,archive_hollywood_flood_rescue_1938_589df8.mp4,458,50.0,640,480,combined,detect_combined,Flooded,deeplabv3plus,False,False,0,tensorrt,tensorrt,tensorrt,27.98,27.98,35.23,35.74,5.3,10.23,15.530000000000001,1393.82,57.9,8.3,1393.82,57.9,10.59,45.55,52.37,0.98,98.9,0.7121,False,False
1780822019.0606155,archive_hollywood_flood_rescue_1938_589df8,archive_hollywood_flood_rescue_1938_589df8.mp4,459,50.0,640,480,combined,detect_combined,Flooded,deeplabv3plus,False,False,0,tensorrt,tensorrt,tensorrt,29.84,29.84,33.16,33.51,5.03,9.48,14.510000000000002,1393.82,54.3,8.3,1393.82,54.3,10.59,45.55,52.37,0.98,98.9,0.6958,False,False
1780822019.1149368,archive_hollywood_flood_rescue_1938_589df8,archive_hollywood_flood_rescue_1938_589df8.mp4,460,50.0,640,480,combined,detect_combined,Flooded,deeplabv3plus,False,False,0,tensorrt,tensorrt,tensorrt,38.43,38.43,25.65,26.02,5.11,7.93,13.04,1393.82,59.4,8.3,1393.82,59.4,10.59,45.55,52.37,0.98,98.9,0.6984,False,False
1780822019.164526,archive_hollywood_flood_rescue_1938_589df8,archive_hollywood_flood_rescue_1938_589df8.mp4,461,50.0,640,480,combined,detect_combined,Flooded,deeplabv3plus,False,False,0,tensorrt,tensorrt,tensorrt,46.01,46.01,21.41,21.74,4.03,8.06,12.09,1393.82,53.6,9.83,1393.82,53.6,10.59,45.55,52.37,0.98,98.9,0.7097,False,False
1780822019.2158217,archive_hollywood_flood_rescue_1938_589df8,archive_hollywood_flood_rescue_1938_589df8.mp4,462,50.0,640,480,combined,detect_combined,Flooded,deeplabv3plus,False,False,0,tensorrt,tensorrt,tensorrt,37.66,37.66,26.21,26.56,4.56,8.38,12.940000000000001,1393.81,59.4,9.83,1393.81,59.4,10.59,45.55,52.37,0.98,98.9,0.6981,False,False
1780822019.2757604,archive_hollywood_flood_rescue_1938_589df8,archive_hollywood_flood_rescue_1938_589df8.mp4,463,50.0,640,480,combined,detect_combined,Flooded,deeplabv3plus,False,False,0,tensorrt,tensorrt,tensorrt,29.82,29.82,33.18,33.53,5.33,11.58,16.91,1393.81,48.5,9.83,1393.81,48.5,10.59,45.55,52.37,0.98,98.9,0.7073,False,False
1780822019.3461928,archive_hollywood_flood_rescue_1938_589df8,archive_hollywood_flood_rescue_1938_589df8.mp4,464,50.0,640,480,combined,detect_combined,Flooded,deeplabv3plus,False,False,0,tensorrt,tensorrt,tensorrt,24.56,24.56,40.37,40.72,4.36,13.8,18.16,1393.81,34.1,9.83,1393.81,34.1,10.59,45.55,52.37,0.98,98.9,0.6887,False,False
1780822019.421458,archive_hollywood_flood_rescue_1938_589df8,archive_hollywood_flood_rescue_1938_589df8.mp4,465,50.0,640,480,combined,detect_combined,Flooded,deeplabv3plus,False,False,0,tensorrt,tensorrt,tensorrt,27.9,27.9,35.45,35.84,5.69,14.16,19.85,1393.81,40.9,9.83,1393.81,40.9,10.59,45.55,52.37,0.98,98.9,0.7285,False,False
1780822019.499487,archive_hollywood_flood_rescue_1938_589df8,archive_hollywood_flood_rescue_1938_589df8.mp4,466,50.0,640,480,combined,detect_combined,Flooded,deeplabv3plus,False,False,0,tensorrt,tensorrt,tensorrt,29.68,29.68,33.29,33.7,6.32,13.23,19.55,1393.81,31.8,9.83,1393.81,31.8,10.59,45.55,52.37,0.98,98.9,0.7102,False,False
1780822019.586889,archive_hollywood_flood_rescue_1938_589df8,archive_hollywood_flood_rescue_1938_589df8.mp4,467,50.0,640,480,combined,detect_combined,Flooded,deeplabv3plus,False,False,0,tensorrt,tensorrt,tensorrt,22.83,22.83,43.39,43.81,7.58,16.37,23.950000000000003,1393.81,35.8,9.83,1393.81,35.8,10.59,45.55,52.37,0.98,98.9,0.7258,False,False
1780822019.6723232,archive_hollywood_flood_rescue_1938_589df8,archive_hollywood_flood_rescue_1938_589df8.mp4,468,50.0,640,480,combined,detect_combined,Flooded,deeplabv3plus,False,False,0,tensorrt,tensorrt,tensorrt,26.04,26.04,37.96,38.4,6.03,14.38,20.41,1393.81,36.7,9.83,1393.81,36.7,10.59,45.55,52.37,0.98,98.9,0.6983,False,False
1780822019.7687716,archive_hollywood_flood_rescue_1938_589df8,archive_hollywood_flood_rescue_1938_589df8.mp4,469,50.0,640,480,combined,detect_combined,Flooded,deeplabv3plus,False,False,0,tensorrt,tensorrt,tensorrt,23.01,23.01,43.03,43.47,6.58,15.99,22.57,1393.81,36.2,8.76,1393.81,36.2,10.59,45.55,52.37,0.98,98.9,0.7402,False,False
1780822019.8722105,archive_hollywood_flood_rescue_1938_589df8,archive_hollywood_flood_rescue_1938_589df8.mp4,470,50.0,640,480,combined,detect_combined,Flooded,deeplabv3plus,False,False,0,tensorrt,tensorrt,tensorrt,22.57,22.57,43.89,44.31,11.15,20.18,31.33,1393.81,32.8,8.76,1393.81,32.8,10.59,45.55,52.37,0.98,98.9,0.6345,False,False
1780822019.9739835,archive_hollywood_flood_rescue_1938_589df8,archive_hollywood_flood_rescue_1938_589df8.mp4,471,50.0,640,480,combined,detect_combined,Flooded,deeplabv3plus,False,False,0,tensorrt,tensorrt,tensorrt,20.06,20.06,49.4,49.85,6.98,16.84,23.82,1393.81,47.5,8.76,1393.81,47.5,10.59,45.55,52.37,0.98,98.9,0.695,False,False
1780822020.0740964,archive_hollywood_flood_rescue_1938_589df8,archive_hollywood_flood_rescue_1938_589df8.mp4,472,50.0,640,480,combined,detect_combined,Flooded,deeplabv3plus,False,False,0,tensorrt,tensorrt,tensorrt,19.06,19.06,52.05,52.47,7.07,19.22,26.29,1393.81,54.1,8.76,1393.81,54.1,10.59,45.55,52.37,0.98,98.9,0.7158,False,False
1780822020.1465948,archive_hollywood_flood_rescue_1938_589df8,archive_hollywood_flood_rescue_1938_589df8.mp4,473,50.0,640,480,combined,detect_combined,Flooded,deeplabv3plus,False,False,0,tensorrt,tensorrt,tensorrt,31.06,31.06,31.79,32.2,6.07,12.11,18.18,1393.81,55.8,8.76,1393.81,55.8,10.59,45.55,52.37,0.98,98.9,0.7039,False,False
1780822020.240024,archive_hollywood_flood_rescue_1938_589df8,archive_hollywood_flood_rescue_1938_589df8.mp4,474,50.0,640,480,combined,detect_combined,Flooded,deeplabv3plus,False,False,0,tensorrt,tensorrt,tensorrt,20.42,20.42,48.64,48.98,7.49,19.29,26.78,1393.81,63.8,8.76,1393.81,63.8,10.59,45.55,52.37,0.98,98.9,0.7301,False,False
1780822020.340746,archive_hollywood_flood_rescue_1938_589df8,archive_hollywood_flood_rescue_1938_589df8.mp4,475,50.0,640,480,combined,detect_combined,Flooded,deeplabv3plus,False,False,0,tensorrt,tensorrt,tensorrt,14.67,14.67,67.81,68.14,12.44,29.7,42.14,1393.8,59.0,9.53,1393.8,59.0,10.59,45.55,52.37,0.98,98.9,0.7755,False,False
1780822020.4100628,archive_hollywood_flood_rescue_1938_589df8,archive_hollywood_flood_rescue_1938_589df8.mp4,476,50.0,640,480,combined,detect_combined,Flooded,deeplabv3plus,False,False,0,tensorrt,tensorrt,tensorrt,29.12,29.12,33.98,34.34,4.71,13.1,17.81,1393.8,48.7,9.53,1393.8,48.7,10.59,45.55,52.37,0.98,98.9,0.7751,False,False
1780822020.476104,archive_hollywood_flood_rescue_1938_589df8,archive_hollywood_flood_rescue_1938_589df8.mp4,477,50.0,640,480,combined,detect_combined,Flooded,deeplabv3plus,False,False,0,tensorrt,tensorrt,tensorrt,26.5,26.5,37.35,37.73,6.73,9.57,16.3,1393.79,50.0,9.53,1393.79,50.0,10.59,45.55,52.37,0.98,98.9,0.7886,False,False
1780822020.5448165,archive_hollywood_flood_rescue_1938_589df8,archive_hollywood_flood_rescue_1938_589df8.mp4,478,50.0,640,480,combined,detect_combined,Flooded,deeplabv3plus,False,False,0,tensorrt,tensorrt,tensorrt,27.35,27.35,36.12,36.57,4.41,10.54,14.95,1393.79,42.5,9.53,1393.79,42.5,10.59,45.55,52.37,0.98,98.9,0.7894,False,False
1780822020.6057925,archive_hollywood_flood_rescue_1938_589df8,archive_hollywood_flood_rescue_1938_589df8.mp4,479,50.0,640,480,combined,detect_combined,Flooded,deeplabv3plus,False,False,0,tensorrt,tensorrt,tensorrt,32.87,32.87,29.97,30.42,4.77,8.84,13.61,1393.79,36.8,9.53,1393.79,36.8,10.59,45.55,52.37,0.98,98.9,0.767,False,False
1780822020.6683333,archive_hollywood_flood_rescue_1938_589df8,archive_hollywood_flood_rescue_1938_589df8.mp4,480,50.0,640,480,combined,detect_combined,Flooded,deeplabv3plus,False,False,0,tensorrt,tensorrt,tensorrt,33.68,33.68,29.32,29.69,4.37,9.11,13.48,1393.79,33.3,9.53,1393.79,33.3,10.59,45.55,52.37,0.98,98.9,0.7663,False,False
1780822020.7423618,archive_hollywood_flood_rescue_1938_589df8,archive_hollywood_flood_rescue_1938_589df8.mp4,481,50.0,640,480,combined,detect_combined,Flooded,deeplabv3plus,False,False,0,tensorrt,tensorrt,tensorrt,26.47,26.47,37.41,37.78,5.25,13.34,18.59,1393.79,34.1,9.53,1393.79,34.1,10.59,45.55,52.37,0.98,98.9,0.7798,False,False
1780822020.8060863,archive_hollywood_flood_rescue_1938_589df8,archive_hollywood_flood_rescue_1938_589df8.mp4,482,50.0,640,480,combined,detect_combined,Flooded,deeplabv3plus,False,False,0,tensorrt,tensorrt,tensorrt,27.94,27.94,35.45,35.8,6.55,10.0,16.55,1393.79,37.8,9.53,1393.79,37.8,10.59,45.55,52.37,0.98,98.9,0.7609,False,False
1780822020.878466,archive_hollywood_flood_rescue_1938_589df8,archive_hollywood_flood_rescue_1938_589df8.mp4,483,50.0,640,480,combined,detect_combined,Flooded,deeplabv3plus,False,False,0,tensorrt,tensorrt,tensorrt,24.2,24.2,40.76,41.32,6.46,12.72,19.18,1393.79,53.5,9.53,1393.79,53.5,10.59,45.55,52.37,0.98,98.9,0.788,False,False
1780822020.9486783,archive_hollywood_flood_rescue_1938_589df8,archive_hollywood_flood_rescue_1938_589df8.mp4,484,50.0,640,480,combined,detect_combined,Flooded,deeplabv3plus,False,False,0,tensorrt,tensorrt,tensorrt,25.87,25.87,38.28,38.65,5.49,10.17,15.66,1393.79,47.6,9.53,1393.79,47.6,10.59,45.55,52.37,0.98,98.9,0.7472,False,False
1780822021.0309942,archive_hollywood_flood_rescue_1938_589df8,archive_hollywood_flood_rescue_1938_589df8.mp4,485,50.0,640,480,combined,detect_combined,Flooded,deeplabv3plus,False,False,0,tensorrt,tensorrt,tensorrt,23.72,23.72,41.75,42.15,5.7,15.17,20.87,1393.79,44.9,9.53,1393.79,44.9,10.59,45.55,52.37,0.98,98.9,0.7232,False,False
1780822021.110501,archive_hollywood_flood_rescue_1938_589df8,archive_hollywood_flood_rescue_1938_589df8.mp4,486,50.0,640,480,combined,detect_combined,Flooded,deeplabv3plus,False,False,0,tensorrt,tensorrt,tensorrt,26.22,26.22,37.7,38.14,6.78,12.81,19.59,1393.79,42.6,9.53,1393.79,42.6,10.59,45.55,52.37,0.98,98.9,0.7524,False,False
1780822021.1821136,archive_hollywood_flood_rescue_1938_589df8,archive_hollywood_flood_rescue_1938_589df8.mp4,487,50.0,640,480,combined,detect_combined,Flooded,deeplabv3plus,False,False,0,tensorrt,tensorrt,tensorrt,27.85,27.85,35.52,35.91,6.99,12.14,19.130000000000003,1393.79,45.2,9.53,1393.79,45.2,10.59,45.55,52.37,0.98,98.9,0.7907,False,False
1780822021.2630944,archive_hollywood_flood_rescue_1938_589df8,archive_hollywood_flood_rescue_1938_589df8.mp4,488,50.0,640,480,combined,detect_combined,Flooded,deeplabv3plus,False,False,0,tensorrt,tensorrt,tensorrt,24.84,24.84,39.86,40.25,6.29,13.74,20.03,1393.79,53.2,9.53,1393.79,53.2,10.59,45.55,52.37,0.98,98.9,0.7988,False,False
1780822021.3424358,archive_hollywood_flood_rescue_1938_589df8,archive_hollywood_flood_rescue_1938_589df8.mp4,489,50.0,640,480,combined,detect_combined,Flooded,deeplabv3plus,False,False,0,tensorrt,tensorrt,tensorrt,25.0,25.0,39.63,40.0,5.79,14.24,20.03,1393.79,53.3,9.53,1393.79,53.3,10.59,45.55,52.37,0.98,98.9,0.7413,False,False
1780822021.4262888,archive_hollywood_flood_rescue_1938_589df8,archive_hollywood_flood_rescue_1938_589df8.mp4,490,50.0,640,480,combined,detect_combined,Flooded,deeplabv3plus,False,False,0,tensorrt,tensorrt,tensorrt,23.8,23.8,41.4,42.01,5.35,13.99,19.34,1393.79,55.1,9.53,1393.79,55.1,10.59,45.55,52.37,0.98,98.9,0.7195,False,False
1780822021.4928737,archive_hollywood_flood_rescue_1938_589df8,archive_hollywood_flood_rescue_1938_589df8.mp4,491,50.0,640,480,combined,detect_combined,Flooded,deeplabv3plus,False,False,0,tensorrt,tensorrt,tensorrt,28.72,28.72,34.43,34.82,5.79,10.1,15.89,1393.79,57.9,9.53,1393.79,57.9,10.59,45.55,52.37,0.98,98.9,0.7089,False,False
1780822021.5577629,archive_hollywood_flood_rescue_1938_589df8,archive_hollywood_flood_rescue_1938_589df8.mp4,492,50.0,640,480,combined,detect_combined,Flooded,deeplabv3plus,False,False,0,tensorrt,tensorrt,tensorrt,30.49,30.49,32.46,32.8,5.29,8.73,14.02,1393.79,57.9,9.53,1393.79,57.9,10.59,45.55,52.37,0.98,98.9,0.7428,False,False
1780822021.6170897,archive_hollywood_flood_rescue_1938_589df8,archive_hollywood_flood_rescue_1938_589df8.mp4,493,50.0,640,480,combined,detect_combined,Flooded,deeplabv3plus,False,False,0,tensorrt,tensorrt,tensorrt,32.61,32.61,30.28,30.67,4.74,9.06,13.8,1393.79,51.5,9.53,1393.79,51.5,10.59,45.55,52.37,0.98,98.9,0.7557,False,False
1780822021.6899724,archive_hollywood_flood_rescue_1938_589df8,archive_hollywood_flood_rescue_1938_589df8.mp4,494,50.0,640,480,combined,detect_combined,Flooded,deeplabv3plus,False,False,0,tensorrt,tensorrt,tensorrt,27.06,27.06,36.5,36.96,5.2,10.82,16.02,1393.79,56.8,9.53,1393.79,56.8,10.59,45.55,52.37,0.98,98.9,0.7498,False,False
1780822021.754637,archive_hollywood_flood_rescue_1938_589df8,archive_hollywood_flood_rescue_1938_589df8.mp4,495,50.0,640,480,combined,detect_combined,Flooded,deeplabv3plus,False,False,0,tensorrt,tensorrt,tensorrt,32.14,32.14,30.75,31.11,5.33,8.99,14.32,1394.04,45.9,9.53,1394.04,45.9,10.59,45.55,52.37,0.98,98.9,0.7427,False,False
1780822021.8246982,archive_hollywood_flood_rescue_1938_589df8,archive_hollywood_flood_rescue_1938_589df8.mp4,496,50.0,640,480,combined,detect_combined,Flooded,deeplabv3plus,False,False,0,tensorrt,tensorrt,tensorrt,27.32,27.32,36.22,36.6,6.55,9.96,16.51,1394.04,47.6,9.53,1394.04,47.6,10.59,45.55,52.37,0.98,98.9,0.7235,False,False
1780822021.893443,archive_hollywood_flood_rescue_1938_589df8,archive_hollywood_flood_rescue_1938_589df8.mp4,497,50.0,640,480,combined,detect_combined,Flooded,deeplabv3plus,False,False,0,tensorrt,tensorrt,tensorrt,29.74,29.74,33.27,33.63,4.99,12.21,17.200000000000003,1394.04,43.9,9.53,1394.04,43.9,10.59,45.55,52.37,0.98,98.9,0.7328,False,False
1780822021.958547,archive_hollywood_flood_rescue_1938_589df8,archive_hollywood_flood_rescue_1938_589df8.mp4,498,50.0,640,480,combined,detect_combined,Flooded,deeplabv3plus,False,False,0,tensorrt,tensorrt,tensorrt,31.16,31.16,31.73,32.09,5.62,10.68,16.3,1394.04,42.5,9.53,1394.04,42.5,10.59,45.55,52.37,0.98,98.9,0.7743,False,False
1780822022.0356703,archive_hollywood_flood_rescue_1938_589df8,archive_hollywood_flood_rescue_1938_589df8.mp4,499,50.0,640,480,combined,detect_combined,Flooded,deeplabv3plus,False,False,0,tensorrt,tensorrt,tensorrt,26.75,26.75,36.97,37.39,6.07,14.05,20.12,1394.04,34.1,9.53,1394.04,34.1,10.59,45.55,52.37,0.98,98.9,0.7703,False,False
1780822022.127746,archive_hollywood_flood_rescue_1938_589df8,archive_hollywood_flood_rescue_1938_589df8.mp4,500,50.0,640,480,combined,detect_combined,Flooded,deeplabv3plus,False,False,0,tensorrt,tensorrt,tensorrt,27.77,27.77,35.56,36.01,6.98,13.61,20.59,1394.04,32.1,9.22,1394.04,32.1,10.59,45.55,52.37,0.98,98.9,0.7805,False,False
1780822022.2133167,archive_hollywood_flood_rescue_1938_589df8,archive_hollywood_flood_rescue_1938_589df8.mp4,501,50.0,640,480,combined,detect_combined,Flooded,deeplabv3plus,False,False,0,tensorrt,tensorrt,tensorrt,26.89,26.89,36.77,37.18,6.73,16.55,23.28,1394.04,34.6,9.22,1394.04,34.6,10.59,45.55,52.37,0.98,98.9,0.801,False,False
1780822022.3029008,archive_hollywood_flood_rescue_1938_589df8,archive_hollywood_flood_rescue_1938_589df8.mp4,502,50.0,640,480,combined,detect_combined,Flooded,deeplabv3plus,False,False,0,tensorrt,tensorrt,tensorrt,25.41,25.41,38.94,39.35,5.94,14.3,20.240000000000002,1394.04,37.7,9.22,1394.04,37.7,10.59,45.55,52.37,0.98,98.9,0.7749,False,False
1780822022.405817,archive_hollywood_flood_rescue_1938_589df8,archive_hollywood_flood_rescue_1938_589df8.mp4,503,50.0,640,480,combined,detect_combined,Flooded,deeplabv3plus,False,False,0,tensorrt,tensorrt,tensorrt,19.52,19.52,50.79,51.23,8.48,23.62,32.1,1394.04,30.0,9.22,1394.04,30.0,10.59,45.55,52.37,0.98,98.9,0.7917,False,False
1780822022.4959998,archive_hollywood_flood_rescue_1938_589df8,archive_hollywood_flood_rescue_1938_589df8.mp4,504,50.0,640,480,combined,detect_combined,Flooded,deeplabv3plus,False,False,0,tensorrt,tensorrt,tensorrt,21.84,21.84,45.34,45.78,6.83,19.45,26.28,1394.04,36.5,9.22,1394.04,36.5,10.59,45.55,52.37,0.98,98.9,0.7877,False,False
1780822022.5868247,archive_hollywood_flood_rescue_1938_589df8,archive_hollywood_flood_rescue_1938_589df8.mp4,505,50.0,640,480,combined,detect_combined,Flooded,deeplabv3plus,False,False,0,tensorrt,tensorrt,tensorrt,22.67,22.67,43.75,44.12,7.19,20.06,27.25,1394.04,56.6,9.22,1394.04,56.6,10.59,45.55,52.37,0.98,98.9,0.7237,False,False
1780822022.66038,archive_hollywood_flood_rescue_1938_589df8,archive_hollywood_flood_rescue_1938_589df8.mp4,506,50.0,640,480,combined,detect_combined,Flooded,deeplabv3plus,False,False,0,tensorrt,tensorrt,tensorrt,23.78,23.78,41.7,42.06,5.41,17.09,22.5,1394.04,55.8,8.76,1394.04,55.8,10.59,45.55,52.37,0.98,98.9,0.796,False,False
1780822022.724915,archive_hollywood_flood_rescue_1938_589df8,archive_hollywood_flood_rescue_1938_589df8.mp4,507,50.0,640,480,combined,detect_combined,Flooded,deeplabv3plus,False,False,0,tensorrt,tensorrt,tensorrt,33.62,33.62,29.12,29.74,4.33,8.83,13.16,1394.04,48.6,8.76,1394.04,48.6,10.59,45.55,52.37,0.98,98.9,0.7571,False,False
1780822022.791376,archive_hollywood_flood_rescue_1938_589df8,archive_hollywood_flood_rescue_1938_589df8.mp4,508,50.0,640,480,combined,detect_combined,Flooded,deeplabv3plus,False,False,0,tensorrt,tensorrt,tensorrt,26.54,26.54,37.32,37.68,4.49,9.49,13.98,1394.03,54.1,8.76,1394.03,54.1,10.59,45.55,52.37,0.98,98.9,0.806,False,False
1780822022.8674214,archive_hollywood_flood_rescue_1938_589df8,archive_hollywood_flood_rescue_1938_589df8.mp4,509,50.0,640,480,combined,detect_combined,Flooded,deeplabv3plus,False,False,0,tensorrt,tensorrt,tensorrt,30.12,30.12,32.53,33.2,4.42,12.44,16.86,1395.4,63.4,8.76,1395.4,63.4,10.59,45.55,52.37,0.98,98.9,0.7612,False,False
1780822022.9341376,archive_hollywood_flood_rescue_1938_589df8,archive_hollywood_flood_rescue_1938_589df8.mp4,510,50.0,640,480,combined,detect_combined,Flooded,deeplabv3plus,False,False,0,tensorrt,tensorrt,tensorrt,29.77,29.77,33.25,33.59,4.93,9.21,14.14,1395.4,38.9,8.76,1395.4,38.9,10.59,45.55,52.37,0.98,98.9,0.7513,False,False
1780822023.0036936,archive_hollywood_flood_rescue_1938_589df8,archive_hollywood_flood_rescue_1938_589df8.mp4,511,50.0,640,480,combined,detect_combined,Flooded,deeplabv3plus,False,False,0,tensorrt,tensorrt,tensorrt,27.11,27.11,36.4,36.88,5.55,9.83,15.379999999999999,1395.4,48.8,8.76,1395.4,48.8,10.59,45.55,52.37,0.98,98.9,0.8829,False,False
1780822023.0715988,archive_hollywood_flood_rescue_1938_589df8,archive_hollywood_flood_rescue_1938_589df8.mp4,512,50.0,640,480,combined,detect_combined,Flooded,deeplabv3plus,False,False,0,tensorrt,tensorrt,tensorrt,28.61,28.61,34.52,34.95,4.97,8.0,12.969999999999999,1395.4,45.9,8.76,1395.4,45.9,10.59,45.55,52.37,0.98,98.9,0.7392,False,False
1780822023.1446662,archive_hollywood_flood_rescue_1938_589df8,archive_hollywood_flood_rescue_1938_589df8.mp4,513,50.0,640,480,combined,detect_combined,Flooded,deeplabv3plus,False,False,0,tensorrt,tensorrt,tensorrt,27.35,27.35,36.11,36.56,4.62,12.39,17.01,1395.4,52.4,8.76,1395.4,52.4,10.59,45.55,52.37,0.98,98.9,0.809,False,False
1780822023.209089,archive_hollywood_flood_rescue_1938_589df8,archive_hollywood_flood_rescue_1938_589df8.mp4,514,50.0,640,480,combined,detect_combined,Flooded,deeplabv3plus,False,False,0,tensorrt,tensorrt,tensorrt,28.88,28.88,34.19,34.62,4.47,10.55,15.02,1395.4,40.0,8.76,1395.4,40.0,10.59,45.55,52.37,0.98,98.9,0.8238,False,False
1780822023.291162,archive_hollywood_flood_rescue_1938_589df8,archive_hollywood_flood_rescue_1938_589df8.mp4,515,50.0,640,480,combined,detect_combined,Flooded,deeplabv3plus,False,False,0,tensorrt,tensorrt,tensorrt,23.57,23.57,41.9,42.42,5.27,12.66,17.93,1395.4,42.2,9.83,1395.4,42.2,10.59,45.55,52.37,0.98,98.9,0.7325,False,False
1780822023.3597703,archive_hollywood_flood_rescue_1938_589df8,archive_hollywood_flood_rescue_1938_589df8.mp4,516,50.0,640,480,combined,detect_combined,Flooded,deeplabv3plus,False,False,0,tensorrt,tensorrt,tensorrt,30.93,30.93,32.03,32.33,6.29,11.55,17.84,1395.4,37.5,9.83,1395.4,37.5,10.59,45.55,52.37,0.98,98.9,0.6938,False,False
1780822023.43271,archive_hollywood_flood_rescue_1938_589df8,archive_hollywood_flood_rescue_1938_589df8.mp4,517,50.0,640,480,combined,detect_combined,Flooded,deeplabv3plus,False,False,0,tensorrt,tensorrt,tensorrt,28.34,28.34,34.89,35.28,4.82,14.61,19.43,1395.4,40.5,9.83,1395.4,40.5,10.59,45.55,52.37,0.98,98.9,0.7563,False,False
1780822023.5005007,archive_hollywood_flood_rescue_1938_589df8,archive_hollywood_flood_rescue_1938_589df8.mp4,518,50.0,640,480,combined,detect_combined,Flooded,deeplabv3plus,False,False,0,tensorrt,tensorrt,tensorrt,32.44,32.44,30.5,30.82,4.86,9.06,13.920000000000002,1395.4,36.8,9.83,1395.4,36.8,10.59,45.55,52.37,0.98,98.9,0.7333,False,False
1780822023.5714636,archive_hollywood_flood_rescue_1938_589df8,archive_hollywood_flood_rescue_1938_589df8.mp4,519,50.0,640,480,combined,detect_combined,Flooded,deeplabv3plus,False,False,0,tensorrt,tensorrt,tensorrt,28.72,28.72,34.45,34.82,5.29,10.67,15.96,1395.4,35.7,9.83,1395.4,35.7,10.59,45.55,52.37,0.98,98.9,0.7076,False,False
1780822023.6544676,archive_hollywood_flood_rescue_1938_589df8,archive_hollywood_flood_rescue_1938_589df8.mp4,520,50.0,640,480,combined,detect_combined,Flooded,deeplabv3plus,False,False,0,tensorrt,tensorrt,tensorrt,23.93,23.93,41.34,41.78,5.56,14.46,20.02,1395.39,38.8,9.83,1395.39,38.8,10.59,45.55,52.37,0.98,98.9,0.7019,False,False
1780822023.7415853,archive_hollywood_flood_rescue_1938_589df8,archive_hollywood_flood_rescue_1938_589df8.mp4,521,50.0,640,480,combined,detect_combined,Flooded,deeplabv3plus,False,False,0,tensorrt,tensorrt,tensorrt,23.86,23.86,41.52,41.91,7.98,14.91,22.89,1395.39,46.2,9.83,1395.39,46.2,10.59,45.55,52.37,0.98,98.9,0.7885,False,False
1780822023.8228025,archive_hollywood_flood_rescue_1938_589df8,archive_hollywood_flood_rescue_1938_589df8.mp4,522,50.0,640,480,combined,detect_combined,Flooded,deeplabv3plus,False,False,0,tensorrt,tensorrt,tensorrt,30.23,30.23,32.49,33.08,5.65,13.15,18.8,1395.39,63.0,9.83,1395.39,63.0,10.59,45.55,52.37,0.98,98.9,0.7724,False,False
1780822023.8860414,archive_hollywood_flood_rescue_1938_589df8,archive_hollywood_flood_rescue_1938_589df8.mp4,523,50.0,640,480,combined,detect_combined,Flooded,deeplabv3plus,False,False,0,tensorrt,tensorrt,tensorrt,32.92,32.92,30.02,30.37,5.54,8.73,14.27,1395.39,54.1,9.07,1395.39,54.1,10.59,45.55,52.37,0.98,98.9,0.7957,False,False
1780822023.9562883,archive_hollywood_flood_rescue_1938_589df8,archive_hollywood_flood_rescue_1938_589df8.mp4,524,50.0,640,480,combined,detect_combined,Flooded,deeplabv3plus,False,False,0,tensorrt,tensorrt,tensorrt,27.43,27.43,36.08,36.45,5.11,10.35,15.46,1395.39,61.5,9.07,1395.39,61.5,10.59,45.55,52.37,0.98,98.9,0.7965,False,False
1780822024.0241501,archive_hollywood_flood_rescue_1938_589df8,archive_hollywood_flood_rescue_1938_589df8.mp4,525,50.0,640,480,combined,detect_combined,Flooded,deeplabv3plus,False,False,0,tensorrt,tensorrt,tensorrt,30.49,30.49,32.41,32.8,5.17,10.77,15.94,1395.39,67.5,9.07,1395.39,67.5,10.59,45.55,52.37,0.98,98.9,0.7996,False,False
1780822024.08786,archive_hollywood_flood_rescue_1938_589df8,archive_hollywood_flood_rescue_1938_589df8.mp4,526,50.0,640,480,combined,detect_combined,Flooded,deeplabv3plus,False,False,0,tensorrt,tensorrt,tensorrt,28.67,28.67,34.53,34.88,4.76,8.71,13.47,1395.39,67.6,9.07,1395.39,67.6,10.59,45.55,52.37,0.98,98.9,0.8026,False,False
1780822024.1515214,archive_hollywood_flood_rescue_1938_589df8,archive_hollywood_flood_rescue_1938_589df8.mp4,527,50.0,640,480,combined,detect_combined,Flooded,deeplabv3plus,False,False,0,tensorrt,tensorrt,tensorrt,28.65,28.65,34.59,34.9,4.91,9.57,14.48,1395.39,50.0,9.07,1395.39,50.0,10.59,45.55,52.37,0.98,98.9,0.7773,False,False
1780822024.2184255,archive_hollywood_flood_rescue_1938_589df8,archive_hollywood_flood_rescue_1938_589df8.mp4,528,50.0,640,480,combined,detect_combined,Flooded,deeplabv3plus,False,False,0,tensorrt,tensorrt,tensorrt,26.51,26.51,37.41,37.72,6.29,10.12,16.41,1395.39,33.3,9.07,1395.39,33.3,10.59,45.55,52.37,0.98,98.9,0.7862,False,False
1780822024.2934396,archive_hollywood_flood_rescue_1938_589df8,archive_hollywood_flood_rescue_1938_589df8.mp4,529,50.0,640,480,combined,detect_combined,Flooded,deeplabv3plus,False,False,0,tensorrt,tensorrt,tensorrt,27.33,27.33,36.22,36.58,4.85,14.46,19.310000000000002,1395.39,37.8,9.07,1395.39,37.8,10.59,45.55,52.37,0.98,98.9,0.7606,False,False
1780822024.373533,archive_hollywood_flood_rescue_1938_589df8,archive_hollywood_flood_rescue_1938_589df8.mp4,530,50.0,640,480,combined,detect_combined,Flooded,deeplabv3plus,False,False,0,tensorrt,tensorrt,tensorrt,23.75,23.75,41.73,42.1,6.11,19.08,25.189999999999998,1395.39,42.9,9.07,1395.39,42.9,10.59,45.55,52.37,0.98,98.9,0.722,False,False
1780822024.4331899,archive_hollywood_flood_rescue_1938_589df8,archive_hollywood_flood_rescue_1938_589df8.mp4,531,50.0,640,480,combined,detect_combined,Flooded,deeplabv3plus,False,False,0,tensorrt,tensorrt,tensorrt,35.42,35.42,27.85,28.23,4.39,9.02,13.41,1395.39,38.2,9.53,1395.39,38.2,10.59,45.55,52.37,0.98,98.9,0.7309,False,False
1780822024.5072453,archive_hollywood_flood_rescue_1938_589df8,archive_hollywood_flood_rescue_1938_589df8.mp4,532,50.0,640,480,combined,detect_combined,Flooded,deeplabv3plus,False,False,0,tensorrt,tensorrt,tensorrt,26.72,26.72,36.96,37.42,5.26,11.14,16.4,1395.39,40.9,9.53,1395.39,40.9,10.59,45.55,52.37,0.98,98.9,0.72,False,False
1780822024.5810728,archive_hollywood_flood_rescue_1938_589df8,archive_hollywood_flood_rescue_1938_589df8.mp4,533,50.0,640,480,combined,detect_combined,Flooded,deeplabv3plus,False,False,0,tensorrt,tensorrt,tensorrt,28.45,28.45,34.72,35.15,6.93,11.2,18.13,1395.39,41.5,9.53,1395.39,41.5,10.59,45.55,52.37,0.98,98.9,0.7695,False,False
1780822024.654053,archive_hollywood_flood_rescue_1938_589df8,archive_hollywood_flood_rescue_1938_589df8.mp4,534,50.0,640,480,combined,detect_combined,Flooded,deeplabv3plus,False,False,0,tensorrt,tensorrt,tensorrt,29.58,29.58,33.39,33.81,4.94,11.81,16.75,1395.39,40.5,9.53,1395.39,40.5,10.59,45.55,52.37,0.98,98.9,0.854,False,False
1780822024.73045,archive_hollywood_flood_rescue_1938_589df8,archive_hollywood_flood_rescue_1938_589df8.mp4,535,50.0,640,480,combined,detect_combined,Flooded,deeplabv3plus,False,False,0,tensorrt,tensorrt,tensorrt,24.63,24.63,40.23,40.61,5.19,14.93,20.12,1395.39,39.1,9.53,1395.39,39.1,10.59,45.55,52.37,0.98,98.9,0.7976,False,False
1780822024.819241,archive_hollywood_flood_rescue_1938_589df8,archive_hollywood_flood_rescue_1938_589df8.mp4,536,50.0,640,480,combined,detect_combined,Flooded,deeplabv3plus,False,False,0,tensorrt,tensorrt,tensorrt,22.03,22.03,44.98,45.39,5.98,16.35,22.330000000000002,1395.39,32.7,9.53,1395.39,32.7,10.59,45.55,52.37,0.98,98.9,0.788,False,False
1780822024.9144406,archive_hollywood_flood_rescue_1938_589df8,archive_hollywood_flood_rescue_1938_589df8.mp4,537,50.0,640,480,combined,detect_combined,Flooded,deeplabv3plus,False,False,0,tensorrt,tensorrt,tensorrt,21.07,21.07,47.06,47.47,6.64,19.92,26.560000000000002,1395.39,38.5,9.53,1395.39,38.5,10.59,45.55,52.37,0.98,98.9,0.7867,False,False
1780822025.0126824,archive_hollywood_flood_rescue_1938_589df8,archive_hollywood_flood_rescue_1938_589df8.mp4,538,50.0,640,480,combined,detect_combined,Flooded,deeplabv3plus,False,False,0,tensorrt,tensorrt,tensorrt,19.59,19.59,50.66,51.04,8.52,20.37,28.89,1395.39,54.2,8.92,1395.39,54.2,10.59,45.55,52.37,0.98,98.9,0.7216,False,False
1780822025.0884275,archive_hollywood_flood_rescue_1938_589df8,archive_hollywood_flood_rescue_1938_589df8.mp4,539,50.0,640,480,combined,detect_combined,Flooded,deeplabv3plus,False,False,0,tensorrt,tensorrt,tensorrt,27.76,27.76,35.15,36.02,6.14,11.86,18.0,1395.63,55.6,8.92,1395.63,55.6,10.59,45.55,52.37,0.98,98.9,0.7796,False,False
1780822025.170375,archive_hollywood_flood_rescue_1938_589df8,archive_hollywood_flood_rescue_1938_589df8.mp4,540,50.0,640,480,combined,detect_combined,Flooded,deeplabv3plus,False,False,0,tensorrt,tensorrt,tensorrt,24.33,24.33,40.74,41.1,6.42,18.18,24.6,1395.63,63.0,8.92,1395.63,63.0,10.59,45.55,52.37,0.98,98.9,0.8407,False,False
1780822025.2433288,archive_hollywood_flood_rescue_1938_589df8,archive_hollywood_flood_rescue_1938_589df8.mp4,541,50.0,640,480,combined,detect_combined,Flooded,deeplabv3plus,False,False,0,tensorrt,tensorrt,tensorrt,28.46,28.46,34.79,35.14,4.82,13.39,18.21,1395.63,62.8,8.92,1395.63,62.8,10.59,45.55,52.37,0.98,98.9,0.7597,False,False
1780822025.3296113,archive_hollywood_flood_rescue_1938_589df8,archive_hollywood_flood_rescue_1938_589df8.mp4,542,50.0,640,480,combined,detect_combined,Flooded,deeplabv3plus,False,False,0,tensorrt,tensorrt,tensorrt,22.45,22.45,43.93,44.54,7.03,15.62,22.65,1395.63,46.3,8.92,1395.63,46.3,10.59,45.55,52.37,0.98,98.9,0.7639,False,False
1780822025.4047995,archive_hollywood_flood_rescue_1938_589df8,archive_hollywood_flood_rescue_1938_589df8.mp4,543,50.0,640,480,combined,detect_combined,Flooded,deeplabv3plus,False,False,0,tensorrt,tensorrt,tensorrt,31.53,31.53,31.37,31.71,4.02,7.55,11.57,1395.63,69.6,8.92,1395.63,69.6,10.59,45.55,52.37,0.98,98.9,0.7382,False,False
1780822025.4812105,archive_hollywood_flood_rescue_1938_589df8,archive_hollywood_flood_rescue_1938_589df8.mp4,544,50.0,640,480,combined,detect_combined,Flooded,deeplabv3plus,False,False,0,tensorrt,tensorrt,tensorrt,25.43,25.43,38.97,39.33,5.54,17.08,22.619999999999997,1395.63,56.8,8.92,1395.63,56.8,10.59,45.55,52.37,0.98,98.9,0.6922,False,False
1780822025.5325735,archive_hollywood_flood_rescue_1938_589df8,archive_hollywood_flood_rescue_1938_589df8.mp4,545,50.0,640,480,combined,detect_combined,Flooded,deeplabv3plus,False,False,0,tensorrt,tensorrt,tensorrt,45.7,45.7,21.49,21.88,4.1,7.43,11.53,1395.63,53.3,8.92,1395.63,53.3,10.59,45.55,52.37,0.98,98.9,0.6568,False,False
1780822025.596194,archive_hollywood_flood_rescue_1938_589df8,archive_hollywood_flood_rescue_1938_589df8.mp4,546,50.0,640,480,combined,detect_combined,Flooded,deeplabv3plus,False,False,0,tensorrt,tensorrt,tensorrt,26.6,26.6,37.17,37.6,5.25,14.32,19.57,1395.63,60.5,10.75,1395.63,60.5,10.75,45.55,52.37,0.98,98.9,0.7282,False,False
1780822025.6568112,archive_hollywood_flood_rescue_1938_589df8,archive_hollywood_flood_rescue_1938_589df8.mp4,547,50.0,640,480,combined,detect_combined,Flooded,deeplabv3plus,False,False,0,tensorrt,tensorrt,tensorrt,34.23,34.23,28.9,29.21,4.59,8.46,13.05,1395.63,48.5,10.75,1395.63,48.5,10.75,45.55,52.37,0.98,98.9,0.7186,False,False
1780822025.7210665,archive_hollywood_flood_rescue_1938_589df8,archive_hollywood_flood_rescue_1938_589df8.mp4,548,50.0,640,480,combined,detect_combined,Flooded,deeplabv3plus,False,False,0,tensorrt,tensorrt,tensorrt,31.97,31.97,30.89,31.28,5.34,9.0,14.34,1395.63,54.1,10.75,1395.63,54.1,10.75,45.55,52.37,0.98,98.9,0.6484,False,False
1780822025.7794268,archive_hollywood_flood_rescue_1938_589df8,archive_hollywood_flood_rescue_1938_589df8.mp4,549,50.0,640,480,combined,detect_combined,Flooded,deeplabv3plus,False,False,0,tensorrt,tensorrt,tensorrt,31.52,31.52,31.38,31.73,5.36,8.15,13.510000000000002,1395.62,52.9,10.75,1395.62,52.9,10.75,45.55,52.37,0.98,98.9,0.6883,False,False
1780822025.843517,archive_hollywood_flood_rescue_1938_589df8,archive_hollywood_flood_rescue_1938_589df8.mp4,550,50.0,640,480,combined,detect_combined,Flooded,deeplabv3plus,False,False,0,tensorrt,tensorrt,tensorrt,28.32,28.32,34.98,35.31,4.37,12.46,16.830000000000002,1395.62,28.6,10.75,1395.62,28.6,10.75,45.55,52.37,0.98,98.9,0.6939,False,False
1780822025.9091325,archive_hollywood_flood_rescue_1938_589df8,archive_hollywood_flood_rescue_1938_589df8.mp4,551,50.0,640,480,combined,detect_combined,Flooded,deeplabv3plus,False,False,0,tensorrt,tensorrt,tensorrt,30.34,30.34,32.62,32.96,4.32,11.36,15.68,1395.62,33.3,10.75,1395.62,33.3,10.75,45.55,52.37,0.98,98.9,0.7056,False,False
1780822025.9796226,archive_hollywood_flood_rescue_1938_589df8,archive_hollywood_flood_rescue_1938_589df8.mp4,552,50.0,640,480,combined,detect_combined,Flooded,deeplabv3plus,False,False,0,tensorrt,tensorrt,tensorrt,25.9,25.9,38.28,38.61,4.12,14.46,18.580000000000002,1395.62,38.6,10.75,1395.62,38.6,10.75,45.55,52.37,0.98,98.9,0.6885,False,False
1780822026.0497005,archive_hollywood_flood_rescue_1938_589df8,archive_hollywood_flood_rescue_1938_589df8.mp4,553,50.0,640,480,combined,detect_combined,Flooded,deeplabv3plus,False,False,0,tensorrt,tensorrt,tensorrt,25.41,25.41,38.81,39.35,4.75,12.54,17.29,1395.62,32.5,10.75,1395.62,32.5,10.75,45.55,52.37,0.98,98.9,0.7149,False,False
1780822026.1184208,archive_hollywood_flood_rescue_1938_589df8,archive_hollywood_flood_rescue_1938_589df8.mp4,554,50.0,640,480,combined,detect_combined,Flooded,deeplabv3plus,False,False,0,tensorrt,tensorrt,tensorrt,30.06,30.06,32.92,33.27,6.54,11.41,17.95,1395.62,39.5,10.75,1395.62,39.5,10.75,45.55,52.37,0.98,98.9,0.6783,False,False
1780822026.1829696,archive_hollywood_flood_rescue_1938_589df8,archive_hollywood_flood_rescue_1938_589df8.mp4,555,50.0,640,480,combined,detect_combined,Flooded,deeplabv3plus,False,False,0,tensorrt,tensorrt,tensorrt,29.61,29.61,33.36,33.77,6.91,10.05,16.96,1395.62,38.5,9.68,1395.62,38.5,10.75,45.55,52.37,0.98,98.9,0.6976,False,False
1780822026.2540205,archive_hollywood_flood_rescue_1938_589df8,archive_hollywood_flood_rescue_1938_589df8.mp4,556,50.0,640,480,combined,detect_combined,Flooded,deeplabv3plus,False,False,0,tensorrt,tensorrt,tensorrt,24.69,24.69,39.92,40.51,8.59,13.1,21.689999999999998,1395.62,39.5,9.68,1395.62,39.5,10.75,45.55,52.37,0.98,98.9,0.7813,False,False
1780822026.3190713,archive_hollywood_flood_rescue_1938_589df8,archive_hollywood_flood_rescue_1938_589df8.mp4,557,50.0,640,480,combined,detect_combined,Flooded,deeplabv3plus,False,False,0,tensorrt,tensorrt,tensorrt,30.32,30.32,32.44,32.98,4.96,9.43,14.39,1395.61,30.6,9.68,1395.61,30.6,10.75,45.55,52.37,0.98,98.9,0.7073,False,False
1780822026.384275,archive_hollywood_flood_rescue_1938_589df8,archive_hollywood_flood_rescue_1938_589df8.mp4,558,50.0,640,480,combined,detect_combined,Flooded,deeplabv3plus,False,False,0,tensorrt,tensorrt,tensorrt,31.89,31.89,31.04,31.36,4.58,8.52,13.1,1395.61,46.2,9.68,1395.61,46.2,10.75,45.55,52.37,0.98,98.9,0.7261,False,False
1780822026.4420724,archive_hollywood_flood_rescue_1938_589df8,archive_hollywood_flood_rescue_1938_589df8.mp4,559,50.0,640,480,combined,detect_combined,Flooded,deeplabv3plus,False,False,0,tensorrt,tensorrt,tensorrt,31.8,31.8,31.11,31.45,4.53,10.2,14.73,1395.61,40.6,9.68,1395.61,40.6,10.75,45.55,52.37,0.98,98.9,0.7159,False,False
1780822026.513754,archive_hollywood_flood_rescue_1938_589df8,archive_hollywood_flood_rescue_1938_589df8.mp4,560,50.0,640,480,combined,detect_combined,Flooded,deeplabv3plus,False,False,0,tensorrt,tensorrt,tensorrt,27.05,27.05,36.58,36.97,4.77,15.76,20.53,1395.61,74.4,9.68,1395.61,74.4,10.75,45.55,52.37,0.98,98.9,0.697,False,False
1780822026.5786655,archive_hollywood_flood_rescue_1938_589df8,archive_hollywood_flood_rescue_1938_589df8.mp4,561,50.0,640,480,combined,detect_combined,Flooded,deeplabv3plus,False,False,0,tensorrt,tensorrt,tensorrt,28.42,28.42,34.86,35.18,4.57,11.41,15.98,1395.61,83.3,9.68,1395.61,83.3,10.75,45.55,52.37,0.98,98.9,0.7305,False,False
1780822026.6468163,archive_hollywood_flood_rescue_1938_589df8,archive_hollywood_flood_rescue_1938_589df8.mp4,562,50.0,640,480,combined,detect_combined,Flooded,deeplabv3plus,False,False,0,tensorrt,tensorrt,tensorrt,27.69,27.69,35.8,36.12,4.4,12.5,16.9,1395.61,80.0,9.68,1395.61,80.0,10.75,45.55,52.37,0.98,98.9,0.7118,False,False
1780822026.712161,archive_hollywood_flood_rescue_1938_589df8,archive_hollywood_flood_rescue_1938_589df8.mp4,563,50.0,640,480,combined,detect_combined,Flooded,deeplabv3plus,False,False,0,tensorrt,tensorrt,tensorrt,24.93,24.93,39.54,40.12,6.82,8.75,15.57,1395.61,51.5,9.68,1395.61,51.5,10.75,45.55,52.37,0.98,98.9,0.685,False,False
1780822026.7687943,archive_hollywood_flood_rescue_1938_589df8,archive_hollywood_flood_rescue_1938_589df8.mp4,564,50.0,640,480,combined,detect_combined,Flooded,deeplabv3plus,False,False,0,tensorrt,tensorrt,tensorrt,32.55,32.55,30.4,30.73,5.81,8.49,14.3,1395.61,52.9,10.6,1395.61,52.9,10.75,45.55,52.37,0.98,98.9,0.6755,False,False
1780822026.8303294,archive_hollywood_flood_rescue_1938_589df8,archive_hollywood_flood_rescue_1938_589df8.mp4,565,50.0,640,480,combined,detect_combined,Flooded,deeplabv3plus,False,False,0,tensorrt,tensorrt,tensorrt,35.17,35.17,28.0,28.44,5.49,11.81,17.3,1395.61,52.8,10.6,1395.61,52.8,10.75,45.55,52.37,0.98,98.9,0.7635,False,False
1780822026.8954377,archive_hollywood_flood_rescue_1938_589df8,archive_hollywood_flood_rescue_1938_589df8.mp4,566,50.0,640,480,combined,detect_combined,Flooded,deeplabv3plus,False,False,0,tensorrt,tensorrt,tensorrt,27.26,27.26,36.31,36.69,8.91,9.21,18.12,1395.61,45.0,10.6,1395.61,45.0,10.75,45.55,52.37,0.98,98.9,0.6863,False,False
1780822026.9610465,archive_hollywood_flood_rescue_1938_589df8,archive_hollywood_flood_rescue_1938_589df8.mp4,567,50.0,640,480,combined,detect_combined,Flooded,deeplabv3plus,False,False,0,tensorrt,tensorrt,tensorrt,29.31,29.31,33.77,34.12,5.15,10.06,15.21,1395.61,39.5,10.6,1395.61,39.5,10.75,45.55,52.37,0.98,98.9,0.7273,False,False
1780822027.0310407,archive_hollywood_flood_rescue_1938_589df8,archive_hollywood_flood_rescue_1938_589df8.mp4,568,50.0,640,480,combined,detect_combined,Flooded,deeplabv3plus,False,False,0,tensorrt,tensorrt,tensorrt,29.88,29.88,33.08,33.46,5.72,10.44,16.16,1395.61,43.9,10.6,1395.61,43.9,10.75,45.55,52.37,0.98,98.9,0.6454,False,False
1780822027.1104112,archive_hollywood_flood_rescue_1938_589df8,archive_hollywood_flood_rescue_1938_589df8.mp4,569,50.0,640,480,combined,detect_combined,Flooded,deeplabv3plus,False,False,0,tensorrt,tensorrt,tensorrt,25.34,25.34,39.05,39.46,5.92,10.97,16.89,1395.61,39.5,10.6,1395.61,39.5,10.75,45.55,52.37,0.98,98.9,0.7022,False,False
1780822027.1821673,archive_hollywood_flood_rescue_1938_589df8,archive_hollywood_flood_rescue_1938_589df8.mp4,570,50.0,640,480,combined,detect_combined,Flooded,deeplabv3plus,False,False,0,tensorrt,tensorrt,tensorrt,28.06,28.06,35.24,35.63,5.33,10.09,15.42,1395.61,42.2,10.6,1395.61,42.2,10.75,45.55,52.37,0.98,98.9,0.6535,False,False
1780822027.2700782,archive_hollywood_flood_rescue_1938_589df8,archive_hollywood_flood_rescue_1938_589df8.mp4,571,50.0,640,480,combined,detect_combined,Flooded,deeplabv3plus,False,False,0,tensorrt,tensorrt,tensorrt,25.0,25.0,39.59,40.01,6.02,15.02,21.04,1395.61,37.3,10.6,1395.61,37.3,10.75,45.55,52.37,0.98,98.9,0.6717,False,False
1780822027.372959,archive_hollywood_flood_rescue_1938_589df8,archive_hollywood_flood_rescue_1938_589df8.mp4,572,50.0,640,480,combined,detect_combined,Flooded,deeplabv3plus,False,False,0,tensorrt,tensorrt,tensorrt,19.81,19.81,50.07,50.48,6.45,18.17,24.62,1395.61,37.1,8.92,1395.61,37.1,10.75,45.55,52.37,0.98,98.9,0.7393,False,False
1780822027.4757748,archive_hollywood_flood_rescue_1938_589df8,archive_hollywood_flood_rescue_1938_589df8.mp4,573,50.0,640,480,combined,detect_combined,Flooded,deeplabv3plus,False,False,0,tensorrt,tensorrt,tensorrt,20.29,20.29,48.85,49.28,8.73,22.72,31.45,1395.61,28.8,8.92,1395.61,28.8,10.75,45.55,52.37,0.98,98.9,0.7281,False,False
1780822027.5779426,archive_hollywood_flood_rescue_1938_589df8,archive_hollywood_flood_rescue_1938_589df8.mp4,574,50.0,640,480,combined,detect_combined,Flooded,deeplabv3plus,False,False,0,tensorrt,tensorrt,tensorrt,20.91,20.91,47.39,47.82,6.76,22.1,28.86,1395.61,29.3,8.92,1395.61,29.3,10.75,45.55,52.37,0.98,98.9,0.6867,False,False
1780822027.6783743,archive_hollywood_flood_rescue_1938_589df8,archive_hollywood_flood_rescue_1938_589df8.mp4,575,50.0,640,480,combined,detect_combined,Flooded,deeplabv3plus,False,False,0,tensorrt,tensorrt,tensorrt,21.06,21.06,47.08,47.49,6.82,21.09,27.91,1395.61,34.4,8.92,1395.61,34.4,10.75,45.55,52.37,0.98,98.9,0.6657,False,False
1780822027.7805552,archive_hollywood_flood_rescue_1938_589df8,archive_hollywood_flood_rescue_1938_589df8.mp4,576,50.0,640,480,combined,detect_combined,Flooded,deeplabv3plus,False,False,0,tensorrt,tensorrt,tensorrt,19.16,19.16,51.78,52.2,6.19,22.95,29.14,1395.61,35.5,8.92,1395.61,35.5,10.75,45.55,52.37,0.98,98.9,0.6699,False,False
1780822027.8748937,archive_hollywood_flood_rescue_1938_589df8,archive_hollywood_flood_rescue_1938_589df8.mp4,577,50.0,640,480,combined,detect_combined,Flooded,deeplabv3plus,False,False,0,tensorrt,tensorrt,tensorrt,23.26,23.26,42.57,42.99,7.41,17.67,25.080000000000002,1395.61,46.6,8.92,1395.61,46.6,10.75,45.55,52.37,0.98,98.9,0.6857,False,False
1780822027.9450977,archive_hollywood_flood_rescue_1938_589df8,archive_hollywood_flood_rescue_1938_589df8.mp4,578,50.0,640,480,combined,detect_combined,Flooded,deeplabv3plus,False,False,0,tensorrt,tensorrt,tensorrt,25.69,25.69,38.53,38.92,6.73,9.82,16.55,1395.61,59.0,8.61,1395.61,59.0,10.75,45.55,52.37,0.98,98.9,0.6807,False,False
1780822028.021375,archive_hollywood_flood_rescue_1938_589df8,archive_hollywood_flood_rescue_1938_589df8.mp4,579,50.0,640,480,combined,detect_combined,Flooded,deeplabv3plus,False,False,0,tensorrt,tensorrt,tensorrt,27.15,27.15,36.49,36.83,4.42,11.75,16.17,1395.61,59.5,8.61,1395.61,59.5,10.75,45.55,52.37,0.98,98.9,0.7271,False,False
1780822028.0936635,archive_hollywood_flood_rescue_1938_589df8,archive_hollywood_flood_rescue_1938_589df8.mp4,580,50.0,640,480,combined,detect_combined,Flooded,deeplabv3plus,False,False,0,tensorrt,tensorrt,tensorrt,25.02,25.02,39.62,39.97,6.04,12.31,18.35,1395.61,57.5,8.61,1395.61,57.5,10.75,45.55,52.37,0.98,98.9,0.7025,False,False
1780822028.169725,archive_hollywood_flood_rescue_1938_589df8,archive_hollywood_flood_rescue_1938_589df8.mp4,581,50.0,640,480,combined,detect_combined,Flooded,deeplabv3plus,False,False,0,tensorrt,tensorrt,tensorrt,27.29,27.29,36.31,36.64,4.85,16.97,21.82,1395.61,54.8,8.61,1395.61,54.8,10.75,45.55,52.37,0.98,98.9,0.7645,False,False
1780822028.2394595,archive_hollywood_flood_rescue_1938_589df8,archive_hollywood_flood_rescue_1938_589df8.mp4,582,50.0,640,480,combined,detect_combined,Flooded,deeplabv3plus,False,False,0,tensorrt,tensorrt,tensorrt,25.8,25.8,38.31,38.76,7.11,11.56,18.67,1395.6,43.6,8.61,1395.6,43.6,10.75,45.55,52.37,0.98,98.9,0.7486,False,False
1780822028.3130772,archive_hollywood_flood_rescue_1938_589df8,archive_hollywood_flood_rescue_1938_589df8.mp4,583,50.0,640,480,combined,detect_combined,Flooded,deeplabv3plus,False,False,0,tensorrt,tensorrt,tensorrt,25.05,25.05,39.48,39.93,6.86,9.62,16.48,1395.6,48.8,8.61,1395.6,48.8,10.75,45.55,52.37,0.98,98.9,0.7786,False,False
1780822028.3900294,archive_hollywood_flood_rescue_1938_589df8,archive_hollywood_flood_rescue_1938_589df8.mp4,584,50.0,640,480,combined,detect_combined,Flooded,deeplabv3plus,False,False,0,tensorrt,tensorrt,tensorrt,23.6,23.6,41.99,42.37,5.19,14.79,19.98,1395.6,40.9,8.61,1395.6,40.9,10.75,45.55,52.37,0.98,98.9,0.7453,False,False
1780822028.4746912,archive_hollywood_flood_rescue_1938_589df8,archive_hollywood_flood_rescue_1938_589df8.mp4,585,50.0,640,480,combined,detect_combined,Flooded,deeplabv3plus,False,False,0,tensorrt,tensorrt,tensorrt,22.78,22.78,43.55,43.89,4.86,15.62,20.48,1395.6,38.8,8.61,1395.6,38.8,10.75,45.55,52.37,0.98,98.9,0.7802,False,False
1780822028.5505452,archive_hollywood_flood_rescue_1938_589df8,archive_hollywood_flood_rescue_1938_589df8.mp4,586,50.0,640,480,combined,detect_combined,Flooded,deeplabv3plus,False,False,0,tensorrt,tensorrt,tensorrt,29.81,29.81,33.16,33.55,5.33,13.66,18.990000000000002,1395.6,32.5,9.37,1395.6,32.5,10.75,45.55,52.37,0.98,98.9,0.7626,False,False
1780822028.627593,archive_hollywood_flood_rescue_1938_589df8,archive_hollywood_flood_rescue_1938_589df8.mp4,587,50.0,640,480,combined,detect_combined,Flooded,deeplabv3plus,False,False,0,tensorrt,tensorrt,tensorrt,27.17,27.17,36.45,36.81,5.01,13.09,18.1,1395.6,37.0,9.37,1395.6,37.0,10.75,45.55,52.37,0.98,98.9,0.7441,False,False
1780822028.706998,archive_hollywood_flood_rescue_1938_589df8,archive_hollywood_flood_rescue_1938_589df8.mp4,588,50.0,640,480,combined,detect_combined,Flooded,deeplabv3plus,False,False,0,tensorrt,tensorrt,tensorrt,23.96,23.96,41.34,41.73,5.22,15.6,20.82,1395.6,39.1,9.37,1395.6,39.1,10.75,45.55,52.37,0.98,98.9,0.7132,False,False
1780822028.803773,archive_hollywood_flood_rescue_1938_589df8,archive_hollywood_flood_rescue_1938_589df8.mp4,589,50.0,640,480,combined,detect_combined,Flooded,deeplabv3plus,False,False,0,tensorrt,tensorrt,tensorrt,19.42,19.42,51.03,51.49,10.92,19.51,30.43,1395.6,35.7,9.37,1395.6,35.7,10.75,45.55,52.37,0.98,98.9,0.6877,False,False
1780822028.904029,archive_hollywood_flood_rescue_1938_589df8,archive_hollywood_flood_rescue_1938_589df8.mp4,590,50.0,640,480,combined,detect_combined,Flooded,deeplabv3plus,False,False,0,tensorrt,tensorrt,tensorrt,19.2,19.2,51.64,52.08,7.02,22.53,29.55,1395.6,44.3,9.37,1395.6,44.3,10.75,45.55,52.37,0.98,98.9,0.6952,False,False
1780822028.9785705,archive_hollywood_flood_rescue_1938_589df8,archive_hollywood_flood_rescue_1938_589df8.mp4,591,50.0,640,480,combined,detect_combined,Flooded,deeplabv3plus,False,False,0,tensorrt,tensorrt,tensorrt,24.48,24.48,40.48,40.84,6.12,13.47,19.59,1395.6,41.5,9.37,1395.6,41.5,10.75,45.55,52.37,0.98,98.9,0.7096,False,False
1780822029.0546112,archive_hollywood_flood_rescue_1938_589df8,archive_hollywood_flood_rescue_1938_589df8.mp4,592,50.0,640,480,combined,detect_combined,Flooded,deeplabv3plus,False,False,0,tensorrt,tensorrt,tensorrt,23.39,23.39,42.38,42.76,5.86,12.08,17.94,1395.6,40.5,9.37,1395.6,40.5,10.75,45.55,52.37,0.98,98.9,0.7506,False,False
1780822029.1473837,archive_hollywood_flood_rescue_1938_589df8,archive_hollywood_flood_rescue_1938_589df8.mp4,593,50.0,640,480,combined,detect_combined,Flooded,deeplabv3plus,False,False,0,tensorrt,tensorrt,tensorrt,18.35,18.35,54.04,54.5,7.24,24.11,31.35,1395.6,30.2,9.07,1395.6,30.2,10.75,45.55,52.37,0.98,98.9,0.7412,False,False
1780822029.2288814,archive_hollywood_flood_rescue_1938_589df8,archive_hollywood_flood_rescue_1938_589df8.mp4,594,50.0,640,480,combined,detect_combined,Flooded,deeplabv3plus,False,False,0,tensorrt,tensorrt,tensorrt,26.5,26.5,37.26,37.73,5.96,13.34,19.3,1395.6,59.1,9.07,1395.6,59.1,10.75,45.55,52.37,0.98,98.9,0.7103,False,False
1780822029.2993007,archive_hollywood_flood_rescue_1938_589df8,archive_hollywood_flood_rescue_1938_589df8.mp4,595,50.0,640,480,combined,detect_combined,Flooded,deeplabv3plus,False,False,0,tensorrt,tensorrt,tensorrt,24.71,24.71,40.05,40.47,5.1,11.56,16.66,1395.6,76.2,9.07,1395.6,76.2,10.75,45.55,52.37,0.98,98.9,0.7078,False,False
1780822029.3825529,archive_hollywood_flood_rescue_1938_589df8,archive_hollywood_flood_rescue_1938_589df8.mp4,596,50.0,640,480,combined,detect_combined,Flooded,deeplabv3plus,False,False,0,tensorrt,tensorrt,tensorrt,28.53,28.53,34.71,35.05,4.08,7.95,12.030000000000001,1395.6,75.0,9.07,1395.6,75.0,10.75,45.55,52.37,0.98,98.9,0.7243,False,False
1780822029.465782,archive_hollywood_flood_rescue_1938_589df8,archive_hollywood_flood_rescue_1938_589df8.mp4,597,50.0,640,480,combined,detect_combined,Flooded,deeplabv3plus,False,False,0,tensorrt,tensorrt,tensorrt,25.36,25.36,38.77,39.43,8.24,14.19,22.43,1395.59,77.6,9.07,1395.59,77.6,10.75,45.55,52.37,0.98,98.9,0.7057,False,False
1780822029.5241966,archive_hollywood_flood_rescue_1938_589df8,archive_hollywood_flood_rescue_1938_589df8.mp4,598,50.0,640,480,combined,detect_combined,Flooded,deeplabv3plus,False,False,0,tensorrt,tensorrt,tensorrt,38.99,38.99,25.31,25.65,4.44,7.73,12.170000000000002,1395.59,67.6,9.07,1395.59,67.6,10.75,45.55,52.37,0.98,98.9,0.7668,False,False
1780822029.5941842,archive_hollywood_flood_rescue_1938_589df8,archive_hollywood_flood_rescue_1938_589df8.mp4,599,50.0,640,480,combined,detect_combined,Flooded,deeplabv3plus,False,False,0,tensorrt,tensorrt,tensorrt,28.59,28.59,34.66,34.98,4.55,11.17,15.719999999999999,1395.59,64.3,9.07,1395.59,64.3,10.75,45.55,52.37,0.98,98.9,0.7054,False,False
1780822029.6483066,archive_hollywood_flood_rescue_1938_589df8,archive_hollywood_flood_rescue_1938_589df8.mp4,600,50.0,640,480,combined,detect_combined,Flooded,deeplabv3plus,False,False,0,tensorrt,tensorrt,tensorrt,36.2,36.2,27.26,27.63,4.05,8.09,12.14,1395.59,61.3,9.07,1395.59,61.3,10.75,45.55,52.37,0.98,98.9,0.7255,False,False
1780822029.701307,archive_hollywood_flood_rescue_1938_589df8,archive_hollywood_flood_rescue_1938_589df8.mp4,601,50.0,640,480,combined,detect_combined,Flooded,deeplabv3plus,False,False,0,tensorrt,tensorrt,tensorrt,44.64,44.64,22.09,22.4,4.09,9.87,13.959999999999999,1395.59,37.9,11.05,1395.59,37.9,11.05,45.55,52.37,0.98,98.9,0.7614,False,False
1780822029.7566576,archive_hollywood_flood_rescue_1938_589df8,archive_hollywood_flood_rescue_1938_589df8.mp4,602,50.0,640,480,combined,detect_combined,Flooded,deeplabv3plus,False,False,0,tensorrt,tensorrt,tensorrt,38.28,38.28,25.82,26.12,4.07,7.51,11.58,1395.59,40.6,11.05,1395.59,40.6,11.05,45.55,52.37,0.98,98.9,0.7957,False,False
1780822029.8076289,archive_hollywood_flood_rescue_1938_589df8,archive_hollywood_flood_rescue_1938_589df8.mp4,603,50.0,640,480,combined,detect_combined,Flooded,deeplabv3plus,False,False,0,tensorrt,tensorrt,tensorrt,42.49,42.49,23.23,23.54,5.98,8.49,14.47,1395.59,48.5,11.05,1395.59,48.5,11.05,45.55,52.37,0.98,98.9,0.8014,False,False
1780822029.8761964,archive_hollywood_flood_rescue_1938_589df8,archive_hollywood_flood_rescue_1938_589df8.mp4,604,50.0,640,480,combined,detect_combined,Flooded,deeplabv3plus,False,False,0,tensorrt,tensorrt,tensorrt,30.15,30.15,32.82,33.17,4.75,11.86,16.61,1395.59,34.1,11.05,1395.59,34.1,11.05,45.55,52.37,0.98,98.9,0.7823,False,False
1780822029.9472694,archive_hollywood_flood_rescue_1938_589df8,archive_hollywood_flood_rescue_1938_589df8.mp4,605,50.0,640,480,combined,detect_combined,Flooded,deeplabv3plus,False,False,0,tensorrt,tensorrt,tensorrt,31.88,31.88,30.99,31.36,6.81,12.83,19.64,1395.59,38.1,11.05,1395.59,38.1,11.05,45.55,52.37,0.98,98.9,0.7196,False,False
1780822030.0280879,archive_hollywood_flood_rescue_1938_589df8,archive_hollywood_flood_rescue_1938_589df8.mp4,606,50.0,640,480,combined,detect_combined,Flooded,deeplabv3plus,False,False,0,tensorrt,tensorrt,tensorrt,27.34,27.34,36.18,36.57,5.6,14.02,19.619999999999997,1395.59,39.1,11.05,1395.59,39.1,11.05,45.55,52.37,0.98,98.9,0.727,False,False
1780822030.0945787,archive_hollywood_flood_rescue_1938_589df8,archive_hollywood_flood_rescue_1938_589df8.mp4,607,50.0,640,480,combined,detect_combined,Flooded,deeplabv3plus,False,False,0,tensorrt,tensorrt,tensorrt,33.23,33.23,29.77,30.09,4.42,8.71,13.13,1395.59,38.5,11.05,1395.59,38.5,11.05,45.55,52.37,0.98,98.9,0.7071,False,False
1780822030.1614606,archive_hollywood_flood_rescue_1938_589df8,archive_hollywood_flood_rescue_1938_589df8.mp4,608,50.0,640,480,combined,detect_combined,Flooded,deeplabv3plus,False,False,0,tensorrt,tensorrt,tensorrt,28.09,28.09,35.23,35.6,5.13,11.85,16.98,1395.59,41.0,11.05,1395.59,41.0,11.05,45.55,52.37,0.98,98.9,0.6676,False,False
1780822030.226707,archive_hollywood_flood_rescue_1938_589df8,archive_hollywood_flood_rescue_1938_589df8.mp4,609,50.0,640,480,combined,detect_combined,Flooded,deeplabv3plus,False,False,0,tensorrt,tensorrt,tensorrt,34.06,34.06,29.01,29.36,4.94,10.54,15.48,1395.59,33.3,11.05,1395.59,33.3,11.05,45.55,52.37,0.98,98.9,0.7099,False,False
1780822030.2971795,archive_hollywood_flood_rescue_1938_589df8,archive_hollywood_flood_rescue_1938_589df8.mp4,610,50.0,640,480,combined,detect_combined,Flooded,deeplabv3plus,False,False,0,tensorrt,tensorrt,tensorrt,28.27,28.27,34.17,35.38,5.37,10.8,16.17,1395.59,40.5,9.37,1395.59,40.5,11.05,45.55,52.37,0.98,98.9,0.8254,False,False
1780822030.3816245,archive_hollywood_flood_rescue_1938_589df8,archive_hollywood_flood_rescue_1938_589df8.mp4,611,50.0,640,480,combined,detect_combined,Flooded,deeplabv3plus,False,False,0,tensorrt,tensorrt,tensorrt,23.91,23.91,41.37,41.82,9.27,16.25,25.52,1395.59,48.0,9.37,1395.59,48.0,11.05,45.55,52.37,0.98,98.9,0.7818,False,False
1780822030.4746473,archive_hollywood_flood_rescue_1938_589df8,archive_hollywood_flood_rescue_1938_589df8.mp4,612,50.0,640,480,combined,detect_combined,Flooded,deeplabv3plus,False,False,0,tensorrt,tensorrt,tensorrt,23.45,23.45,42.19,42.65,9.24,14.77,24.009999999999998,1395.59,40.0,9.37,1395.59,40.0,11.05,45.55,52.37,0.98,98.9,0.7581,False,False
1780822030.5459435,archive_hollywood_flood_rescue_1938_589df8,archive_hollywood_flood_rescue_1938_589df8.mp4,613,50.0,640,480,combined,detect_combined,Flooded,deeplabv3plus,False,False,0,tensorrt,tensorrt,tensorrt,31.51,31.51,31.36,31.73,7.11,12.08,19.19,1395.58,42.9,9.37,1395.58,42.9,11.05,45.55,52.37,0.98,98.9,0.7855,False,False
1780822030.6148908,archive_hollywood_flood_rescue_1938_589df8,archive_hollywood_flood_rescue_1938_589df8.mp4,614,50.0,640,480,combined,detect_combined,Flooded,deeplabv3plus,False,False,0,tensorrt,tensorrt,tensorrt,27.15,27.15,36.41,36.83,5.12,9.83,14.95,1395.58,50.0,9.37,1395.58,50.0,11.05,45.55,52.37,0.98,98.9,0.809,False,False
1780822030.6827955,archive_hollywood_flood_rescue_1938_589df8,archive_hollywood_flood_rescue_1938_589df8.mp4,615,50.0,640,480,combined,detect_combined,Flooded,deeplabv3plus,False,False,0,tensorrt,tensorrt,tensorrt,29.89,29.89,33.1,33.46,4.84,9.69,14.53,1395.58,50.0,9.37,1395.58,50.0,11.05,45.55,52.37,0.98,98.9,0.7841,False,False
1780822030.745827,archive_hollywood_flood_rescue_1938_589df8,archive_hollywood_flood_rescue_1938_589df8.mp4,616,50.0,640,480,combined,detect_combined,Flooded,deeplabv3plus,False,False,0,tensorrt,tensorrt,tensorrt,28.21,28.21,35.13,35.45,4.92,9.83,14.75,1395.58,51.3,9.37,1395.58,51.3,11.05,45.55,52.37,0.98,98.9,0.7747,False,False
1780822030.804429,archive_hollywood_flood_rescue_1938_589df8,archive_hollywood_flood_rescue_1938_589df8.mp4,617,50.0,640,480,combined,detect_combined,Flooded,deeplabv3plus,False,False,0,tensorrt,tensorrt,tensorrt,34.14,34.14,28.93,29.29,4.8,10.09,14.89,1395.58,57.1,9.37,1395.58,57.1,11.05,45.55,52.37,0.98,98.9,0.7703,False,False
1780822030.8748746,archive_hollywood_flood_rescue_1938_589df8,archive_hollywood_flood_rescue_1938_589df8.mp4,618,50.0,640,480,combined,detect_combined,Flooded,deeplabv3plus,False,False,0,tensorrt,tensorrt,tensorrt,28.23,28.23,34.88,35.43,4.93,11.71,16.64,1395.58,52.5,9.37,1395.58,52.5,11.05,45.55,52.37,0.98,98.9,0.7064,False,False
1780822030.9507058,archive_hollywood_flood_rescue_1938_589df8,archive_hollywood_flood_rescue_1938_589df8.mp4,619,50.0,640,480,combined,detect_combined,Flooded,deeplabv3plus,False,False,0,tensorrt,tensorrt,tensorrt,25.12,25.12,39.45,39.81,4.88,14.6,19.48,1395.58,53.2,9.37,1395.58,53.2,11.05,45.55,52.37,0.98,98.9,0.6908,False,False
1780822031.0189588,archive_hollywood_flood_rescue_1938_589df8,archive_hollywood_flood_rescue_1938_589df8.mp4,620,50.0,640,480,combined,detect_combined,Flooded,deeplabv3plus,False,False,0,tensorrt,tensorrt,tensorrt,29.04,29.04,34.14,34.44,4.33,10.29,14.62,1395.58,35.9,9.37,1395.58,35.9,11.05,45.55,52.37,0.98,98.9,0.6674,False,False
1780822031.0915906,archive_hollywood_flood_rescue_1938_589df8,archive_hollywood_flood_rescue_1938_589df8.mp4,621,50.0,640,480,combined,detect_combined,Flooded,deeplabv3plus,False,False,0,tensorrt,tensorrt,tensorrt,26.23,26.23,37.8,38.13,5.82,15.11,20.93,1395.58,38.6,9.37,1395.58,38.6,11.05,45.55,52.37,0.98,98.9,0.6928,False,False
