timestamp,video_id,video_name,frame_idx,sim_altitude_m,input_width,input_height,mode,active_tool,classification_label,primary_model,model_switch_occurred,segmentation_skipped,human_count,clf_backend,seg_backend,human_backend,fps,instant_fps,total_inference_ms,total_latency_ms,classification_ms,segmentation_ms,model_switch_latency_ms,memory_mb,cpu_percent,power_w,peak_memory_mb,peak_cpu_percent,peak_power_w,clf_load_ms,seg_load_ms,human_load_ms,model_load_total_ms,flood_ratio,warmup,session_first_frame
1780820358.378654,kherson_drone_rescue,kherson_drone_rescue.mp4,0,50.0,640,480,combined,detect_combined,Flooded,deeplabv3plus,True,False,0,tensorrt,tensorrt,tensorrt,1.73,1.73,574.15,577.39,23.6,69.52,93.12,1152.54,28.0,0.0,1152.54,28.0,0.0,118.43,51.8,3.32,173.56,0.3993,False,True
1780820358.4339712,kherson_drone_rescue,kherson_drone_rescue.mp4,1,50.0,640,480,combined,detect_combined,Flooded,deeplabv3plus,False,False,0,tensorrt,tensorrt,tensorrt,33.66,33.66,29.43,29.71,6.53,11.34,17.87,1161.4,36.4,0.0,1161.4,36.4,0.0,118.43,51.8,3.32,173.56,0.3989,False,False
1780820358.4800758,kherson_drone_rescue,kherson_drone_rescue.mp4,2,50.0,640,480,combined,detect_combined,Flooded,deeplabv3plus,False,False,0,tensorrt,tensorrt,tensorrt,35.09,35.09,28.2,28.5,5.59,10.89,16.48,1162.68,30.8,0.0,1162.68,30.8,0.0,118.43,51.8,3.32,173.56,0.3993,False,False
1780820358.5248518,kherson_drone_rescue,kherson_drone_rescue.mp4,3,50.0,640,480,combined,detect_combined,Flooded,deeplabv3plus,False,False,0,tensorrt,tensorrt,tensorrt,35.34,35.34,28.02,28.29,5.44,10.66,16.1,1163.05,34.6,0.0,1163.05,34.6,0.0,118.43,51.8,3.32,173.56,0.3978,False,False
1780820358.567348,kherson_drone_rescue,kherson_drone_rescue.mp4,4,50.0,640,480,combined,detect_combined,Flooded,deeplabv3plus,False,False,0,tensorrt,tensorrt,tensorrt,38.42,38.42,25.77,26.03,5.41,10.43,15.84,1163.55,34.6,0.0,1163.55,34.6,0.0,118.43,51.8,3.32,173.56,0.3988,False,False
1780820358.6096666,kherson_drone_rescue,kherson_drone_rescue.mp4,5,50.0,640,480,combined,detect_combined,Flooded,deeplabv3plus,False,False,0,tensorrt,tensorrt,tensorrt,38.12,38.12,25.97,26.24,5.48,10.54,16.02,1163.54,29.2,0.0,1163.54,29.2,0.0,118.43,51.8,3.32,173.56,0.3982,False,False
1780820358.6527195,kherson_drone_rescue,kherson_drone_rescue.mp4,6,50.0,640,480,combined,detect_combined,Flooded,deeplabv3plus,False,False,0,tensorrt,tensorrt,tensorrt,37.91,37.91,26.11,26.38,5.68,10.38,16.060000000000002,1164.55,16.0,0.0,1164.55,16.0,0.0,118.43,51.8,3.32,173.56,0.3982,False,False
1780820358.6953135,kherson_drone_rescue,kherson_drone_rescue.mp4,7,50.0,640,480,combined,detect_combined,Flooded,deeplabv3plus,False,False,0,tensorrt,tensorrt,tensorrt,37.88,37.88,26.14,26.4,5.47,10.62,16.09,1164.54,22.2,0.0,1164.54,22.2,0.0,118.43,51.8,3.32,173.56,0.3982,False,False
1780820358.7387881,kherson_drone_rescue,kherson_drone_rescue.mp4,8,50.0,640,480,combined,detect_combined,Flooded,deeplabv3plus,False,False,0,tensorrt,tensorrt,tensorrt,37.36,37.36,26.49,26.76,5.53,10.72,16.25,1164.53,38.5,0.0,1164.53,38.5,0.0,118.43,51.8,3.32,173.56,0.3982,False,False
1780820358.781949,kherson_drone_rescue,kherson_drone_rescue.mp4,9,50.0,640,480,combined,detect_combined,Flooded,deeplabv3plus,False,False,0,tensorrt,tensorrt,tensorrt,38.12,38.12,25.96,26.23,5.56,10.38,15.940000000000001,1165.55,38.5,0.0,1165.55,38.5,0.0,118.43,51.8,3.32,173.56,0.3982,False,False
1780820358.8241487,kherson_drone_rescue,kherson_drone_rescue.mp4,10,50.0,640,480,combined,detect_combined,Flooded,deeplabv3plus,False,False,0,tensorrt,tensorrt,tensorrt,37.82,37.82,26.16,26.44,5.55,10.48,16.03,1165.54,37.5,0.0,1165.54,37.5,0.0,118.43,51.8,3.32,173.56,0.3982,False,False
1780820358.866674,kherson_drone_rescue,kherson_drone_rescue.mp4,11,50.0,640,480,combined,detect_combined,Flooded,deeplabv3plus,False,False,0,tensorrt,tensorrt,tensorrt,37.55,37.55,26.36,26.63,5.6,10.7,16.299999999999997,1165.52,41.7,0.0,1165.52,41.7,0.0,118.43,51.8,3.32,173.56,0.3982,False,False
1780820358.9090557,kherson_drone_rescue,kherson_drone_rescue.mp4,12,50.0,640,480,combined,detect_combined,Flooded,deeplabv3plus,False,False,0,tensorrt,tensorrt,tensorrt,37.85,37.85,26.12,26.42,5.53,10.6,16.13,1165.51,48.1,0.0,1165.51,48.1,0.0,118.43,51.8,3.32,173.56,0.3981,False,False
1780820358.9577534,kherson_drone_rescue,kherson_drone_rescue.mp4,13,50.0,640,480,combined,detect_combined,Flooded,deeplabv3plus,False,False,0,tensorrt,tensorrt,tensorrt,36.21,36.21,27.34,27.62,5.55,11.54,17.09,1165.5,34.6,0.0,1165.5,34.6,0.0,118.43,51.8,3.32,173.56,0.3981,False,False
1780820358.999514,kherson_drone_rescue,kherson_drone_rescue.mp4,14,50.0,640,480,combined,detect_combined,Flooded,deeplabv3plus,False,False,0,tensorrt,tensorrt,tensorrt,37.82,37.82,26.17,26.44,5.46,10.52,15.98,1165.48,39.1,0.0,1165.48,39.1,0.0,118.43,51.8,3.32,173.56,0.4047,False,False
1780820359.0419009,kherson_drone_rescue,kherson_drone_rescue.mp4,15,50.0,640,480,combined,detect_combined,Flooded,deeplabv3plus,False,False,0,tensorrt,tensorrt,tensorrt,37.67,37.67,26.27,26.55,5.53,10.42,15.95,1165.47,33.3,0.0,1165.47,33.3,0.0,118.43,51.8,3.32,173.56,0.3994,False,False
1780820359.0843513,kherson_drone_rescue,kherson_drone_rescue.mp4,16,50.0,640,480,combined,detect_combined,Flooded,deeplabv3plus,False,False,0,tensorrt,tensorrt,tensorrt,37.98,37.98,26.02,26.33,5.4,10.39,15.790000000000001,1165.46,30.4,0.0,1165.46,30.4,0.0,118.43,51.8,3.32,173.56,0.396,False,False
1780820359.1275053,kherson_drone_rescue,kherson_drone_rescue.mp4,17,50.0,640,480,combined,detect_combined,Flooded,deeplabv3plus,False,False,0,tensorrt,tensorrt,tensorrt,37.52,37.52,26.38,26.65,5.53,10.64,16.17,1165.45,37.0,0.0,1165.45,37.0,0.0,118.43,51.8,3.32,173.56,0.5004,False,False
1780820359.2040715,kherson_drone_rescue,kherson_drone_rescue.mp4,18,50.0,640,480,combined,detect_combined,Flooded,deeplabv3plus,False,False,0,tensorrt,tensorrt,tensorrt,17.42,17.42,57.13,57.42,5.86,10.62,16.48,1191.73,38.3,0.0,1191.73,38.3,0.0,118.43,51.8,3.32,173.56,0.6375,False,False
1780820359.2489405,kherson_drone_rescue,kherson_drone_rescue.mp4,19,50.0,640,480,combined,detect_combined,Flooded,deeplabv3plus,False,False,0,tensorrt,tensorrt,tensorrt,37.61,37.61,26.32,26.59,5.57,10.65,16.22,1195.33,30.8,0.0,1195.33,30.8,0.0,118.43,51.8,3.32,173.56,0.4263,False,False
1780820359.2926507,kherson_drone_rescue,kherson_drone_rescue.mp4,20,50.0,640,480,combined,detect_combined,Flooded,deeplabv3plus,False,False,0,tensorrt,tensorrt,tensorrt,38.33,38.33,25.83,26.09,5.51,10.37,15.879999999999999,1195.57,34.6,0.0,1195.57,34.6,0.0,118.43,51.8,3.32,173.56,0.7523,False,False
1780820359.33598,kherson_drone_rescue,kherson_drone_rescue.mp4,21,50.0,640,480,combined,detect_combined,Flooded,deeplabv3plus,False,False,0,tensorrt,tensorrt,tensorrt,38.55,38.55,25.69,25.94,5.45,10.41,15.86,1195.55,16.7,0.0,1195.55,16.7,0.0,118.43,51.8,3.32,173.56,0.7077,False,False
1780820359.3785264,kherson_drone_rescue,kherson_drone_rescue.mp4,22,50.0,640,480,combined,detect_combined,Flooded,deeplabv3plus,False,False,0,tensorrt,tensorrt,tensorrt,38.97,38.97,25.41,25.66,5.41,10.22,15.63,1195.8,20.0,0.0,1195.8,20.0,0.0,118.43,51.8,3.32,173.56,0.6877,False,False
1780820359.4221354,kherson_drone_rescue,kherson_drone_rescue.mp4,23,50.0,640,480,combined,detect_combined,Flooded,deeplabv3plus,False,False,0,tensorrt,tensorrt,tensorrt,38.87,38.87,25.4,25.73,5.43,10.19,15.62,1195.79,26.9,0.0,1195.79,26.9,0.0,118.43,51.8,3.32,173.56,0.5913,False,False
1780820359.465149,kherson_drone_rescue,kherson_drone_rescue.mp4,24,50.0,640,480,combined,detect_combined,Flooded,deeplabv3plus,False,False,0,tensorrt,tensorrt,tensorrt,38.97,38.97,25.42,25.66,5.46,10.19,15.649999999999999,1195.78,20.0,0.0,1195.78,20.0,0.0,118.43,51.8,3.32,173.56,0.3771,False,False
1780820359.51244,kherson_drone_rescue,kherson_drone_rescue.mp4,25,50.0,640,480,combined,detect_combined,Flooded,deeplabv3plus,False,False,0,tensorrt,tensorrt,tensorrt,35.16,35.16,28.18,28.44,7.97,10.29,18.259999999999998,1195.76,18.5,0.0,1195.76,18.5,0.0,118.43,51.8,3.32,173.56,0.4017,False,False
1780820359.557345,kherson_drone_rescue,kherson_drone_rescue.mp4,26,50.0,640,480,combined,detect_combined,Flooded,deeplabv3plus,False,False,0,tensorrt,tensorrt,tensorrt,38.27,38.27,25.88,26.13,5.5,10.43,15.93,1196.0,22.2,0.0,1196.0,22.2,0.0,118.43,51.8,3.32,173.56,0.4176,False,False
1780820359.6013541,kherson_drone_rescue,kherson_drone_rescue.mp4,27,50.0,640,480,combined,detect_combined,Flooded,deeplabv3plus,False,False,0,tensorrt,tensorrt,tensorrt,38.22,38.22,25.91,26.17,5.49,10.51,16.0,1195.98,16.0,0.0,1195.98,16.0,0.0,118.43,51.8,3.32,173.56,0.3965,False,False
1780820359.6456974,kherson_drone_rescue,kherson_drone_rescue.mp4,28,50.0,640,480,combined,detect_combined,Flooded,deeplabv3plus,False,False,0,tensorrt,tensorrt,tensorrt,37.86,37.86,26.17,26.41,5.47,10.49,15.96,1195.97,27.6,0.0,1195.97,27.6,0.0,118.43,51.8,3.32,173.56,0.3379,False,False
1780820359.6906624,kherson_drone_rescue,kherson_drone_rescue.mp4,29,50.0,640,480,combined,detect_combined,Flooded,deeplabv3plus,False,False,0,tensorrt,tensorrt,tensorrt,37.4,37.4,26.47,26.74,5.49,10.35,15.84,1195.96,16.0,0.0,1195.96,16.0,0.0,118.43,51.8,3.32,173.56,0.3648,False,False
1780820359.7349527,kherson_drone_rescue,kherson_drone_rescue.mp4,30,50.0,640,480,combined,detect_combined,Flooded,deeplabv3plus,False,False,0,tensorrt,tensorrt,tensorrt,38.63,38.63,25.63,25.89,5.39,10.42,15.809999999999999,1196.2,21.4,0.0,1196.2,21.4,0.0,118.43,51.8,3.32,173.56,0.3832,False,False
1780820359.7787158,kherson_drone_rescue,kherson_drone_rescue.mp4,31,50.0,640,480,combined,detect_combined,Flooded,deeplabv3plus,False,False,0,tensorrt,tensorrt,tensorrt,38.34,38.34,25.81,26.09,5.44,10.32,15.760000000000002,1196.19,15.4,0.0,1196.19,15.4,0.0,118.43,51.8,3.32,173.56,0.3859,False,False
1780820359.824292,kherson_drone_rescue,kherson_drone_rescue.mp4,32,50.0,640,480,combined,detect_combined,Flooded,deeplabv3plus,False,False,0,tensorrt,tensorrt,tensorrt,36.16,36.16,27.36,27.65,5.52,10.9,16.42,1196.18,22.2,0.0,1196.18,22.2,0.0,118.43,51.8,3.32,173.56,0.4267,False,False
1780820359.8687706,kherson_drone_rescue,kherson_drone_rescue.mp4,33,50.0,640,480,combined,detect_combined,Flooded,deeplabv3plus,False,False,0,tensorrt,tensorrt,tensorrt,38.27,38.27,25.87,26.13,5.46,10.36,15.82,1196.16,12.0,0.0,1196.16,12.0,0.0,118.43,51.8,3.32,173.56,0.4407,False,False
1780820359.9141908,kherson_drone_rescue,kherson_drone_rescue.mp4,34,50.0,640,480,combined,detect_combined,Flooded,deeplabv3plus,False,False,0,tensorrt,tensorrt,tensorrt,36.97,36.97,26.78,27.05,5.52,10.54,16.06,1196.41,15.4,0.0,1196.41,15.4,0.0,118.43,51.8,3.32,173.56,0.4569,False,False
1780820359.9586236,kherson_drone_rescue,kherson_drone_rescue.mp4,35,50.0,640,480,combined,detect_combined,Flooded,deeplabv3plus,False,False,0,tensorrt,tensorrt,tensorrt,37.72,37.72,26.25,26.51,5.51,10.25,15.76,1196.39,22.2,0.0,1196.39,22.2,0.0,118.43,51.8,3.32,173.56,0.4233,False,False
1780820360.013843,kherson_drone_rescue,kherson_drone_rescue.mp4,36,50.0,640,480,combined,detect_combined,Flooded,deeplabv3plus,False,False,0,tensorrt,tensorrt,tensorrt,26.83,26.83,36.99,37.28,5.65,17.46,23.11,1196.38,33.3,0.0,1196.38,33.3,0.0,118.43,51.8,3.32,173.56,0.462,False,False
1780820360.056222,kherson_drone_rescue,kherson_drone_rescue.mp4,37,50.0,640,480,combined,detect_combined,Flooded,deeplabv3plus,False,False,0,tensorrt,tensorrt,tensorrt,45.5,45.5,21.7,21.98,5.83,7.71,13.54,1196.37,70.4,0.0,1196.37,70.4,0.0,118.43,51.8,3.32,173.56,0.3955,False,False
1780820360.1014893,kherson_drone_rescue,kherson_drone_rescue.mp4,38,50.0,640,480,combined,detect_combined,Flooded,deeplabv3plus,False,False,0,tensorrt,tensorrt,tensorrt,36.08,36.08,27.42,27.72,4.84,7.44,12.280000000000001,1196.36,44.0,0.0,1196.36,44.0,0.0,118.43,51.8,3.32,173.56,0.4787,False,False
1780820360.147555,kherson_drone_rescue,kherson_drone_rescue.mp4,39,50.0,640,480,combined,detect_combined,Flooded,deeplabv3plus,False,False,0,tensorrt,tensorrt,tensorrt,35.01,35.01,28.27,28.57,5.71,11.14,16.85,1196.34,37.0,0.0,1196.34,37.0,0.0,118.43,51.8,3.32,173.56,0.4488,False,False
1780820360.1915822,kherson_drone_rescue,kherson_drone_rescue.mp4,40,50.0,640,480,combined,detect_combined,Flooded,deeplabv3plus,False,False,0,tensorrt,tensorrt,tensorrt,37.51,37.51,26.38,26.66,5.57,10.56,16.130000000000003,1196.32,36.0,0.0,1196.32,36.0,0.0,118.43,51.8,3.32,173.56,0.4845,False,False
1780820360.23567,kherson_drone_rescue,kherson_drone_rescue.mp4,41,50.0,640,480,combined,detect_combined,Flooded,deeplabv3plus,False,False,0,tensorrt,tensorrt,tensorrt,38.29,38.29,25.84,26.11,5.47,10.53,16.0,1196.31,34.6,0.0,1196.31,34.6,0.0,118.43,51.8,3.32,173.56,0.4509,False,False
1780820360.2803369,kherson_drone_rescue,kherson_drone_rescue.mp4,42,50.0,640,480,combined,detect_combined,Flooded,deeplabv3plus,False,False,0,tensorrt,tensorrt,tensorrt,36.95,36.95,26.75,27.06,5.47,10.59,16.06,1196.56,36.0,0.0,1196.56,36.0,0.0,118.43,51.8,3.32,173.56,0.3791,False,False
1780820360.3247228,kherson_drone_rescue,kherson_drone_rescue.mp4,43,50.0,640,480,combined,detect_combined,Flooded,deeplabv3plus,False,False,0,tensorrt,tensorrt,tensorrt,37.96,37.96,26.07,26.34,5.49,10.48,15.97,1196.54,34.6,0.0,1196.54,34.6,0.0,118.43,51.8,3.32,173.56,0.3994,False,False
1780820360.368771,kherson_drone_rescue,kherson_drone_rescue.mp4,44,50.0,640,480,combined,detect_combined,Flooded,deeplabv3plus,False,False,0,tensorrt,tensorrt,tensorrt,38.02,38.02,26.03,26.3,5.48,10.51,15.99,1196.53,40.0,0.0,1196.53,40.0,0.0,118.43,51.8,3.32,173.56,0.4379,False,False
1780820360.4130192,kherson_drone_rescue,kherson_drone_rescue.mp4,45,50.0,640,480,combined,detect_combined,Flooded,deeplabv3plus,False,False,0,tensorrt,tensorrt,tensorrt,38.2,38.2,25.9,26.18,5.53,10.38,15.91,1196.52,37.0,0.0,1196.52,37.0,0.0,118.43,51.8,3.32,173.56,0.4485,False,False
1780820360.4572318,kherson_drone_rescue,kherson_drone_rescue.mp4,46,50.0,640,480,combined,detect_combined,Flooded,deeplabv3plus,False,False,0,tensorrt,tensorrt,tensorrt,37.75,37.75,26.21,26.49,5.49,10.6,16.09,1196.5,20.8,0.0,1196.5,20.8,0.0,118.43,51.8,3.32,173.56,0.3757,False,False
1780820360.5011053,kherson_drone_rescue,kherson_drone_rescue.mp4,47,50.0,640,480,combined,detect_combined,Flooded,deeplabv3plus,False,False,0,tensorrt,tensorrt,tensorrt,38.64,38.64,25.63,25.88,5.45,10.26,15.71,1196.49,13.0,0.0,1196.49,13.0,0.0,118.43,51.8,3.32,173.56,0.3666,False,False
1780820360.5438366,kherson_drone_rescue,kherson_drone_rescue.mp4,48,50.0,640,480,combined,detect_combined,Flooded,deeplabv3plus,False,False,0,tensorrt,tensorrt,tensorrt,38.75,38.75,25.58,25.8,5.43,10.27,15.7,1196.48,17.4,0.0,1196.48,17.4,0.0,118.43,51.8,3.32,173.56,0.4082,False,False
1780820360.5893052,kherson_drone_rescue,kherson_drone_rescue.mp4,49,50.0,640,480,combined,detect_combined,Flooded,deeplabv3plus,False,False,0,tensorrt,tensorrt,tensorrt,38.64,38.64,25.63,25.88,5.51,10.22,15.73,1196.46,19.2,0.0,1196.46,19.2,0.0,118.43,51.8,3.32,173.56,0.4588,False,False
1780820360.6330738,kherson_drone_rescue,kherson_drone_rescue.mp4,50,50.0,640,480,combined,detect_combined,Flooded,deeplabv3plus,False,False,0,tensorrt,tensorrt,tensorrt,38.09,38.09,26.01,26.26,5.49,10.38,15.870000000000001,1196.45,16.7,0.0,1196.45,16.7,0.0,118.43,51.8,3.32,173.56,0.3779,False,False
1780820360.6766047,kherson_drone_rescue,kherson_drone_rescue.mp4,51,50.0,640,480,combined,detect_combined,Flooded,deeplabv3plus,False,False,0,tensorrt,tensorrt,tensorrt,38.63,38.63,25.63,25.89,5.53,10.23,15.760000000000002,1196.44,19.2,0.0,1196.44,19.2,0.0,118.43,51.8,3.32,173.56,0.3661,False,False
1780820360.720411,kherson_drone_rescue,kherson_drone_rescue.mp4,52,50.0,640,480,combined,detect_combined,Flooded,deeplabv3plus,False,False,0,tensorrt,tensorrt,tensorrt,38.41,38.41,25.78,26.03,5.49,10.42,15.91,1196.42,22.2,0.0,1196.42,22.2,0.0,118.43,51.8,3.32,173.56,0.3435,False,False
1780820360.7638466,kherson_drone_rescue,kherson_drone_rescue.mp4,53,50.0,640,480,combined,detect_combined,Flooded,deeplabv3plus,False,False,0,tensorrt,tensorrt,tensorrt,38.42,38.42,25.78,26.03,5.45,10.36,15.809999999999999,1196.41,20.0,0.0,1196.41,20.0,0.0,118.43,51.8,3.32,173.56,0.35,False,False
1780820360.8066592,kherson_drone_rescue,kherson_drone_rescue.mp4,54,50.0,640,480,combined,detect_combined,Flooded,deeplabv3plus,False,False,0,tensorrt,tensorrt,tensorrt,38.52,38.52,25.68,25.96,5.47,10.4,15.870000000000001,1196.39,12.5,0.0,1196.39,12.5,0.0,118.43,51.8,3.32,173.56,0.3716,False,False
1780820360.8496783,kherson_drone_rescue,kherson_drone_rescue.mp4,55,50.0,640,480,combined,detect_combined,Flooded,deeplabv3plus,False,False,0,tensorrt,tensorrt,tensorrt,38.76,38.76,25.54,25.8,5.5,10.22,15.72,1196.38,25.9,0.0,1196.38,25.9,0.0,118.43,51.8,3.32,173.56,0.3647,False,False
1780820360.8936465,kherson_drone_rescue,kherson_drone_rescue.mp4,56,50.0,640,480,combined,detect_combined,Flooded,deeplabv3plus,False,False,0,tensorrt,tensorrt,tensorrt,38.8,38.8,25.52,25.77,5.45,10.23,15.68,1196.37,20.0,0.0,1196.37,20.0,0.0,118.43,51.8,3.32,173.56,0.4875,False,False
1780820360.938021,kherson_drone_rescue,kherson_drone_rescue.mp4,57,50.0,640,480,combined,detect_combined,Flooded,deeplabv3plus,False,False,0,tensorrt,tensorrt,tensorrt,38.47,38.47,25.73,25.99,5.46,10.34,15.8,1196.35,22.2,0.0,1196.35,22.2,0.0,118.43,51.8,3.32,173.56,0.4744,False,False
1780820360.9815125,kherson_drone_rescue,kherson_drone_rescue.mp4,58,50.0,640,480,combined,detect_combined,Flooded,deeplabv3plus,False,False,0,tensorrt,tensorrt,tensorrt,38.49,38.49,25.73,25.98,5.47,10.4,15.870000000000001,1196.35,16.0,0.0,1196.35,16.0,0.0,118.43,51.8,3.32,173.56,0.3876,False,False
1780820361.0259695,kherson_drone_rescue,kherson_drone_rescue.mp4,59,50.0,640,480,combined,detect_combined,Flooded,deeplabv3plus,False,False,0,tensorrt,tensorrt,tensorrt,38.5,38.5,25.72,25.98,5.5,10.39,15.89,1196.35,15.4,0.0,1196.35,15.4,0.0,118.43,51.8,3.32,173.56,0.4686,False,False
1780820361.0731292,kherson_drone_rescue,kherson_drone_rescue.mp4,60,50.0,640,480,combined,detect_combined,Flooded,deeplabv3plus,False,False,0,tensorrt,tensorrt,tensorrt,35.09,35.09,28.23,28.5,7.77,10.44,18.21,1196.34,18.5,0.0,1196.34,18.5,0.0,118.43,51.8,3.32,173.56,0.4317,False,False
1780820361.1188388,kherson_drone_rescue,kherson_drone_rescue.mp4,61,50.0,640,480,combined,detect_combined,Flooded,deeplabv3plus,False,False,0,tensorrt,tensorrt,tensorrt,38.57,38.57,25.68,25.93,5.48,10.46,15.940000000000001,1196.34,19.2,0.0,1196.34,19.2,0.0,118.43,51.8,3.32,173.56,0.4996,False,False
1780820361.164562,kherson_drone_rescue,kherson_drone_rescue.mp4,62,50.0,640,480,combined,detect_combined,Flooded,deeplabv3plus,False,False,0,tensorrt,tensorrt,tensorrt,37.98,37.98,26.07,26.33,5.45,10.55,16.0,1196.34,25.0,0.0,1196.34,25.0,0.0,118.43,51.8,3.32,173.56,0.3079,False,False
1780820361.209319,kherson_drone_rescue,kherson_drone_rescue.mp4,63,50.0,640,480,combined,detect_combined,Flooded,deeplabv3plus,False,False,0,tensorrt,tensorrt,tensorrt,38.55,38.55,25.69,25.94,5.48,10.29,15.77,1196.34,16.0,0.0,1196.34,16.0,0.0,118.43,51.8,3.32,173.56,0.5861,False,False
1780820361.2548816,kherson_drone_rescue,kherson_drone_rescue.mp4,64,50.0,640,480,combined,detect_combined,Flooded,deeplabv3plus,False,False,0,tensorrt,tensorrt,tensorrt,38.24,38.24,25.91,26.15,5.45,10.45,15.899999999999999,1196.34,27.6,0.0,1196.34,27.6,0.0,118.43,51.8,3.32,173.56,0.5315,False,False
1780820361.300095,kherson_drone_rescue,kherson_drone_rescue.mp4,65,50.0,640,480,combined,detect_combined,Flooded,deeplabv3plus,False,False,0,tensorrt,tensorrt,tensorrt,38.68,38.68,25.6,25.85,5.44,10.39,15.830000000000002,1196.34,12.0,0.0,1196.34,12.0,0.0,118.43,51.8,3.32,173.56,0.4718,False,False
1780820361.349028,kherson_drone_rescue,kherson_drone_rescue.mp4,66,50.0,640,480,combined,detect_combined,Flooded,deeplabv3plus,False,False,0,tensorrt,tensorrt,tensorrt,37.71,37.71,26.26,26.52,5.55,10.59,16.14,1196.34,24.1,0.0,1196.34,24.1,0.0,118.43,51.8,3.32,173.56,0.3806,False,False
1780820361.3945448,kherson_drone_rescue,kherson_drone_rescue.mp4,67,50.0,640,480,combined,detect_combined,Flooded,deeplabv3plus,False,False,0,tensorrt,tensorrt,tensorrt,38.39,38.39,25.79,26.05,5.49,10.42,15.91,1196.34,19.2,0.0,1196.34,19.2,0.0,118.43,51.8,3.32,173.56,0.3839,False,False
1780820361.439699,kherson_drone_rescue,kherson_drone_rescue.mp4,68,50.0,640,480,combined,detect_combined,Flooded,deeplabv3plus,False,False,0,tensorrt,tensorrt,tensorrt,38.23,38.23,25.9,26.15,5.46,10.59,16.05,1196.34,25.0,0.0,1196.34,25.0,0.0,118.43,51.8,3.32,173.56,0.4212,False,False
1780820361.485009,kherson_drone_rescue,kherson_drone_rescue.mp4,69,50.0,640,480,combined,detect_combined,Flooded,deeplabv3plus,False,False,0,tensorrt,tensorrt,tensorrt,38.22,38.22,25.9,26.16,5.51,10.49,16.0,1196.34,22.2,0.0,1196.34,22.2,0.0,118.43,51.8,3.32,173.56,0.4219,False,False
1780820361.530166,kherson_drone_rescue,kherson_drone_rescue.mp4,70,50.0,640,480,combined,detect_combined,Flooded,deeplabv3plus,False,False,0,tensorrt,tensorrt,tensorrt,38.37,38.37,25.81,26.06,5.47,10.39,15.86,1196.34,15.4,0.0,1196.34,15.4,0.0,118.43,51.8,3.32,173.56,0.4144,False,False
1780820361.5749693,kherson_drone_rescue,kherson_drone_rescue.mp4,71,50.0,640,480,combined,detect_combined,Flooded,deeplabv3plus,False,False,0,tensorrt,tensorrt,tensorrt,38.83,38.83,25.49,25.75,5.46,10.3,15.760000000000002,1196.34,18.5,0.0,1196.34,18.5,0.0,118.43,51.8,3.32,173.56,0.3577,False,False
1780820361.6199913,kherson_drone_rescue,kherson_drone_rescue.mp4,72,50.0,640,480,combined,detect_combined,Flooded,deeplabv3plus,False,False,0,tensorrt,tensorrt,tensorrt,38.65,38.65,25.62,25.87,5.43,10.44,15.87,1196.34,15.4,0.0,1196.34,15.4,0.0,118.43,51.8,3.32,173.56,0.4151,False,False
1780820361.6669142,kherson_drone_rescue,kherson_drone_rescue.mp4,73,50.0,640,480,combined,detect_combined,Flooded,deeplabv3plus,False,False,0,tensorrt,tensorrt,tensorrt,37.93,37.93,26.09,26.36,5.48,10.51,15.99,1196.34,33.3,0.0,1196.34,33.3,0.0,118.43,51.8,3.32,173.56,0.4246,False,False
1780820361.7126763,kherson_drone_rescue,kherson_drone_rescue.mp4,74,50.0,640,480,combined,detect_combined,Flooded,deeplabv3plus,False,False,0,tensorrt,tensorrt,tensorrt,35.97,35.97,27.53,27.8,5.5,10.91,16.41,1196.34,44.4,0.0,1196.34,44.4,0.0,118.43,51.8,3.32,173.56,0.3832,False,False
1780820361.7577817,kherson_drone_rescue,kherson_drone_rescue.mp4,75,50.0,640,480,combined,detect_combined,Flooded,deeplabv3plus,False,False,0,tensorrt,tensorrt,tensorrt,36.68,36.68,26.98,27.26,5.7,10.6,16.3,1196.34,36.0,0.0,1196.34,36.0,0.0,118.43,51.8,3.32,173.56,0.5099,False,False
1780820361.8041608,kherson_drone_rescue,kherson_drone_rescue.mp4,76,50.0,640,480,combined,detect_combined,Flooded,deeplabv3plus,False,False,0,tensorrt,tensorrt,tensorrt,35.74,35.74,27.67,27.98,5.51,10.61,16.119999999999997,1196.34,48.4,0.0,1196.34,48.4,0.0,118.43,51.8,3.32,173.56,0.5581,False,False
1780820361.8489847,kherson_drone_rescue,kherson_drone_rescue.mp4,77,50.0,640,480,combined,detect_combined,Flooded,deeplabv3plus,False,False,0,tensorrt,tensorrt,tensorrt,36.84,36.84,26.88,27.15,5.53,10.63,16.16,1196.34,32.0,0.0,1196.34,32.0,0.0,118.43,51.8,3.32,173.56,0.4305,False,False
1780820361.8937356,kherson_drone_rescue,kherson_drone_rescue.mp4,78,50.0,640,480,combined,detect_combined,Flooded,deeplabv3plus,False,False,0,tensorrt,tensorrt,tensorrt,37.66,37.66,26.26,26.56,5.64,10.5,16.14,1196.34,34.6,0.0,1196.34,34.6,0.0,118.43,51.8,3.32,173.56,0.3987,False,False
1780820361.938036,kherson_drone_rescue,kherson_drone_rescue.mp4,79,50.0,640,480,combined,detect_combined,Flooded,deeplabv3plus,False,False,0,tensorrt,tensorrt,tensorrt,37.84,37.84,26.16,26.43,5.56,10.57,16.13,1196.34,42.9,0.0,1196.34,42.9,0.0,118.43,51.8,3.32,173.56,0.3647,False,False
1780820361.982683,kherson_drone_rescue,kherson_drone_rescue.mp4,80,50.0,640,480,combined,detect_combined,Flooded,deeplabv3plus,False,False,0,tensorrt,tensorrt,tensorrt,37.12,37.12,26.66,26.94,5.47,10.44,15.91,1196.33,34.6,0.0,1196.33,34.6,0.0,118.43,51.8,3.32,173.56,0.4157,False,False
1780820362.0262768,kherson_drone_rescue,kherson_drone_rescue.mp4,81,50.0,640,480,combined,detect_combined,Flooded,deeplabv3plus,False,False,0,tensorrt,tensorrt,tensorrt,39.03,39.03,25.36,25.62,5.42,10.21,15.63,1196.33,16.0,0.0,1196.33,16.0,0.0,118.43,51.8,3.32,173.56,0.3643,False,False
1780820362.0696921,kherson_drone_rescue,kherson_drone_rescue.mp4,82,50.0,640,480,combined,detect_combined,Flooded,deeplabv3plus,False,False,0,tensorrt,tensorrt,tensorrt,38.88,38.88,25.46,25.72,5.47,10.27,15.739999999999998,1196.33,18.5,0.0,1196.33,18.5,0.0,118.43,51.8,3.32,173.56,0.434,False,False
1780820362.113414,kherson_drone_rescue,kherson_drone_rescue.mp4,83,50.0,640,480,combined,detect_combined,Flooded,deeplabv3plus,False,False,0,tensorrt,tensorrt,tensorrt,38.56,38.56,25.68,25.93,5.48,10.29,15.77,1196.33,15.4,0.0,1196.33,15.4,0.0,118.43,51.8,3.32,173.56,0.4342,False,False
1780820362.1575027,kherson_drone_rescue,kherson_drone_rescue.mp4,84,50.0,640,480,combined,detect_combined,Flooded,deeplabv3plus,False,False,0,tensorrt,tensorrt,tensorrt,38.8,38.8,25.51,25.77,5.49,10.21,15.700000000000001,1196.33,19.2,0.0,1196.33,19.2,0.0,118.43,51.8,3.32,173.56,0.4438,False,False
1780820362.2032945,kherson_drone_rescue,kherson_drone_rescue.mp4,85,50.0,640,480,combined,detect_combined,Flooded,deeplabv3plus,False,False,0,tensorrt,tensorrt,tensorrt,38.58,38.58,25.67,25.92,5.44,10.25,15.690000000000001,1196.59,15.4,0.0,1196.59,15.4,0.0,118.43,51.8,3.32,173.56,0.4643,False,False
1780820362.2470183,kherson_drone_rescue,kherson_drone_rescue.mp4,86,50.0,640,480,combined,detect_combined,Flooded,deeplabv3plus,False,False,0,tensorrt,tensorrt,tensorrt,38.81,38.81,25.51,25.77,5.45,10.28,15.73,1196.59,15.4,0.0,1196.59,15.4,0.0,118.43,51.8,3.32,173.56,0.4518,False,False
1780820362.291061,kherson_drone_rescue,kherson_drone_rescue.mp4,87,50.0,640,480,combined,detect_combined,Flooded,deeplabv3plus,False,False,0,tensorrt,tensorrt,tensorrt,38.09,38.09,26.0,26.26,5.53,10.46,15.990000000000002,1196.58,23.1,0.0,1196.58,23.1,0.0,118.43,51.8,3.32,173.56,0.4879,False,False
1780820362.3342807,kherson_drone_rescue,kherson_drone_rescue.mp4,88,50.0,640,480,combined,detect_combined,Flooded,deeplabv3plus,False,False,0,tensorrt,tensorrt,tensorrt,38.71,38.71,25.55,25.83,5.46,10.2,15.66,1196.58,25.0,0.0,1196.58,25.0,0.0,118.43,51.8,3.32,173.56,0.4801,False,False
1780820362.3772836,kherson_drone_rescue,kherson_drone_rescue.mp4,89,50.0,640,480,combined,detect_combined,Flooded,deeplabv3plus,False,False,0,tensorrt,tensorrt,tensorrt,38.65,38.65,25.62,25.87,5.48,10.25,15.73,1196.58,20.0,0.0,1196.58,20.0,0.0,118.43,51.8,3.32,173.56,0.4946,False,False
1780820362.4203436,kherson_drone_rescue,kherson_drone_rescue.mp4,90,50.0,640,480,combined,detect_combined,Flooded,deeplabv3plus,False,False,0,tensorrt,tensorrt,tensorrt,38.6,38.6,25.61,25.91,5.48,10.34,15.82,1196.58,24.0,0.0,1196.58,24.0,0.0,118.43,51.8,3.32,173.56,0.611,False,False
1780820362.46489,kherson_drone_rescue,kherson_drone_rescue.mp4,91,50.0,640,480,combined,detect_combined,Flooded,deeplabv3plus,False,False,0,tensorrt,tensorrt,tensorrt,38.45,38.45,25.75,26.01,5.5,10.24,15.74,1196.58,16.0,0.0,1196.58,16.0,0.0,118.43,51.8,3.32,173.56,0.6024,False,False
1780820362.5170653,kherson_drone_rescue,kherson_drone_rescue.mp4,92,50.0,640,480,combined,detect_combined,Flooded,deeplabv3plus,False,False,0,tensorrt,tensorrt,tensorrt,29.54,29.54,33.58,33.85,8.91,13.3,22.21,1196.58,32.1,0.0,1196.58,32.1,0.0,118.43,51.8,3.32,173.56,0.5972,False,False
1780820362.5751615,kherson_drone_rescue,kherson_drone_rescue.mp4,93,50.0,640,480,combined,detect_combined,Flooded,deeplabv3plus,False,False,0,tensorrt,tensorrt,tensorrt,25.51,25.51,38.91,39.2,9.9,15.84,25.740000000000002,1196.58,38.9,0.0,1196.58,38.9,0.0,118.43,51.8,3.32,173.56,0.4869,False,False
1780820362.6220942,kherson_drone_rescue,kherson_drone_rescue.mp4,94,50.0,640,480,combined,detect_combined,Flooded,deeplabv3plus,False,False,0,tensorrt,tensorrt,tensorrt,37.27,37.27,26.56,26.83,5.63,10.67,16.3,1196.58,27.6,0.0,1196.58,27.6,0.0,118.43,51.8,3.32,173.56,0.6036,False,False
1780820362.6683087,kherson_drone_rescue,kherson_drone_rescue.mp4,95,50.0,640,480,combined,detect_combined,Flooded,deeplabv3plus,False,False,0,tensorrt,tensorrt,tensorrt,38.02,38.02,26.04,26.3,5.53,10.5,16.03,1196.58,14.8,0.0,1196.58,14.8,0.0,118.43,51.8,3.32,173.56,0.4279,False,False
1780820362.715349,kherson_drone_rescue,kherson_drone_rescue.mp4,96,50.0,640,480,combined,detect_combined,Flooded,deeplabv3plus,False,False,0,tensorrt,tensorrt,tensorrt,37.92,37.92,26.11,26.37,5.5,10.58,16.08,1196.58,8.0,0.0,1196.58,8.0,0.0,118.43,51.8,3.32,173.56,0.5134,False,False
1780820362.7620225,kherson_drone_rescue,kherson_drone_rescue.mp4,97,50.0,640,480,combined,detect_combined,Flooded,deeplabv3plus,False,False,0,tensorrt,tensorrt,tensorrt,37.93,37.93,26.12,26.37,5.55,10.54,16.09,1196.58,14.8,0.0,1196.58,14.8,0.0,118.43,51.8,3.32,173.56,0.4671,False,False
1780820362.8074396,kherson_drone_rescue,kherson_drone_rescue.mp4,98,50.0,640,480,combined,detect_combined,Flooded,deeplabv3plus,False,False,0,tensorrt,tensorrt,tensorrt,37.96,37.96,26.09,26.34,5.5,10.5,16.0,1196.57,21.4,0.0,1196.57,21.4,0.0,118.43,51.8,3.32,173.56,0.4863,False,False
1780820362.8523247,kherson_drone_rescue,kherson_drone_rescue.mp4,99,50.0,640,480,combined,detect_combined,Flooded,deeplabv3plus,False,False,0,tensorrt,tensorrt,tensorrt,38.13,38.13,25.97,26.22,5.5,10.4,15.9,1196.57,18.5,0.0,1196.57,18.5,0.0,118.43,51.8,3.32,173.56,0.4893,False,False
1780820362.8959882,kherson_drone_rescue,kherson_drone_rescue.mp4,100,50.0,640,480,combined,detect_combined,Flooded,deeplabv3plus,False,False,0,tensorrt,tensorrt,tensorrt,38.89,38.89,25.46,25.71,5.44,10.28,15.719999999999999,1196.57,20.8,0.0,1196.57,20.8,0.0,118.43,51.8,3.32,173.56,0.3244,False,False
1780820362.9420013,kherson_drone_rescue,kherson_drone_rescue.mp4,101,50.0,640,480,combined,detect_combined,Flooded,deeplabv3plus,False,False,0,tensorrt,tensorrt,tensorrt,36.63,36.63,27.04,27.3,5.47,10.26,15.73,1196.57,16.0,0.0,1196.57,16.0,0.0,118.43,51.8,3.32,173.56,0.3871,False,False
1780820362.9864323,kherson_drone_rescue,kherson_drone_rescue.mp4,102,50.0,640,480,combined,detect_combined,Flooded,deeplabv3plus,False,False,0,tensorrt,tensorrt,tensorrt,38.22,38.22,25.9,26.17,5.45,10.52,15.969999999999999,1196.57,23.1,0.0,1196.57,23.1,0.0,118.43,51.8,3.32,173.56,0.3573,False,False
1780820363.0299437,kherson_drone_rescue,kherson_drone_rescue.mp4,103,50.0,640,480,combined,detect_combined,Flooded,deeplabv3plus,False,False,0,tensorrt,tensorrt,tensorrt,38.77,38.77,25.55,25.79,5.45,10.29,15.739999999999998,1196.57,18.5,0.0,1196.57,18.5,0.0,118.43,51.8,3.32,173.56,0.3896,False,False
1780820363.0738354,kherson_drone_rescue,kherson_drone_rescue.mp4,104,50.0,640,480,combined,detect_combined,Flooded,deeplabv3plus,False,False,0,tensorrt,tensorrt,tensorrt,38.31,38.31,25.86,26.1,5.48,10.33,15.81,1196.57,22.2,0.0,1196.57,22.2,0.0,118.43,51.8,3.32,173.56,0.4559,False,False
1780820363.1174746,kherson_drone_rescue,kherson_drone_rescue.mp4,105,50.0,640,480,combined,detect_combined,Flooded,deeplabv3plus,False,False,0,tensorrt,tensorrt,tensorrt,38.34,38.34,25.83,26.08,5.53,10.25,15.780000000000001,1196.57,20.8,0.0,1196.57,20.8,0.0,118.43,51.8,3.32,173.56,0.4385,False,False
1780820363.1615782,kherson_drone_rescue,kherson_drone_rescue.mp4,106,50.0,640,480,combined,detect_combined,Flooded,deeplabv3plus,False,False,0,tensorrt,tensorrt,tensorrt,38.44,38.44,25.77,26.02,5.51,10.33,15.84,1196.57,16.0,0.0,1196.57,16.0,0.0,118.43,51.8,3.32,173.56,0.409,False,False
1780820363.2055748,kherson_drone_rescue,kherson_drone_rescue.mp4,107,50.0,640,480,combined,detect_combined,Flooded,deeplabv3plus,False,False,0,tensorrt,tensorrt,tensorrt,38.09,38.09,26.0,26.25,5.55,10.41,15.96,1196.56,12.0,0.0,1196.56,12.0,0.0,118.43,51.8,3.32,173.56,0.4389,False,False
1780820363.2506316,kherson_drone_rescue,kherson_drone_rescue.mp4,108,50.0,640,480,combined,detect_combined,Flooded,deeplabv3plus,False,False,0,tensorrt,tensorrt,tensorrt,36.98,36.98,26.78,27.04,5.51,10.63,16.14,1196.56,37.0,0.0,1196.56,37.0,0.0,118.43,51.8,3.32,173.56,0.454,False,False
1780820363.2992983,kherson_drone_rescue,kherson_drone_rescue.mp4,109,50.0,640,480,combined,detect_combined,Flooded,deeplabv3plus,False,False,0,tensorrt,tensorrt,tensorrt,38.09,38.09,25.98,26.26,5.52,10.58,16.1,1196.56,34.5,0.0,1196.56,34.5,0.0,118.43,51.8,3.32,173.56,0.4816,False,False
1780820363.343993,kherson_drone_rescue,kherson_drone_rescue.mp4,110,50.0,640,480,combined,detect_combined,Flooded,deeplabv3plus,False,False,0,tensorrt,tensorrt,tensorrt,38.05,38.05,26.0,26.28,5.48,10.53,16.009999999999998,1196.56,40.7,0.0,1196.56,40.7,0.0,118.43,51.8,3.32,173.56,0.4343,False,False
1780820363.3879695,kherson_drone_rescue,kherson_drone_rescue.mp4,111,50.0,640,480,combined,detect_combined,Flooded,deeplabv3plus,False,False,0,tensorrt,tensorrt,tensorrt,38.37,38.37,25.8,26.06,5.42,10.41,15.83,1196.81,28.0,0.0,1196.81,28.0,0.0,118.43,51.8,3.32,173.56,0.3911,False,False
1780820363.4325864,kherson_drone_rescue,kherson_drone_rescue.mp4,112,50.0,640,480,combined,detect_combined,Flooded,deeplabv3plus,False,False,0,tensorrt,tensorrt,tensorrt,36.84,36.84,26.88,27.15,5.48,10.37,15.85,1196.81,40.7,0.0,1196.81,40.7,0.0,118.43,51.8,3.32,173.56,0.3642,False,False
1780820363.477173,kherson_drone_rescue,kherson_drone_rescue.mp4,113,50.0,640,480,combined,detect_combined,Flooded,deeplabv3plus,False,False,0,tensorrt,tensorrt,tensorrt,36.8,36.8,26.88,27.17,5.57,11.19,16.759999999999998,1196.81,46.2,0.0,1196.81,46.2,0.0,118.43,51.8,3.32,173.56,0.3327,False,False
1780820363.5216422,kherson_drone_rescue,kherson_drone_rescue.mp4,114,50.0,640,480,combined,detect_combined,Flooded,deeplabv3plus,False,False,0,tensorrt,tensorrt,tensorrt,36.91,36.91,26.81,27.1,6.0,10.64,16.64,1196.81,53.8,0.0,1196.81,53.8,0.0,118.43,51.8,3.32,173.56,0.4084,False,False
1780820363.565725,kherson_drone_rescue,kherson_drone_rescue.mp4,115,50.0,640,480,combined,detect_combined,Flooded,deeplabv3plus,False,False,0,tensorrt,tensorrt,tensorrt,38.0,38.0,26.06,26.32,5.48,10.51,15.99,1196.81,46.4,0.0,1196.81,46.4,0.0,118.43,51.8,3.32,173.56,0.4059,False,False
1780820363.6094658,kherson_drone_rescue,kherson_drone_rescue.mp4,116,50.0,640,480,combined,detect_combined,Flooded,deeplabv3plus,False,False,0,tensorrt,tensorrt,tensorrt,38.25,38.25,25.88,26.15,5.51,10.43,15.94,1196.81,34.6,0.0,1196.81,34.6,0.0,118.43,51.8,3.32,173.56,0.4145,False,False
1780820363.653145,kherson_drone_rescue,kherson_drone_rescue.mp4,117,50.0,640,480,combined,detect_combined,Flooded,deeplabv3plus,False,False,0,tensorrt,tensorrt,tensorrt,37.97,37.97,26.08,26.34,5.51,10.53,16.04,1196.8,44.4,0.0,1196.8,44.4,0.0,118.43,51.8,3.32,173.56,0.4431,False,False
1780820363.6969757,kherson_drone_rescue,kherson_drone_rescue.mp4,118,50.0,640,480,combined,detect_combined,Flooded,deeplabv3plus,False,False,0,tensorrt,tensorrt,tensorrt,37.96,37.96,26.08,26.34,5.49,10.53,16.02,1196.8,33.3,0.0,1196.8,33.3,0.0,118.43,51.8,3.32,173.56,0.4196,False,False
1780820363.7413576,kherson_drone_rescue,kherson_drone_rescue.mp4,119,50.0,640,480,combined,detect_combined,Flooded,deeplabv3plus,False,False,0,tensorrt,tensorrt,tensorrt,38.18,38.18,25.92,26.19,5.52,10.39,15.91,1196.8,36.0,0.0,1196.8,36.0,0.0,118.43,51.8,3.32,173.56,0.46,False,False
1780820363.7853737,kherson_drone_rescue,kherson_drone_rescue.mp4,120,50.0,640,480,combined,detect_combined,Flooded,deeplabv3plus,False,False,0,tensorrt,tensorrt,tensorrt,38.23,38.23,25.9,26.16,5.49,10.47,15.96,1196.8,33.3,0.0,1196.8,33.3,0.0,118.43,51.8,3.32,173.56,0.4276,False,False
1780820363.8303163,kherson_drone_rescue,kherson_drone_rescue.mp4,121,50.0,640,480,combined,detect_combined,Flooded,deeplabv3plus,False,False,0,tensorrt,tensorrt,tensorrt,39.02,39.02,25.38,25.63,5.44,10.2,15.64,1196.8,15.4,0.0,1196.8,15.4,0.0,118.43,51.8,3.32,173.56,0.4819,False,False
1780820363.8742733,kherson_drone_rescue,kherson_drone_rescue.mp4,122,50.0,640,480,combined,detect_combined,Flooded,deeplabv3plus,False,False,0,tensorrt,tensorrt,tensorrt,38.84,38.84,25.5,25.74,5.45,10.28,15.73,1196.8,19.2,0.0,1196.8,19.2,0.0,118.43,51.8,3.32,173.56,0.4541,False,False
1780820363.9173937,kherson_drone_rescue,kherson_drone_rescue.mp4,123,50.0,640,480,combined,detect_combined,Flooded,deeplabv3plus,False,False,0,tensorrt,tensorrt,tensorrt,38.39,38.39,25.78,26.05,5.5,10.36,15.86,1196.8,25.9,0.0,1196.8,25.9,0.0,118.43,51.8,3.32,173.56,0.5236,False,False
1780820363.9614382,kherson_drone_rescue,kherson_drone_rescue.mp4,124,50.0,640,480,combined,detect_combined,Flooded,deeplabv3plus,False,False,0,tensorrt,tensorrt,tensorrt,38.06,38.06,25.97,26.27,5.52,10.6,16.119999999999997,1196.8,16.7,0.0,1196.8,16.7,0.0,118.43,51.8,3.32,173.56,0.3816,False,False
1780820364.0055144,kherson_drone_rescue,kherson_drone_rescue.mp4,125,50.0,640,480,combined,detect_combined,Flooded,deeplabv3plus,False,False,0,tensorrt,tensorrt,tensorrt,38.67,38.67,25.61,25.86,5.46,10.32,15.780000000000001,1196.8,16.0,0.0,1196.8,16.0,0.0,118.43,51.8,3.32,173.56,0.3501,False,False
1780820364.049676,kherson_drone_rescue,kherson_drone_rescue.mp4,126,50.0,640,480,combined,detect_combined,Flooded,deeplabv3plus,False,False,0,tensorrt,tensorrt,tensorrt,38.37,38.37,25.81,26.06,5.5,10.43,15.93,1196.79,29.6,0.0,1196.79,29.6,0.0,118.43,51.8,3.32,173.56,0.3397,False,False
1780820364.0930758,kherson_drone_rescue,kherson_drone_rescue.mp4,127,50.0,640,480,combined,detect_combined,Flooded,deeplabv3plus,False,False,0,tensorrt,tensorrt,tensorrt,38.37,38.37,25.8,26.06,5.5,10.42,15.92,1196.79,16.7,0.0,1196.79,16.7,0.0,118.43,51.8,3.32,173.56,0.3508,False,False
1780820364.1364765,kherson_drone_rescue,kherson_drone_rescue.mp4,128,50.0,640,480,combined,detect_combined,Flooded,deeplabv3plus,False,False,0,tensorrt,tensorrt,tensorrt,38.43,38.43,25.77,26.02,5.48,10.39,15.870000000000001,1196.79,16.7,0.0,1196.79,16.7,0.0,118.43,51.8,3.32,173.56,0.3143,False,False
1780820364.180201,kherson_drone_rescue,kherson_drone_rescue.mp4,129,50.0,640,480,combined,detect_combined,Flooded,deeplabv3plus,False,False,0,tensorrt,tensorrt,tensorrt,38.22,38.22,25.9,26.16,5.44,10.5,15.940000000000001,1196.79,16.0,0.0,1196.79,16.0,0.0,118.43,51.8,3.32,173.56,0.2984,False,False
1780820364.2235968,kherson_drone_rescue,kherson_drone_rescue.mp4,130,50.0,640,480,combined,detect_combined,Flooded,deeplabv3plus,False,False,0,tensorrt,tensorrt,tensorrt,38.69,38.69,25.6,25.85,5.46,10.36,15.82,1196.79,12.5,0.0,1196.79,12.5,0.0,118.43,51.8,3.32,173.56,0.3574,False,False
1780820364.2676055,kherson_drone_rescue,kherson_drone_rescue.mp4,131,50.0,640,480,combined,detect_combined,Flooded,deeplabv3plus,False,False,0,tensorrt,tensorrt,tensorrt,38.65,38.65,25.61,25.87,5.48,10.33,15.81,1196.79,20.0,0.0,1196.79,20.0,0.0,118.43,51.8,3.32,173.56,0.3261,False,False
1780820364.3109925,kherson_drone_rescue,kherson_drone_rescue.mp4,132,50.0,640,480,combined,detect_combined,Flooded,deeplabv3plus,False,False,0,tensorrt,tensorrt,tensorrt,38.59,38.59,25.66,25.91,5.46,10.38,15.84,1196.79,20.0,0.0,1196.79,20.0,0.0,118.43,51.8,3.32,173.56,0.4096,False,False
1780820364.3564584,kherson_drone_rescue,kherson_drone_rescue.mp4,133,50.0,640,480,combined,detect_combined,Flooded,deeplabv3plus,False,False,0,tensorrt,tensorrt,tensorrt,38.86,38.86,25.47,25.73,5.48,10.24,15.72,1196.79,18.5,0.0,1196.79,18.5,0.0,118.43,51.8,3.32,173.56,0.3851,False,False
1780820364.4001796,kherson_drone_rescue,kherson_drone_rescue.mp4,134,50.0,640,480,combined,detect_combined,Flooded,deeplabv3plus,False,False,0,tensorrt,tensorrt,tensorrt,38.69,38.69,25.59,25.85,5.43,10.41,15.84,1196.79,16.0,0.0,1196.79,16.0,0.0,118.43,51.8,3.32,173.56,0.3842,False,False
1780820364.4434423,kherson_drone_rescue,kherson_drone_rescue.mp4,135,50.0,640,480,combined,detect_combined,Flooded,deeplabv3plus,False,False,0,tensorrt,tensorrt,tensorrt,38.71,38.71,25.58,25.83,5.44,10.32,15.760000000000002,1196.79,16.0,0.0,1196.79,16.0,0.0,118.43,51.8,3.32,173.56,0.3627,False,False
1780820364.4875054,kherson_drone_rescue,kherson_drone_rescue.mp4,136,50.0,640,480,combined,detect_combined,Flooded,deeplabv3plus,False,False,0,tensorrt,tensorrt,tensorrt,38.47,38.47,25.74,25.99,5.45,10.45,15.899999999999999,1196.79,12.5,0.0,1196.79,12.5,0.0,118.43,51.8,3.32,173.56,0.4386,False,False
1780820364.532134,kherson_drone_rescue,kherson_drone_rescue.mp4,137,50.0,640,480,combined,detect_combined,Flooded,deeplabv3plus,False,False,0,tensorrt,tensorrt,tensorrt,38.18,38.18,25.94,26.19,5.46,10.53,15.989999999999998,1196.79,12.5,0.0,1196.79,12.5,0.0,118.43,51.8,3.32,173.56,0.4897,False,False
1780820364.5769103,kherson_drone_rescue,kherson_drone_rescue.mp4,138,50.0,640,480,combined,detect_combined,Flooded,deeplabv3plus,False,False,0,tensorrt,tensorrt,tensorrt,38.03,38.03,26.05,26.29,5.51,10.51,16.02,1196.78,19.2,0.0,1196.78,19.2,0.0,118.43,51.8,3.32,173.56,0.5203,False,False
1780820364.6209643,kherson_drone_rescue,kherson_drone_rescue.mp4,139,50.0,640,480,combined,detect_combined,Flooded,deeplabv3plus,False,False,0,tensorrt,tensorrt,tensorrt,38.42,38.42,25.77,26.02,5.5,10.32,15.82,1196.78,29.6,0.0,1196.78,29.6,0.0,118.43,51.8,3.32,173.56,0.4916,False,False
1780820364.6647713,kherson_drone_rescue,kherson_drone_rescue.mp4,140,50.0,640,480,combined,detect_combined,Flooded,deeplabv3plus,False,False,0,tensorrt,tensorrt,tensorrt,38.29,38.29,25.87,26.11,5.46,10.38,15.84,1196.78,20.0,0.0,1196.78,20.0,0.0,118.43,51.8,3.32,173.56,0.4366,False,False
1780820364.709099,kherson_drone_rescue,kherson_drone_rescue.mp4,141,50.0,640,480,combined,detect_combined,Flooded,deeplabv3plus,False,False,0,tensorrt,tensorrt,tensorrt,37.7,37.7,26.24,26.53,5.57,10.51,16.08,1196.78,29.2,0.0,1196.78,29.2,0.0,118.43,51.8,3.32,173.56,0.4294,False,False
1780820364.7534726,kherson_drone_rescue,kherson_drone_rescue.mp4,142,50.0,640,480,combined,detect_combined,Flooded,deeplabv3plus,False,False,0,tensorrt,tensorrt,tensorrt,37.56,37.56,26.37,26.62,5.53,10.56,16.09,1196.78,42.9,0.0,1196.78,42.9,0.0,118.43,51.8,3.32,173.56,0.4512,False,False
1780820364.7979922,kherson_drone_rescue,kherson_drone_rescue.mp4,143,50.0,640,480,combined,detect_combined,Flooded,deeplabv3plus,False,False,0,tensorrt,tensorrt,tensorrt,37.4,37.4,26.47,26.74,5.5,10.71,16.21,1196.78,36.0,0.0,1196.78,36.0,0.0,118.43,51.8,3.32,173.56,0.4592,False,False
1780820364.842369,kherson_drone_rescue,kherson_drone_rescue.mp4,144,50.0,640,480,combined,detect_combined,Flooded,deeplabv3plus,False,False,0,tensorrt,tensorrt,tensorrt,37.45,37.45,26.44,26.7,5.5,10.65,16.15,1196.78,38.5,0.0,1196.78,38.5,0.0,118.43,51.8,3.32,173.56,0.4849,False,False
1780820364.889015,kherson_drone_rescue,kherson_drone_rescue.mp4,145,50.0,640,480,combined,detect_combined,Flooded,deeplabv3plus,False,False,0,tensorrt,tensorrt,tensorrt,36.95,36.95,26.8,27.06,5.47,10.61,16.08,1196.77,43.3,0.0,1196.77,43.3,0.0,118.43,51.8,3.32,173.56,0.4568,False,False
1780820364.933576,kherson_drone_rescue,kherson_drone_rescue.mp4,146,50.0,640,480,combined,detect_combined,Flooded,deeplabv3plus,False,False,0,tensorrt,tensorrt,tensorrt,37.86,37.86,26.14,26.41,5.57,10.54,16.11,1196.77,32.0,0.0,1196.77,32.0,0.0,118.43,51.8,3.32,173.56,0.4676,False,False
1780820364.9782104,kherson_drone_rescue,kherson_drone_rescue.mp4,147,50.0,640,480,combined,detect_combined,Flooded,deeplabv3plus,False,False,0,tensorrt,tensorrt,tensorrt,37.42,37.42,26.44,26.72,5.53,10.75,16.28,1196.77,40.0,0.0,1196.77,40.0,0.0,118.43,51.8,3.32,173.56,0.3428,False,False
1780820365.0327156,kherson_drone_rescue,kherson_drone_rescue.mp4,148,50.0,640,480,combined,detect_combined,Flooded,deeplabv3plus,False,False,0,tensorrt,tensorrt,tensorrt,27.77,27.77,35.72,36.0,5.39,10.87,16.259999999999998,1196.77,61.8,0.0,1196.77,61.8,0.0,118.43,51.8,3.32,173.56,0.4218,False,False
1780820365.085482,kherson_drone_rescue,kherson_drone_rescue.mp4,149,50.0,640,480,combined,detect_combined,Flooded,deeplabv3plus,False,False,0,tensorrt,tensorrt,tensorrt,30.34,30.34,32.68,32.96,5.6,15.92,21.52,1196.77,39.3,0.0,1196.77,39.3,0.0,118.43,51.8,3.32,173.56,0.4012,False,False
1780820365.1330523,kherson_drone_rescue,kherson_drone_rescue.mp4,150,50.0,640,480,combined,detect_combined,Flooded,deeplabv3plus,False,False,0,tensorrt,tensorrt,tensorrt,36.77,36.77,26.91,27.19,5.6,10.95,16.549999999999997,1196.77,25.0,0.0,1196.77,25.0,0.0,118.43,51.8,3.32,173.56,0.3914,False,False
1780820365.1804063,kherson_drone_rescue,kherson_drone_rescue.mp4,151,50.0,640,480,combined,detect_combined,Flooded,deeplabv3plus,False,False,0,tensorrt,tensorrt,tensorrt,36.98,36.98,26.77,27.04,5.58,10.91,16.490000000000002,1196.77,19.2,0.0,1196.77,19.2,0.0,118.43,51.8,3.32,173.56,0.4552,False,False
1780820365.2273054,kherson_drone_rescue,kherson_drone_rescue.mp4,152,50.0,640,480,combined,detect_combined,Flooded,deeplabv3plus,False,False,0,tensorrt,tensorrt,tensorrt,37.64,37.64,26.31,26.57,5.55,10.72,16.27,1196.77,22.2,0.0,1196.77,22.2,0.0,118.43,51.8,3.32,173.56,0.4682,False,False
1780820365.2732174,kherson_drone_rescue,kherson_drone_rescue.mp4,153,50.0,640,480,combined,detect_combined,Flooded,deeplabv3plus,False,False,0,tensorrt,tensorrt,tensorrt,37.44,37.44,26.43,26.71,5.6,10.7,16.299999999999997,1196.77,12.0,0.0,1196.77,12.0,0.0,118.43,51.8,3.32,173.56,0.4034,False,False
1780820365.3188038,kherson_drone_rescue,kherson_drone_rescue.mp4,154,50.0,640,480,combined,detect_combined,Flooded,deeplabv3plus,False,False,0,tensorrt,tensorrt,tensorrt,38.0,38.0,26.05,26.32,5.56,10.56,16.12,1196.77,16.0,0.0,1196.77,16.0,0.0,118.43,51.8,3.32,173.56,0.3963,False,False
1780820365.364188,kherson_drone_rescue,kherson_drone_rescue.mp4,155,50.0,640,480,combined,detect_combined,Flooded,deeplabv3plus,False,False,0,tensorrt,tensorrt,tensorrt,38.08,38.08,25.99,26.26,5.53,10.5,16.03,1196.77,22.2,0.0,1196.77,22.2,0.0,118.43,51.8,3.32,173.56,0.5307,False,False
1780820365.409696,kherson_drone_rescue,kherson_drone_rescue.mp4,156,50.0,640,480,combined,detect_combined,Flooded,deeplabv3plus,False,False,0,tensorrt,tensorrt,tensorrt,37.68,37.68,26.28,26.54,5.56,10.66,16.22,1196.77,15.4,0.0,1196.77,15.4,0.0,118.43,51.8,3.32,173.56,0.5007,False,False
1780820365.458191,kherson_drone_rescue,kherson_drone_rescue.mp4,157,50.0,640,480,combined,detect_combined,Flooded,deeplabv3plus,False,False,0,tensorrt,tensorrt,tensorrt,36.0,36.0,27.52,27.78,6.72,10.73,17.45,1196.77,32.3,0.0,1196.77,32.3,0.0,118.43,51.8,3.32,173.56,0.5051,False,False
1780820365.5022092,kherson_drone_rescue,kherson_drone_rescue.mp4,158,50.0,640,480,combined,detect_combined,Flooded,deeplabv3plus,False,False,0,tensorrt,tensorrt,tensorrt,37.95,37.95,26.09,26.35,5.58,10.48,16.060000000000002,1196.77,16.0,0.0,1196.77,16.0,0.0,118.43,51.8,3.32,173.56,0.472,False,False
1780820365.5465283,kherson_drone_rescue,kherson_drone_rescue.mp4,159,50.0,640,480,combined,detect_combined,Flooded,deeplabv3plus,False,False,0,tensorrt,tensorrt,tensorrt,38.17,38.17,25.95,26.2,5.49,10.45,15.94,1196.77,16.0,0.0,1196.77,16.0,0.0,118.43,51.8,3.32,173.56,0.4844,False,False
1780820365.5909078,kherson_drone_rescue,kherson_drone_rescue.mp4,160,50.0,640,480,combined,detect_combined,Flooded,deeplabv3plus,False,False,0,tensorrt,tensorrt,tensorrt,38.08,38.08,26.01,26.26,5.51,10.67,16.18,1196.76,19.2,0.0,1196.76,19.2,0.0,118.43,51.8,3.32,173.56,0.42,False,False
1780820365.635089,kherson_drone_rescue,kherson_drone_rescue.mp4,161,50.0,640,480,combined,detect_combined,Flooded,deeplabv3plus,False,False,0,tensorrt,tensorrt,tensorrt,38.47,38.47,25.73,25.99,5.51,10.38,15.89,1196.76,15.4,0.0,1196.76,15.4,0.0,118.43,51.8,3.32,173.56,0.483,False,False
1780820365.6800363,kherson_drone_rescue,kherson_drone_rescue.mp4,162,50.0,640,480,combined,detect_combined,Flooded,deeplabv3plus,False,False,0,tensorrt,tensorrt,tensorrt,37.59,37.59,26.32,26.6,5.51,10.64,16.15,1196.76,19.2,0.0,1196.76,19.2,0.0,118.43,51.8,3.32,173.56,0.5253,False,False
1780820365.7244518,kherson_drone_rescue,kherson_drone_rescue.mp4,163,50.0,640,480,combined,detect_combined,Flooded,deeplabv3plus,False,False,0,tensorrt,tensorrt,tensorrt,38.18,38.18,25.93,26.19,5.51,10.45,15.959999999999999,1196.76,22.2,0.0,1196.76,22.2,0.0,118.43,51.8,3.32,173.56,0.5122,False,False
1780820365.767943,kherson_drone_rescue,kherson_drone_rescue.mp4,164,50.0,640,480,combined,detect_combined,Flooded,deeplabv3plus,False,False,0,tensorrt,tensorrt,tensorrt,38.24,38.24,25.9,26.15,5.53,10.43,15.96,1196.76,13.0,0.0,1196.76,13.0,0.0,118.43,51.8,3.32,173.56,0.4737,False,False
1780820365.8129957,kherson_drone_rescue,kherson_drone_rescue.mp4,165,50.0,640,480,combined,detect_combined,Flooded,deeplabv3plus,False,False,0,tensorrt,tensorrt,tensorrt,37.33,37.33,26.54,26.79,5.54,10.78,16.32,1196.76,20.0,0.0,1196.76,20.0,0.0,118.43,51.8,3.32,173.56,0.5304,False,False
1780820365.8581634,kherson_drone_rescue,kherson_drone_rescue.mp4,166,50.0,640,480,combined,detect_combined,Flooded,deeplabv3plus,False,False,0,tensorrt,tensorrt,tensorrt,38.29,38.29,25.86,26.12,5.53,10.42,15.95,1196.76,18.5,0.0,1196.76,18.5,0.0,118.43,51.8,3.32,173.56,0.4362,False,False
1780820365.904281,kherson_drone_rescue,kherson_drone_rescue.mp4,167,50.0,640,480,combined,detect_combined,Flooded,deeplabv3plus,False,False,0,tensorrt,tensorrt,tensorrt,38.0,38.0,26.05,26.31,5.47,10.53,16.0,1196.76,19.2,0.0,1196.76,19.2,0.0,118.43,51.8,3.32,173.56,0.4701,False,False
1780820365.9491713,kherson_drone_rescue,kherson_drone_rescue.mp4,168,50.0,640,480,combined,detect_combined,Flooded,deeplabv3plus,False,False,0,tensorrt,tensorrt,tensorrt,37.85,37.85,26.18,26.42,5.62,10.46,16.080000000000002,1196.76,25.0,0.0,1196.76,25.0,0.0,118.43,51.8,3.32,173.56,0.4397,False,False
1780820365.9948018,kherson_drone_rescue,kherson_drone_rescue.mp4,169,50.0,640,480,combined,detect_combined,Flooded,deeplabv3plus,False,False,0,tensorrt,tensorrt,tensorrt,38.49,38.49,25.74,25.98,5.44,10.47,15.91,1196.76,21.4,0.0,1196.76,21.4,0.0,118.43,51.8,3.32,173.56,0.4184,False,False
1780820366.0428753,kherson_drone_rescue,kherson_drone_rescue.mp4,170,50.0,640,480,combined,detect_combined,Flooded,deeplabv3plus,False,False,0,tensorrt,tensorrt,tensorrt,34.0,34.0,29.15,29.41,5.51,12.93,18.439999999999998,1196.76,19.2,0.0,1196.76,19.2,0.0,118.43,51.8,3.32,173.56,0.4863,False,False
1780820366.089118,kherson_drone_rescue,kherson_drone_rescue.mp4,171,50.0,640,480,combined,detect_combined,Flooded,deeplabv3plus,False,False,0,tensorrt,tensorrt,tensorrt,37.35,37.35,26.51,26.78,5.57,10.65,16.22,1196.75,18.5,0.0,1196.75,18.5,0.0,118.43,51.8,3.32,173.56,0.4879,False,False
1780820366.1335046,kherson_drone_rescue,kherson_drone_rescue.mp4,172,50.0,640,480,combined,detect_combined,Flooded,deeplabv3plus,False,False,0,tensorrt,tensorrt,tensorrt,37.47,37.47,26.43,26.69,5.58,10.63,16.21,1196.75,24.0,0.0,1196.75,24.0,0.0,118.43,51.8,3.32,173.56,0.4332,False,False
1780820366.1795013,kherson_drone_rescue,kherson_drone_rescue.mp4,173,50.0,640,480,combined,detect_combined,Flooded,deeplabv3plus,False,False,0,tensorrt,tensorrt,tensorrt,37.91,37.91,26.1,26.38,5.55,10.55,16.1,1196.75,41.4,0.0,1196.75,41.4,0.0,118.43,51.8,3.32,173.56,0.4303,False,False
1780820366.2251866,kherson_drone_rescue,kherson_drone_rescue.mp4,174,50.0,640,480,combined,detect_combined,Flooded,deeplabv3plus,False,False,0,tensorrt,tensorrt,tensorrt,36.69,36.69,26.97,27.25,5.46,10.72,16.18,1196.75,34.6,0.0,1196.75,34.6,0.0,118.43,51.8,3.32,173.56,0.4077,False,False
1780820366.2714136,kherson_drone_rescue,kherson_drone_rescue.mp4,175,50.0,640,480,combined,detect_combined,Flooded,deeplabv3plus,False,False,0,tensorrt,tensorrt,tensorrt,36.4,36.4,27.18,27.47,6.72,10.46,17.18,1196.75,34.6,0.0,1196.75,34.6,0.0,118.43,51.8,3.32,173.56,0.4375,False,False
1780820366.3168776,kherson_drone_rescue,kherson_drone_rescue.mp4,176,50.0,640,480,combined,detect_combined,Flooded,deeplabv3plus,False,False,0,tensorrt,tensorrt,tensorrt,37.73,37.73,26.23,26.51,5.53,10.59,16.12,1196.75,30.8,0.0,1196.75,30.8,0.0,118.43,51.8,3.32,173.56,0.532,False,False
1780820366.362153,kherson_drone_rescue,kherson_drone_rescue.mp4,177,50.0,640,480,combined,detect_combined,Flooded,deeplabv3plus,False,False,0,tensorrt,tensorrt,tensorrt,37.43,37.43,26.42,26.72,5.55,10.66,16.21,1196.75,38.5,0.0,1196.75,38.5,0.0,118.43,51.8,3.32,173.56,0.4426,False,False
1780820366.4080126,kherson_drone_rescue,kherson_drone_rescue.mp4,178,50.0,640,480,combined,detect_combined,Flooded,deeplabv3plus,False,False,0,tensorrt,tensorrt,tensorrt,36.84,36.84,26.84,27.14,5.51,10.96,16.47,1196.75,50.0,0.0,1196.75,50.0,0.0,118.43,51.8,3.32,173.56,0.5427,False,False
1780820366.4570503,kherson_drone_rescue,kherson_drone_rescue.mp4,179,50.0,640,480,combined,detect_combined,Flooded,deeplabv3plus,False,False,0,tensorrt,tensorrt,tensorrt,34.37,34.37,28.8,29.09,5.64,12.78,18.419999999999998,1196.74,37.0,0.0,1196.74,37.0,0.0,118.43,51.8,3.32,173.56,0.5283,False,False
1780820366.5029051,kherson_drone_rescue,kherson_drone_rescue.mp4,180,50.0,640,480,combined,detect_combined,Flooded,deeplabv3plus,False,False,0,tensorrt,tensorrt,tensorrt,36.95,36.95,26.79,27.06,5.56,10.59,16.15,1196.74,35.7,0.0,1196.74,35.7,0.0,118.43,51.8,3.32,173.56,0.5238,False,False
1780820366.5504334,kherson_drone_rescue,kherson_drone_rescue.mp4,181,50.0,640,480,combined,detect_combined,Flooded,deeplabv3plus,False,False,0,tensorrt,tensorrt,tensorrt,37.61,37.61,26.32,26.59,5.64,10.73,16.37,1196.74,41.4,0.0,1196.74,41.4,0.0,118.43,51.8,3.32,173.56,0.5058,False,False
1780820366.5943394,kherson_drone_rescue,kherson_drone_rescue.mp4,182,50.0,640,480,combined,detect_combined,Flooded,deeplabv3plus,False,False,0,tensorrt,tensorrt,tensorrt,38.26,38.26,25.81,26.14,5.5,10.4,15.9,1196.74,26.9,0.0,1196.74,26.9,0.0,118.43,51.8,3.32,173.56,0.524,False,False
1780820366.6379879,kherson_drone_rescue,kherson_drone_rescue.mp4,183,50.0,640,480,combined,detect_combined,Flooded,deeplabv3plus,False,False,0,tensorrt,tensorrt,tensorrt,38.26,38.26,25.88,26.14,5.48,10.4,15.88,1196.74,23.1,0.0,1196.74,23.1,0.0,118.43,51.8,3.32,173.56,0.5179,False,False
1780820366.6819365,kherson_drone_rescue,kherson_drone_rescue.mp4,184,50.0,640,480,combined,detect_combined,Flooded,deeplabv3plus,False,False,0,tensorrt,tensorrt,tensorrt,38.36,38.36,25.81,26.07,5.47,10.39,15.86,1196.74,15.4,0.0,1196.74,15.4,0.0,118.43,51.8,3.32,173.56,0.466,False,False
1780820366.726726,kherson_drone_rescue,kherson_drone_rescue.mp4,185,50.0,640,480,combined,detect_combined,Flooded,deeplabv3plus,False,False,0,tensorrt,tensorrt,tensorrt,37.33,37.33,26.51,26.79,5.53,10.9,16.43,1197.0,19.2,0.0,1197.0,19.2,0.0,118.43,51.8,3.32,173.56,0.4989,False,False
1780820366.7709045,kherson_drone_rescue,kherson_drone_rescue.mp4,186,50.0,640,480,combined,detect_combined,Flooded,deeplabv3plus,False,False,0,tensorrt,tensorrt,tensorrt,38.37,38.37,25.8,26.06,5.48,10.47,15.950000000000001,1196.99,18.5,0.0,1196.99,18.5,0.0,118.43,51.8,3.32,173.56,0.4703,False,False
1780820366.8149245,kherson_drone_rescue,kherson_drone_rescue.mp4,187,50.0,640,480,combined,detect_combined,Flooded,deeplabv3plus,False,False,0,tensorrt,tensorrt,tensorrt,38.61,38.61,25.63,25.9,5.49,10.4,15.89,1196.98,12.0,0.0,1196.98,12.0,0.0,118.43,51.8,3.32,173.56,0.4562,False,False
1780820366.8604636,kherson_drone_rescue,kherson_drone_rescue.mp4,188,50.0,640,480,combined,detect_combined,Flooded,deeplabv3plus,False,False,0,tensorrt,tensorrt,tensorrt,36.64,36.64,27.01,27.29,5.7,10.53,16.23,1196.96,46.7,0.0,1196.96,46.7,0.0,118.43,51.8,3.32,173.56,0.4593,False,False
1780820366.9038756,kherson_drone_rescue,kherson_drone_rescue.mp4,189,50.0,640,480,combined,detect_combined,Flooded,deeplabv3plus,False,False,0,tensorrt,tensorrt,tensorrt,38.83,38.83,25.5,25.75,5.46,10.29,15.75,1196.95,8.7,0.0,1196.95,8.7,0.0,118.43,51.8,3.32,173.56,0.4446,False,False
1780820366.9492784,kherson_drone_rescue,kherson_drone_rescue.mp4,190,50.0,640,480,combined,detect_combined,Flooded,deeplabv3plus,False,False,0,tensorrt,tensorrt,tensorrt,36.03,36.03,27.48,27.75,5.61,10.5,16.11,1196.94,20.0,0.0,1196.94,20.0,0.0,118.43,51.8,3.32,173.56,0.4297,False,False
1780820366.994276,kherson_drone_rescue,kherson_drone_rescue.mp4,191,50.0,640,480,combined,detect_combined,Flooded,deeplabv3plus,False,False,0,tensorrt,tensorrt,tensorrt,37.1,37.1,26.71,26.95,5.53,10.58,16.11,1196.93,22.2,0.0,1196.93,22.2,0.0,118.43,51.8,3.32,173.56,0.3922,False,False
1780820367.0382402,kherson_drone_rescue,kherson_drone_rescue.mp4,192,50.0,640,480,combined,detect_combined,Flooded,deeplabv3plus,False,False,0,tensorrt,tensorrt,tensorrt,38.14,38.14,25.95,26.22,5.45,10.45,15.899999999999999,1196.91,16.0,0.0,1196.91,16.0,0.0,118.43,51.8,3.32,173.56,0.4181,False,False
1780820367.0830967,kherson_drone_rescue,kherson_drone_rescue.mp4,193,50.0,640,480,combined,detect_combined,Flooded,deeplabv3plus,False,False,0,tensorrt,tensorrt,tensorrt,38.43,38.43,25.77,26.02,5.43,10.44,15.87,1196.9,27.6,0.0,1196.9,27.6,0.0,118.43,51.8,3.32,173.56,0.3811,False,False
1780820367.126189,kherson_drone_rescue,kherson_drone_rescue.mp4,194,50.0,640,480,combined,detect_combined,Flooded,deeplabv3plus,False,False,0,tensorrt,tensorrt,tensorrt,38.55,38.55,25.69,25.94,5.44,10.3,15.740000000000002,1196.89,22.2,0.0,1196.89,22.2,0.0,118.43,51.8,3.32,173.56,0.3592,False,False
1780820367.1699765,kherson_drone_rescue,kherson_drone_rescue.mp4,195,50.0,640,480,combined,detect_combined,Flooded,deeplabv3plus,False,False,0,tensorrt,tensorrt,tensorrt,38.47,38.47,25.75,26.0,5.51,10.32,15.83,1196.89,20.0,0.0,1196.89,20.0,0.0,118.43,51.8,3.32,173.56,0.4067,False,False
1780820367.2155156,kherson_drone_rescue,kherson_drone_rescue.mp4,196,50.0,640,480,combined,detect_combined,Flooded,deeplabv3plus,False,False,0,tensorrt,tensorrt,tensorrt,35.9,35.9,27.6,27.85,7.15,10.57,17.72,1196.89,16.0,0.0,1196.89,16.0,0.0,118.43,51.8,3.32,173.56,0.3815,False,False
1780820367.259544,kherson_drone_rescue,kherson_drone_rescue.mp4,197,50.0,640,480,combined,detect_combined,Flooded,deeplabv3plus,False,False,0,tensorrt,tensorrt,tensorrt,38.49,38.49,25.73,25.98,5.53,10.38,15.91,1196.89,23.1,0.0,1196.89,23.1,0.0,118.43,51.8,3.32,173.56,0.3539,False,False
1780820367.3036354,kherson_drone_rescue,kherson_drone_rescue.mp4,198,50.0,640,480,combined,detect_combined,Flooded,deeplabv3plus,False,False,0,tensorrt,tensorrt,tensorrt,38.5,38.5,25.71,25.97,5.5,10.44,15.94,1196.89,16.0,0.0,1196.89,16.0,0.0,118.43,51.8,3.32,173.56,0.3366,False,False
1780820367.3479168,kherson_drone_rescue,kherson_drone_rescue.mp4,199,50.0,640,480,combined,detect_combined,Flooded,deeplabv3plus,False,False,0,tensorrt,tensorrt,tensorrt,37.98,37.98,26.06,26.33,5.51,10.59,16.1,1196.89,12.0,0.0,1196.89,12.0,0.0,118.43,51.8,3.32,173.56,0.3685,False,False
1780820367.3918989,kherson_drone_rescue,kherson_drone_rescue.mp4,200,50.0,640,480,combined,detect_combined,Flooded,deeplabv3plus,False,False,0,tensorrt,tensorrt,tensorrt,38.06,38.06,26.01,26.28,5.52,10.48,16.0,1196.89,12.0,0.0,1196.89,12.0,0.0,118.43,51.8,3.32,173.56,0.5021,False,False
1780820367.4376383,kherson_drone_rescue,kherson_drone_rescue.mp4,201,50.0,640,480,combined,detect_combined,Flooded,deeplabv3plus,False,False,0,tensorrt,tensorrt,tensorrt,37.92,37.92,26.11,26.37,5.52,10.54,16.06,1196.89,14.8,0.0,1196.89,14.8,0.0,118.43,51.8,3.32,173.56,0.4859,False,False
1780820367.4819727,kherson_drone_rescue,kherson_drone_rescue.mp4,202,50.0,640,480,combined,detect_combined,Flooded,deeplabv3plus,False,False,0,tensorrt,tensorrt,tensorrt,37.73,37.73,26.25,26.51,5.54,10.55,16.09,1196.89,23.1,0.0,1196.89,23.1,0.0,118.43,51.8,3.32,173.56,0.5443,False,False
1780820367.5370822,kherson_drone_rescue,kherson_drone_rescue.mp4,203,50.0,640,480,combined,detect_combined,Flooded,deeplabv3plus,False,False,0,tensorrt,tensorrt,tensorrt,28.31,28.31,35.04,35.33,5.42,10.79,16.21,1196.89,46.9,0.0,1196.89,46.9,0.0,118.43,51.8,3.32,173.56,0.4532,False,False
1780820367.587209,kherson_drone_rescue,kherson_drone_rescue.mp4,204,50.0,640,480,combined,detect_combined,Flooded,deeplabv3plus,False,False,0,tensorrt,tensorrt,tensorrt,33.84,33.84,29.28,29.55,5.61,12.32,17.93,1196.89,27.6,0.0,1196.89,27.6,0.0,118.43,51.8,3.32,173.56,0.4807,False,False
1780820367.634306,kherson_drone_rescue,kherson_drone_rescue.mp4,205,50.0,640,480,combined,detect_combined,Flooded,deeplabv3plus,False,False,0,tensorrt,tensorrt,tensorrt,36.37,36.37,27.23,27.5,5.56,10.56,16.12,1196.84,25.0,0.0,1196.84,25.0,0.0,118.43,51.8,3.32,173.56,0.5778,False,False
1780820367.6798842,kherson_drone_rescue,kherson_drone_rescue.mp4,206,50.0,640,480,combined,detect_combined,Flooded,deeplabv3plus,False,False,0,tensorrt,tensorrt,tensorrt,37.86,37.86,26.15,26.41,5.48,10.65,16.130000000000003,1196.84,19.2,0.0,1196.84,19.2,0.0,118.43,51.8,3.32,173.56,0.609,False,False
1780820367.7250435,kherson_drone_rescue,kherson_drone_rescue.mp4,207,50.0,640,480,combined,detect_combined,Flooded,deeplabv3plus,False,False,0,tensorrt,tensorrt,tensorrt,38.29,38.29,25.85,26.12,5.54,10.46,16.0,1196.83,19.2,0.0,1196.83,19.2,0.0,118.43,51.8,3.32,173.56,0.5181,False,False
1780820367.770566,kherson_drone_rescue,kherson_drone_rescue.mp4,208,50.0,640,480,combined,detect_combined,Flooded,deeplabv3plus,False,False,0,tensorrt,tensorrt,tensorrt,37.89,37.89,26.11,26.39,5.54,10.45,15.989999999999998,1196.83,37.0,0.0,1196.83,37.0,0.0,118.43,51.8,3.32,173.56,0.3907,False,False
1780820367.8153603,kherson_drone_rescue,kherson_drone_rescue.mp4,209,50.0,640,480,combined,detect_combined,Flooded,deeplabv3plus,False,False,0,tensorrt,tensorrt,tensorrt,38.19,38.19,25.91,26.19,5.49,10.42,15.91,1196.83,38.5,0.0,1196.83,38.5,0.0,118.43,51.8,3.32,173.56,0.3779,False,False
1780820367.8605137,kherson_drone_rescue,kherson_drone_rescue.mp4,210,50.0,640,480,combined,detect_combined,Flooded,deeplabv3plus,False,False,0,tensorrt,tensorrt,tensorrt,37.73,37.73,26.23,26.5,5.47,10.56,16.03,1196.83,38.5,0.0,1196.83,38.5,0.0,118.43,51.8,3.32,173.56,0.4286,False,False
1780820367.9053295,kherson_drone_rescue,kherson_drone_rescue.mp4,211,50.0,640,480,combined,detect_combined,Flooded,deeplabv3plus,False,False,0,tensorrt,tensorrt,tensorrt,38.01,38.01,26.04,26.31,5.51,10.41,15.92,1196.83,32.0,0.0,1196.83,32.0,0.0,118.43,51.8,3.32,173.56,0.519,False,False
1780820367.9529107,kherson_drone_rescue,kherson_drone_rescue.mp4,212,50.0,640,480,combined,detect_combined,Flooded,deeplabv3plus,False,False,0,tensorrt,tensorrt,tensorrt,34.51,34.51,28.7,28.98,5.49,12.84,18.33,1196.83,39.3,0.0,1196.83,39.3,0.0,118.43,51.8,3.32,173.56,0.5046,False,False
1780820367.9978228,kherson_drone_rescue,kherson_drone_rescue.mp4,213,50.0,640,480,combined,detect_combined,Flooded,deeplabv3plus,False,False,0,tensorrt,tensorrt,tensorrt,37.88,37.88,26.14,26.4,5.52,10.5,16.02,1196.83,40.0,0.0,1196.83,40.0,0.0,118.43,51.8,3.32,173.56,0.4712,False,False
1780820368.0422745,kherson_drone_rescue,kherson_drone_rescue.mp4,214,50.0,640,480,combined,detect_combined,Flooded,deeplabv3plus,False,False,0,tensorrt,tensorrt,tensorrt,38.09,38.09,25.98,26.25,5.49,10.5,15.99,1196.83,36.0,0.0,1196.83,36.0,0.0,118.43,51.8,3.32,173.56,0.4704,False,False
1780820368.086869,kherson_drone_rescue,kherson_drone_rescue.mp4,215,50.0,640,480,combined,detect_combined,Flooded,deeplabv3plus,False,False,0,tensorrt,tensorrt,tensorrt,37.88,37.88,26.13,26.4,5.48,10.56,16.04,1196.83,33.3,0.0,1196.83,33.3,0.0,118.43,51.8,3.32,173.56,0.4261,False,False
1780820368.1319706,kherson_drone_rescue,kherson_drone_rescue.mp4,216,50.0,640,480,combined,detect_combined,Flooded,deeplabv3plus,False,False,0,tensorrt,tensorrt,tensorrt,37.32,37.32,26.52,26.79,5.49,10.84,16.33,1196.82,38.5,0.0,1196.82,38.5,0.0,118.43,51.8,3.32,173.56,0.4654,False,False
1780820368.1781194,kherson_drone_rescue,kherson_drone_rescue.mp4,217,50.0,640,480,combined,detect_combined,Flooded,deeplabv3plus,False,False,0,tensorrt,tensorrt,tensorrt,38.06,38.06,26.01,26.28,5.49,10.49,15.98,1196.82,30.8,0.0,1196.82,30.8,0.0,118.43,51.8,3.32,173.56,0.4375,False,False
1780820368.222265,kherson_drone_rescue,kherson_drone_rescue.mp4,218,50.0,640,480,combined,detect_combined,Flooded,deeplabv3plus,False,False,0,tensorrt,tensorrt,tensorrt,37.95,37.95,26.07,26.35,5.49,10.72,16.21,1196.82,27.6,0.0,1196.82,27.6,0.0,118.43,51.8,3.32,173.56,0.4988,False,False
1780820368.2664058,kherson_drone_rescue,kherson_drone_rescue.mp4,219,50.0,640,480,combined,detect_combined,Flooded,deeplabv3plus,False,False,0,tensorrt,tensorrt,tensorrt,38.3,38.3,25.85,26.11,5.47,10.5,15.969999999999999,1196.82,16.0,0.0,1196.82,16.0,0.0,118.43,51.8,3.32,173.56,0.4576,False,False
1780820368.311166,kherson_drone_rescue,kherson_drone_rescue.mp4,220,50.0,640,480,combined,detect_combined,Flooded,deeplabv3plus,False,False,0,tensorrt,tensorrt,tensorrt,38.33,38.33,25.84,26.09,5.46,10.4,15.86,1197.08,16.0,0.0,1197.08,16.0,0.0,118.43,51.8,3.32,173.56,0.4572,False,False
1780820368.3555954,kherson_drone_rescue,kherson_drone_rescue.mp4,221,50.0,640,480,combined,detect_combined,Flooded,deeplabv3plus,False,False,0,tensorrt,tensorrt,tensorrt,38.39,38.39,25.79,26.05,5.48,10.47,15.950000000000001,1197.08,22.2,0.0,1197.08,22.2,0.0,118.43,51.8,3.32,173.56,0.4304,False,False
1780820368.399591,kherson_drone_rescue,kherson_drone_rescue.mp4,222,50.0,640,480,combined,detect_combined,Flooded,deeplabv3plus,False,False,0,tensorrt,tensorrt,tensorrt,38.58,38.58,25.68,25.92,5.46,10.37,15.829999999999998,1197.08,19.2,0.0,1197.08,19.2,0.0,118.43,51.8,3.32,173.56,0.4628,False,False
1780820368.4430604,kherson_drone_rescue,kherson_drone_rescue.mp4,223,50.0,640,480,combined,detect_combined,Flooded,deeplabv3plus,False,False,0,tensorrt,tensorrt,tensorrt,38.69,38.69,25.61,25.84,5.43,10.38,15.81,1197.08,20.0,0.0,1197.08,20.0,0.0,118.43,51.8,3.32,173.56,0.4762,False,False
1780820368.4861307,kherson_drone_rescue,kherson_drone_rescue.mp4,224,50.0,640,480,combined,detect_combined,Flooded,deeplabv3plus,False,False,0,tensorrt,tensorrt,tensorrt,38.79,38.79,25.48,25.78,5.46,10.24,15.7,1197.08,19.2,0.0,1197.08,19.2,0.0,118.43,51.8,3.32,173.56,0.4529,False,False
1780820368.5298445,kherson_drone_rescue,kherson_drone_rescue.mp4,225,50.0,640,480,combined,detect_combined,Flooded,deeplabv3plus,False,False,0,tensorrt,tensorrt,tensorrt,37.56,37.56,26.38,26.62,5.47,10.4,15.870000000000001,1197.08,16.7,0.0,1197.08,16.7,0.0,118.43,51.8,3.32,173.56,0.4952,False,False
1780820368.57464,kherson_drone_rescue,kherson_drone_rescue.mp4,226,50.0,640,480,combined,detect_combined,Flooded,deeplabv3plus,False,False,0,tensorrt,tensorrt,tensorrt,38.38,38.38,25.77,26.06,5.49,10.36,15.85,1197.08,19.2,0.0,1197.08,19.2,0.0,118.43,51.8,3.32,173.56,0.5266,False,False
1780820368.6182585,kherson_drone_rescue,kherson_drone_rescue.mp4,227,50.0,640,480,combined,detect_combined,Flooded,deeplabv3plus,False,False,0,tensorrt,tensorrt,tensorrt,38.56,38.56,25.64,25.94,5.5,10.36,15.86,1197.08,23.1,0.0,1197.08,23.1,0.0,118.43,51.8,3.32,173.56,0.5287,False,False
1780820368.661969,kherson_drone_rescue,kherson_drone_rescue.mp4,228,50.0,640,480,combined,detect_combined,Flooded,deeplabv3plus,False,False,0,tensorrt,tensorrt,tensorrt,38.42,38.42,25.77,26.03,5.49,10.3,15.790000000000001,1197.08,22.2,0.0,1197.08,22.2,0.0,118.43,51.8,3.32,173.56,0.5331,False,False
1780820368.7072165,kherson_drone_rescue,kherson_drone_rescue.mp4,229,50.0,640,480,combined,detect_combined,Flooded,deeplabv3plus,False,False,0,tensorrt,tensorrt,tensorrt,38.77,38.77,25.54,25.79,5.54,10.23,15.77,1197.08,22.2,0.0,1197.08,22.2,0.0,118.43,51.8,3.32,173.56,0.5129,False,False
1780820368.750359,kherson_drone_rescue,kherson_drone_rescue.mp4,230,50.0,640,480,combined,detect_combined,Flooded,deeplabv3plus,False,False,0,tensorrt,tensorrt,tensorrt,38.45,38.45,25.72,26.01,5.44,10.36,15.8,1197.08,23.1,0.0,1197.08,23.1,0.0,118.43,51.8,3.32,173.56,0.5,False,False
1780820368.7939236,kherson_drone_rescue,kherson_drone_rescue.mp4,231,50.0,640,480,combined,detect_combined,Flooded,deeplabv3plus,False,False,0,tensorrt,tensorrt,tensorrt,38.75,38.75,25.55,25.81,5.51,10.21,15.72,1197.07,24.0,0.0,1197.07,24.0,0.0,118.43,51.8,3.32,173.56,0.5215,False,False
1780820368.8375926,kherson_drone_rescue,kherson_drone_rescue.mp4,232,50.0,640,480,combined,detect_combined,Flooded,deeplabv3plus,False,False,0,tensorrt,tensorrt,tensorrt,38.42,38.42,25.77,26.03,5.5,10.39,15.89,1197.07,19.2,0.0,1197.07,19.2,0.0,118.43,51.8,3.32,173.56,0.5276,False,False
1780820368.881363,kherson_drone_rescue,kherson_drone_rescue.mp4,233,50.0,640,480,combined,detect_combined,Flooded,deeplabv3plus,False,False,0,tensorrt,tensorrt,tensorrt,38.59,38.59,25.67,25.91,5.5,10.33,15.83,1197.07,19.2,0.0,1197.07,19.2,0.0,118.43,51.8,3.32,173.56,0.5435,False,False
1780820368.924926,kherson_drone_rescue,kherson_drone_rescue.mp4,234,50.0,640,480,combined,detect_combined,Flooded,deeplabv3plus,False,False,0,tensorrt,tensorrt,tensorrt,38.51,38.51,25.74,25.97,5.48,10.43,15.91,1197.07,23.1,0.0,1197.07,23.1,0.0,118.43,51.8,3.32,173.56,0.5132,False,False
1780820368.970048,kherson_drone_rescue,kherson_drone_rescue.mp4,235,50.0,640,480,combined,detect_combined,Flooded,deeplabv3plus,False,False,0,tensorrt,tensorrt,tensorrt,36.48,36.48,27.15,27.41,7.03,10.31,17.34,1197.07,22.2,0.0,1197.07,22.2,0.0,118.43,51.8,3.32,173.56,0.553,False,False
1780820369.013946,kherson_drone_rescue,kherson_drone_rescue.mp4,236,50.0,640,480,combined,detect_combined,Flooded,deeplabv3plus,False,False,0,tensorrt,tensorrt,tensorrt,38.65,38.65,25.61,25.87,5.5,10.21,15.71,1197.07,16.0,0.0,1197.07,16.0,0.0,118.43,51.8,3.32,173.56,0.5452,False,False
1780820369.058378,kherson_drone_rescue,kherson_drone_rescue.mp4,237,50.0,640,480,combined,detect_combined,Flooded,deeplabv3plus,False,False,0,tensorrt,tensorrt,tensorrt,38.8,38.8,25.52,25.77,5.45,10.31,15.760000000000002,1197.07,19.2,0.0,1197.07,19.2,0.0,118.43,51.8,3.32,173.56,0.5951,False,False
1780820369.1025445,kherson_drone_rescue,kherson_drone_rescue.mp4,238,50.0,640,480,combined,detect_combined,Flooded,deeplabv3plus,False,False,0,tensorrt,tensorrt,tensorrt,38.91,38.91,25.45,25.7,5.45,10.24,15.690000000000001,1197.07,21.4,0.0,1197.07,21.4,0.0,118.43,51.8,3.32,173.56,0.6182,False,False
1780820369.147013,kherson_drone_rescue,kherson_drone_rescue.mp4,239,50.0,640,480,combined,detect_combined,Flooded,deeplabv3plus,False,False,0,tensorrt,tensorrt,tensorrt,38.24,38.24,25.88,26.15,5.48,10.28,15.76,1197.07,32.1,0.0,1197.07,32.1,0.0,118.43,51.8,3.32,173.56,0.6427,False,False
1780820369.1918945,kherson_drone_rescue,kherson_drone_rescue.mp4,240,50.0,640,480,combined,detect_combined,Flooded,deeplabv3plus,False,False,0,tensorrt,tensorrt,tensorrt,37.99,37.99,26.05,26.32,5.48,10.54,16.02,1197.07,36.0,0.0,1197.07,36.0,0.0,118.43,51.8,3.32,173.56,0.6769,False,False
1780820369.2381458,kherson_drone_rescue,kherson_drone_rescue.mp4,241,50.0,640,480,combined,detect_combined,Flooded,deeplabv3plus,False,False,0,tensorrt,tensorrt,tensorrt,37.79,37.79,26.19,26.46,5.51,10.55,16.060000000000002,1197.06,37.0,0.0,1197.06,37.0,0.0,118.43,51.8,3.32,173.56,0.629,False,False
1780820369.2828708,kherson_drone_rescue,kherson_drone_rescue.mp4,242,50.0,640,480,combined,detect_combined,Flooded,deeplabv3plus,False,False,0,tensorrt,tensorrt,tensorrt,37.28,37.28,26.55,26.83,5.59,10.89,16.48,1197.05,42.3,0.0,1197.05,42.3,0.0,118.43,51.8,3.32,173.56,0.6085,False,False
1780820369.3253672,kherson_drone_rescue,kherson_drone_rescue.mp4,243,50.0,640,480,combined,detect_combined,Flooded,deeplabv3plus,False,False,0,tensorrt,tensorrt,tensorrt,38.67,38.67,25.6,25.86,5.51,10.26,15.77,1197.05,38.5,0.0,1197.05,38.5,0.0,118.43,51.8,3.32,173.56,0.6057,False,False
1780820369.367963,kherson_drone_rescue,kherson_drone_rescue.mp4,244,50.0,640,480,combined,detect_combined,Flooded,deeplabv3plus,False,False,0,tensorrt,tensorrt,tensorrt,38.82,38.82,25.51,25.76,5.53,10.24,15.77,1197.05,25.0,0.0,1197.05,25.0,0.0,118.43,51.8,3.32,173.56,0.5909,False,False
1780820369.4110556,kherson_drone_rescue,kherson_drone_rescue.mp4,245,50.0,640,480,combined,detect_combined,Flooded,deeplabv3plus,False,False,0,tensorrt,tensorrt,tensorrt,38.56,38.56,25.67,25.93,5.48,10.3,15.780000000000001,1197.05,41.7,0.0,1197.05,41.7,0.0,118.43,51.8,3.32,173.56,0.5945,False,False
1780820369.4547033,kherson_drone_rescue,kherson_drone_rescue.mp4,246,50.0,640,480,combined,detect_combined,Flooded,deeplabv3plus,False,False,0,tensorrt,tensorrt,tensorrt,38.49,38.49,25.72,25.98,5.45,10.34,15.79,1197.05,37.0,0.0,1197.05,37.0,0.0,118.43,51.8,3.32,173.56,0.6074,False,False
1780820369.4981372,kherson_drone_rescue,kherson_drone_rescue.mp4,247,50.0,640,480,combined,detect_combined,Flooded,deeplabv3plus,False,False,0,tensorrt,tensorrt,tensorrt,38.51,38.51,25.7,25.97,5.48,10.22,15.700000000000001,1197.05,33.3,0.0,1197.05,33.3,0.0,118.43,51.8,3.32,173.56,0.5354,False,False
1780820369.541823,kherson_drone_rescue,kherson_drone_rescue.mp4,248,50.0,640,480,combined,detect_combined,Flooded,deeplabv3plus,False,False,0,tensorrt,tensorrt,tensorrt,38.73,38.73,25.58,25.82,5.51,10.21,15.72,1197.04,23.1,0.0,1197.04,23.1,0.0,118.43,51.8,3.32,173.56,0.5143,False,False
1780820369.5880969,kherson_drone_rescue,kherson_drone_rescue.mp4,249,50.0,640,480,combined,detect_combined,Flooded,deeplabv3plus,False,False,0,tensorrt,tensorrt,tensorrt,35.4,35.4,27.98,28.25,7.98,10.21,18.19,1197.04,15.4,0.0,1197.04,15.4,0.0,118.43,51.8,3.32,173.56,0.5107,False,False
1780820369.6322012,kherson_drone_rescue,kherson_drone_rescue.mp4,250,50.0,640,480,combined,detect_combined,Flooded,deeplabv3plus,False,False,0,tensorrt,tensorrt,tensorrt,38.27,38.27,25.87,26.13,5.57,10.49,16.060000000000002,1197.04,23.1,0.0,1197.04,23.1,0.0,118.43,51.8,3.32,173.56,0.5167,False,False
1780820369.6761062,kherson_drone_rescue,kherson_drone_rescue.mp4,251,50.0,640,480,combined,detect_combined,Flooded,deeplabv3plus,False,False,0,tensorrt,tensorrt,tensorrt,38.74,38.74,25.56,25.82,5.52,10.33,15.85,1197.04,12.0,0.0,1197.04,12.0,0.0,118.43,51.8,3.32,173.56,0.5184,False,False
1780820369.7204428,kherson_drone_rescue,kherson_drone_rescue.mp4,252,50.0,640,480,combined,detect_combined,Flooded,deeplabv3plus,False,False,0,tensorrt,tensorrt,tensorrt,37.91,37.91,26.11,26.38,5.46,10.46,15.920000000000002,1197.04,38.5,0.0,1197.04,38.5,0.0,118.43,51.8,3.32,173.56,0.5191,False,False
1780820369.7667823,kherson_drone_rescue,kherson_drone_rescue.mp4,253,50.0,640,480,combined,detect_combined,Flooded,deeplabv3plus,False,False,0,tensorrt,tensorrt,tensorrt,38.14,38.14,25.95,26.22,5.44,10.58,16.02,1197.04,32.0,0.0,1197.04,32.0,0.0,118.43,51.8,3.32,173.56,0.5293,False,False
1780820369.8108113,kherson_drone_rescue,kherson_drone_rescue.mp4,254,50.0,640,480,combined,detect_combined,Flooded,deeplabv3plus,False,False,0,tensorrt,tensorrt,tensorrt,38.4,38.4,25.78,26.04,5.48,10.43,15.91,1197.04,40.0,0.0,1197.04,40.0,0.0,118.43,51.8,3.32,173.56,0.5718,False,False
1780820369.8550668,kherson_drone_rescue,kherson_drone_rescue.mp4,255,50.0,640,480,combined,detect_combined,Flooded,deeplabv3plus,False,False,0,tensorrt,tensorrt,tensorrt,38.31,38.31,25.84,26.1,5.48,10.33,15.81,1197.04,40.7,0.0,1197.04,40.7,0.0,118.43,51.8,3.32,173.56,0.5811,False,False
1780820369.899751,kherson_drone_rescue,kherson_drone_rescue.mp4,256,50.0,640,480,combined,detect_combined,Flooded,deeplabv3plus,False,False,0,tensorrt,tensorrt,tensorrt,38.03,38.03,26.03,26.3,5.48,10.51,15.99,1197.04,42.3,0.0,1197.04,42.3,0.0,118.43,51.8,3.32,173.56,0.626,False,False
1780820369.944163,kherson_drone_rescue,kherson_drone_rescue.mp4,257,50.0,640,480,combined,detect_combined,Flooded,deeplabv3plus,False,False,0,tensorrt,tensorrt,tensorrt,38.24,38.24,25.88,26.15,5.47,10.46,15.93,1197.04,37.0,0.0,1197.04,37.0,0.0,118.43,51.8,3.32,173.56,0.6147,False,False
1780820369.9981973,kherson_drone_rescue,kherson_drone_rescue.mp4,258,50.0,640,480,combined,detect_combined,Flooded,deeplabv3plus,False,False,0,tensorrt,tensorrt,tensorrt,27.82,27.82,35.68,35.94,5.56,10.65,16.21,1197.04,26.7,0.0,1197.04,26.7,0.0,118.43,51.8,3.32,173.56,0.5692,False,False
1780820370.060731,kherson_drone_rescue,kherson_drone_rescue.mp4,259,50.0,640,480,combined,detect_combined,Flooded,deeplabv3plus,False,False,0,tensorrt,tensorrt,tensorrt,23.39,23.39,42.44,42.76,5.78,11.2,16.98,1197.04,44.7,0.0,1197.04,44.7,0.0,118.43,51.8,3.32,173.56,0.5458,False,False
1780820370.1098945,kherson_drone_rescue,kherson_drone_rescue.mp4,260,50.0,640,480,combined,detect_combined,Flooded,deeplabv3plus,False,False,0,tensorrt,tensorrt,tensorrt,35.67,35.67,27.76,28.04,5.82,11.25,17.07,1197.04,23.1,0.0,1197.04,23.1,0.0,118.43,51.8,3.32,173.56,0.5901,False,False
1780820370.1612258,kherson_drone_rescue,kherson_drone_rescue.mp4,261,50.0,640,480,combined,detect_combined,Flooded,deeplabv3plus,False,False,0,tensorrt,tensorrt,tensorrt,34.14,34.14,29.01,29.29,7.99,10.77,18.759999999999998,1197.04,25.0,0.0,1197.04,25.0,0.0,118.43,51.8,3.32,173.56,0.5827,False,False
1780820370.2074287,kherson_drone_rescue,kherson_drone_rescue.mp4,262,50.0,640,480,combined,detect_combined,Flooded,deeplabv3plus,False,False,0,tensorrt,tensorrt,tensorrt,37.68,37.68,26.27,26.54,5.58,10.6,16.18,1197.04,24.1,0.0,1197.04,24.1,0.0,118.43,51.8,3.32,173.56,0.5916,False,False
1780820370.2533052,kherson_drone_rescue,kherson_drone_rescue.mp4,263,50.0,640,480,combined,detect_combined,Flooded,deeplabv3plus,False,False,0,tensorrt,tensorrt,tensorrt,37.71,37.71,26.25,26.52,5.62,10.5,16.12,1197.04,19.2,0.0,1197.04,19.2,0.0,118.43,51.8,3.32,173.56,0.5953,False,False
1780820370.2984028,kherson_drone_rescue,kherson_drone_rescue.mp4,264,50.0,640,480,combined,detect_combined,Flooded,deeplabv3plus,False,False,0,tensorrt,tensorrt,tensorrt,37.44,37.44,26.45,26.71,5.61,10.73,16.34,1197.04,16.0,0.0,1197.04,16.0,0.0,118.43,51.8,3.32,173.56,0.6384,False,False
1780820370.3464415,kherson_drone_rescue,kherson_drone_rescue.mp4,265,50.0,640,480,combined,detect_combined,Flooded,deeplabv3plus,False,False,0,tensorrt,tensorrt,tensorrt,38.26,38.26,25.88,26.14,5.51,10.4,15.91,1197.04,20.7,0.0,1197.04,20.7,0.0,118.43,51.8,3.32,173.56,0.6213,False,False
1780820370.3921819,kherson_drone_rescue,kherson_drone_rescue.mp4,266,50.0,640,480,combined,detect_combined,Flooded,deeplabv3plus,False,False,0,tensorrt,tensorrt,tensorrt,37.93,37.93,26.09,26.36,5.52,10.55,16.07,1197.04,15.4,0.0,1197.04,15.4,0.0,118.43,51.8,3.32,173.56,0.6004,False,False
1780820370.437495,kherson_drone_rescue,kherson_drone_rescue.mp4,267,50.0,640,480,combined,detect_combined,Flooded,deeplabv3plus,False,False,0,tensorrt,tensorrt,tensorrt,38.08,38.08,26.0,26.26,5.54,10.42,15.96,1197.04,19.2,0.0,1197.04,19.2,0.0,118.43,51.8,3.32,173.56,0.5486,False,False
1780820370.4829226,kherson_drone_rescue,kherson_drone_rescue.mp4,268,50.0,640,480,combined,detect_combined,Flooded,deeplabv3plus,False,False,0,tensorrt,tensorrt,tensorrt,38.44,38.44,25.75,26.02,5.47,10.45,15.919999999999998,1197.04,30.0,0.0,1197.04,30.0,0.0,118.43,51.8,3.32,173.56,0.5977,False,False
1780820370.527223,kherson_drone_rescue,kherson_drone_rescue.mp4,269,50.0,640,480,combined,detect_combined,Flooded,deeplabv3plus,False,False,0,tensorrt,tensorrt,tensorrt,38.92,38.92,25.44,25.7,5.46,10.28,15.739999999999998,1197.04,15.4,0.0,1197.04,15.4,0.0,118.43,51.8,3.32,173.56,0.548,False,False
1780820370.5715134,kherson_drone_rescue,kherson_drone_rescue.mp4,270,50.0,640,480,combined,detect_combined,Flooded,deeplabv3plus,False,False,0,tensorrt,tensorrt,tensorrt,38.44,38.44,25.76,26.02,5.42,10.47,15.89,1197.03,22.2,0.0,1197.03,22.2,0.0,118.43,51.8,3.32,173.56,0.5245,False,False
1780820370.6167436,kherson_drone_rescue,kherson_drone_rescue.mp4,271,50.0,640,480,combined,detect_combined,Flooded,deeplabv3plus,False,False,0,tensorrt,tensorrt,tensorrt,37.26,37.26,26.57,26.84,5.46,10.77,16.23,1197.03,16.7,0.0,1197.03,16.7,0.0,118.43,51.8,3.32,173.56,0.5154,False,False
1780820370.6601892,kherson_drone_rescue,kherson_drone_rescue.mp4,272,50.0,640,480,combined,detect_combined,Flooded,deeplabv3plus,False,False,0,tensorrt,tensorrt,tensorrt,38.41,38.41,25.77,26.03,5.58,10.34,15.92,1197.03,23.1,0.0,1197.03,23.1,0.0,118.43,51.8,3.32,173.56,0.5173,False,False
1780820370.7044554,kherson_drone_rescue,kherson_drone_rescue.mp4,273,50.0,640,480,combined,detect_combined,Flooded,deeplabv3plus,False,False,0,tensorrt,tensorrt,tensorrt,37.63,37.63,26.32,26.58,5.51,10.45,15.959999999999999,1197.03,20.0,0.0,1197.03,20.0,0.0,118.43,51.8,3.32,173.56,0.5262,False,False
1780820370.7482197,kherson_drone_rescue,kherson_drone_rescue.mp4,274,50.0,640,480,combined,detect_combined,Flooded,deeplabv3plus,False,False,0,tensorrt,tensorrt,tensorrt,37.13,37.13,26.65,26.93,5.45,10.45,15.899999999999999,1197.03,30.8,0.0,1197.03,30.8,0.0,118.43,51.8,3.32,173.56,0.4852,False,False
1780820370.792845,kherson_drone_rescue,kherson_drone_rescue.mp4,275,50.0,640,480,combined,detect_combined,Flooded,deeplabv3plus,False,False,0,tensorrt,tensorrt,tensorrt,37.05,37.05,26.72,26.99,5.54,10.48,16.02,1197.03,33.3,0.0,1197.03,33.3,0.0,118.43,51.8,3.32,173.56,0.5257,False,False
1780820370.8397021,kherson_drone_rescue,kherson_drone_rescue.mp4,276,50.0,640,480,combined,detect_combined,Flooded,deeplabv3plus,False,False,0,tensorrt,tensorrt,tensorrt,38.07,38.07,25.99,26.26,5.5,10.58,16.08,1197.03,37.0,0.0,1197.03,37.0,0.0,118.43,51.8,3.32,173.56,0.5094,False,False
1780820370.8859553,kherson_drone_rescue,kherson_drone_rescue.mp4,277,50.0,640,480,combined,detect_combined,Flooded,deeplabv3plus,False,False,0,tensorrt,tensorrt,tensorrt,37.96,37.96,26.07,26.34,5.5,10.49,15.99,1197.03,34.6,0.0,1197.03,34.6,0.0,118.43,51.8,3.32,173.56,0.4844,False,False
1780820370.9303584,kherson_drone_rescue,kherson_drone_rescue.mp4,278,50.0,640,480,combined,detect_combined,Flooded,deeplabv3plus,False,False,0,tensorrt,tensorrt,tensorrt,37.6,37.6,26.33,26.59,5.52,10.57,16.09,1197.03,34.6,0.0,1197.03,34.6,0.0,118.43,51.8,3.32,173.56,0.4974,False,False
1780820370.9763348,kherson_drone_rescue,kherson_drone_rescue.mp4,279,50.0,640,480,combined,detect_combined,Flooded,deeplabv3plus,False,False,0,tensorrt,tensorrt,tensorrt,36.8,36.8,26.87,27.17,5.47,10.64,16.11,1197.03,42.9,0.0,1197.03,42.9,0.0,118.43,51.8,3.32,173.56,0.4852,False,False
1780820371.021053,kherson_drone_rescue,kherson_drone_rescue.mp4,280,50.0,640,480,combined,detect_combined,Flooded,deeplabv3plus,False,False,0,tensorrt,tensorrt,tensorrt,37.72,37.72,26.22,26.51,5.65,10.39,16.04,1197.03,39.3,0.0,1197.03,39.3,0.0,118.43,51.8,3.32,173.56,0.5471,False,False
1780820371.0662923,kherson_drone_rescue,kherson_drone_rescue.mp4,281,50.0,640,480,combined,detect_combined,Flooded,deeplabv3plus,False,False,0,tensorrt,tensorrt,tensorrt,37.87,37.87,26.13,26.4,5.54,10.53,16.07,1197.03,42.3,0.0,1197.03,42.3,0.0,118.43,51.8,3.32,173.56,0.5609,False,False
1780820371.111006,kherson_drone_rescue,kherson_drone_rescue.mp4,282,50.0,640,480,combined,detect_combined,Flooded,deeplabv3plus,False,False,0,tensorrt,tensorrt,tensorrt,37.92,37.92,26.09,26.37,5.48,10.58,16.060000000000002,1197.03,37.0,0.0,1197.03,37.0,0.0,118.43,51.8,3.32,173.56,0.5772,False,False
1780820371.155015,kherson_drone_rescue,kherson_drone_rescue.mp4,283,50.0,640,480,combined,detect_combined,Flooded,deeplabv3plus,False,False,0,tensorrt,tensorrt,tensorrt,38.13,38.13,25.96,26.22,5.51,10.57,16.08,1197.03,34.6,0.0,1197.03,34.6,0.0,118.43,51.8,3.32,173.56,0.5364,False,False
1780820371.198997,kherson_drone_rescue,kherson_drone_rescue.mp4,284,50.0,640,480,combined,detect_combined,Flooded,deeplabv3plus,False,False,0,tensorrt,tensorrt,tensorrt,38.75,38.75,25.56,25.8,5.47,10.32,15.79,1197.03,26.9,0.0,1197.03,26.9,0.0,118.43,51.8,3.32,173.56,0.5626,False,False
1780820371.2427192,kherson_drone_rescue,kherson_drone_rescue.mp4,285,50.0,640,480,combined,detect_combined,Flooded,deeplabv3plus,False,False,0,tensorrt,tensorrt,tensorrt,38.75,38.75,25.55,25.8,5.44,10.27,15.71,1197.03,32.3,0.0,1197.03,32.3,0.0,118.43,51.8,3.32,173.56,0.532,False,False
1780820371.2873514,kherson_drone_rescue,kherson_drone_rescue.mp4,286,50.0,640,480,combined,detect_combined,Flooded,deeplabv3plus,False,False,0,tensorrt,tensorrt,tensorrt,38.36,38.36,25.82,26.07,5.56,10.33,15.89,1197.03,20.8,0.0,1197.03,20.8,0.0,118.43,51.8,3.32,173.56,0.5205,False,False
1780820371.3309903,kherson_drone_rescue,kherson_drone_rescue.mp4,287,50.0,640,480,combined,detect_combined,Flooded,deeplabv3plus,False,False,0,tensorrt,tensorrt,tensorrt,38.36,38.36,25.81,26.07,5.44,10.45,15.89,1197.03,22.2,0.0,1197.03,22.2,0.0,118.43,51.8,3.32,173.56,0.5285,False,False
1780820371.3749874,kherson_drone_rescue,kherson_drone_rescue.mp4,288,50.0,640,480,combined,detect_combined,Flooded,deeplabv3plus,False,False,0,tensorrt,tensorrt,tensorrt,37.62,37.62,26.31,26.58,5.44,10.41,15.850000000000001,1197.03,24.1,0.0,1197.03,24.1,0.0,118.43,51.8,3.32,173.56,0.5389,False,False
1780820371.4212132,kherson_drone_rescue,kherson_drone_rescue.mp4,289,50.0,640,480,combined,detect_combined,Flooded,deeplabv3plus,False,False,0,tensorrt,tensorrt,tensorrt,38.22,38.22,25.92,26.17,5.52,10.36,15.879999999999999,1197.03,18.5,0.0,1197.03,18.5,0.0,118.43,51.8,3.32,173.56,0.5201,False,False
1780820371.4671466,kherson_drone_rescue,kherson_drone_rescue.mp4,290,50.0,640,480,combined,detect_combined,Flooded,deeplabv3plus,False,False,0,tensorrt,tensorrt,tensorrt,35.52,35.52,27.88,28.16,5.48,10.72,16.200000000000003,1197.03,22.2,0.0,1197.03,22.2,0.0,118.43,51.8,3.32,173.56,0.513,False,False
1780820371.5117307,kherson_drone_rescue,kherson_drone_rescue.mp4,291,50.0,640,480,combined,detect_combined,Flooded,deeplabv3plus,False,False,0,tensorrt,tensorrt,tensorrt,38.17,38.17,25.94,26.2,5.5,10.59,16.09,1197.03,16.0,0.0,1197.03,16.0,0.0,118.43,51.8,3.32,173.56,0.5121,False,False
1780820371.5560448,kherson_drone_rescue,kherson_drone_rescue.mp4,292,50.0,640,480,combined,detect_combined,Flooded,deeplabv3plus,False,False,0,tensorrt,tensorrt,tensorrt,37.89,37.89,26.11,26.39,5.45,10.57,16.02,1197.03,12.5,0.0,1197.03,12.5,0.0,118.43,51.8,3.32,173.56,0.5238,False,False
1780820371.6004603,kherson_drone_rescue,kherson_drone_rescue.mp4,293,50.0,640,480,combined,detect_combined,Flooded,deeplabv3plus,False,False,0,tensorrt,tensorrt,tensorrt,37.83,37.83,26.18,26.43,5.46,10.61,16.07,1197.03,19.2,0.0,1197.03,19.2,0.0,118.43,51.8,3.32,173.56,0.4244,False,False
1780820371.6452813,kherson_drone_rescue,kherson_drone_rescue.mp4,294,50.0,640,480,combined,detect_combined,Flooded,deeplabv3plus,False,False,0,tensorrt,tensorrt,tensorrt,38.01,38.01,26.06,26.31,5.56,10.45,16.009999999999998,1197.03,27.6,0.0,1197.03,27.6,0.0,118.43,51.8,3.32,173.56,0.4222,False,False
1780820371.6890717,kherson_drone_rescue,kherson_drone_rescue.mp4,295,50.0,640,480,combined,detect_combined,Flooded,deeplabv3plus,False,False,0,tensorrt,tensorrt,tensorrt,38.17,38.17,25.94,26.2,5.54,10.37,15.91,1197.03,15.4,0.0,1197.03,15.4,0.0,118.43,51.8,3.32,173.56,0.476,False,False
1780820371.734275,kherson_drone_rescue,kherson_drone_rescue.mp4,296,50.0,640,480,combined,detect_combined,Flooded,deeplabv3plus,False,False,0,tensorrt,tensorrt,tensorrt,38.31,38.31,25.8,26.11,5.45,10.46,15.91,1197.03,22.2,0.0,1197.03,22.2,0.0,118.43,51.8,3.32,173.56,0.4516,False,False
1780820371.7786193,kherson_drone_rescue,kherson_drone_rescue.mp4,297,50.0,640,480,combined,detect_combined,Flooded,deeplabv3plus,False,False,0,tensorrt,tensorrt,tensorrt,38.34,38.34,25.83,26.08,5.49,10.6,16.09,1197.03,16.7,0.0,1197.03,16.7,0.0,118.43,51.8,3.32,173.56,0.4559,False,False
1780820371.8229141,kherson_drone_rescue,kherson_drone_rescue.mp4,298,50.0,640,480,combined,detect_combined,Flooded,deeplabv3plus,False,False,0,tensorrt,tensorrt,tensorrt,38.47,38.47,25.74,26.0,5.49,10.47,15.96,1197.03,22.2,0.0,1197.03,22.2,0.0,118.43,51.8,3.32,173.56,0.472,False,False
1780820371.8671203,kherson_drone_rescue,kherson_drone_rescue.mp4,299,50.0,640,480,combined,detect_combined,Flooded,deeplabv3plus,False,False,0,tensorrt,tensorrt,tensorrt,38.77,38.77,25.53,25.79,5.47,10.32,15.79,1197.03,20.8,0.0,1197.03,20.8,0.0,118.43,51.8,3.32,173.56,0.5045,False,False
1780820371.9114258,kherson_drone_rescue,kherson_drone_rescue.mp4,300,50.0,640,480,combined,detect_combined,Flooded,deeplabv3plus,False,False,0,tensorrt,tensorrt,tensorrt,38.86,38.86,25.49,25.73,5.46,10.24,15.7,1197.03,19.2,0.0,1197.03,19.2,0.0,118.43,51.8,3.32,173.56,0.3625,False,False
1780820371.9569216,kherson_drone_rescue,kherson_drone_rescue.mp4,301,50.0,640,480,combined,detect_combined,Flooded,deeplabv3plus,False,False,0,tensorrt,tensorrt,tensorrt,38.55,38.55,25.7,25.94,5.53,10.17,15.7,1197.02,16.0,0.0,1197.02,16.0,0.0,118.43,51.8,3.32,173.56,0.3157,False,False
1780820372.001052,kherson_drone_rescue,kherson_drone_rescue.mp4,302,50.0,640,480,combined,detect_combined,Flooded,deeplabv3plus,False,False,0,tensorrt,tensorrt,tensorrt,38.29,38.29,25.86,26.12,5.51,10.43,15.94,1197.02,28.6,0.0,1197.02,28.6,0.0,118.43,51.8,3.32,173.56,0.4125,False,False
1780820372.0448165,kherson_drone_rescue,kherson_drone_rescue.mp4,303,50.0,640,480,combined,detect_combined,Flooded,deeplabv3plus,False,False,0,tensorrt,tensorrt,tensorrt,38.68,38.68,25.61,25.85,5.54,10.28,15.82,1197.02,12.0,0.0,1197.02,12.0,0.0,118.43,51.8,3.32,173.56,0.4322,False,False
1780820372.0886383,kherson_drone_rescue,kherson_drone_rescue.mp4,304,50.0,640,480,combined,detect_combined,Flooded,deeplabv3plus,False,False,0,tensorrt,tensorrt,tensorrt,38.42,38.42,25.78,26.03,5.49,10.35,15.84,1197.02,18.5,0.0,1197.02,18.5,0.0,118.43,51.8,3.32,173.56,0.4658,False,False
1780820372.1333027,kherson_drone_rescue,kherson_drone_rescue.mp4,305,50.0,640,480,combined,detect_combined,Flooded,deeplabv3plus,False,False,0,tensorrt,tensorrt,tensorrt,37.22,37.22,26.62,26.87,5.5,10.31,15.81,1197.21,18.5,0.0,1197.21,18.5,0.0,118.43,51.8,3.32,173.56,0.4325,False,False
1780820372.1779454,kherson_drone_rescue,kherson_drone_rescue.mp4,306,50.0,640,480,combined,detect_combined,Flooded,deeplabv3plus,False,False,0,tensorrt,tensorrt,tensorrt,37.54,37.54,26.39,26.64,5.47,10.25,15.719999999999999,1197.21,15.4,0.0,1197.21,15.4,0.0,118.43,51.8,3.32,173.56,0.4459,False,False
1780820372.222572,kherson_drone_rescue,kherson_drone_rescue.mp4,307,50.0,640,480,combined,detect_combined,Flooded,deeplabv3plus,False,False,0,tensorrt,tensorrt,tensorrt,37.54,37.54,26.39,26.64,5.47,10.21,15.68,1197.21,22.2,0.0,1197.21,22.2,0.0,118.43,51.8,3.32,173.56,0.437,False,False
1780820372.2669418,kherson_drone_rescue,kherson_drone_rescue.mp4,308,50.0,640,480,combined,detect_combined,Flooded,deeplabv3plus,False,False,0,tensorrt,tensorrt,tensorrt,37.67,37.67,26.3,26.55,5.46,10.21,15.670000000000002,1197.21,19.2,0.0,1197.21,19.2,0.0,118.43,51.8,3.32,173.56,0.4855,False,False
1780820372.3119733,kherson_drone_rescue,kherson_drone_rescue.mp4,309,50.0,640,480,combined,detect_combined,Flooded,deeplabv3plus,False,False,0,tensorrt,tensorrt,tensorrt,37.07,37.07,26.71,26.97,5.47,10.38,15.850000000000001,1197.21,37.9,0.0,1197.21,37.9,0.0,118.43,51.8,3.32,173.56,0.4479,False,False
1780820372.358163,kherson_drone_rescue,kherson_drone_rescue.mp4,310,50.0,640,480,combined,detect_combined,Flooded,deeplabv3plus,False,False,0,tensorrt,tensorrt,tensorrt,36.5,36.5,27.13,27.4,5.52,10.65,16.17,1197.21,40.0,0.0,1197.21,40.0,0.0,118.43,51.8,3.32,173.56,0.4471,False,False
1780820372.4029844,kherson_drone_rescue,kherson_drone_rescue.mp4,311,50.0,640,480,combined,detect_combined,Flooded,deeplabv3plus,False,False,0,tensorrt,tensorrt,tensorrt,37.22,37.22,26.61,26.86,5.5,10.32,15.82,1197.21,34.6,0.0,1197.21,34.6,0.0,118.43,51.8,3.32,173.56,0.4774,False,False
1780820372.447617,kherson_drone_rescue,kherson_drone_rescue.mp4,312,50.0,640,480,combined,detect_combined,Flooded,deeplabv3plus,False,False,0,tensorrt,tensorrt,tensorrt,37.05,37.05,26.72,26.99,5.47,10.43,15.899999999999999,1197.21,38.5,0.0,1197.21,38.5,0.0,118.43,51.8,3.32,173.56,0.4463,False,False
1780820372.5068655,kherson_drone_rescue,kherson_drone_rescue.mp4,313,50.0,640,480,combined,detect_combined,Flooded,deeplabv3plus,False,False,0,tensorrt,tensorrt,tensorrt,24.92,24.92,39.87,40.13,5.51,10.52,16.03,1197.21,36.4,0.0,1197.21,36.4,0.0,118.43,51.8,3.32,173.56,0.4213,False,False
1780820372.581048,kherson_drone_rescue,kherson_drone_rescue.mp4,314,50.0,640,480,combined,detect_combined,Flooded,deeplabv3plus,False,False,0,tensorrt,tensorrt,tensorrt,18.81,18.81,52.83,53.16,5.89,18.79,24.68,1197.47,58.1,0.0,1197.47,58.1,0.0,118.43,51.8,3.32,173.56,0.4219,False,False
1780820372.62705,kherson_drone_rescue,kherson_drone_rescue.mp4,315,50.0,640,480,combined,detect_combined,Flooded,deeplabv3plus,False,False,0,tensorrt,tensorrt,tensorrt,36.35,36.35,27.21,27.51,5.58,10.63,16.21,1197.47,37.9,0.0,1197.47,37.9,0.0,118.43,51.8,3.32,173.56,0.4217,False,False
1780820372.674661,kherson_drone_rescue,kherson_drone_rescue.mp4,316,50.0,640,480,combined,detect_combined,Flooded,deeplabv3plus,False,False,0,tensorrt,tensorrt,tensorrt,36.18,36.18,27.36,27.64,5.73,11.18,16.91,1197.47,39.3,0.0,1197.47,39.3,0.0,118.43,51.8,3.32,173.56,0.4418,False,False
1780820372.7210274,kherson_drone_rescue,kherson_drone_rescue.mp4,317,50.0,640,480,combined,detect_combined,Flooded,deeplabv3plus,False,False,0,tensorrt,tensorrt,tensorrt,37.74,37.74,26.22,26.5,5.59,10.56,16.15,1197.47,37.9,0.0,1197.47,37.9,0.0,118.43,51.8,3.32,173.56,0.4519,False,False
1780820372.7666028,kherson_drone_rescue,kherson_drone_rescue.mp4,318,50.0,640,480,combined,detect_combined,Flooded,deeplabv3plus,False,False,0,tensorrt,tensorrt,tensorrt,37.89,37.89,26.1,26.39,5.59,10.49,16.08,1197.47,30.8,0.0,1197.47,30.8,0.0,118.43,51.8,3.32,173.56,0.3866,False,False
1780820372.8126209,kherson_drone_rescue,kherson_drone_rescue.mp4,319,50.0,640,480,combined,detect_combined,Flooded,deeplabv3plus,False,False,0,tensorrt,tensorrt,tensorrt,38.03,38.03,26.04,26.3,5.57,10.34,15.91,1197.47,23.1,0.0,1197.47,23.1,0.0,118.43,51.8,3.32,173.56,0.3872,False,False
1780820372.8565776,kherson_drone_rescue,kherson_drone_rescue.mp4,320,50.0,640,480,combined,detect_combined,Flooded,deeplabv3plus,False,False,0,tensorrt,tensorrt,tensorrt,38.36,38.36,25.81,26.07,5.53,10.38,15.91,1197.47,22.2,0.0,1197.47,22.2,0.0,118.43,51.8,3.32,173.56,0.4293,False,False
1780820372.901865,kherson_drone_rescue,kherson_drone_rescue.mp4,321,50.0,640,480,combined,detect_combined,Flooded,deeplabv3plus,False,False,0,tensorrt,tensorrt,tensorrt,38.26,38.26,25.88,26.13,5.55,10.37,15.919999999999998,1197.47,18.5,0.0,1197.47,18.5,0.0,118.43,51.8,3.32,173.56,0.3876,False,False
1780820372.9509904,kherson_drone_rescue,kherson_drone_rescue.mp4,322,50.0,640,480,combined,detect_combined,Flooded,deeplabv3plus,False,False,0,tensorrt,tensorrt,tensorrt,33.21,33.21,29.83,30.11,7.99,10.85,18.84,1197.47,30.0,0.0,1197.47,30.0,0.0,118.43,51.8,3.32,173.56,0.4794,False,False
1780820372.9966779,kherson_drone_rescue,kherson_drone_rescue.mp4,323,50.0,640,480,combined,detect_combined,Flooded,deeplabv3plus,False,False,0,tensorrt,tensorrt,tensorrt,38.26,38.26,25.88,26.13,5.52,10.36,15.879999999999999,1197.47,19.2,0.0,1197.47,19.2,0.0,118.43,51.8,3.32,173.56,0.4897,False,False
1780820373.041548,kherson_drone_rescue,kherson_drone_rescue.mp4,324,50.0,640,480,combined,detect_combined,Flooded,deeplabv3plus,False,False,0,tensorrt,tensorrt,tensorrt,38.32,38.32,25.85,26.09,5.57,10.32,15.89,1197.47,19.2,0.0,1197.47,19.2,0.0,118.43,51.8,3.32,173.56,0.4669,False,False
1780820373.0887463,kherson_drone_rescue,kherson_drone_rescue.mp4,325,50.0,640,480,combined,detect_combined,Flooded,deeplabv3plus,False,False,0,tensorrt,tensorrt,tensorrt,37.35,37.35,26.53,26.77,5.53,10.26,15.79,1197.47,18.5,0.0,1197.47,18.5,0.0,118.43,51.8,3.32,173.56,0.4724,False,False
1780820373.13387,kherson_drone_rescue,kherson_drone_rescue.mp4,326,50.0,640,480,combined,detect_combined,Flooded,deeplabv3plus,False,False,0,tensorrt,tensorrt,tensorrt,37.04,37.04,26.75,27.0,5.55,10.35,15.899999999999999,1197.38,24.1,0.0,1197.38,24.1,0.0,118.43,51.8,3.32,173.56,0.4698,False,False
1780820373.178508,kherson_drone_rescue,kherson_drone_rescue.mp4,327,50.0,640,480,combined,detect_combined,Flooded,deeplabv3plus,False,False,0,tensorrt,tensorrt,tensorrt,37.26,37.26,26.58,26.84,5.48,10.45,15.93,1197.38,25.0,0.0,1197.38,25.0,0.0,118.43,51.8,3.32,173.56,0.467,False,False
1780820373.2229762,kherson_drone_rescue,kherson_drone_rescue.mp4,328,50.0,640,480,combined,detect_combined,Flooded,deeplabv3plus,False,False,0,tensorrt,tensorrt,tensorrt,37.33,37.33,26.52,26.79,5.46,10.36,15.82,1197.38,19.2,0.0,1197.38,19.2,0.0,118.43,51.8,3.32,173.56,0.4666,False,False
1780820373.267599,kherson_drone_rescue,kherson_drone_rescue.mp4,329,50.0,640,480,combined,detect_combined,Flooded,deeplabv3plus,False,False,0,tensorrt,tensorrt,tensorrt,37.02,37.02,26.75,27.01,5.47,10.57,16.04,1197.38,12.0,0.0,1197.38,12.0,0.0,118.43,51.8,3.32,173.56,0.4615,False,False
1780820373.3113825,kherson_drone_rescue,kherson_drone_rescue.mp4,330,50.0,640,480,combined,detect_combined,Flooded,deeplabv3plus,False,False,0,tensorrt,tensorrt,tensorrt,38.8,38.8,25.52,25.77,5.47,10.26,15.73,1197.38,12.0,0.0,1197.38,12.0,0.0,118.43,51.8,3.32,173.56,0.3133,False,False
1780820373.3572867,kherson_drone_rescue,kherson_drone_rescue.mp4,331,50.0,640,480,combined,detect_combined,Flooded,deeplabv3plus,False,False,0,tensorrt,tensorrt,tensorrt,38.27,38.27,25.88,26.13,5.47,10.5,15.969999999999999,1197.38,22.2,0.0,1197.38,22.2,0.0,118.43,51.8,3.32,173.56,0.2934,False,False
1780820373.4015756,kherson_drone_rescue,kherson_drone_rescue.mp4,332,50.0,640,480,combined,detect_combined,Flooded,deeplabv3plus,False,False,0,tensorrt,tensorrt,tensorrt,38.69,38.69,25.59,25.84,5.49,10.33,15.82,1197.38,19.2,0.0,1197.38,19.2,0.0,118.43,51.8,3.32,173.56,0.3568,False,False
1780820373.4455376,kherson_drone_rescue,kherson_drone_rescue.mp4,333,50.0,640,480,combined,detect_combined,Flooded,deeplabv3plus,False,False,0,tensorrt,tensorrt,tensorrt,38.59,38.59,25.65,25.91,5.47,10.32,15.79,1197.38,22.2,0.0,1197.38,22.2,0.0,118.43,51.8,3.32,173.56,0.3546,False,False
1780820373.4893873,kherson_drone_rescue,kherson_drone_rescue.mp4,334,50.0,640,480,combined,detect_combined,Flooded,deeplabv3plus,False,False,0,tensorrt,tensorrt,tensorrt,38.28,38.28,25.87,26.12,5.5,10.53,16.03,1197.38,16.7,0.0,1197.38,16.7,0.0,118.43,51.8,3.32,173.56,0.3002,False,False
1780820373.533288,kherson_drone_rescue,kherson_drone_rescue.mp4,335,50.0,640,480,combined,detect_combined,Flooded,deeplabv3plus,False,False,0,tensorrt,tensorrt,tensorrt,38.38,38.38,25.8,26.06,5.47,10.41,15.879999999999999,1197.38,20.8,0.0,1197.38,20.8,0.0,118.43,51.8,3.32,173.56,0.3887,False,False
1780820373.5774937,kherson_drone_rescue,kherson_drone_rescue.mp4,336,50.0,640,480,combined,detect_combined,Flooded,deeplabv3plus,False,False,0,tensorrt,tensorrt,tensorrt,38.52,38.52,25.72,25.96,5.46,10.41,15.870000000000001,1197.38,25.0,0.0,1197.38,25.0,0.0,118.43,51.8,3.32,173.56,0.3947,False,False
1780820373.6233785,kherson_drone_rescue,kherson_drone_rescue.mp4,337,50.0,640,480,combined,detect_combined,Flooded,deeplabv3plus,False,False,0,tensorrt,tensorrt,tensorrt,38.22,38.22,25.91,26.17,5.51,10.45,15.959999999999999,1197.38,37.0,0.0,1197.38,37.0,0.0,118.43,51.8,3.32,173.56,0.4182,False,False
1780820373.667777,kherson_drone_rescue,kherson_drone_rescue.mp4,338,50.0,640,480,combined,detect_combined,Flooded,deeplabv3plus,False,False,0,tensorrt,tensorrt,tensorrt,37.37,37.37,26.5,26.76,5.48,10.44,15.92,1197.38,42.3,0.0,1197.38,42.3,0.0,118.43,51.8,3.32,173.56,0.4421,False,False
1780820373.7112386,kherson_drone_rescue,kherson_drone_rescue.mp4,339,50.0,640,480,combined,detect_combined,Flooded,deeplabv3plus,False,False,0,tensorrt,tensorrt,tensorrt,37.95,37.95,26.07,26.35,5.49,10.5,15.99,1197.38,38.5,0.0,1197.38,38.5,0.0,118.43,51.8,3.32,173.56,0.4187,False,False
1780820373.755383,kherson_drone_rescue,kherson_drone_rescue.mp4,340,50.0,640,480,combined,detect_combined,Flooded,deeplabv3plus,False,False,0,tensorrt,tensorrt,tensorrt,38.02,38.02,26.04,26.3,5.46,10.4,15.86,1197.38,34.6,0.0,1197.38,34.6,0.0,118.43,51.8,3.32,173.56,0.3805,False,False
1780820373.7993867,kherson_drone_rescue,kherson_drone_rescue.mp4,341,50.0,640,480,combined,detect_combined,Flooded,deeplabv3plus,False,False,0,tensorrt,tensorrt,tensorrt,38.14,38.14,25.95,26.22,5.48,10.51,15.99,1197.38,38.5,0.0,1197.38,38.5,0.0,118.43,51.8,3.32,173.56,0.3864,False,False
1780820373.84362,kherson_drone_rescue,kherson_drone_rescue.mp4,342,50.0,640,480,combined,detect_combined,Flooded,deeplabv3plus,False,False,0,tensorrt,tensorrt,tensorrt,38.2,38.2,25.92,26.18,5.45,10.52,15.969999999999999,1197.38,30.4,0.0,1197.38,30.4,0.0,118.43,51.8,3.32,173.56,0.337,False,False
1780820373.8890939,kherson_drone_rescue,kherson_drone_rescue.mp4,343,50.0,640,480,combined,detect_combined,Flooded,deeplabv3plus,False,False,0,tensorrt,tensorrt,tensorrt,36.15,36.15,27.37,27.66,5.53,11.66,17.19,1197.38,46.2,0.0,1197.38,46.2,0.0,118.43,51.8,3.32,173.56,0.3055,False,False
1780820373.9458778,kherson_drone_rescue,kherson_drone_rescue.mp4,344,50.0,640,480,combined,detect_combined,Flooded,deeplabv3plus,False,False,0,tensorrt,tensorrt,tensorrt,25.78,25.78,38.51,38.79,5.47,13.44,18.91,1197.38,76.5,0.0,1197.38,76.5,0.0,118.43,51.8,3.32,173.56,0.3101,False,False
1780820373.9941072,kherson_drone_rescue,kherson_drone_rescue.mp4,345,50.0,640,480,combined,detect_combined,Flooded,deeplabv3plus,False,False,0,tensorrt,tensorrt,tensorrt,36.66,36.66,27.0,27.28,5.62,10.73,16.35,1197.38,77.8,0.0,1197.38,77.8,0.0,118.43,51.8,3.32,173.56,0.2942,False,False
1780820374.0506063,kherson_drone_rescue,kherson_drone_rescue.mp4,346,50.0,640,480,combined,detect_combined,Flooded,deeplabv3plus,False,False,0,tensorrt,tensorrt,tensorrt,31.0,31.0,31.95,32.26,5.62,10.69,16.31,1197.38,81.2,0.0,1197.38,81.2,0.0,118.43,51.8,3.32,173.56,0.3191,False,False
1780820374.0967803,kherson_drone_rescue,kherson_drone_rescue.mp4,347,50.0,640,480,combined,detect_combined,Flooded,deeplabv3plus,False,False,0,tensorrt,tensorrt,tensorrt,35.29,35.29,28.06,28.33,5.53,11.78,17.31,1197.38,96.6,0.0,1197.38,96.6,0.0,118.43,51.8,3.32,173.56,0.3277,False,False
1780820374.146889,kherson_drone_rescue,kherson_drone_rescue.mp4,348,50.0,640,480,combined,detect_combined,Flooded,deeplabv3plus,False,False,0,tensorrt,tensorrt,tensorrt,30.51,30.51,32.5,32.78,5.54,10.83,16.37,1197.38,72.4,0.0,1197.38,72.4,0.0,118.43,51.8,3.32,173.56,0.3234,False,False
1780820374.1932833,kherson_drone_rescue,kherson_drone_rescue.mp4,349,50.0,640,480,combined,detect_combined,Flooded,deeplabv3plus,False,False,0,tensorrt,tensorrt,tensorrt,35.86,35.86,27.64,27.88,5.43,10.41,15.84,1197.38,28.6,0.0,1197.38,28.6,0.0,118.43,51.8,3.32,173.56,0.2865,False,False
1780820374.2377126,kherson_drone_rescue,kherson_drone_rescue.mp4,350,50.0,640,480,combined,detect_combined,Flooded,deeplabv3plus,False,False,0,tensorrt,tensorrt,tensorrt,37.68,37.68,26.29,26.54,5.47,10.25,15.719999999999999,1197.38,19.2,0.0,1197.38,19.2,0.0,118.43,51.8,3.32,173.56,0.2791,False,False
1780820374.2808397,kherson_drone_rescue,kherson_drone_rescue.mp4,351,50.0,640,480,combined,detect_combined,Flooded,deeplabv3plus,False,False,0,tensorrt,tensorrt,tensorrt,38.95,38.95,25.43,25.68,5.48,10.18,15.66,1197.38,19.2,0.0,1197.38,19.2,0.0,118.43,51.8,3.32,173.56,0.355,False,False
1780820374.3241305,kherson_drone_rescue,kherson_drone_rescue.mp4,352,50.0,640,480,combined,detect_combined,Flooded,deeplabv3plus,False,False,0,tensorrt,tensorrt,tensorrt,38.84,38.84,25.51,25.75,5.47,10.29,15.759999999999998,1197.38,16.0,0.0,1197.38,16.0,0.0,118.43,51.8,3.32,173.56,0.3399,False,False
1780820374.3673267,kherson_drone_rescue,kherson_drone_rescue.mp4,353,50.0,640,480,combined,detect_combined,Flooded,deeplabv3plus,False,False,0,tensorrt,tensorrt,tensorrt,38.45,38.45,25.76,26.01,5.48,10.46,15.940000000000001,1197.38,19.2,0.0,1197.38,19.2,0.0,118.43,51.8,3.32,173.56,0.2972,False,False
1780820374.410842,kherson_drone_rescue,kherson_drone_rescue.mp4,354,50.0,640,480,combined,detect_combined,Flooded,deeplabv3plus,False,False,0,tensorrt,tensorrt,tensorrt,38.69,38.69,25.59,25.85,5.46,10.31,15.77,1197.38,16.0,0.0,1197.38,16.0,0.0,118.43,51.8,3.32,173.56,0.3562,False,False
1780820374.4543698,kherson_drone_rescue,kherson_drone_rescue.mp4,355,50.0,640,480,combined,detect_combined,Flooded,deeplabv3plus,False,False,0,tensorrt,tensorrt,tensorrt,38.52,38.52,25.59,25.96,5.46,10.21,15.670000000000002,1197.38,18.5,0.0,1197.38,18.5,0.0,118.43,51.8,3.32,173.56,0.3589,False,False
1780820374.4975889,kherson_drone_rescue,kherson_drone_rescue.mp4,356,50.0,640,480,combined,detect_combined,Flooded,deeplabv3plus,False,False,0,tensorrt,tensorrt,tensorrt,38.52,38.52,25.72,25.96,5.49,10.22,15.71,1197.38,16.0,0.0,1197.38,16.0,0.0,118.43,51.8,3.32,173.56,0.3733,False,False
1780820374.5414364,kherson_drone_rescue,kherson_drone_rescue.mp4,357,50.0,640,480,combined,detect_combined,Flooded,deeplabv3plus,False,False,0,tensorrt,tensorrt,tensorrt,38.52,38.52,25.68,25.96,5.49,10.35,15.84,1197.38,20.0,0.0,1197.38,20.0,0.0,118.43,51.8,3.32,173.56,0.3064,False,False
1780820374.5848763,kherson_drone_rescue,kherson_drone_rescue.mp4,358,50.0,640,480,combined,detect_combined,Flooded,deeplabv3plus,False,False,0,tensorrt,tensorrt,tensorrt,38.69,38.69,25.6,25.84,5.51,10.23,15.74,1197.37,20.0,0.0,1197.37,20.0,0.0,118.43,51.8,3.32,173.56,0.2852,False,False
1780820374.6282701,kherson_drone_rescue,kherson_drone_rescue.mp4,359,50.0,640,480,combined,detect_combined,Flooded,deeplabv3plus,False,False,0,tensorrt,tensorrt,tensorrt,38.41,38.41,25.73,26.04,5.44,10.38,15.82,1197.37,22.2,0.0,1197.37,22.2,0.0,118.43,51.8,3.32,173.56,0.3231,False,False
1780820374.6716795,kherson_drone_rescue,kherson_drone_rescue.mp4,360,50.0,640,480,combined,detect_combined,Flooded,deeplabv3plus,False,False,0,tensorrt,tensorrt,tensorrt,38.42,38.42,25.79,26.03,5.45,10.43,15.879999999999999,1197.37,16.7,0.0,1197.37,16.7,0.0,118.43,51.8,3.32,173.56,0.3108,False,False
1780820374.7166748,kherson_drone_rescue,kherson_drone_rescue.mp4,361,50.0,640,480,combined,detect_combined,Flooded,deeplabv3plus,False,False,0,tensorrt,tensorrt,tensorrt,38.5,38.5,25.7,25.97,5.52,10.37,15.889999999999999,1197.37,22.2,0.0,1197.37,22.2,0.0,118.43,51.8,3.32,173.56,0.3425,False,False
1780820374.760427,kherson_drone_rescue,kherson_drone_rescue.mp4,362,50.0,640,480,combined,detect_combined,Flooded,deeplabv3plus,False,False,0,tensorrt,tensorrt,tensorrt,38.5,38.5,25.72,25.98,5.46,10.34,15.8,1197.37,25.0,0.0,1197.37,25.0,0.0,118.43,51.8,3.32,173.56,0.3188,False,False
1780820374.8037221,kherson_drone_rescue,kherson_drone_rescue.mp4,363,50.0,640,480,combined,detect_combined,Flooded,deeplabv3plus,False,False,0,tensorrt,tensorrt,tensorrt,38.76,38.76,25.55,25.8,5.46,10.36,15.82,1197.37,20.8,0.0,1197.37,20.8,0.0,118.43,51.8,3.32,173.56,0.3804,False,False
1780820374.8472955,kherson_drone_rescue,kherson_drone_rescue.mp4,364,50.0,640,480,combined,detect_combined,Flooded,deeplabv3plus,False,False,0,tensorrt,tensorrt,tensorrt,38.41,38.41,25.78,26.04,5.43,10.43,15.86,1197.37,20.0,0.0,1197.37,20.0,0.0,118.43,51.8,3.32,173.56,0.4274,False,False
1780820374.890691,kherson_drone_rescue,kherson_drone_rescue.mp4,365,50.0,640,480,combined,detect_combined,Flooded,deeplabv3plus,False,False,0,tensorrt,tensorrt,tensorrt,38.72,38.72,25.57,25.82,5.43,10.34,15.77,1197.37,16.0,0.0,1197.37,16.0,0.0,118.43,51.8,3.32,173.56,0.4057,False,False
1780820374.9341712,kherson_drone_rescue,kherson_drone_rescue.mp4,366,50.0,640,480,combined,detect_combined,Flooded,deeplabv3plus,False,False,0,tensorrt,tensorrt,tensorrt,38.85,38.85,25.47,25.74,5.44,10.22,15.66,1197.37,19.2,0.0,1197.37,19.2,0.0,118.43,51.8,3.32,173.56,0.4256,False,False
1780820374.9781153,kherson_drone_rescue,kherson_drone_rescue.mp4,367,50.0,640,480,combined,detect_combined,Flooded,deeplabv3plus,False,False,0,tensorrt,tensorrt,tensorrt,38.25,38.25,25.89,26.14,5.47,10.44,15.91,1197.37,29.6,0.0,1197.37,29.6,0.0,118.43,51.8,3.32,173.56,0.3811,False,False
1780820375.0243595,kherson_drone_rescue,kherson_drone_rescue.mp4,368,50.0,640,480,combined,detect_combined,Flooded,deeplabv3plus,False,False,0,tensorrt,tensorrt,tensorrt,34.71,34.71,28.43,28.81,7.01,10.66,17.67,1197.37,34.6,0.0,1197.37,34.6,0.0,118.43,51.8,3.32,173.56,0.3797,False,False
1780820375.0752187,kherson_drone_rescue,kherson_drone_rescue.mp4,369,50.0,640,480,combined,detect_combined,Flooded,deeplabv3plus,False,False,0,tensorrt,tensorrt,tensorrt,30.87,30.87,32.11,32.4,8.94,10.74,19.68,1197.37,56.3,0.0,1197.37,56.3,0.0,118.43,51.8,3.32,173.56,0.3344,False,False
1780820375.122213,kherson_drone_rescue,kherson_drone_rescue.mp4,370,50.0,640,480,combined,detect_combined,Flooded,deeplabv3plus,False,False,0,tensorrt,tensorrt,tensorrt,36.71,36.71,26.97,27.24,5.62,10.93,16.55,1197.37,42.3,0.0,1197.37,42.3,0.0,118.43,51.8,3.32,173.56,0.3236,False,False
1780820375.1674554,kherson_drone_rescue,kherson_drone_rescue.mp4,371,50.0,640,480,combined,detect_combined,Flooded,deeplabv3plus,False,False,0,tensorrt,tensorrt,tensorrt,38.48,38.48,25.72,25.99,5.52,10.36,15.879999999999999,1197.37,40.7,0.0,1197.37,40.7,0.0,118.43,51.8,3.32,173.56,0.4319,False,False
1780820375.2112606,kherson_drone_rescue,kherson_drone_rescue.mp4,372,50.0,640,480,combined,detect_combined,Flooded,deeplabv3plus,False,False,0,tensorrt,tensorrt,tensorrt,37.86,37.86,26.14,26.41,5.43,10.46,15.89,1197.36,38.5,0.0,1197.36,38.5,0.0,118.43,51.8,3.32,173.56,0.3045,False,False
1780820375.2575083,kherson_drone_rescue,kherson_drone_rescue.mp4,373,50.0,640,480,combined,detect_combined,Flooded,deeplabv3plus,False,False,0,tensorrt,tensorrt,tensorrt,38.0,38.0,26.05,26.31,5.53,10.57,16.1,1197.36,42.9,0.0,1197.36,42.9,0.0,118.43,51.8,3.32,173.56,0.2533,False,False
1780820375.3015335,kherson_drone_rescue,kherson_drone_rescue.mp4,374,50.0,640,480,combined,detect_combined,Flooded,deeplabv3plus,False,False,0,tensorrt,tensorrt,tensorrt,38.04,38.04,26.03,26.29,5.47,10.44,15.91,1197.36,25.0,0.0,1197.36,25.0,0.0,118.43,51.8,3.32,173.56,0.2223,False,False
1780820375.346157,kherson_drone_rescue,kherson_drone_rescue.mp4,375,50.0,640,480,combined,detect_combined,Flooded,deeplabv3plus,False,False,0,tensorrt,tensorrt,tensorrt,38.06,38.06,26.02,26.27,5.49,10.56,16.05,1197.36,40.7,0.0,1197.36,40.7,0.0,118.43,51.8,3.32,173.56,0.203,False,False
1780820375.3914466,kherson_drone_rescue,kherson_drone_rescue.mp4,376,50.0,640,480,combined,detect_combined,Flooded,deeplabv3plus,False,False,0,tensorrt,tensorrt,tensorrt,37.27,37.27,26.54,26.83,5.61,10.74,16.35,1197.36,38.5,0.0,1197.36,38.5,0.0,118.43,51.8,3.32,173.56,0.2256,False,False
1780820375.4359648,kherson_drone_rescue,kherson_drone_rescue.mp4,377,50.0,640,480,combined,detect_combined,Flooded,deeplabv3plus,False,False,0,tensorrt,tensorrt,tensorrt,38.48,38.48,25.72,25.99,5.44,10.3,15.740000000000002,1197.36,20.8,0.0,1197.36,20.8,0.0,118.43,51.8,3.32,173.56,0.2504,False,False
1780820375.4796576,kherson_drone_rescue,kherson_drone_rescue.mp4,378,50.0,640,480,combined,detect_combined,Flooded,deeplabv3plus,False,False,0,tensorrt,tensorrt,tensorrt,38.6,38.6,25.67,25.91,5.43,10.32,15.75,1197.36,23.1,0.0,1197.36,23.1,0.0,118.43,51.8,3.32,173.56,0.2882,False,False
1780820375.5233083,kherson_drone_rescue,kherson_drone_rescue.mp4,379,50.0,640,480,combined,detect_combined,Flooded,deeplabv3plus,False,False,0,tensorrt,tensorrt,tensorrt,38.83,38.83,25.5,25.76,5.42,10.32,15.74,1197.36,12.0,0.0,1197.36,12.0,0.0,118.43,51.8,3.32,173.56,0.399,False,False
1780820375.5676618,kherson_drone_rescue,kherson_drone_rescue.mp4,380,50.0,640,480,combined,detect_combined,Flooded,deeplabv3plus,False,False,0,tensorrt,tensorrt,tensorrt,38.42,38.42,25.73,26.03,5.42,10.48,15.9,1197.36,18.5,0.0,1197.36,18.5,0.0,118.43,51.8,3.32,173.56,0.4182,False,False
1780820375.6127048,kherson_drone_rescue,kherson_drone_rescue.mp4,381,50.0,640,480,combined,detect_combined,Flooded,deeplabv3plus,False,False,0,tensorrt,tensorrt,tensorrt,37.16,37.16,26.65,26.91,5.52,10.34,15.86,1197.36,12.0,0.0,1197.36,12.0,0.0,118.43,51.8,3.32,173.56,0.4653,False,False
1780820375.6578383,kherson_drone_rescue,kherson_drone_rescue.mp4,382,50.0,640,480,combined,detect_combined,Flooded,deeplabv3plus,False,False,0,tensorrt,tensorrt,tensorrt,36.98,36.98,26.76,27.04,5.61,10.35,15.96,1197.36,18.5,0.0,1197.36,18.5,0.0,118.43,51.8,3.32,173.56,0.4108,False,False
1780820375.7043152,kherson_drone_rescue,kherson_drone_rescue.mp4,383,50.0,640,480,combined,detect_combined,Flooded,deeplabv3plus,False,False,0,tensorrt,tensorrt,tensorrt,35.32,35.32,27.99,28.31,5.74,10.85,16.59,1197.36,22.2,0.0,1197.36,22.2,0.0,118.43,51.8,3.32,173.56,0.3819,False,False
1780820375.7490985,kherson_drone_rescue,kherson_drone_rescue.mp4,384,50.0,640,480,combined,detect_combined,Flooded,deeplabv3plus,False,False,0,tensorrt,tensorrt,tensorrt,37.46,37.46,26.41,26.69,5.76,10.39,16.15,1197.36,22.2,0.0,1197.36,22.2,0.0,118.43,51.8,3.32,173.56,0.3624,False,False
1780820375.7955015,kherson_drone_rescue,kherson_drone_rescue.mp4,385,50.0,640,480,combined,detect_combined,Flooded,deeplabv3plus,False,False,0,tensorrt,tensorrt,tensorrt,37.22,37.22,26.62,26.87,5.44,10.48,15.920000000000002,1197.36,17.9,0.0,1197.36,17.9,0.0,118.43,51.8,3.32,173.56,0.3711,False,False
1780820375.8400786,kherson_drone_rescue,kherson_drone_rescue.mp4,386,50.0,640,480,combined,detect_combined,Flooded,deeplabv3plus,False,False,0,tensorrt,tensorrt,tensorrt,36.7,36.7,26.97,27.25,5.61,10.51,16.12,1197.36,25.0,0.0,1197.36,25.0,0.0,118.43,51.8,3.32,173.56,0.3938,False,False
1780820375.8853216,kherson_drone_rescue,kherson_drone_rescue.mp4,387,50.0,640,480,combined,detect_combined,Flooded,deeplabv3plus,False,False,0,tensorrt,tensorrt,tensorrt,36.29,36.29,27.29,27.56,5.56,10.7,16.259999999999998,1197.36,33.3,0.0,1197.36,33.3,0.0,118.43,51.8,3.32,173.56,0.3376,False,False
1780820375.9308457,kherson_drone_rescue,kherson_drone_rescue.mp4,388,50.0,640,480,combined,detect_combined,Flooded,deeplabv3plus,False,False,0,tensorrt,tensorrt,tensorrt,36.66,36.66,26.96,27.28,5.55,11.29,16.84,1197.36,36.0,0.0,1197.36,36.0,0.0,118.43,51.8,3.32,173.56,0.3994,False,False
1780820375.974506,kherson_drone_rescue,kherson_drone_rescue.mp4,389,50.0,640,480,combined,detect_combined,Flooded,deeplabv3plus,False,False,0,tensorrt,tensorrt,tensorrt,38.62,38.62,25.62,25.89,5.48,10.33,15.81,1197.36,33.3,0.0,1197.36,33.3,0.0,118.43,51.8,3.32,173.56,0.3947,False,False
1780820376.0173917,kherson_drone_rescue,kherson_drone_rescue.mp4,390,50.0,640,480,combined,detect_combined,Flooded,deeplabv3plus,False,False,0,tensorrt,tensorrt,tensorrt,38.53,38.53,25.68,25.95,5.5,10.29,15.79,1197.36,38.5,0.0,1197.36,38.5,0.0,118.43,51.8,3.32,173.56,0.3316,False,False
1780820376.0636153,kherson_drone_rescue,kherson_drone_rescue.mp4,391,50.0,640,480,combined,detect_combined,Flooded,deeplabv3plus,False,False,0,tensorrt,tensorrt,tensorrt,35.02,35.02,28.29,28.55,5.53,12.76,18.29,1197.36,42.9,0.0,1197.36,42.9,0.0,118.43,51.8,3.32,173.56,0.3073,False,False
1780820376.1076593,kherson_drone_rescue,kherson_drone_rescue.mp4,392,50.0,640,480,combined,detect_combined,Flooded,deeplabv3plus,False,False,0,tensorrt,tensorrt,tensorrt,38.78,38.78,25.54,25.79,5.45,10.35,15.8,1197.35,12.5,0.0,1197.35,12.5,0.0,118.43,51.8,3.32,173.56,0.2966,False,False
1780820376.1509829,kherson_drone_rescue,kherson_drone_rescue.mp4,393,50.0,640,480,combined,detect_combined,Flooded,deeplabv3plus,False,False,0,tensorrt,tensorrt,tensorrt,38.78,38.78,25.54,25.79,5.43,10.32,15.75,1197.35,25.9,0.0,1197.35,25.9,0.0,118.43,51.8,3.32,173.56,0.259,False,False
1780820376.195458,kherson_drone_rescue,kherson_drone_rescue.mp4,394,50.0,640,480,combined,detect_combined,Flooded,deeplabv3plus,False,False,0,tensorrt,tensorrt,tensorrt,38.28,38.28,25.86,26.12,5.45,10.63,16.080000000000002,1197.35,18.5,0.0,1197.35,18.5,0.0,118.43,51.8,3.32,173.56,0.2136,False,False
1780820376.2401118,kherson_drone_rescue,kherson_drone_rescue.mp4,395,50.0,640,480,combined,detect_combined,Flooded,deeplabv3plus,False,False,0,tensorrt,tensorrt,tensorrt,37.84,37.84,26.16,26.43,5.48,10.69,16.17,1197.35,22.2,0.0,1197.35,22.2,0.0,118.43,51.8,3.32,173.56,0.319,False,False
1780820376.2846785,kherson_drone_rescue,kherson_drone_rescue.mp4,396,50.0,640,480,combined,detect_combined,Flooded,deeplabv3plus,False,False,0,tensorrt,tensorrt,tensorrt,38.21,38.21,25.93,26.17,5.49,10.54,16.03,1197.35,16.0,0.0,1197.35,16.0,0.0,118.43,51.8,3.32,173.56,0.2998,False,False
1780820376.330256,kherson_drone_rescue,kherson_drone_rescue.mp4,397,50.0,640,480,combined,detect_combined,Flooded,deeplabv3plus,False,False,0,tensorrt,tensorrt,tensorrt,38.61,38.61,25.63,25.9,5.44,10.27,15.71,1197.35,16.0,0.0,1197.35,16.0,0.0,118.43,51.8,3.32,173.56,0.2181,False,False
1780820376.3740594,kherson_drone_rescue,kherson_drone_rescue.mp4,398,50.0,640,480,combined,detect_combined,Flooded,deeplabv3plus,False,False,0,tensorrt,tensorrt,tensorrt,38.49,38.49,25.74,25.98,5.46,10.22,15.68,1197.35,21.4,0.0,1197.35,21.4,0.0,118.43,51.8,3.32,173.56,0.2115,False,False
1780820376.417709,kherson_drone_rescue,kherson_drone_rescue.mp4,399,50.0,640,480,combined,detect_combined,Non-Flooded,resnet18,True,False,0,tensorrt,tensorrt,tensorrt,38.33,38.33,25.82,26.09,5.47,10.39,15.86,1197.35,23.1,0.0,1197.35,23.1,0.0,118.43,51.8,3.32,173.56,0.1981,False,False
1780820376.462231,kherson_drone_rescue,kherson_drone_rescue.mp4,400,50.0,640,480,combined,detect_combined,Non-Flooded,resnet18,False,False,0,tensorrt,tensorrt,tensorrt,38.25,38.25,25.88,26.14,5.46,10.24,15.7,1197.35,19.2,0.0,1197.35,19.2,0.0,118.43,51.8,3.32,173.56,0.1973,False,False
1780820376.5028336,kherson_drone_rescue,kherson_drone_rescue.mp4,401,50.0,640,480,combined,detect_combined,Non-Flooded,resnet18,False,False,0,tensorrt,tensorrt,tensorrt,38.18,38.18,25.91,26.19,5.46,10.47,15.93,1197.35,25.0,0.0,1197.35,25.0,0.0,118.43,51.8,3.32,173.56,0.1898,False,False
1780820376.5435517,kherson_drone_rescue,kherson_drone_rescue.mp4,402,50.0,640,480,combined,detect_combined,Non-Flooded,resnet18,False,False,0,tensorrt,tensorrt,tensorrt,38.49,38.49,25.74,25.98,5.43,10.42,15.85,1197.35,18.2,0.0,1197.35,18.2,0.0,118.43,51.8,3.32,173.56,0.174,False,False
1780820376.5848708,kherson_drone_rescue,kherson_drone_rescue.mp4,403,50.0,640,480,combined,detect_combined,Flooded,deeplabv3plus,True,False,0,tensorrt,tensorrt,tensorrt,37.88,37.88,26.14,26.4,5.55,10.5,16.05,1197.35,20.0,0.0,1197.35,20.0,0.0,118.43,51.8,3.32,173.56,0.2137,False,False
1780820376.6323676,kherson_drone_rescue,kherson_drone_rescue.mp4,404,50.0,640,480,combined,detect_combined,Flooded,deeplabv3plus,False,False,0,tensorrt,tensorrt,tensorrt,38.63,38.63,25.63,25.88,5.51,10.36,15.87,1197.35,20.7,0.0,1197.35,20.7,0.0,118.43,51.8,3.32,173.56,0.226,False,False
1780820376.6767702,kherson_drone_rescue,kherson_drone_rescue.mp4,405,50.0,640,480,combined,detect_combined,Flooded,deeplabv3plus,False,False,0,tensorrt,tensorrt,tensorrt,38.18,38.18,25.92,26.19,5.54,10.47,16.01,1197.35,15.4,0.0,1197.35,15.4,0.0,118.43,51.8,3.32,173.56,0.2408,False,False
1780820376.721621,kherson_drone_rescue,kherson_drone_rescue.mp4,406,50.0,640,480,combined,detect_combined,Flooded,deeplabv3plus,False,False,0,tensorrt,tensorrt,tensorrt,37.65,37.65,26.29,26.56,5.56,10.54,16.099999999999998,1197.35,26.9,0.0,1197.35,26.9,0.0,118.43,51.8,3.32,173.56,0.2252,False,False
1780820376.7671838,kherson_drone_rescue,kherson_drone_rescue.mp4,407,50.0,640,480,combined,detect_combined,Flooded,deeplabv3plus,False,False,0,tensorrt,tensorrt,tensorrt,37.35,37.35,26.49,26.78,5.58,10.63,16.21,1197.35,44.4,0.0,1197.35,44.4,0.0,118.43,51.8,3.32,173.56,0.2584,False,False
1780820376.8117394,kherson_drone_rescue,kherson_drone_rescue.mp4,408,50.0,640,480,combined,detect_combined,Flooded,deeplabv3plus,False,False,0,tensorrt,tensorrt,tensorrt,37.87,37.87,26.13,26.4,5.46,10.54,16.0,1197.35,36.0,0.0,1197.35,36.0,0.0,118.43,51.8,3.32,173.56,0.2737,False,False
1780820376.8573558,kherson_drone_rescue,kherson_drone_rescue.mp4,409,50.0,640,480,combined,detect_combined,Flooded,deeplabv3plus,False,False,0,tensorrt,tensorrt,tensorrt,37.88,37.88,26.14,26.4,5.54,10.61,16.15,1197.35,42.9,0.0,1197.35,42.9,0.0,118.43,51.8,3.32,173.56,0.2788,False,False
1780820376.9012978,kherson_drone_rescue,kherson_drone_rescue.mp4,410,50.0,640,480,combined,detect_combined,Flooded,deeplabv3plus,False,False,0,tensorrt,tensorrt,tensorrt,37.7,37.7,26.25,26.53,5.5,10.55,16.05,1197.34,37.5,0.0,1197.34,37.5,0.0,118.43,51.8,3.32,173.56,0.2696,False,False
1780820376.945177,kherson_drone_rescue,kherson_drone_rescue.mp4,411,50.0,640,480,combined,detect_combined,Flooded,deeplabv3plus,False,False,0,tensorrt,tensorrt,tensorrt,37.82,37.82,26.16,26.44,5.55,10.56,16.11,1197.34,34.6,0.0,1197.34,34.6,0.0,118.43,51.8,3.32,173.56,0.2559,False,False
1780820376.9895175,kherson_drone_rescue,kherson_drone_rescue.mp4,412,50.0,640,480,combined,detect_combined,Flooded,deeplabv3plus,False,False,0,tensorrt,tensorrt,tensorrt,37.5,37.5,26.4,26.66,5.52,10.64,16.16,1197.34,46.2,0.0,1197.34,46.2,0.0,118.43,51.8,3.32,173.56,0.2551,False,False
1780820377.0334775,kherson_drone_rescue,kherson_drone_rescue.mp4,413,50.0,640,480,combined,detect_combined,Flooded,deeplabv3plus,False,False,0,tensorrt,tensorrt,tensorrt,38.29,38.29,25.84,26.12,5.54,10.37,15.91,1197.34,44.4,0.0,1197.34,44.4,0.0,118.43,51.8,3.32,173.56,0.2297,False,False
1780820377.0775437,kherson_drone_rescue,kherson_drone_rescue.mp4,414,50.0,640,480,combined,detect_combined,Flooded,deeplabv3plus,False,False,0,tensorrt,tensorrt,tensorrt,38.1,38.1,25.98,26.25,5.54,10.52,16.06,1197.34,30.8,0.0,1197.34,30.8,0.0,118.43,51.8,3.32,173.56,0.2476,False,False
1780820377.1216204,kherson_drone_rescue,kherson_drone_rescue.mp4,415,50.0,640,480,combined,detect_combined,Flooded,deeplabv3plus,False,False,0,tensorrt,tensorrt,tensorrt,38.48,38.48,25.75,25.99,5.47,10.29,15.759999999999998,1197.34,28.6,0.0,1197.34,28.6,0.0,118.43,51.8,3.32,173.56,0.2876,False,False
1780820377.165399,kherson_drone_rescue,kherson_drone_rescue.mp4,416,50.0,640,480,combined,detect_combined,Flooded,deeplabv3plus,False,False,0,tensorrt,tensorrt,tensorrt,38.47,38.47,25.75,26.0,5.49,10.34,15.83,1197.34,19.2,0.0,1197.34,19.2,0.0,118.43,51.8,3.32,173.56,0.2391,False,False
1780820377.2096162,kherson_drone_rescue,kherson_drone_rescue.mp4,417,50.0,640,480,combined,detect_combined,Non-Flooded,resnet18,True,False,0,tensorrt,tensorrt,tensorrt,38.57,38.57,25.66,25.93,5.49,10.27,15.76,1197.34,15.4,0.0,1197.34,15.4,0.0,118.43,51.8,3.32,173.56,0.1858,False,False
1780820377.253218,kherson_drone_rescue,kherson_drone_rescue.mp4,418,50.0,640,480,combined,detect_combined,Flooded,deeplabv3plus,True,False,0,tensorrt,tensorrt,tensorrt,38.33,38.33,25.83,26.09,5.5,10.32,15.82,1197.34,25.0,0.0,1197.34,25.0,0.0,118.43,51.8,3.32,173.56,0.2333,False,False
1780820377.300992,kherson_drone_rescue,kherson_drone_rescue.mp4,419,50.0,640,480,combined,detect_combined,Flooded,deeplabv3plus,False,False,0,tensorrt,tensorrt,tensorrt,37.25,37.25,26.58,26.85,5.49,10.48,15.97,1197.34,14.8,0.0,1197.34,14.8,0.0,118.43,51.8,3.32,173.56,0.2426,False,False
1780820377.3452823,kherson_drone_rescue,kherson_drone_rescue.mp4,420,50.0,640,480,combined,detect_combined,Flooded,deeplabv3plus,False,False,0,tensorrt,tensorrt,tensorrt,38.14,38.14,25.97,26.22,5.51,10.48,15.99,1197.34,23.1,0.0,1197.34,23.1,0.0,118.43,51.8,3.32,173.56,0.2569,False,False
1780820377.3908443,kherson_drone_rescue,kherson_drone_rescue.mp4,421,50.0,640,480,combined,detect_combined,Flooded,deeplabv3plus,False,False,0,tensorrt,tensorrt,tensorrt,38.64,38.64,25.62,25.88,5.45,10.44,15.89,1197.34,15.4,0.0,1197.34,15.4,0.0,118.43,51.8,3.32,173.56,0.2186,False,False
1780820377.4350455,kherson_drone_rescue,kherson_drone_rescue.mp4,422,50.0,640,480,combined,detect_combined,Flooded,deeplabv3plus,False,False,0,tensorrt,tensorrt,tensorrt,38.27,38.27,25.88,26.13,5.47,10.38,15.850000000000001,1197.34,22.2,0.0,1197.34,22.2,0.0,118.43,51.8,3.32,173.56,0.2667,False,False
1780820377.4794219,kherson_drone_rescue,kherson_drone_rescue.mp4,423,50.0,640,480,combined,detect_combined,Flooded,deeplabv3plus,False,False,0,tensorrt,tensorrt,tensorrt,37.95,37.95,26.09,26.35,5.46,10.43,15.89,1197.34,23.1,0.0,1197.34,23.1,0.0,118.43,51.8,3.32,173.56,0.2896,False,False
1780820377.524572,kherson_drone_rescue,kherson_drone_rescue.mp4,424,50.0,640,480,combined,detect_combined,Flooded,deeplabv3plus,False,False,0,tensorrt,tensorrt,tensorrt,37.42,37.42,26.45,26.73,5.39,10.8,16.19,1197.34,40.0,0.0,1197.34,40.0,0.0,118.43,51.8,3.32,173.56,0.2683,False,False
1780820377.5736144,kherson_drone_rescue,kherson_drone_rescue.mp4,425,50.0,640,480,combined,detect_combined,Flooded,deeplabv3plus,False,False,0,tensorrt,tensorrt,tensorrt,33.24,33.24,29.79,30.09,6.48,10.43,16.91,1197.34,32.1,0.0,1197.34,32.1,0.0,118.43,51.8,3.32,173.56,0.2781,False,False
1780820377.6179876,kherson_drone_rescue,kherson_drone_rescue.mp4,426,50.0,640,480,combined,detect_combined,Flooded,deeplabv3plus,False,False,0,tensorrt,tensorrt,tensorrt,38.3,38.3,25.85,26.11,5.55,10.31,15.86,1197.34,19.2,0.0,1197.34,19.2,0.0,118.43,51.8,3.32,173.56,0.2239,False,False
1780820377.6627533,kherson_drone_rescue,kherson_drone_rescue.mp4,427,50.0,640,480,combined,detect_combined,Flooded,deeplabv3plus,False,False,0,tensorrt,tensorrt,tensorrt,38.32,38.32,25.84,26.09,5.46,10.52,15.98,1197.34,27.6,0.0,1197.34,27.6,0.0,118.43,51.8,3.32,173.56,0.2012,False,False
1780820377.7069974,kherson_drone_rescue,kherson_drone_rescue.mp4,428,50.0,640,480,combined,detect_combined,Flooded,deeplabv3plus,False,False,0,tensorrt,tensorrt,tensorrt,38.03,38.03,26.03,26.3,5.45,10.44,15.89,1197.34,20.0,0.0,1197.34,20.0,0.0,118.43,51.8,3.32,173.56,0.2279,False,False
1780820377.7513373,kherson_drone_rescue,kherson_drone_rescue.mp4,429,50.0,640,480,combined,detect_combined,Flooded,deeplabv3plus,False,False,0,tensorrt,tensorrt,tensorrt,38.67,38.67,25.61,25.86,5.46,10.31,15.77,1197.34,16.0,0.0,1197.34,16.0,0.0,118.43,51.8,3.32,173.56,0.2306,False,False
1780820377.7955327,kherson_drone_rescue,kherson_drone_rescue.mp4,430,50.0,640,480,combined,detect_combined,Flooded,deeplabv3plus,False,False,0,tensorrt,tensorrt,tensorrt,38.62,38.62,25.63,25.89,5.44,10.37,15.809999999999999,1197.34,19.2,0.0,1197.34,19.2,0.0,118.43,51.8,3.32,173.56,0.2814,False,False
1780820377.84047,kherson_drone_rescue,kherson_drone_rescue.mp4,431,50.0,640,480,combined,detect_combined,Flooded,deeplabv3plus,False,False,0,tensorrt,tensorrt,tensorrt,37.43,37.43,26.44,26.72,5.48,10.69,16.17,1197.34,23.1,0.0,1197.34,23.1,0.0,118.43,51.8,3.32,173.56,0.2358,False,False
1780820377.8841052,kherson_drone_rescue,kherson_drone_rescue.mp4,432,50.0,640,480,combined,detect_combined,Flooded,deeplabv3plus,False,False,0,tensorrt,tensorrt,tensorrt,38.78,38.78,25.54,25.79,5.47,10.29,15.759999999999998,1197.34,19.2,0.0,1197.34,19.2,0.0,118.43,51.8,3.32,173.56,0.2565,False,False
1780820377.9295454,kherson_drone_rescue,kherson_drone_rescue.mp4,433,50.0,640,480,combined,detect_combined,Flooded,deeplabv3plus,False,False,0,tensorrt,tensorrt,tensorrt,38.38,38.38,25.81,26.06,5.48,10.42,15.9,1197.34,19.2,0.0,1197.34,19.2,0.0,118.43,51.8,3.32,173.56,0.2761,False,False
1780820377.973195,kherson_drone_rescue,kherson_drone_rescue.mp4,434,50.0,640,480,combined,detect_combined,Flooded,deeplabv3plus,False,False,0,tensorrt,tensorrt,tensorrt,38.03,38.03,26.04,26.3,5.48,10.48,15.96,1197.34,23.1,0.0,1197.34,23.1,0.0,118.43,51.8,3.32,173.56,0.3046,False,False
1780820378.0173447,kherson_drone_rescue,kherson_drone_rescue.mp4,435,50.0,640,480,combined,detect_combined,Flooded,deeplabv3plus,False,False,0,tensorrt,tensorrt,tensorrt,38.08,38.08,26.0,26.26,5.51,10.43,15.94,1197.34,20.0,0.0,1197.34,20.0,0.0,118.43,51.8,3.32,173.56,0.3101,False,False
1780820378.0610323,kherson_drone_rescue,kherson_drone_rescue.mp4,436,50.0,640,480,combined,detect_combined,Flooded,deeplabv3plus,False,False,0,tensorrt,tensorrt,tensorrt,38.23,38.23,25.91,26.16,5.5,10.35,15.85,1197.34,16.0,0.0,1197.34,16.0,0.0,118.43,51.8,3.32,173.56,0.2806,False,False
1780820378.105446,kherson_drone_rescue,kherson_drone_rescue.mp4,437,50.0,640,480,combined,detect_combined,Flooded,deeplabv3plus,False,False,0,tensorrt,tensorrt,tensorrt,38.55,38.55,25.69,25.94,5.46,10.34,15.8,1197.34,15.4,0.0,1197.34,15.4,0.0,118.43,51.8,3.32,173.56,0.3968,False,False
1780820378.1499012,kherson_drone_rescue,kherson_drone_rescue.mp4,438,50.0,640,480,combined,detect_combined,Flooded,deeplabv3plus,False,False,0,tensorrt,tensorrt,tensorrt,38.32,38.32,25.85,26.1,5.47,10.5,15.969999999999999,1197.33,30.0,0.0,1197.33,30.0,0.0,118.43,51.8,3.32,173.56,0.4259,False,False
1780820378.1939228,kherson_drone_rescue,kherson_drone_rescue.mp4,439,50.0,640,480,combined,detect_combined,Flooded,deeplabv3plus,False,False,0,tensorrt,tensorrt,tensorrt,38.41,38.41,25.79,26.03,5.58,10.31,15.89,1197.33,16.0,0.0,1197.33,16.0,0.0,118.43,51.8,3.32,173.56,0.4695,False,False
1780820378.23868,kherson_drone_rescue,kherson_drone_rescue.mp4,440,50.0,640,480,combined,detect_combined,Flooded,deeplabv3plus,False,False,0,tensorrt,tensorrt,tensorrt,37.28,37.28,26.57,26.83,5.46,10.32,15.780000000000001,1197.33,22.2,0.0,1197.33,22.2,0.0,118.43,51.8,3.32,173.56,0.4363,False,False
1780820378.2824678,kherson_drone_rescue,kherson_drone_rescue.mp4,441,50.0,640,480,combined,detect_combined,Flooded,deeplabv3plus,False,False,0,tensorrt,tensorrt,tensorrt,38.55,38.55,25.69,25.94,5.45,10.33,15.780000000000001,1197.33,20.0,0.0,1197.33,20.0,0.0,118.43,51.8,3.32,173.56,0.4188,False,False
1780820378.32732,kherson_drone_rescue,kherson_drone_rescue.mp4,442,50.0,640,480,combined,detect_combined,Flooded,deeplabv3plus,False,False,0,tensorrt,tensorrt,tensorrt,37.98,37.98,26.06,26.33,5.5,10.52,16.02,1197.33,26.9,0.0,1197.33,26.9,0.0,118.43,51.8,3.32,173.56,0.3635,False,False
1780820378.3726766,kherson_drone_rescue,kherson_drone_rescue.mp4,443,50.0,640,480,combined,detect_combined,Flooded,deeplabv3plus,False,False,0,tensorrt,tensorrt,tensorrt,37.28,37.28,26.56,26.82,5.45,10.89,16.34,1197.33,36.0,0.0,1197.33,36.0,0.0,118.43,51.8,3.32,173.56,0.4086,False,False
1780820378.4176881,kherson_drone_rescue,kherson_drone_rescue.mp4,444,50.0,640,480,combined,detect_combined,Flooded,deeplabv3plus,False,False,0,tensorrt,tensorrt,tensorrt,36.94,36.94,26.81,27.07,5.47,10.65,16.12,1197.33,44.8,0.0,1197.33,44.8,0.0,118.43,51.8,3.32,173.56,0.3877,False,False
1780820378.4639766,kherson_drone_rescue,kherson_drone_rescue.mp4,445,50.0,640,480,combined,detect_combined,Flooded,deeplabv3plus,False,False,0,tensorrt,tensorrt,tensorrt,37.68,37.68,26.26,26.54,5.55,10.75,16.3,1197.33,36.0,0.0,1197.33,36.0,0.0,118.43,51.8,3.32,173.56,0.3883,False,False
1780820378.5076647,kherson_drone_rescue,kherson_drone_rescue.mp4,446,50.0,640,480,combined,detect_combined,Flooded,deeplabv3plus,False,False,0,tensorrt,tensorrt,tensorrt,38.21,38.21,25.9,26.17,5.5,10.37,15.87,1197.33,29.2,0.0,1197.33,29.2,0.0,118.43,51.8,3.32,173.56,0.3278,False,False
1780820378.5554717,kherson_drone_rescue,kherson_drone_rescue.mp4,447,50.0,640,480,combined,detect_combined,Flooded,deeplabv3plus,False,False,0,tensorrt,tensorrt,tensorrt,34.09,34.09,29.03,29.33,7.86,10.45,18.31,1197.33,28.0,0.0,1197.33,28.0,0.0,118.43,51.8,3.32,173.56,0.3366,False,False
1780820378.6030288,kherson_drone_rescue,kherson_drone_rescue.mp4,448,50.0,640,480,combined,detect_combined,Flooded,deeplabv3plus,False,False,0,tensorrt,tensorrt,tensorrt,33.87,33.87,29.22,29.53,5.56,13.39,18.95,1197.33,37.0,0.0,1197.33,37.0,0.0,118.43,51.8,3.32,173.56,0.3385,False,False
1780820378.6480224,kherson_drone_rescue,kherson_drone_rescue.mp4,449,50.0,640,480,combined,detect_combined,Flooded,deeplabv3plus,False,False,0,tensorrt,tensorrt,tensorrt,37.31,37.31,26.53,26.8,5.53,10.9,16.43,1197.33,41.4,0.0,1197.33,41.4,0.0,118.43,51.8,3.32,173.56,0.388,False,False
1780820378.6926906,kherson_drone_rescue,kherson_drone_rescue.mp4,450,50.0,640,480,combined,detect_combined,Flooded,deeplabv3plus,False,False,0,tensorrt,tensorrt,tensorrt,38.08,38.08,25.98,26.26,5.56,10.47,16.03,1197.33,34.6,0.0,1197.33,34.6,0.0,118.43,51.8,3.32,173.56,0.3207,False,False
1780820378.7367263,kherson_drone_rescue,kherson_drone_rescue.mp4,451,50.0,640,480,combined,detect_combined,Flooded,deeplabv3plus,False,False,0,tensorrt,tensorrt,tensorrt,38.28,38.28,25.86,26.12,5.52,10.44,15.959999999999999,1197.33,33.3,0.0,1197.33,33.3,0.0,118.43,51.8,3.32,173.56,0.287,False,False
1780820378.7804437,kherson_drone_rescue,kherson_drone_rescue.mp4,452,50.0,640,480,combined,detect_combined,Flooded,deeplabv3plus,False,False,0,tensorrt,tensorrt,tensorrt,38.71,38.71,25.59,25.83,5.48,10.3,15.780000000000001,1197.33,20.0,0.0,1197.33,20.0,0.0,118.43,51.8,3.32,173.56,0.2845,False,False
1780820378.824325,kherson_drone_rescue,kherson_drone_rescue.mp4,453,50.0,640,480,combined,detect_combined,Flooded,deeplabv3plus,False,False,0,tensorrt,tensorrt,tensorrt,38.17,38.17,25.9,26.2,5.52,10.57,16.09,1197.33,16.7,0.0,1197.33,16.7,0.0,118.43,51.8,3.32,173.56,0.2821,False,False
1780820378.867556,kherson_drone_rescue,kherson_drone_rescue.mp4,454,50.0,640,480,combined,detect_combined,Flooded,deeplabv3plus,False,False,0,tensorrt,tensorrt,tensorrt,38.85,38.85,25.5,25.74,5.46,10.27,15.73,1197.33,20.0,0.0,1197.33,20.0,0.0,118.43,51.8,3.32,173.56,0.2553,False,False
1780820378.9113882,kherson_drone_rescue,kherson_drone_rescue.mp4,455,50.0,640,480,combined,detect_combined,Flooded,deeplabv3plus,False,False,0,tensorrt,tensorrt,tensorrt,38.48,38.48,25.73,25.99,5.47,10.28,15.75,1197.33,20.0,0.0,1197.33,20.0,0.0,118.43,51.8,3.32,173.56,0.2522,False,False
1780820378.9569106,kherson_drone_rescue,kherson_drone_rescue.mp4,456,50.0,640,480,combined,detect_combined,Flooded,deeplabv3plus,False,False,0,tensorrt,tensorrt,tensorrt,35.84,35.84,27.65,27.9,5.45,10.28,15.73,1197.33,21.4,0.0,1197.33,21.4,0.0,118.43,51.8,3.32,173.56,0.2929,False,False
1780820379.0035436,kherson_drone_rescue,kherson_drone_rescue.mp4,457,50.0,640,480,combined,detect_combined,Flooded,deeplabv3plus,False,False,0,tensorrt,tensorrt,tensorrt,38.21,38.21,25.91,26.17,5.49,10.47,15.96,1197.33,25.0,0.0,1197.33,25.0,0.0,118.43,51.8,3.32,173.56,0.3152,False,False
1780820379.0475545,kherson_drone_rescue,kherson_drone_rescue.mp4,458,50.0,640,480,combined,detect_combined,Flooded,deeplabv3plus,False,False,0,tensorrt,tensorrt,tensorrt,38.42,38.42,25.78,26.03,5.53,10.33,15.86,1197.33,12.0,0.0,1197.33,12.0,0.0,118.43,51.8,3.32,173.56,0.2584,False,False
1780820379.0918937,kherson_drone_rescue,kherson_drone_rescue.mp4,459,50.0,640,480,combined,detect_combined,Flooded,deeplabv3plus,False,False,0,tensorrt,tensorrt,tensorrt,38.24,38.24,25.91,26.15,5.55,10.51,16.06,1197.33,22.2,0.0,1197.33,22.2,0.0,118.43,51.8,3.32,173.56,0.2609,False,False
1780820379.135359,kherson_drone_rescue,kherson_drone_rescue.mp4,460,50.0,640,480,combined,detect_combined,Flooded,deeplabv3plus,False,False,0,tensorrt,tensorrt,tensorrt,38.5,38.5,25.72,25.97,5.49,10.36,15.85,1197.33,25.9,0.0,1197.33,25.9,0.0,118.43,51.8,3.32,173.56,0.2474,False,False
1780820379.1797194,kherson_drone_rescue,kherson_drone_rescue.mp4,461,50.0,640,480,combined,detect_combined,Flooded,deeplabv3plus,False,False,0,tensorrt,tensorrt,tensorrt,38.27,38.27,25.88,26.13,5.52,10.49,16.009999999999998,1197.33,16.0,0.0,1197.33,16.0,0.0,118.43,51.8,3.32,173.56,0.2894,False,False
1780820379.2254527,kherson_drone_rescue,kherson_drone_rescue.mp4,462,50.0,640,480,combined,detect_combined,Flooded,deeplabv3plus,False,False,0,tensorrt,tensorrt,tensorrt,36.68,36.68,27.01,27.26,5.52,10.41,15.93,1197.33,15.4,0.0,1197.33,15.4,0.0,118.43,51.8,3.32,173.56,0.2928,False,False
1780820379.270135,kherson_drone_rescue,kherson_drone_rescue.mp4,463,50.0,640,480,combined,detect_combined,Flooded,deeplabv3plus,False,False,0,tensorrt,tensorrt,tensorrt,38.74,38.74,25.57,25.82,5.33,10.35,15.68,1197.33,14.8,0.0,1197.33,14.8,0.0,118.43,51.8,3.32,173.56,0.3108,False,False
1780820379.31361,kherson_drone_rescue,kherson_drone_rescue.mp4,464,50.0,640,480,combined,detect_combined,Flooded,deeplabv3plus,False,False,0,tensorrt,tensorrt,tensorrt,39.16,39.16,25.29,25.53,5.37,10.25,15.620000000000001,1197.33,16.0,0.0,1197.33,16.0,0.0,118.43,51.8,3.32,173.56,0.3343,False,False
1780820379.3574376,kherson_drone_rescue,kherson_drone_rescue.mp4,465,50.0,640,480,combined,detect_combined,Flooded,deeplabv3plus,False,False,0,tensorrt,tensorrt,tensorrt,37.82,37.82,26.17,26.44,5.52,10.51,16.03,1197.33,22.2,0.0,1197.33,22.2,0.0,118.43,51.8,3.32,173.56,0.2021,False,False
1780820379.4016957,kherson_drone_rescue,kherson_drone_rescue.mp4,466,50.0,640,480,combined,detect_combined,Flooded,deeplabv3plus,False,False,0,tensorrt,tensorrt,tensorrt,37.62,37.62,26.33,26.58,5.45,10.68,16.13,1197.33,12.0,0.0,1197.33,12.0,0.0,118.43,51.8,3.32,173.56,0.2568,False,False
1780820379.4483244,kherson_drone_rescue,kherson_drone_rescue.mp4,467,50.0,640,480,combined,detect_combined,Flooded,deeplabv3plus,False,False,0,tensorrt,tensorrt,tensorrt,35.46,35.46,27.9,28.2,5.48,11.46,16.94,1197.33,26.7,0.0,1197.33,26.7,0.0,118.43,51.8,3.32,173.56,0.2974,False,False
1780820379.4931693,kherson_drone_rescue,kherson_drone_rescue.mp4,468,50.0,640,480,combined,detect_combined,Flooded,deeplabv3plus,False,False,0,tensorrt,tensorrt,tensorrt,36.82,36.82,26.89,27.16,6.94,10.17,17.11,1197.33,15.4,0.0,1197.33,15.4,0.0,118.43,51.8,3.32,173.56,0.3151,False,False
1780820379.5382383,kherson_drone_rescue,kherson_drone_rescue.mp4,469,50.0,640,480,combined,detect_combined,Flooded,deeplabv3plus,False,False,0,tensorrt,tensorrt,tensorrt,38.84,38.84,25.45,25.75,5.43,10.2,15.629999999999999,1197.33,18.5,0.0,1197.33,18.5,0.0,118.43,51.8,3.32,173.56,0.353,False,False
1780820379.582981,kherson_drone_rescue,kherson_drone_rescue.mp4,470,50.0,640,480,combined,detect_combined,Flooded,deeplabv3plus,False,False,0,tensorrt,tensorrt,tensorrt,38.43,38.43,25.78,26.02,5.43,10.31,15.74,1197.33,25.0,0.0,1197.33,25.0,0.0,118.43,51.8,3.32,173.56,0.3513,False,False
1780820379.6266975,kherson_drone_rescue,kherson_drone_rescue.mp4,471,50.0,640,480,combined,detect_combined,Flooded,deeplabv3plus,False,False,0,tensorrt,tensorrt,tensorrt,38.82,38.82,25.52,25.76,5.44,10.28,15.719999999999999,1197.33,21.4,0.0,1197.33,21.4,0.0,118.43,51.8,3.32,173.56,0.419,False,False
1780820379.6705813,kherson_drone_rescue,kherson_drone_rescue.mp4,472,50.0,640,480,combined,detect_combined,Flooded,deeplabv3plus,False,False,0,tensorrt,tensorrt,tensorrt,38.79,38.79,25.54,25.78,5.42,10.34,15.76,1197.33,22.2,0.0,1197.33,22.2,0.0,118.43,51.8,3.32,173.56,0.392,False,False
1780820379.714495,kherson_drone_rescue,kherson_drone_rescue.mp4,473,50.0,640,480,combined,detect_combined,Flooded,deeplabv3plus,False,False,0,tensorrt,tensorrt,tensorrt,38.5,38.5,25.72,25.97,5.44,10.37,15.809999999999999,1197.33,25.0,0.0,1197.33,25.0,0.0,118.43,51.8,3.32,173.56,0.3754,False,False
1780820379.7582164,kherson_drone_rescue,kherson_drone_rescue.mp4,474,50.0,640,480,combined,detect_combined,Flooded,deeplabv3plus,False,False,0,tensorrt,tensorrt,tensorrt,38.66,38.66,25.57,25.87,5.42,10.31,15.73,1197.33,23.1,0.0,1197.33,23.1,0.0,118.43,51.8,3.32,173.56,0.3139,False,False
1780820379.8023202,kherson_drone_rescue,kherson_drone_rescue.mp4,475,50.0,640,480,combined,detect_combined,Flooded,deeplabv3plus,False,False,0,tensorrt,tensorrt,tensorrt,38.29,38.29,25.78,26.12,5.47,10.37,15.84,1197.33,19.2,0.0,1197.33,19.2,0.0,118.43,51.8,3.32,173.56,0.3203,False,False
1780820379.8459256,kherson_drone_rescue,kherson_drone_rescue.mp4,476,50.0,640,480,combined,detect_combined,Flooded,deeplabv3plus,False,False,0,tensorrt,tensorrt,tensorrt,38.73,38.73,25.56,25.82,5.46,10.31,15.77,1197.33,22.2,0.0,1197.33,22.2,0.0,118.43,51.8,3.32,173.56,0.2711,False,False
1780820379.890318,kherson_drone_rescue,kherson_drone_rescue.mp4,477,50.0,640,480,combined,detect_combined,Flooded,deeplabv3plus,False,False,0,tensorrt,tensorrt,tensorrt,38.44,38.44,25.71,26.02,5.45,10.34,15.79,1197.33,19.2,0.0,1197.33,19.2,0.0,118.43,51.8,3.32,173.56,0.3369,False,False
1780820379.934502,kherson_drone_rescue,kherson_drone_rescue.mp4,478,50.0,640,480,combined,detect_combined,Flooded,deeplabv3plus,False,False,0,tensorrt,tensorrt,tensorrt,38.57,38.57,25.67,25.93,5.46,10.37,15.829999999999998,1197.33,26.9,0.0,1197.33,26.9,0.0,118.43,51.8,3.32,173.56,0.3556,False,False
1780820379.9791672,kherson_drone_rescue,kherson_drone_rescue.mp4,479,50.0,640,480,combined,detect_combined,Flooded,deeplabv3plus,False,False,0,tensorrt,tensorrt,tensorrt,37.56,37.56,26.36,26.62,5.51,10.56,16.07,1197.33,42.3,0.0,1197.33,42.3,0.0,118.43,51.8,3.32,173.56,0.3665,False,False
1780820380.0317676,kherson_drone_rescue,kherson_drone_rescue.mp4,480,50.0,640,480,combined,detect_combined,Flooded,deeplabv3plus,False,False,0,tensorrt,tensorrt,tensorrt,29.34,29.34,33.79,34.09,5.34,10.68,16.02,1197.33,58.6,0.0,1197.33,58.6,0.0,118.43,51.8,3.32,173.56,0.3717,False,False
1780820380.087326,kherson_drone_rescue,kherson_drone_rescue.mp4,481,50.0,640,480,combined,detect_combined,Flooded,deeplabv3plus,False,False,0,tensorrt,tensorrt,tensorrt,29.63,29.63,33.45,33.75,5.5,16.73,22.23,1197.33,40.6,0.0,1197.33,40.6,0.0,118.43,51.8,3.32,173.56,0.3326,False,False
1780820380.134569,kherson_drone_rescue,kherson_drone_rescue.mp4,482,50.0,640,480,combined,detect_combined,Flooded,deeplabv3plus,False,False,0,tensorrt,tensorrt,tensorrt,36.94,36.94,26.77,27.07,5.69,10.8,16.490000000000002,1197.33,41.4,0.0,1197.33,41.4,0.0,118.43,51.8,3.32,173.56,0.2845,False,False
1780820380.1815808,kherson_drone_rescue,kherson_drone_rescue.mp4,483,50.0,640,480,combined,detect_combined,Flooded,deeplabv3plus,False,False,0,tensorrt,tensorrt,tensorrt,36.88,36.88,26.84,27.12,5.63,10.85,16.48,1197.32,39.3,0.0,1197.32,39.3,0.0,118.43,51.8,3.32,173.56,0.2552,False,False
1780820380.2279654,kherson_drone_rescue,kherson_drone_rescue.mp4,484,50.0,640,480,combined,detect_combined,Flooded,deeplabv3plus,False,False,0,tensorrt,tensorrt,tensorrt,37.41,37.41,26.45,26.73,5.54,10.69,16.23,1197.32,32.0,0.0,1197.32,32.0,0.0,118.43,51.8,3.32,173.56,0.2565,False,False
1780820380.273515,kherson_drone_rescue,kherson_drone_rescue.mp4,485,50.0,640,480,combined,detect_combined,Flooded,deeplabv3plus,False,False,0,tensorrt,tensorrt,tensorrt,37.42,37.42,26.45,26.73,5.61,10.71,16.32,1197.32,38.5,0.0,1197.32,38.5,0.0,118.43,51.8,3.32,173.56,0.2328,False,False
1780820380.3185222,kherson_drone_rescue,kherson_drone_rescue.mp4,486,50.0,640,480,combined,detect_combined,Non-Flooded,resnet18,True,False,0,tensorrt,tensorrt,tensorrt,38.36,38.36,25.8,26.07,5.51,10.35,15.86,1197.32,28.6,0.0,1197.32,28.6,0.0,118.43,51.8,3.32,173.56,0.1971,False,False
1780820380.3627646,kherson_drone_rescue,kherson_drone_rescue.mp4,487,50.0,640,480,combined,detect_combined,Flooded,deeplabv3plus,True,False,0,tensorrt,tensorrt,tensorrt,38.28,38.28,25.85,26.13,5.53,10.38,15.91,1197.32,25.9,0.0,1197.32,25.9,0.0,118.43,51.8,3.32,173.56,0.2231,False,False
1780820380.4095025,kherson_drone_rescue,kherson_drone_rescue.mp4,488,50.0,640,480,combined,detect_combined,Non-Flooded,resnet18,True,False,0,tensorrt,tensorrt,tensorrt,38.36,38.36,25.79,26.07,5.47,10.41,15.879999999999999,1197.32,16.0,0.0,1197.32,16.0,0.0,118.43,51.8,3.32,173.56,0.1619,False,False
1780820380.4529316,kherson_drone_rescue,kherson_drone_rescue.mp4,489,50.0,640,480,combined,detect_combined,Flooded,deeplabv3plus,True,False,0,tensorrt,tensorrt,tensorrt,37.84,37.84,26.15,26.43,5.59,10.52,16.11,1197.32,23.1,0.0,1197.32,23.1,0.0,118.43,51.8,3.32,173.56,0.2098,False,False
1780820380.4995477,kherson_drone_rescue,kherson_drone_rescue.mp4,490,50.0,640,480,combined,detect_combined,Flooded,deeplabv3plus,False,False,0,tensorrt,tensorrt,tensorrt,38.54,38.54,25.69,25.94,5.45,10.3,15.75,1197.32,15.4,0.0,1197.32,15.4,0.0,118.43,51.8,3.32,173.56,0.2321,False,False
1780820380.543663,kherson_drone_rescue,kherson_drone_rescue.mp4,491,50.0,640,480,combined,detect_combined,Flooded,deeplabv3plus,False,False,0,tensorrt,tensorrt,tensorrt,38.78,38.78,25.54,25.79,5.45,10.26,15.71,1197.32,16.0,0.0,1197.32,16.0,0.0,118.43,51.8,3.32,173.56,0.2953,False,False
1780820380.5880718,kherson_drone_rescue,kherson_drone_rescue.mp4,492,50.0,640,480,combined,detect_combined,Flooded,deeplabv3plus,False,False,0,tensorrt,tensorrt,tensorrt,38.56,38.56,25.69,25.94,5.49,10.36,15.85,1197.32,19.2,0.0,1197.32,19.2,0.0,118.43,51.8,3.32,173.56,0.3254,False,False
1780820380.6339114,kherson_drone_rescue,kherson_drone_rescue.mp4,493,50.0,640,480,combined,detect_combined,Flooded,deeplabv3plus,False,False,0,tensorrt,tensorrt,tensorrt,38.23,38.23,25.9,26.16,5.47,10.51,15.98,1197.32,25.9,0.0,1197.32,25.9,0.0,118.43,51.8,3.32,173.56,0.2837,False,False
1780820380.678668,kherson_drone_rescue,kherson_drone_rescue.mp4,494,50.0,640,480,combined,detect_combined,Flooded,deeplabv3plus,False,False,0,tensorrt,tensorrt,tensorrt,37.35,37.35,26.5,26.77,5.48,10.45,15.93,1197.32,16.0,0.0,1197.32,16.0,0.0,118.43,51.8,3.32,173.56,0.3259,False,False
1780820380.7228227,kherson_drone_rescue,kherson_drone_rescue.mp4,495,50.0,640,480,combined,detect_combined,Flooded,deeplabv3plus,False,False,0,tensorrt,tensorrt,tensorrt,38.38,38.38,25.81,26.06,5.47,10.38,15.850000000000001,1197.32,27.6,0.0,1197.32,27.6,0.0,118.43,51.8,3.32,173.56,0.2808,False,False
1780820380.7673965,kherson_drone_rescue,kherson_drone_rescue.mp4,496,50.0,640,480,combined,detect_combined,Flooded,deeplabv3plus,False,False,0,tensorrt,tensorrt,tensorrt,38.2,38.2,25.91,26.18,5.5,10.6,16.1,1197.32,16.0,0.0,1197.32,16.0,0.0,118.43,51.8,3.32,173.56,0.3502,False,False
1780820380.8121538,kherson_drone_rescue,kherson_drone_rescue.mp4,497,50.0,640,480,combined,detect_combined,Flooded,deeplabv3plus,False,False,0,tensorrt,tensorrt,tensorrt,38.45,38.45,25.76,26.01,5.48,10.38,15.860000000000001,1197.32,12.0,0.0,1197.32,12.0,0.0,118.43,51.8,3.32,173.56,0.321,False,False
1780820380.857256,kherson_drone_rescue,kherson_drone_rescue.mp4,498,50.0,640,480,combined,detect_combined,Flooded,deeplabv3plus,False,False,0,tensorrt,tensorrt,tensorrt,37.67,37.67,26.26,26.55,5.46,10.63,16.09,1197.32,25.9,0.0,1197.32,25.9,0.0,118.43,51.8,3.32,173.56,0.2158,False,False
1780820380.9021869,kherson_drone_rescue,kherson_drone_rescue.mp4,499,50.0,640,480,combined,detect_combined,Flooded,deeplabv3plus,False,False,0,tensorrt,tensorrt,tensorrt,38.52,38.52,25.68,25.96,5.52,10.38,15.9,1197.32,15.4,0.0,1197.32,15.4,0.0,118.43,51.8,3.32,173.56,0.236,False,False
1780820380.9463904,kherson_drone_rescue,kherson_drone_rescue.mp4,500,50.0,640,480,combined,detect_combined,Flooded,deeplabv3plus,False,False,0,tensorrt,tensorrt,tensorrt,38.49,38.49,25.73,25.98,5.45,10.45,15.899999999999999,1197.32,27.6,0.0,1197.32,27.6,0.0,118.43,51.8,3.32,173.56,0.299,False,False
1780820380.9906821,kherson_drone_rescue,kherson_drone_rescue.mp4,501,50.0,640,480,combined,detect_combined,Flooded,deeplabv3plus,False,False,0,tensorrt,tensorrt,tensorrt,38.64,38.64,25.64,25.88,5.46,10.38,15.84,1197.32,19.2,0.0,1197.32,19.2,0.0,118.43,51.8,3.32,173.56,0.3504,False,False
1780820381.0367177,kherson_drone_rescue,kherson_drone_rescue.mp4,502,50.0,640,480,combined,detect_combined,Flooded,deeplabv3plus,False,False,0,tensorrt,tensorrt,tensorrt,36.25,36.25,27.32,27.59,5.44,10.55,15.990000000000002,1197.32,19.2,0.0,1197.32,19.2,0.0,118.43,51.8,3.32,173.56,0.3544,False,False
1780820381.0808656,kherson_drone_rescue,kherson_drone_rescue.mp4,503,50.0,640,480,combined,detect_combined,Flooded,deeplabv3plus,False,False,0,tensorrt,tensorrt,tensorrt,38.52,38.52,25.72,25.96,5.53,10.26,15.79,1197.32,15.4,0.0,1197.32,15.4,0.0,118.43,51.8,3.32,173.56,0.2523,False,False
1780820381.1254408,kherson_drone_rescue,kherson_drone_rescue.mp4,504,50.0,640,480,combined,detect_combined,Flooded,deeplabv3plus,False,False,0,tensorrt,tensorrt,tensorrt,38.21,38.21,25.93,26.17,5.47,10.41,15.879999999999999,1197.32,28.6,0.0,1197.32,28.6,0.0,118.43,51.8,3.32,173.56,0.2657,False,False
1780820381.1711261,kherson_drone_rescue,kherson_drone_rescue.mp4,505,50.0,640,480,combined,detect_combined,Flooded,deeplabv3plus,False,False,0,tensorrt,tensorrt,tensorrt,38.07,38.07,26.0,26.27,5.49,10.56,16.05,1197.32,37.0,0.0,1197.32,37.0,0.0,118.43,51.8,3.32,173.56,0.2547,False,False
1780820381.2158198,kherson_drone_rescue,kherson_drone_rescue.mp4,506,50.0,640,480,combined,detect_combined,Non-Flooded,resnet18,True,False,0,tensorrt,tensorrt,tensorrt,37.64,37.64,26.28,26.57,5.47,10.74,16.21,1197.32,40.0,0.0,1197.32,40.0,0.0,118.43,51.8,3.32,173.56,0.1209,False,False
1780820381.2604492,kherson_drone_rescue,kherson_drone_rescue.mp4,507,50.0,640,480,combined,detect_combined,Non-Flooded,resnet18,False,False,0,tensorrt,tensorrt,tensorrt,37.77,37.77,26.21,26.47,5.43,10.62,16.049999999999997,1197.32,33.3,0.0,1197.32,33.3,0.0,118.43,51.8,3.32,173.56,0.0779,False,False
1780820381.301811,kherson_drone_rescue,kherson_drone_rescue.mp4,508,50.0,640,480,combined,detect_combined,Non-Flooded,resnet18,False,False,0,tensorrt,tensorrt,tensorrt,37.59,37.59,26.33,26.6,5.56,10.62,16.18,1197.32,31.8,0.0,1197.32,31.8,0.0,118.43,51.8,3.32,173.56,0.097,False,False
1780820381.3430696,kherson_drone_rescue,kherson_drone_rescue.mp4,509,50.0,640,480,combined,detect_combined,Non-Flooded,resnet18,False,False,0,tensorrt,tensorrt,tensorrt,37.87,37.87,26.15,26.41,5.52,10.57,16.09,1197.32,37.5,0.0,1197.32,37.5,0.0,118.43,51.8,3.32,173.56,0.1551,False,False
1780820381.384936,kherson_drone_rescue,kherson_drone_rescue.mp4,510,50.0,640,480,combined,detect_combined,Non-Flooded,resnet18,False,False,0,tensorrt,tensorrt,tensorrt,37.41,37.41,26.45,26.73,5.53,10.67,16.2,1197.32,36.0,0.0,1197.32,36.0,0.0,118.43,51.8,3.32,173.56,0.1598,False,False
1780820381.4274628,kherson_drone_rescue,kherson_drone_rescue.mp4,511,50.0,640,480,combined,detect_combined,Flooded,deeplabv3plus,True,False,0,tensorrt,tensorrt,tensorrt,36.66,36.66,26.98,27.28,5.62,10.7,16.32,1197.32,40.0,0.0,1197.32,40.0,0.0,118.43,51.8,3.32,173.56,0.2584,False,False
1780820381.475973,kherson_drone_rescue,kherson_drone_rescue.mp4,512,50.0,640,480,combined,detect_combined,Flooded,deeplabv3plus,False,False,0,tensorrt,tensorrt,tensorrt,38.3,38.3,25.84,26.11,5.49,10.39,15.88,1197.32,33.3,0.0,1197.32,33.3,0.0,118.43,51.8,3.32,173.56,0.2753,False,False
1780820381.5204654,kherson_drone_rescue,kherson_drone_rescue.mp4,513,50.0,640,480,combined,detect_combined,Flooded,deeplabv3plus,False,False,0,tensorrt,tensorrt,tensorrt,37.79,37.79,26.19,26.46,5.46,10.53,15.989999999999998,1197.32,40.7,0.0,1197.32,40.7,0.0,118.43,51.8,3.32,173.56,0.2273,False,False
1780820381.5646882,kherson_drone_rescue,kherson_drone_rescue.mp4,514,50.0,640,480,combined,detect_combined,Flooded,deeplabv3plus,False,False,0,tensorrt,tensorrt,tensorrt,38.16,38.16,25.94,26.2,5.48,10.56,16.04,1197.32,26.9,0.0,1197.32,26.9,0.0,118.43,51.8,3.32,173.56,0.2191,False,False
1780820381.608713,kherson_drone_rescue,kherson_drone_rescue.mp4,515,50.0,640,480,combined,detect_combined,Non-Flooded,resnet18,True,False,0,tensorrt,tensorrt,tensorrt,38.42,38.42,25.76,26.03,5.48,10.39,15.870000000000001,1197.32,15.4,0.0,1197.32,15.4,0.0,118.43,51.8,3.32,173.56,0.1997,False,False
1780820381.6520927,kherson_drone_rescue,kherson_drone_rescue.mp4,516,50.0,640,480,combined,detect_combined,Flooded,deeplabv3plus,True,False,0,tensorrt,tensorrt,tensorrt,38.28,38.28,25.84,26.12,5.51,10.51,16.02,1197.32,22.2,0.0,1197.32,22.2,0.0,118.43,51.8,3.32,173.56,0.2857,False,False
1780820381.6975646,kherson_drone_rescue,kherson_drone_rescue.mp4,517,50.0,640,480,combined,detect_combined,Flooded,deeplabv3plus,False,False,0,tensorrt,tensorrt,tensorrt,38.3,38.3,25.86,26.11,5.47,10.45,15.919999999999998,1197.32,22.2,0.0,1197.32,22.2,0.0,118.43,51.8,3.32,173.56,0.3131,False,False
1780820381.7419426,kherson_drone_rescue,kherson_drone_rescue.mp4,518,50.0,640,480,combined,detect_combined,Flooded,deeplabv3plus,False,False,0,tensorrt,tensorrt,tensorrt,37.91,37.91,26.12,26.38,5.48,10.56,16.04,1197.32,23.1,0.0,1197.32,23.1,0.0,118.43,51.8,3.32,173.56,0.2818,False,False
1780820381.7861888,kherson_drone_rescue,kherson_drone_rescue.mp4,519,50.0,640,480,combined,detect_combined,Flooded,deeplabv3plus,False,False,0,tensorrt,tensorrt,tensorrt,38.17,38.17,25.94,26.2,5.52,10.4,15.92,1197.32,28.6,0.0,1197.32,28.6,0.0,118.43,51.8,3.32,173.56,0.303,False,False
1780820381.830342,kherson_drone_rescue,kherson_drone_rescue.mp4,520,50.0,640,480,combined,detect_combined,Flooded,deeplabv3plus,False,False,0,tensorrt,tensorrt,tensorrt,38.58,38.58,25.67,25.92,5.44,10.36,15.8,1197.32,22.2,0.0,1197.32,22.2,0.0,118.43,51.8,3.32,173.56,0.3013,False,False
1780820381.8751948,kherson_drone_rescue,kherson_drone_rescue.mp4,521,50.0,640,480,combined,detect_combined,Flooded,deeplabv3plus,False,False,0,tensorrt,tensorrt,tensorrt,38.53,38.53,25.7,25.95,5.45,10.36,15.809999999999999,1197.32,19.2,0.0,1197.32,19.2,0.0,118.43,51.8,3.32,173.56,0.2555,False,False
1780820381.9195533,kherson_drone_rescue,kherson_drone_rescue.mp4,522,50.0,640,480,combined,detect_combined,Flooded,deeplabv3plus,False,False,0,tensorrt,tensorrt,tensorrt,38.53,38.53,25.71,25.96,5.44,10.41,15.850000000000001,1197.32,22.2,0.0,1197.32,22.2,0.0,118.43,51.8,3.32,173.56,0.2547,False,False
1780820381.963866,kherson_drone_rescue,kherson_drone_rescue.mp4,523,50.0,640,480,combined,detect_combined,Flooded,deeplabv3plus,False,False,0,tensorrt,tensorrt,tensorrt,38.44,38.44,25.77,26.02,5.45,10.41,15.86,1197.32,12.5,0.0,1197.32,12.5,0.0,118.43,51.8,3.32,173.56,0.2197,False,False
1780820382.0089056,kherson_drone_rescue,kherson_drone_rescue.mp4,524,50.0,640,480,combined,detect_combined,Flooded,deeplabv3plus,False,False,0,tensorrt,tensorrt,tensorrt,37.47,37.47,26.42,26.68,5.55,10.63,16.18,1197.32,48.0,0.0,1197.32,48.0,0.0,118.43,51.8,3.32,173.56,0.225,False,False
1780820382.0529506,kherson_drone_rescue,kherson_drone_rescue.mp4,525,50.0,640,480,combined,detect_combined,Flooded,deeplabv3plus,False,False,0,tensorrt,tensorrt,tensorrt,38.23,38.23,25.9,26.16,5.54,10.34,15.879999999999999,1197.32,33.3,0.0,1197.32,33.3,0.0,118.43,51.8,3.32,173.56,0.2131,False,False
1780820382.097538,kherson_drone_rescue,kherson_drone_rescue.mp4,526,50.0,640,480,combined,detect_combined,Flooded,deeplabv3plus,False,False,0,tensorrt,tensorrt,tensorrt,37.78,37.78,26.21,26.47,5.49,10.69,16.18,1197.31,48.1,0.0,1197.31,48.1,0.0,118.43,51.8,3.32,173.56,0.2305,False,False
1780820382.1422453,kherson_drone_rescue,kherson_drone_rescue.mp4,527,50.0,640,480,combined,detect_combined,Non-Flooded,resnet18,True,False,0,tensorrt,tensorrt,tensorrt,37.89,37.89,26.1,26.39,5.52,10.49,16.009999999999998,1197.31,40.7,0.0,1197.31,40.7,0.0,118.43,51.8,3.32,173.56,0.1307,False,False
1780820382.1852784,kherson_drone_rescue,kherson_drone_rescue.mp4,528,50.0,640,480,combined,detect_combined,Non-Flooded,resnet18,False,False,0,tensorrt,tensorrt,tensorrt,38.02,38.02,26.04,26.3,5.52,10.59,16.11,1197.31,40.0,0.0,1197.31,40.0,0.0,118.43,51.8,3.32,173.56,0.141,False,False
1780820382.2274039,kherson_drone_rescue,kherson_drone_rescue.mp4,529,50.0,640,480,combined,detect_combined,Non-Flooded,resnet18,False,False,0,tensorrt,tensorrt,tensorrt,37.7,37.7,26.24,26.52,5.5,10.68,16.18,1197.31,44.0,0.0,1197.31,44.0,0.0,118.43,51.8,3.32,173.56,0.1098,False,False
1780820382.2693799,kherson_drone_rescue,kherson_drone_rescue.mp4,530,50.0,640,480,combined,detect_combined,Non-Flooded,resnet18,False,False,0,tensorrt,tensorrt,tensorrt,36.47,36.47,27.15,27.42,5.63,10.44,16.07,1197.31,29.2,0.0,1197.31,29.2,0.0,118.43,51.8,3.32,173.56,0.1089,False,False
1780820382.3096688,kherson_drone_rescue,kherson_drone_rescue.mp4,531,50.0,640,480,combined,detect_combined,Non-Flooded,resnet18,False,False,0,tensorrt,tensorrt,tensorrt,38.11,38.11,25.98,26.24,5.6,10.31,15.91,1197.31,19.0,0.0,1197.31,19.0,0.0,118.43,51.8,3.32,173.56,0.1817,False,False
1780820382.3509986,kherson_drone_rescue,kherson_drone_rescue.mp4,532,50.0,640,480,combined,detect_combined,Non-Flooded,resnet18,False,False,0,tensorrt,tensorrt,tensorrt,37.51,37.51,26.4,26.66,5.56,10.4,15.96,1197.31,20.8,0.0,1197.31,20.8,0.0,118.43,51.8,3.32,173.56,0.1842,False,False
1780820382.3915687,kherson_drone_rescue,kherson_drone_rescue.mp4,533,50.0,640,480,combined,detect_combined,Flooded,deeplabv3plus,True,False,0,tensorrt,tensorrt,tensorrt,37.91,37.91,26.1,26.38,5.59,10.49,16.08,1197.31,20.8,0.0,1197.31,20.8,0.0,118.43,51.8,3.32,173.56,0.2066,False,False
1780820382.4387789,kherson_drone_rescue,kherson_drone_rescue.mp4,534,50.0,640,480,combined,detect_combined,Non-Flooded,resnet18,True,False,0,tensorrt,tensorrt,tensorrt,38.24,38.24,25.87,26.15,5.49,10.37,15.86,1197.31,14.8,0.0,1197.31,14.8,0.0,118.43,51.8,3.32,173.56,0.1949,False,False
1780820382.4833422,kherson_drone_rescue,kherson_drone_rescue.mp4,535,50.0,640,480,combined,detect_combined,Flooded,deeplabv3plus,True,False,0,tensorrt,tensorrt,tensorrt,37.13,37.13,26.65,26.93,5.48,10.54,16.02,1197.31,23.1,0.0,1197.31,23.1,0.0,118.43,51.8,3.32,173.56,0.2352,False,False
1780820382.5421557,kherson_drone_rescue,kherson_drone_rescue.mp4,536,50.0,640,480,combined,detect_combined,Flooded,deeplabv3plus,False,False,0,tensorrt,tensorrt,tensorrt,27.28,27.28,36.34,36.66,5.78,11.0,16.78,1197.31,42.9,0.0,1197.31,42.9,0.0,118.43,51.8,3.32,173.56,0.2536,False,False
1780820382.5933778,kherson_drone_rescue,kherson_drone_rescue.mp4,537,50.0,640,480,combined,detect_combined,Non-Flooded,resnet18,True,False,0,tensorrt,tensorrt,tensorrt,36.14,36.14,27.24,27.67,5.87,10.49,16.36,1197.31,24.1,0.0,1197.31,24.1,0.0,118.43,51.8,3.32,173.56,0.1631,False,False
1780820382.6372855,kherson_drone_rescue,kherson_drone_rescue.mp4,538,50.0,640,480,combined,detect_combined,Non-Flooded,resnet18,False,False,0,tensorrt,tensorrt,tensorrt,37.6,37.6,26.33,26.59,5.64,10.56,16.2,1197.31,21.4,0.0,1197.31,21.4,0.0,118.43,51.8,3.32,173.56,0.1872,False,False
1780820382.6794574,kherson_drone_rescue,kherson_drone_rescue.mp4,539,50.0,640,480,combined,detect_combined,Flooded,deeplabv3plus,True,False,0,tensorrt,tensorrt,tensorrt,36.23,36.23,27.3,27.6,5.5,10.88,16.380000000000003,1197.31,20.0,0.0,1197.31,20.0,0.0,118.43,51.8,3.32,173.56,0.2002,False,False
1780820382.7260017,kherson_drone_rescue,kherson_drone_rescue.mp4,540,50.0,640,480,combined,detect_combined,Non-Flooded,resnet18,True,False,0,tensorrt,tensorrt,tensorrt,38.2,38.2,25.9,26.18,5.54,10.38,15.920000000000002,1197.31,21.4,0.0,1197.31,21.4,0.0,118.43,51.8,3.32,173.56,0.1872,False,False
1780820382.768281,kherson_drone_rescue,kherson_drone_rescue.mp4,541,50.0,640,480,combined,detect_combined,Non-Flooded,resnet18,False,False,0,tensorrt,tensorrt,tensorrt,36.73,36.73,26.9,27.23,5.56,10.62,16.18,1197.31,26.1,0.0,1197.31,26.1,0.0,118.43,51.8,3.32,173.56,0.1329,False,False
1780820382.8114257,kherson_drone_rescue,kherson_drone_rescue.mp4,542,50.0,640,480,combined,detect_combined,Non-Flooded,resnet18,False,False,0,tensorrt,tensorrt,tensorrt,36.44,36.44,27.16,27.44,5.67,10.58,16.25,1197.31,40.0,0.0,1197.31,40.0,0.0,118.43,51.8,3.32,173.56,0.1519,False,False
1780820382.855139,kherson_drone_rescue,kherson_drone_rescue.mp4,543,50.0,640,480,combined,detect_combined,Non-Flooded,resnet18,False,False,0,tensorrt,tensorrt,tensorrt,36.67,36.67,26.98,27.27,5.83,10.85,16.68,1197.31,33.3,0.0,1197.31,33.3,0.0,118.43,51.8,3.32,173.56,0.1652,False,False
1780820382.8977187,kherson_drone_rescue,kherson_drone_rescue.mp4,544,50.0,640,480,combined,detect_combined,Non-Flooded,resnet18,False,False,0,tensorrt,tensorrt,tensorrt,36.67,36.67,26.98,27.27,5.64,10.63,16.27,1197.31,40.7,0.0,1197.31,40.7,0.0,118.43,51.8,3.32,173.56,0.1554,False,False
1780820382.9410837,kherson_drone_rescue,kherson_drone_rescue.mp4,545,50.0,640,480,combined,detect_combined,Non-Flooded,resnet18,False,False,0,tensorrt,tensorrt,tensorrt,35.79,35.79,27.65,27.94,5.58,10.93,16.509999999999998,1197.31,48.1,0.0,1197.31,48.1,0.0,118.43,51.8,3.32,173.56,0.1581,False,False
1780820382.9863093,kherson_drone_rescue,kherson_drone_rescue.mp4,546,50.0,640,480,combined,detect_combined,Non-Flooded,resnet18,False,False,0,tensorrt,tensorrt,tensorrt,36.01,36.01,27.49,27.77,5.79,10.68,16.47,1197.31,42.9,0.0,1197.31,42.9,0.0,118.43,51.8,3.32,173.56,0.1346,False,False
1780820383.0297956,kherson_drone_rescue,kherson_drone_rescue.mp4,547,50.0,640,480,combined,detect_combined,Non-Flooded,resnet18,False,False,0,tensorrt,tensorrt,tensorrt,35.48,35.48,27.9,28.18,5.79,10.85,16.64,1197.31,37.5,0.0,1197.31,37.5,0.0,118.43,51.8,3.32,173.56,0.0818,False,False
1780820383.071934,kherson_drone_rescue,kherson_drone_rescue.mp4,548,50.0,640,480,combined,detect_combined,Non-Flooded,resnet18,False,False,0,tensorrt,tensorrt,tensorrt,36.54,36.54,27.07,27.36,5.52,11.27,16.79,1197.31,37.5,0.0,1197.31,37.5,0.0,118.43,51.8,3.32,173.56,0.0877,False,False
1780820383.1139786,kherson_drone_rescue,kherson_drone_rescue.mp4,549,50.0,640,480,combined,detect_combined,Non-Flooded,resnet18,False,False,0,tensorrt,tensorrt,tensorrt,36.61,36.61,27.05,27.31,5.7,10.53,16.23,1197.31,30.4,0.0,1197.31,30.4,0.0,118.43,51.8,3.32,173.56,0.078,False,False
1780820383.1549876,kherson_drone_rescue,kherson_drone_rescue.mp4,550,50.0,640,480,combined,detect_combined,Non-Flooded,resnet18,False,False,0,tensorrt,tensorrt,tensorrt,37.8,37.8,26.18,26.46,5.58,10.57,16.15,1197.31,30.8,0.0,1197.31,30.8,0.0,118.43,51.8,3.32,173.56,0.0623,False,False
1780820383.1948323,kherson_drone_rescue,kherson_drone_rescue.mp4,551,50.0,640,480,combined,detect_combined,Non-Flooded,resnet18,False,False,0,tensorrt,tensorrt,tensorrt,38.75,38.75,25.55,25.8,5.45,10.31,15.760000000000002,1197.31,20.8,0.0,1197.31,20.8,0.0,118.43,51.8,3.32,173.56,0.0769,False,False
1780820383.2356076,kherson_drone_rescue,kherson_drone_rescue.mp4,552,50.0,640,480,combined,detect_combined,Non-Flooded,resnet18,False,False,0,tensorrt,tensorrt,tensorrt,38.62,38.62,25.63,25.89,5.49,10.41,15.9,1197.31,20.0,0.0,1197.31,20.0,0.0,118.43,51.8,3.32,173.56,0.0683,False,False
1780820383.2776124,kherson_drone_rescue,kherson_drone_rescue.mp4,553,50.0,640,480,combined,detect_combined,Non-Flooded,resnet18,False,False,0,tensorrt,tensorrt,tensorrt,37.97,37.97,26.08,26.34,5.66,10.55,16.21,1197.31,16.7,0.0,1197.31,16.7,0.0,118.43,51.8,3.32,173.56,0.0946,False,False
1780820383.3183782,kherson_drone_rescue,kherson_drone_rescue.mp4,554,50.0,640,480,combined,detect_combined,Non-Flooded,resnet18,False,False,0,tensorrt,tensorrt,tensorrt,38.0,38.0,26.05,26.32,5.58,10.58,16.16,1197.31,20.0,0.0,1197.31,20.0,0.0,118.43,51.8,3.32,173.56,0.0989,False,False
1780820383.3594046,kherson_drone_rescue,kherson_drone_rescue.mp4,555,50.0,640,480,combined,detect_combined,Non-Flooded,resnet18,False,False,0,tensorrt,tensorrt,tensorrt,37.94,37.94,26.08,26.35,5.52,10.51,16.03,1197.31,16.7,0.0,1197.31,16.7,0.0,118.43,51.8,3.32,173.56,0.1326,False,False
1780820383.4005895,kherson_drone_rescue,kherson_drone_rescue.mp4,556,50.0,640,480,combined,detect_combined,Flooded,deeplabv3plus,True,False,0,tensorrt,tensorrt,tensorrt,37.97,37.97,26.05,26.34,5.48,10.6,16.08,1197.31,12.5,0.0,1197.31,12.5,0.0,118.43,51.8,3.32,173.56,0.2013,False,False
1780820383.4473426,kherson_drone_rescue,kherson_drone_rescue.mp4,557,50.0,640,480,combined,detect_combined,Non-Flooded,resnet18,True,False,0,tensorrt,tensorrt,tensorrt,38.38,38.38,25.77,26.05,5.47,10.37,15.84,1197.31,21.4,0.0,1197.31,21.4,0.0,118.43,51.8,3.32,173.56,0.198,False,False
1780820383.4902596,kherson_drone_rescue,kherson_drone_rescue.mp4,558,50.0,640,480,combined,detect_combined,Non-Flooded,resnet18,False,False,0,tensorrt,tensorrt,tensorrt,38.56,38.56,25.69,25.93,5.48,10.4,15.88,1197.31,23.1,0.0,1197.31,23.1,0.0,118.43,51.8,3.32,173.56,0.1597,False,False
1780820383.5325632,kherson_drone_rescue,kherson_drone_rescue.mp4,559,50.0,640,480,combined,detect_combined,Non-Flooded,resnet18,False,False,0,tensorrt,tensorrt,tensorrt,36.16,36.16,27.38,27.65,5.54,10.67,16.21,1197.31,30.8,0.0,1197.31,30.8,0.0,118.43,51.8,3.32,173.56,0.1679,False,False
1780820383.5726426,kherson_drone_rescue,kherson_drone_rescue.mp4,560,50.0,640,480,combined,detect_combined,Non-Flooded,resnet18,False,False,0,tensorrt,tensorrt,tensorrt,38.21,38.21,25.92,26.17,5.49,10.51,16.0,1197.31,16.7,0.0,1197.31,16.7,0.0,118.43,51.8,3.32,173.56,0.1489,False,False
1780820383.6135504,kherson_drone_rescue,kherson_drone_rescue.mp4,561,50.0,640,480,combined,detect_combined,Non-Flooded,resnet18,False,False,0,tensorrt,tensorrt,tensorrt,37.97,37.97,26.08,26.34,5.51,10.6,16.11,1197.31,16.7,0.0,1197.31,16.7,0.0,118.43,51.8,3.32,173.56,0.1532,False,False
1780820383.6558685,kherson_drone_rescue,kherson_drone_rescue.mp4,562,50.0,640,480,combined,detect_combined,Non-Flooded,resnet18,False,False,0,tensorrt,tensorrt,tensorrt,38.1,38.1,25.99,26.25,5.54,10.41,15.95,1197.31,25.9,0.0,1197.31,25.9,0.0,118.43,51.8,3.32,173.56,0.1215,False,False
1780820383.69698,kherson_drone_rescue,kherson_drone_rescue.mp4,563,50.0,640,480,combined,detect_combined,Non-Flooded,resnet18,False,False,0,tensorrt,tensorrt,tensorrt,37.91,37.91,26.12,26.38,5.54,10.52,16.06,1197.31,13.0,0.0,1197.31,13.0,0.0,118.43,51.8,3.32,173.56,0.0501,False,False
1780820383.73837,kherson_drone_rescue,kherson_drone_rescue.mp4,564,50.0,640,480,combined,detect_combined,Non-Flooded,resnet18,False,False,0,tensorrt,tensorrt,tensorrt,38.0,38.0,26.03,26.31,5.56,10.5,16.06,1197.31,20.0,0.0,1197.31,20.0,0.0,118.43,51.8,3.32,173.56,0.0729,False,False
1780820383.7806213,kherson_drone_rescue,kherson_drone_rescue.mp4,565,50.0,640,480,combined,detect_combined,Non-Flooded,resnet18,False,False,0,tensorrt,tensorrt,tensorrt,37.76,37.76,26.22,26.48,5.56,10.66,16.22,1197.31,16.0,0.0,1197.31,16.0,0.0,118.43,51.8,3.32,173.56,0.0695,False,False
1780820383.8213146,kherson_drone_rescue,kherson_drone_rescue.mp4,566,50.0,640,480,combined,detect_combined,Non-Flooded,resnet18,False,False,0,tensorrt,tensorrt,tensorrt,37.97,37.97,26.08,26.34,5.59,10.52,16.11,1197.3,13.0,0.0,1197.3,13.0,0.0,118.43,51.8,3.32,173.56,0.0694,False,False
1780820383.862839,kherson_drone_rescue,kherson_drone_rescue.mp4,567,50.0,640,480,combined,detect_combined,Non-Flooded,resnet18,False,False,0,tensorrt,tensorrt,tensorrt,37.8,37.8,26.19,26.45,5.49,10.75,16.240000000000002,1197.3,26.9,0.0,1197.3,26.9,0.0,118.43,51.8,3.32,173.56,0.025,False,False
1780820383.903583,kherson_drone_rescue,kherson_drone_rescue.mp4,568,50.0,640,480,combined,detect_combined,Non-Flooded,resnet18,False,False,0,tensorrt,tensorrt,tensorrt,38.28,38.28,25.86,26.12,5.56,10.38,15.940000000000001,1197.3,13.6,0.0,1197.3,13.6,0.0,118.43,51.8,3.32,173.56,0.0558,False,False
1780820383.947466,kherson_drone_rescue,kherson_drone_rescue.mp4,569,50.0,640,480,combined,detect_combined,Non-Flooded,resnet18,False,False,0,tensorrt,tensorrt,tensorrt,34.6,34.6,28.61,28.91,5.55,10.78,16.33,1197.3,20.0,0.0,1197.3,20.0,0.0,118.43,51.8,3.32,173.56,0.0167,False,False
1780820383.989435,kherson_drone_rescue,kherson_drone_rescue.mp4,570,50.0,640,480,combined,detect_combined,Non-Flooded,resnet18,False,False,0,tensorrt,tensorrt,tensorrt,37.36,37.36,26.5,26.76,5.67,10.64,16.310000000000002,1197.3,13.0,0.0,1197.3,13.0,0.0,118.43,51.8,3.32,173.56,0.0106,False,False
1780820384.0309663,kherson_drone_rescue,kherson_drone_rescue.mp4,571,50.0,640,480,combined,detect_combined,Non-Flooded,resnet18,False,False,0,tensorrt,tensorrt,tensorrt,37.75,37.75,26.23,26.49,5.62,10.52,16.14,1197.3,20.8,0.0,1197.3,20.8,0.0,118.43,51.8,3.32,173.56,0.0735,False,False
1780820384.0726905,kherson_drone_rescue,kherson_drone_rescue.mp4,572,50.0,640,480,combined,detect_combined,Non-Flooded,resnet18,False,False,0,tensorrt,tensorrt,tensorrt,38.01,38.01,26.06,26.31,5.61,10.51,16.12,1197.3,22.2,0.0,1197.3,22.2,0.0,118.43,51.8,3.32,173.56,0.0244,False,False
1780820384.1138184,kherson_drone_rescue,kherson_drone_rescue.mp4,573,50.0,640,480,combined,detect_combined,Non-Flooded,resnet18,False,False,0,tensorrt,tensorrt,tensorrt,37.69,37.69,26.28,26.53,5.63,10.54,16.169999999999998,1197.3,17.4,0.0,1197.3,17.4,0.0,118.43,51.8,3.32,173.56,0.0564,False,False
1780820384.1540494,kherson_drone_rescue,kherson_drone_rescue.mp4,574,50.0,640,480,combined,detect_combined,Non-Flooded,resnet18,False,False,0,tensorrt,tensorrt,tensorrt,38.4,38.4,25.78,26.04,5.52,10.42,15.94,1197.3,26.9,0.0,1197.3,26.9,0.0,118.43,51.8,3.32,173.56,0.0398,False,False
1780820384.1950388,kherson_drone_rescue,kherson_drone_rescue.mp4,575,50.0,640,480,combined,detect_combined,Non-Flooded,resnet18,False,False,0,tensorrt,tensorrt,tensorrt,38.29,38.29,25.86,26.12,5.51,10.43,15.94,1197.3,20.0,0.0,1197.3,20.0,0.0,118.43,51.8,3.32,173.56,0.1369,False,False
1780820384.2371583,kherson_drone_rescue,kherson_drone_rescue.mp4,576,50.0,640,480,combined,detect_combined,Non-Flooded,resnet18,False,False,0,tensorrt,tensorrt,tensorrt,37.12,37.12,26.67,26.94,5.57,10.69,16.259999999999998,1197.3,36.0,0.0,1197.3,36.0,0.0,118.43,51.8,3.32,173.56,0.1468,False,False
1780820384.2798684,kherson_drone_rescue,kherson_drone_rescue.mp4,577,50.0,640,480,combined,detect_combined,Non-Flooded,resnet18,False,False,0,tensorrt,tensorrt,tensorrt,37.23,37.23,26.57,26.86,5.62,10.71,16.330000000000002,1197.3,36.0,0.0,1197.3,36.0,0.0,118.43,51.8,3.32,173.56,0.1068,False,False
1780820384.3213224,kherson_drone_rescue,kherson_drone_rescue.mp4,578,50.0,640,480,combined,detect_combined,Non-Flooded,resnet18,False,False,0,tensorrt,tensorrt,tensorrt,37.32,37.32,26.51,26.8,5.69,10.54,16.23,1197.3,33.3,0.0,1197.3,33.3,0.0,118.43,51.8,3.32,173.56,0.1053,False,False
1780820384.363722,kherson_drone_rescue,kherson_drone_rescue.mp4,579,50.0,640,480,combined,detect_combined,Non-Flooded,resnet18,False,False,0,tensorrt,tensorrt,tensorrt,36.32,36.32,27.26,27.53,5.55,11.34,16.89,1197.3,40.7,0.0,1197.3,40.7,0.0,118.43,51.8,3.32,173.56,0.1074,False,False
1780820384.405538,kherson_drone_rescue,kherson_drone_rescue.mp4,580,50.0,640,480,combined,detect_combined,Non-Flooded,resnet18,False,False,0,tensorrt,tensorrt,tensorrt,37.65,37.65,26.28,26.56,5.6,10.57,16.17,1197.3,33.3,0.0,1197.3,33.3,0.0,118.43,51.8,3.32,173.56,0.1038,False,False
1780820384.446868,kherson_drone_rescue,kherson_drone_rescue.mp4,581,50.0,640,480,combined,detect_combined,Non-Flooded,resnet18,False,False,0,tensorrt,tensorrt,tensorrt,37.87,37.87,26.15,26.4,5.52,10.51,16.03,1197.3,37.5,0.0,1197.3,37.5,0.0,118.43,51.8,3.32,173.56,0.1371,False,False
1780820384.488085,kherson_drone_rescue,kherson_drone_rescue.mp4,582,50.0,640,480,combined,detect_combined,Non-Flooded,resnet18,False,False,0,tensorrt,tensorrt,tensorrt,38.14,38.14,25.95,26.22,5.52,10.62,16.14,1197.3,40.0,0.0,1197.3,40.0,0.0,118.43,51.8,3.32,173.56,0.1176,False,False
1780820384.5287955,kherson_drone_rescue,kherson_drone_rescue.mp4,583,50.0,640,480,combined,detect_combined,Non-Flooded,resnet18,False,False,0,tensorrt,tensorrt,tensorrt,38.1,38.1,25.97,26.25,5.56,10.5,16.06,1197.3,34.8,0.0,1197.3,34.8,0.0,118.43,51.8,3.32,173.56,0.1058,False,False
1780820384.5698655,kherson_drone_rescue,kherson_drone_rescue.mp4,584,50.0,640,480,combined,detect_combined,Non-Flooded,resnet18,False,False,0,tensorrt,tensorrt,tensorrt,37.07,37.07,26.71,26.97,5.51,10.64,16.15,1197.3,36.0,0.0,1197.3,36.0,0.0,118.43,51.8,3.32,173.56,0.0654,False,False
1780820384.6119628,kherson_drone_rescue,kherson_drone_rescue.mp4,585,50.0,640,480,combined,detect_combined,Non-Flooded,resnet18,False,False,0,tensorrt,tensorrt,tensorrt,37.66,37.66,26.28,26.55,5.64,10.77,16.41,1197.3,36.0,0.0,1197.3,36.0,0.0,118.43,51.8,3.32,173.56,0.1077,False,False
1780820384.6537404,kherson_drone_rescue,kherson_drone_rescue.mp4,586,50.0,640,480,combined,detect_combined,Non-Flooded,resnet18,False,False,0,tensorrt,tensorrt,tensorrt,37.4,37.4,26.47,26.74,5.57,10.52,16.09,1197.3,32.0,0.0,1197.3,32.0,0.0,118.43,51.8,3.32,173.56,0.0929,False,False
1780820384.6943364,kherson_drone_rescue,kherson_drone_rescue.mp4,587,50.0,640,480,combined,detect_combined,Non-Flooded,resnet18,False,False,0,tensorrt,tensorrt,tensorrt,38.7,38.7,25.6,25.84,5.48,10.31,15.790000000000001,1197.3,28.0,0.0,1197.3,28.0,0.0,118.43,51.8,3.32,173.56,0.1021,False,False
1780820384.7346654,kherson_drone_rescue,kherson_drone_rescue.mp4,588,50.0,640,480,combined,detect_combined,Non-Flooded,resnet18,False,False,0,tensorrt,tensorrt,tensorrt,38.82,38.82,25.51,25.76,5.48,10.39,15.870000000000001,1197.3,24.0,0.0,1197.3,24.0,0.0,118.43,51.8,3.32,173.56,0.1053,False,False
1780820384.776337,kherson_drone_rescue,kherson_drone_rescue.mp4,589,50.0,640,480,combined,detect_combined,Non-Flooded,resnet18,False,False,0,tensorrt,tensorrt,tensorrt,38.43,38.43,25.76,26.02,5.49,10.3,15.790000000000001,1197.3,23.1,0.0,1197.3,23.1,0.0,118.43,51.8,3.32,173.56,0.1348,False,False
1780820384.8172386,kherson_drone_rescue,kherson_drone_rescue.mp4,590,50.0,640,480,combined,detect_combined,Non-Flooded,resnet18,False,False,0,tensorrt,tensorrt,tensorrt,38.07,38.07,26.01,26.27,5.54,10.5,16.04,1197.3,16.7,0.0,1197.3,16.7,0.0,118.43,51.8,3.32,173.56,0.0906,False,False
1780820384.8579178,kherson_drone_rescue,kherson_drone_rescue.mp4,591,50.0,640,480,combined,detect_combined,Non-Flooded,resnet18,False,False,0,tensorrt,tensorrt,tensorrt,38.46,38.46,25.75,26.0,5.45,10.37,15.82,1197.3,20.0,0.0,1197.3,20.0,0.0,118.43,51.8,3.32,173.56,0.1072,False,False
1780820384.8986342,kherson_drone_rescue,kherson_drone_rescue.mp4,592,50.0,640,480,combined,detect_combined,Non-Flooded,resnet18,False,False,0,tensorrt,tensorrt,tensorrt,38.34,38.34,25.82,26.08,5.52,10.4,15.92,1197.3,16.7,0.0,1197.3,16.7,0.0,118.43,51.8,3.32,173.56,0.1103,False,False
1780820384.9398296,kherson_drone_rescue,kherson_drone_rescue.mp4,593,50.0,640,480,combined,detect_combined,Non-Flooded,resnet18,False,False,0,tensorrt,tensorrt,tensorrt,38.13,38.13,25.97,26.23,5.51,10.54,16.049999999999997,1197.3,16.7,0.0,1197.3,16.7,0.0,118.43,51.8,3.32,173.56,0.1291,False,False
1780820384.9818566,kherson_drone_rescue,kherson_drone_rescue.mp4,594,50.0,640,480,combined,detect_combined,Non-Flooded,resnet18,False,False,0,tensorrt,tensorrt,tensorrt,37.36,37.36,26.52,26.77,5.56,10.53,16.09,1197.3,16.7,0.0,1197.3,16.7,0.0,118.43,51.8,3.32,173.56,0.0592,False,False
1780820385.0343108,kherson_drone_rescue,kherson_drone_rescue.mp4,595,50.0,640,480,combined,detect_combined,Non-Flooded,resnet18,False,False,0,tensorrt,tensorrt,tensorrt,27.49,27.49,36.07,36.38,5.58,11.27,16.85,1197.3,45.2,0.0,1197.3,45.2,0.0,118.43,51.8,3.32,173.56,0.1122,False,False
1780820385.0806158,kherson_drone_rescue,kherson_drone_rescue.mp4,596,50.0,640,480,combined,detect_combined,Non-Flooded,resnet18,False,False,0,tensorrt,tensorrt,tensorrt,32.14,32.14,30.84,31.11,5.54,15.44,20.98,1197.3,34.5,0.0,1197.3,34.5,0.0,118.43,51.8,3.32,173.56,0.0983,False,False
1780820385.1209002,kherson_drone_rescue,kherson_drone_rescue.mp4,597,50.0,640,480,combined,detect_combined,Non-Flooded,resnet18,False,False,0,tensorrt,tensorrt,tensorrt,38.19,38.19,25.9,26.19,5.53,10.27,15.8,1197.3,16.7,0.0,1197.3,16.7,0.0,118.43,51.8,3.32,173.56,0.1413,False,False
1780820385.1612844,kherson_drone_rescue,kherson_drone_rescue.mp4,598,50.0,640,480,combined,detect_combined,Non-Flooded,resnet18,False,False,0,tensorrt,tensorrt,tensorrt,38.7,38.7,25.59,25.84,5.5,10.24,15.74,1197.3,20.0,0.0,1197.3,20.0,0.0,118.43,51.8,3.32,173.56,0.1179,False,False
1780820385.2018344,kherson_drone_rescue,kherson_drone_rescue.mp4,599,50.0,640,480,combined,detect_combined,Non-Flooded,resnet18,False,False,0,tensorrt,tensorrt,tensorrt,38.63,38.63,25.62,25.89,5.54,10.24,15.780000000000001,1197.3,17.4,0.0,1197.3,17.4,0.0,118.43,51.8,3.32,173.56,0.0967,False,False
1780820385.2430685,kherson_drone_rescue,kherson_drone_rescue.mp4,600,50.0,640,480,combined,detect_combined,Non-Flooded,resnet18,False,False,0,tensorrt,tensorrt,tensorrt,38.04,38.04,26.03,26.29,5.9,10.37,16.27,1197.3,16.7,0.0,1197.3,16.7,0.0,118.43,51.8,3.32,173.56,0.134,False,False
1780820385.285047,kherson_drone_rescue,kherson_drone_rescue.mp4,601,50.0,640,480,combined,detect_combined,Non-Flooded,resnet18,False,False,0,tensorrt,tensorrt,tensorrt,38.72,38.72,25.59,25.83,5.48,10.26,15.74,1197.3,16.7,0.0,1197.3,16.7,0.0,118.43,51.8,3.32,173.56,0.0581,False,False
1780820385.3264716,kherson_drone_rescue,kherson_drone_rescue.mp4,602,50.0,640,480,combined,detect_combined,Non-Flooded,resnet18,False,False,0,tensorrt,tensorrt,tensorrt,38.27,38.27,25.88,26.13,5.51,10.5,16.009999999999998,1197.3,20.8,0.0,1197.3,20.8,0.0,118.43,51.8,3.32,173.56,0.035,False,False
1780820385.3674068,kherson_drone_rescue,kherson_drone_rescue.mp4,603,50.0,640,480,combined,detect_combined,Non-Flooded,resnet18,False,False,0,tensorrt,tensorrt,tensorrt,38.52,38.52,25.72,25.96,5.53,10.41,15.940000000000001,1197.3,20.0,0.0,1197.3,20.0,0.0,118.43,51.8,3.32,173.56,0.0203,False,False
1780820385.4087465,kherson_drone_rescue,kherson_drone_rescue.mp4,604,50.0,640,480,combined,detect_combined,Non-Flooded,resnet18,False,False,0,tensorrt,tensorrt,tensorrt,38.12,38.12,26.0,26.23,5.55,10.5,16.05,1197.3,20.0,0.0,1197.3,20.0,0.0,118.43,51.8,3.32,173.56,0.0157,False,False
1780820385.4501514,kherson_drone_rescue,kherson_drone_rescue.mp4,605,50.0,640,480,combined,detect_combined,Non-Flooded,resnet18,False,False,0,tensorrt,tensorrt,tensorrt,37.84,37.84,26.15,26.43,5.62,10.53,16.15,1197.3,20.8,0.0,1197.3,20.8,0.0,118.43,51.8,3.32,173.56,0.011,False,False
1780820385.491733,kherson_drone_rescue,kherson_drone_rescue.mp4,606,50.0,640,480,combined,detect_combined,Non-Flooded,resnet18,False,False,0,tensorrt,tensorrt,tensorrt,38.28,38.28,25.89,26.13,5.51,10.5,16.009999999999998,1197.3,9.1,0.0,1197.3,9.1,0.0,118.43,51.8,3.32,173.56,0.0097,False,False
1780820385.533932,kherson_drone_rescue,kherson_drone_rescue.mp4,607,50.0,640,480,combined,detect_combined,Non-Flooded,resnet18,False,False,0,tensorrt,tensorrt,tensorrt,37.71,37.71,26.27,26.52,5.61,10.64,16.25,1197.3,20.0,0.0,1197.3,20.0,0.0,118.43,51.8,3.32,173.56,0.028,False,False
1780820385.57556,kherson_drone_rescue,kherson_drone_rescue.mp4,608,50.0,640,480,combined,detect_combined,Non-Flooded,resnet18,False,False,0,tensorrt,tensorrt,tensorrt,38.18,38.18,25.94,26.19,5.59,10.54,16.13,1197.3,16.7,0.0,1197.3,16.7,0.0,118.43,51.8,3.32,173.56,0.0252,False,False
1780820385.617777,kherson_drone_rescue,kherson_drone_rescue.mp4,609,50.0,640,480,combined,detect_combined,Non-Flooded,resnet18,False,False,0,tensorrt,tensorrt,tensorrt,37.5,37.5,26.42,26.67,5.61,10.64,16.25,1197.3,16.7,0.0,1197.3,16.7,0.0,118.43,51.8,3.32,173.56,0.0569,False,False
1780820385.659366,kherson_drone_rescue,kherson_drone_rescue.mp4,610,50.0,640,480,combined,detect_combined,Non-Flooded,resnet18,False,False,0,tensorrt,tensorrt,tensorrt,37.95,37.95,26.1,26.35,5.63,10.61,16.24,1197.3,40.0,0.0,1197.3,40.0,0.0,118.43,51.8,3.32,173.56,0.0521,False,False
1780820385.7006938,kherson_drone_rescue,kherson_drone_rescue.mp4,611,50.0,640,480,combined,detect_combined,Non-Flooded,resnet18,False,False,0,tensorrt,tensorrt,tensorrt,38.16,38.16,25.95,26.2,5.54,10.44,15.98,1197.3,16.7,0.0,1197.3,16.7,0.0,118.43,51.8,3.32,173.56,0.0464,False,False
1780820385.742276,kherson_drone_rescue,kherson_drone_rescue.mp4,612,50.0,640,480,combined,detect_combined,Non-Flooded,resnet18,False,False,0,tensorrt,tensorrt,tensorrt,38.26,38.26,25.89,26.14,5.54,10.57,16.11,1197.3,16.7,0.0,1197.3,16.7,0.0,118.43,51.8,3.32,173.56,0.0437,False,False
1780820385.7849457,kherson_drone_rescue,kherson_drone_rescue.mp4,613,50.0,640,480,combined,detect_combined,Non-Flooded,resnet18,False,False,0,tensorrt,tensorrt,tensorrt,37.81,37.81,26.2,26.45,5.57,10.64,16.21,1197.3,20.0,0.0,1197.3,20.0,0.0,118.43,51.8,3.32,173.56,0.052,False,False
1780820385.8285933,kherson_drone_rescue,kherson_drone_rescue.mp4,614,50.0,640,480,combined,detect_combined,Non-Flooded,resnet18,False,False,0,tensorrt,tensorrt,tensorrt,36.03,36.03,27.46,27.75,5.63,10.8,16.43,1197.3,38.5,0.0,1197.3,38.5,0.0,118.43,51.8,3.32,173.56,0.0464,False,False
1780820385.873314,kherson_drone_rescue,kherson_drone_rescue.mp4,615,50.0,640,480,combined,detect_combined,Non-Flooded,resnet18,False,False,0,tensorrt,tensorrt,tensorrt,35.83,35.83,27.64,27.91,5.9,10.43,16.33,1197.3,42.3,0.0,1197.3,42.3,0.0,118.43,51.8,3.32,173.56,0.0387,False,False
1780820385.9150753,kherson_drone_rescue,kherson_drone_rescue.mp4,616,50.0,640,480,combined,detect_combined,Non-Flooded,resnet18,False,False,0,tensorrt,tensorrt,tensorrt,36.7,36.7,26.95,27.25,5.61,10.56,16.17,1197.3,46.2,0.0,1197.3,46.2,0.0,118.43,51.8,3.32,173.56,0.0817,False,False
1780820385.9578693,kherson_drone_rescue,kherson_drone_rescue.mp4,617,50.0,640,480,combined,detect_combined,Non-Flooded,resnet18,False,False,0,tensorrt,tensorrt,tensorrt,36.59,36.59,27.05,27.33,5.58,10.66,16.240000000000002,1197.3,36.0,0.0,1197.3,36.0,0.0,118.43,51.8,3.32,173.56,0.0585,False,False
1780820386.000418,kherson_drone_rescue,kherson_drone_rescue.mp4,618,50.0,640,480,combined,detect_combined,Non-Flooded,resnet18,False,False,0,tensorrt,tensorrt,tensorrt,36.53,36.53,27.09,27.37,5.59,10.69,16.28,1197.3,38.5,0.0,1197.3,38.5,0.0,118.43,51.8,3.32,173.56,0.0886,False,False
1780820386.045655,kherson_drone_rescue,kherson_drone_rescue.mp4,619,50.0,640,480,combined,detect_combined,Non-Flooded,resnet18,False,False,0,tensorrt,tensorrt,tensorrt,34.35,34.35,28.81,29.11,5.72,11.64,17.36,1197.3,38.5,0.0,1197.3,38.5,0.0,118.43,51.8,3.32,173.56,0.0757,False,False
1780820386.0889115,kherson_drone_rescue,kherson_drone_rescue.mp4,620,50.0,640,480,combined,detect_combined,Non-Flooded,resnet18,False,False,0,tensorrt,tensorrt,tensorrt,36.39,36.39,27.19,27.48,5.56,10.8,16.36,1197.3,40.7,0.0,1197.3,40.7,0.0,118.43,51.8,3.32,173.56,0.0398,False,False
1780820386.1312504,kherson_drone_rescue,kherson_drone_rescue.mp4,621,50.0,640,480,combined,detect_combined,Non-Flooded,resnet18,False,False,0,tensorrt,tensorrt,tensorrt,37.24,37.24,26.57,26.86,5.63,10.79,16.419999999999998,1197.3,40.0,0.0,1197.3,40.0,0.0,118.43,51.8,3.32,173.56,0.0738,False,False
1780820386.1745372,kherson_drone_rescue,kherson_drone_rescue.mp4,622,50.0,640,480,combined,detect_combined,Non-Flooded,resnet18,False,False,0,tensorrt,tensorrt,tensorrt,36.14,36.14,27.4,27.67,5.64,10.82,16.46,1197.3,28.0,0.0,1197.3,28.0,0.0,118.43,51.8,3.32,173.56,0.1013,False,False
1780820386.2173936,kherson_drone_rescue,kherson_drone_rescue.mp4,623,50.0,640,480,combined,detect_combined,Non-Flooded,resnet18,False,False,0,tensorrt,tensorrt,tensorrt,37.1,37.1,26.67,26.95,5.73,10.84,16.57,1197.3,32.0,0.0,1197.3,32.0,0.0,118.43,51.8,3.32,173.56,0.0687,False,False
1780820386.2590644,kherson_drone_rescue,kherson_drone_rescue.mp4,624,50.0,640,480,combined,detect_combined,Non-Flooded,resnet18,False,False,0,tensorrt,tensorrt,tensorrt,37.96,37.96,26.07,26.35,5.55,10.53,16.08,1197.3,20.8,0.0,1197.3,20.8,0.0,118.43,51.8,3.32,173.56,0.044,False,False
1780820386.302127,kherson_drone_rescue,kherson_drone_rescue.mp4,625,50.0,640,480,combined,detect_combined,Non-Flooded,resnet18,False,False,0,tensorrt,tensorrt,tensorrt,37.98,37.98,26.07,26.33,5.59,10.52,16.11,1197.3,16.0,0.0,1197.3,16.0,0.0,118.43,51.8,3.32,173.56,0.0593,False,False
1780820386.3434818,kherson_drone_rescue,kherson_drone_rescue.mp4,626,50.0,640,480,combined,detect_combined,Non-Flooded,resnet18,False,False,0,tensorrt,tensorrt,tensorrt,37.98,37.98,26.07,26.33,5.56,10.63,16.19,1197.3,16.7,0.0,1197.3,16.7,0.0,118.43,51.8,3.32,173.56,0.0396,False,False
1780820386.384972,kherson_drone_rescue,kherson_drone_rescue.mp4,627,50.0,640,480,combined,detect_combined,Non-Flooded,resnet18,False,False,0,tensorrt,tensorrt,tensorrt,37.96,37.96,26.09,26.35,5.64,10.53,16.169999999999998,1197.3,13.0,0.0,1197.3,13.0,0.0,118.43,51.8,3.32,173.56,0.0717,False,False
1780820386.4287603,kherson_drone_rescue,kherson_drone_rescue.mp4,628,50.0,640,480,combined,detect_combined,Non-Flooded,resnet18,False,False,0,tensorrt,tensorrt,tensorrt,35.19,35.19,28.07,28.42,5.54,10.23,15.77,1197.3,32.3,0.0,1197.3,32.3,0.0,118.43,51.8,3.32,173.56,0.0724,False,False
1780820386.4701939,kherson_drone_rescue,kherson_drone_rescue.mp4,629,50.0,640,480,combined,detect_combined,Non-Flooded,resnet18,False,False,0,tensorrt,tensorrt,tensorrt,37.57,37.57,26.35,26.62,5.57,10.5,16.07,1197.3,20.8,0.0,1197.3,20.8,0.0,118.43,51.8,3.32,173.56,0.1258,False,False
1780820386.5110912,kherson_drone_rescue,kherson_drone_rescue.mp4,630,50.0,640,480,combined,detect_combined,Non-Flooded,resnet18,False,False,0,tensorrt,tensorrt,tensorrt,38.22,38.22,25.91,26.17,5.55,10.42,15.969999999999999,1197.3,17.4,0.0,1197.3,17.4,0.0,118.43,51.8,3.32,173.56,0.1328,False,False
1780820386.5515308,kherson_drone_rescue,kherson_drone_rescue.mp4,631,50.0,640,480,combined,detect_combined,Non-Flooded,resnet18,False,False,0,tensorrt,tensorrt,tensorrt,38.73,38.73,25.57,25.82,5.53,10.31,15.84,1197.3,13.6,0.0,1197.3,13.6,0.0,118.43,51.8,3.32,173.56,0.1352,False,False
1780820386.5926256,kherson_drone_rescue,kherson_drone_rescue.mp4,632,50.0,640,480,combined,detect_combined,Non-Flooded,resnet18,False,False,0,tensorrt,tensorrt,tensorrt,38.11,38.11,25.99,26.24,5.55,10.52,16.07,1197.3,20.8,0.0,1197.3,20.8,0.0,118.43,51.8,3.32,173.56,0.1301,False,False
1780820386.6336796,kherson_drone_rescue,kherson_drone_rescue.mp4,633,50.0,640,480,combined,detect_combined,Non-Flooded,resnet18,False,False,0,tensorrt,tensorrt,tensorrt,38.37,38.37,25.79,26.06,5.55,10.31,15.86,1197.3,16.7,0.0,1197.3,16.7,0.0,118.43,51.8,3.32,173.56,0.1095,False,False
1780820386.6757197,kherson_drone_rescue,kherson_drone_rescue.mp4,634,50.0,640,480,combined,detect_combined,Non-Flooded,resnet18,False,False,0,tensorrt,tensorrt,tensorrt,36.5,36.5,27.12,27.39,7.09,10.32,17.41,1197.3,19.2,0.0,1197.3,19.2,0.0,118.43,51.8,3.32,173.56,0.1143,False,False
1780820386.7166378,kherson_drone_rescue,kherson_drone_rescue.mp4,635,50.0,640,480,combined,detect_combined,Non-Flooded,resnet18,False,False,0,tensorrt,tensorrt,tensorrt,37.97,37.97,26.08,26.33,5.49,10.57,16.060000000000002,1197.3,13.0,0.0,1197.3,13.0,0.0,118.43,51.8,3.32,173.56,0.1604,False,False
1780820386.7575355,kherson_drone_rescue,kherson_drone_rescue.mp4,636,50.0,640,480,combined,detect_combined,Non-Flooded,resnet18,False,False,0,tensorrt,tensorrt,tensorrt,38.17,38.17,25.94,26.2,5.55,10.45,16.0,1197.29,13.0,0.0,1197.29,13.0,0.0,118.43,51.8,3.32,173.56,0.1327,False,False
1780820386.8005536,kherson_drone_rescue,kherson_drone_rescue.mp4,637,50.0,640,480,combined,detect_combined,Non-Flooded,resnet18,False,False,0,tensorrt,tensorrt,tensorrt,38.05,38.05,26.03,26.28,5.56,10.5,16.06,1197.29,19.2,0.0,1197.29,19.2,0.0,118.43,51.8,3.32,173.56,0.1161,False,False
1780820386.8412783,kherson_drone_rescue,kherson_drone_rescue.mp4,638,50.0,640,480,combined,detect_combined,Non-Flooded,resnet18,False,False,0,tensorrt,tensorrt,tensorrt,38.09,38.09,25.99,26.25,5.57,10.51,16.08,1197.29,13.6,0.0,1197.29,13.6,0.0,118.43,51.8,3.32,173.56,0.1088,False,False
1780820386.882311,kherson_drone_rescue,kherson_drone_rescue.mp4,639,50.0,640,480,combined,detect_combined,Non-Flooded,resnet18,False,False,0,tensorrt,tensorrt,tensorrt,38.12,38.12,25.94,26.23,5.57,10.49,16.060000000000002,1197.29,23.1,0.0,1197.29,23.1,0.0,118.43,51.8,3.32,173.56,0.1051,False,False
1780820386.9236782,kherson_drone_rescue,kherson_drone_rescue.mp4,640,50.0,640,480,combined,detect_combined,Non-Flooded,resnet18,False,False,0,tensorrt,tensorrt,tensorrt,37.85,37.85,26.16,26.42,5.51,10.74,16.25,1197.29,20.8,0.0,1197.29,20.8,0.0,118.43,51.8,3.32,173.56,0.1307,False,False
1780820386.9651465,kherson_drone_rescue,kherson_drone_rescue.mp4,641,50.0,640,480,combined,detect_combined,Non-Flooded,resnet18,False,False,0,tensorrt,tensorrt,tensorrt,37.65,37.65,26.3,26.56,5.8,10.41,16.21,1197.29,9.1,0.0,1197.29,9.1,0.0,118.43,51.8,3.32,173.56,0.1283,False,False
1780820387.006826,kherson_drone_rescue,kherson_drone_rescue.mp4,642,50.0,640,480,combined,detect_combined,Non-Flooded,resnet18,False,False,0,tensorrt,tensorrt,tensorrt,36.69,36.69,26.92,27.25,5.54,10.57,16.11,1197.29,13.0,0.0,1197.29,13.0,0.0,118.43,51.8,3.32,173.56,0.1495,False,False
1780820387.0484698,kherson_drone_rescue,kherson_drone_rescue.mp4,643,50.0,640,480,combined,detect_combined,Non-Flooded,resnet18,False,False,0,tensorrt,tensorrt,tensorrt,37.68,37.68,26.26,26.54,5.61,10.75,16.36,1197.29,24.0,0.0,1197.29,24.0,0.0,118.43,51.8,3.32,173.56,0.189,False,False
1780820387.0883825,kherson_drone_rescue,kherson_drone_rescue.mp4,644,50.0,640,480,combined,detect_combined,Non-Flooded,resnet18,False,False,0,tensorrt,tensorrt,tensorrt,38.81,38.81,25.52,25.76,5.46,10.24,15.7,1197.29,20.8,0.0,1197.29,20.8,0.0,118.43,51.8,3.32,173.56,0.1889,False,False
1780820387.1286302,kherson_drone_rescue,kherson_drone_rescue.mp4,645,50.0,640,480,combined,detect_combined,Non-Flooded,resnet18,False,False,0,tensorrt,tensorrt,tensorrt,38.79,38.79,25.54,25.78,5.48,10.19,15.67,1197.29,20.0,0.0,1197.29,20.0,0.0,118.43,51.8,3.32,173.56,0.187,False,False
1780820387.1704047,kherson_drone_rescue,kherson_drone_rescue.mp4,646,50.0,640,480,combined,detect_combined,Non-Flooded,resnet18,False,False,0,tensorrt,tensorrt,tensorrt,37.19,37.19,26.61,26.89,5.49,10.39,15.88,1197.29,33.3,0.0,1197.29,33.3,0.0,118.43,51.8,3.32,173.56,0.13,False,False
1780820387.2124875,kherson_drone_rescue,kherson_drone_rescue.mp4,647,50.0,640,480,combined,detect_combined,Non-Flooded,resnet18,False,False,0,tensorrt,tensorrt,tensorrt,36.93,36.93,26.79,27.08,5.54,10.51,16.05,1197.29,40.0,0.0,1197.29,40.0,0.0,118.43,51.8,3.32,173.56,0.1296,False,False
1780820387.253549,kherson_drone_rescue,kherson_drone_rescue.mp4,648,50.0,640,480,combined,detect_combined,Non-Flooded,resnet18,False,False,0,tensorrt,tensorrt,tensorrt,37.65,37.65,26.29,26.56,5.5,10.51,16.009999999999998,1197.29,33.3,0.0,1197.29,33.3,0.0,118.43,51.8,3.32,173.56,0.136,False,False
1780820387.2965856,kherson_drone_rescue,kherson_drone_rescue.mp4,649,50.0,640,480,combined,detect_combined,Non-Flooded,resnet18,False,False,0,tensorrt,tensorrt,tensorrt,36.87,36.87,26.86,27.13,5.49,10.66,16.15,1197.29,42.9,0.0,1197.29,42.9,0.0,118.43,51.8,3.32,173.56,0.1345,False,False
1780820387.3382397,kherson_drone_rescue,kherson_drone_rescue.mp4,650,50.0,640,480,combined,detect_combined,Non-Flooded,resnet18,False,False,0,tensorrt,tensorrt,tensorrt,36.55,36.55,27.1,27.36,5.64,10.55,16.19,1197.29,28.6,0.0,1197.29,28.6,0.0,118.43,51.8,3.32,173.56,0.0648,False,False
1780820387.3800018,kherson_drone_rescue,kherson_drone_rescue.mp4,651,50.0,640,480,combined,detect_combined,Non-Flooded,resnet18,False,False,0,tensorrt,tensorrt,tensorrt,37.42,37.42,26.44,26.72,5.52,10.58,16.1,1197.29,38.5,0.0,1197.29,38.5,0.0,118.43,51.8,3.32,173.56,0.0245,False,False
1780820387.4227583,kherson_drone_rescue,kherson_drone_rescue.mp4,652,50.0,640,480,combined,detect_combined,Non-Flooded,resnet18,False,False,0,tensorrt,tensorrt,tensorrt,36.67,36.67,26.99,27.27,5.55,10.51,16.06,1197.29,40.0,0.0,1197.29,40.0,0.0,118.43,51.8,3.32,173.56,0.0162,False,False
1780820387.464308,kherson_drone_rescue,kherson_drone_rescue.mp4,653,50.0,640,480,combined,detect_combined,Non-Flooded,resnet18,False,False,0,tensorrt,tensorrt,tensorrt,37.58,37.58,26.28,26.61,5.53,10.75,16.28,1197.29,33.3,0.0,1197.29,33.3,0.0,118.43,51.8,3.32,173.56,0.0638,False,False
1780820387.5182683,kherson_drone_rescue,kherson_drone_rescue.mp4,654,50.0,640,480,combined,detect_combined,Non-Flooded,resnet18,False,False,0,tensorrt,tensorrt,tensorrt,25.85,25.85,38.39,38.68,5.72,17.93,23.65,1197.29,29.0,0.0,1197.29,29.0,0.0,118.43,51.8,3.32,173.56,0.0539,False,False
1780820387.5849748,kherson_drone_rescue,kherson_drone_rescue.mp4,655,50.0,640,480,combined,detect_combined,Non-Flooded,resnet18,False,False,0,tensorrt,tensorrt,tensorrt,20.16,20.16,49.28,49.6,8.58,18.87,27.450000000000003,1197.29,41.0,0.0,1197.29,41.0,0.0,118.43,51.8,3.32,173.56,0.0405,False,False
1780820387.6222034,kherson_drone_rescue,kherson_drone_rescue.mp4,656,50.0,640,480,combined,detect_combined,Non-Flooded,resnet18,False,False,0,tensorrt,tensorrt,tensorrt,48.56,48.56,20.32,20.59,4.46,7.78,12.24,1197.29,27.3,0.0,1197.29,27.3,0.0,118.43,51.8,3.32,173.56,0.0397,False,False
1780820387.65963,kherson_drone_rescue,kherson_drone_rescue.mp4,657,50.0,640,480,combined,detect_combined,Non-Flooded,resnet18,False,False,0,tensorrt,tensorrt,tensorrt,47.36,47.36,20.87,21.12,4.19,7.84,12.030000000000001,1197.29,27.3,0.0,1197.29,27.3,0.0,118.43,51.8,3.32,173.56,0.0443,False,False
1780820387.700562,kherson_drone_rescue,kherson_drone_rescue.mp4,658,50.0,640,480,combined,detect_combined,Non-Flooded,resnet18,False,False,0,tensorrt,tensorrt,tensorrt,38.45,38.45,25.77,26.01,5.54,10.37,15.91,1197.29,9.1,0.0,1197.29,9.1,0.0,118.43,51.8,3.32,173.56,0.0201,False,False
1780820387.7415059,kherson_drone_rescue,kherson_drone_rescue.mp4,659,50.0,640,480,combined,detect_combined,Non-Flooded,resnet18,False,False,0,tensorrt,tensorrt,tensorrt,38.33,38.33,25.85,26.09,5.59,10.44,16.03,1197.29,16.7,0.0,1197.29,16.7,0.0,118.43,51.8,3.32,173.56,0.0343,False,False
1780820387.783469,kherson_drone_rescue,kherson_drone_rescue.mp4,660,50.0,640,480,combined,detect_combined,Non-Flooded,resnet18,False,False,0,tensorrt,tensorrt,tensorrt,38.04,38.04,26.03,26.29,5.56,10.47,16.03,1197.29,20.0,0.0,1197.29,20.0,0.0,118.43,51.8,3.32,173.56,0.0264,False,False
1780820387.8278959,kherson_drone_rescue,kherson_drone_rescue.mp4,661,50.0,640,480,combined,detect_combined,Non-Flooded,resnet18,False,False,0,tensorrt,tensorrt,tensorrt,35.68,35.68,27.77,28.03,7.1,10.58,17.68,1197.29,16.0,0.0,1197.29,16.0,0.0,118.43,51.8,3.32,173.56,0.0255,False,False
1780820387.8703895,kherson_drone_rescue,kherson_drone_rescue.mp4,662,50.0,640,480,combined,detect_combined,Non-Flooded,resnet18,False,False,0,tensorrt,tensorrt,tensorrt,36.72,36.72,26.97,27.23,5.64,10.59,16.23,1197.29,22.2,0.0,1197.29,22.2,0.0,118.43,51.8,3.32,173.56,0.0237,False,False
1780820387.9135132,kherson_drone_rescue,kherson_drone_rescue.mp4,663,50.0,640,480,combined,detect_combined,Non-Flooded,resnet18,False,False,0,tensorrt,tensorrt,tensorrt,37.2,37.2,26.62,26.88,5.64,10.7,16.34,1197.29,28.6,0.0,1197.29,28.6,0.0,118.43,51.8,3.32,173.56,0.0686,False,False
1780820387.9593155,kherson_drone_rescue,kherson_drone_rescue.mp4,664,50.0,640,480,combined,detect_combined,Non-Flooded,resnet18,False,False,0,tensorrt,tensorrt,tensorrt,33.74,33.74,29.38,29.64,5.55,10.84,16.39,1197.29,22.2,0.0,1197.29,22.2,0.0,118.43,51.8,3.32,173.56,0.0528,False,False
1780820388.0033443,kherson_drone_rescue,kherson_drone_rescue.mp4,665,50.0,640,480,combined,detect_combined,Non-Flooded,resnet18,False,False,0,tensorrt,tensorrt,tensorrt,36.38,36.38,27.21,27.49,5.66,10.93,16.59,1197.29,16.0,0.0,1197.29,16.0,0.0,118.43,51.8,3.32,173.56,0.0528,False,False
1780820388.0471442,kherson_drone_rescue,kherson_drone_rescue.mp4,666,50.0,640,480,combined,detect_combined,Non-Flooded,resnet18,False,False,0,tensorrt,tensorrt,tensorrt,37.0,37.0,26.77,27.02,5.65,10.82,16.47,1197.29,13.0,0.0,1197.29,13.0,0.0,118.43,51.8,3.32,173.56,0.0322,False,False
1780820388.091077,kherson_drone_rescue,kherson_drone_rescue.mp4,667,50.0,640,480,combined,detect_combined,Non-Flooded,resnet18,False,False,0,tensorrt,tensorrt,tensorrt,37.16,37.16,26.6,26.91,5.64,10.84,16.48,1197.29,34.6,0.0,1197.29,34.6,0.0,118.43,51.8,3.32,173.56,0.0393,False,False
1780820388.1332703,kherson_drone_rescue,kherson_drone_rescue.mp4,668,50.0,640,480,combined,detect_combined,Non-Flooded,resnet18,False,False,0,tensorrt,tensorrt,tensorrt,37.34,37.34,26.52,26.78,5.61,10.79,16.4,1197.29,25.9,0.0,1197.29,25.9,0.0,118.43,51.8,3.32,173.56,0.0407,False,False
1780820388.17663,kherson_drone_rescue,kherson_drone_rescue.mp4,669,50.0,640,480,combined,detect_combined,Non-Flooded,resnet18,False,False,0,tensorrt,tensorrt,tensorrt,37.27,37.27,26.56,26.83,5.59,10.77,16.36,1197.29,33.3,0.0,1197.29,33.3,0.0,118.43,51.8,3.32,173.56,0.043,False,False
1780820388.2192373,kherson_drone_rescue,kherson_drone_rescue.mp4,670,50.0,640,480,combined,detect_combined,Non-Flooded,resnet18,False,False,0,tensorrt,tensorrt,tensorrt,37.42,37.42,26.44,26.72,5.59,10.77,16.36,1197.28,30.4,0.0,1197.28,30.4,0.0,118.43,51.8,3.32,173.56,0.0399,False,False
1780820388.2629564,kherson_drone_rescue,kherson_drone_rescue.mp4,671,50.0,640,480,combined,detect_combined,Non-Flooded,resnet18,False,False,0,tensorrt,tensorrt,tensorrt,36.38,36.38,27.2,27.48,5.66,11.12,16.78,1197.28,48.1,0.0,1197.28,48.1,0.0,118.43,51.8,3.32,173.56,0.0244,False,False
1780820388.306204,kherson_drone_rescue,kherson_drone_rescue.mp4,672,50.0,640,480,combined,detect_combined,Non-Flooded,resnet18,False,False,0,tensorrt,tensorrt,tensorrt,37.17,37.17,26.65,26.9,5.6,10.72,16.32,1197.28,37.5,0.0,1197.28,37.5,0.0,118.43,51.8,3.32,173.56,0.0152,False,False
1780820388.3500063,kherson_drone_rescue,kherson_drone_rescue.mp4,673,50.0,640,480,combined,detect_combined,Non-Flooded,resnet18,False,False,0,tensorrt,tensorrt,tensorrt,37.66,37.66,26.28,26.55,5.66,10.65,16.310000000000002,1197.28,34.6,0.0,1197.28,34.6,0.0,118.43,51.8,3.32,173.56,0.0,False,False
1780820388.3944802,kherson_drone_rescue,kherson_drone_rescue.mp4,674,50.0,640,480,combined,detect_combined,Non-Flooded,resnet18,False,False,0,tensorrt,tensorrt,tensorrt,35.35,35.35,28.02,28.29,5.58,10.65,16.23,1197.28,37.0,0.0,1197.28,37.0,0.0,118.43,51.8,3.32,173.56,0.0,False,False
1780820388.4362876,kherson_drone_rescue,kherson_drone_rescue.mp4,675,50.0,640,480,combined,detect_combined,Non-Flooded,resnet18,False,False,0,tensorrt,tensorrt,tensorrt,37.24,37.24,26.54,26.86,5.48,11.16,16.64,1197.32,26.9,0.0,1197.32,26.9,0.0,118.43,51.8,3.32,173.56,0.067,False,False
1780820388.4773746,kherson_drone_rescue,kherson_drone_rescue.mp4,676,50.0,640,480,combined,detect_combined,Non-Flooded,resnet18,False,False,0,tensorrt,tensorrt,tensorrt,37.63,37.63,26.32,26.58,5.57,10.61,16.18,1197.32,13.6,0.0,1197.32,13.6,0.0,118.43,51.8,3.32,173.56,0.0501,False,False
1780820388.5192676,kherson_drone_rescue,kherson_drone_rescue.mp4,677,50.0,640,480,combined,detect_combined,Non-Flooded,resnet18,False,False,0,tensorrt,tensorrt,tensorrt,37.45,37.45,26.42,26.7,5.57,10.74,16.310000000000002,1197.32,16.0,0.0,1197.32,16.0,0.0,118.43,51.8,3.32,173.56,0.0367,False,False
1780820388.5643048,kherson_drone_rescue,kherson_drone_rescue.mp4,678,50.0,640,480,combined,detect_combined,Non-Flooded,resnet18,False,False,0,tensorrt,tensorrt,tensorrt,34.1,34.1,29.04,29.32,5.69,13.11,18.8,1197.32,25.9,0.0,1197.32,25.9,0.0,118.43,51.8,3.32,173.56,0.0269,False,False
1780820388.60713,kherson_drone_rescue,kherson_drone_rescue.mp4,679,50.0,640,480,combined,detect_combined,Non-Flooded,resnet18,False,False,0,tensorrt,tensorrt,tensorrt,37.06,37.06,26.7,26.98,5.59,10.8,16.39,1197.32,28.0,0.0,1197.32,28.0,0.0,118.43,51.8,3.32,173.56,0.0421,False,False
1780820388.6503756,kherson_drone_rescue,kherson_drone_rescue.mp4,680,50.0,640,480,combined,detect_combined,Non-Flooded,resnet18,False,False,0,tensorrt,tensorrt,tensorrt,36.6,36.6,27.06,27.33,5.61,11.06,16.67,1197.32,37.5,0.0,1197.32,37.5,0.0,118.43,51.8,3.32,173.56,0.0389,False,False
1780820388.6943927,kherson_drone_rescue,kherson_drone_rescue.mp4,681,50.0,640,480,combined,detect_combined,Non-Flooded,resnet18,False,False,0,tensorrt,tensorrt,tensorrt,35.43,35.43,27.94,28.22,5.69,11.02,16.71,1197.32,44.4,0.0,1197.32,44.4,0.0,118.43,51.8,3.32,173.56,0.049,False,False
1780820388.7383413,kherson_drone_rescue,kherson_drone_rescue.mp4,682,50.0,640,480,combined,detect_combined,Non-Flooded,resnet18,False,False,0,tensorrt,tensorrt,tensorrt,36.43,36.43,27.15,27.45,5.63,11.06,16.69,1197.32,44.0,0.0,1197.32,44.0,0.0,118.43,51.8,3.32,173.56,0.029,False,False
1780820388.781375,kherson_drone_rescue,kherson_drone_rescue.mp4,683,50.0,640,480,combined,detect_combined,Non-Flooded,resnet18,False,False,0,tensorrt,tensorrt,tensorrt,36.36,36.36,27.22,27.5,5.81,10.91,16.72,1197.32,38.5,0.0,1197.32,38.5,0.0,118.43,51.8,3.32,173.56,0.0587,False,False
1780820388.8255131,kherson_drone_rescue,kherson_drone_rescue.mp4,684,50.0,640,480,combined,detect_combined,Non-Flooded,resnet18,False,False,0,tensorrt,tensorrt,tensorrt,35.19,35.19,28.13,28.42,5.61,10.98,16.59,1197.32,40.7,0.0,1197.32,40.7,0.0,118.43,51.8,3.32,173.56,0.0515,False,False
1780820388.8685656,kherson_drone_rescue,kherson_drone_rescue.mp4,685,50.0,640,480,combined,detect_combined,Non-Flooded,resnet18,False,False,0,tensorrt,tensorrt,tensorrt,36.94,36.94,26.79,27.07,5.66,10.7,16.36,1197.32,40.7,0.0,1197.32,40.7,0.0,118.43,51.8,3.32,173.56,0.0554,False,False
1780820388.9103444,kherson_drone_rescue,kherson_drone_rescue.mp4,686,50.0,640,480,combined,detect_combined,Non-Flooded,resnet18,False,False,0,tensorrt,tensorrt,tensorrt,36.42,36.42,27.17,27.46,5.65,10.73,16.380000000000003,1197.32,36.0,0.0,1197.32,36.0,0.0,118.43,51.8,3.32,173.56,0.0444,False,False
1780820388.9522495,kherson_drone_rescue,kherson_drone_rescue.mp4,687,50.0,640,480,combined,detect_combined,Non-Flooded,resnet18,False,False,0,tensorrt,tensorrt,tensorrt,37.08,37.08,26.69,26.97,5.54,10.66,16.2,1197.32,42.9,0.0,1197.32,42.9,0.0,118.43,51.8,3.32,173.56,0.0294,False,False
1780820388.9941318,kherson_drone_rescue,kherson_drone_rescue.mp4,688,50.0,640,480,combined,detect_combined,Non-Flooded,resnet18,False,False,0,tensorrt,tensorrt,tensorrt,37.8,37.8,26.2,26.46,5.56,10.46,16.02,1197.32,22.7,0.0,1197.32,22.7,0.0,118.43,51.8,3.32,173.56,0.0342,False,False
1780820389.035837,kherson_drone_rescue,kherson_drone_rescue.mp4,689,50.0,640,480,combined,detect_combined,Non-Flooded,resnet18,False,False,0,tensorrt,tensorrt,tensorrt,37.64,37.64,26.3,26.57,5.58,10.7,16.28,1197.32,17.4,0.0,1197.32,17.4,0.0,118.43,51.8,3.32,173.56,0.0315,False,False
1780820389.079089,kherson_drone_rescue,kherson_drone_rescue.mp4,690,50.0,640,480,combined,detect_combined,Non-Flooded,resnet18,False,False,0,tensorrt,tensorrt,tensorrt,35.78,35.78,27.67,27.95,5.63,10.98,16.61,1197.32,33.3,0.0,1197.32,33.3,0.0,118.43,51.8,3.32,173.56,0.0313,False,False
1780820389.1207666,kherson_drone_rescue,kherson_drone_rescue.mp4,691,50.0,640,480,combined,detect_combined,Non-Flooded,resnet18,False,False,0,tensorrt,tensorrt,tensorrt,37.17,37.17,26.64,26.9,5.59,10.8,16.39,1197.32,23.1,0.0,1197.32,23.1,0.0,118.43,51.8,3.32,173.56,0.0438,False,False
1780820389.163668,kherson_drone_rescue,kherson_drone_rescue.mp4,692,50.0,640,480,combined,detect_combined,Non-Flooded,resnet18,False,False,0,tensorrt,tensorrt,tensorrt,37.23,37.23,26.61,26.86,5.55,10.73,16.28,1197.32,16.0,0.0,1197.32,16.0,0.0,118.43,51.8,3.32,173.56,0.0353,False,False
1780820389.2057526,kherson_drone_rescue,kherson_drone_rescue.mp4,693,50.0,640,480,combined,detect_combined,Non-Flooded,resnet18,False,False,0,tensorrt,tensorrt,tensorrt,37.93,37.93,26.11,26.37,5.64,10.4,16.04,1197.32,17.4,0.0,1197.32,17.4,0.0,118.43,51.8,3.32,173.56,0.0453,False,False
1780820389.248915,kherson_drone_rescue,kherson_drone_rescue.mp4,694,50.0,640,480,combined,detect_combined,Non-Flooded,resnet18,False,False,0,tensorrt,tensorrt,tensorrt,36.0,36.0,27.51,27.78,5.52,10.79,16.31,1197.32,26.9,0.0,1197.32,26.9,0.0,118.43,51.8,3.32,173.56,0.046,False,False
1780820389.2901344,kherson_drone_rescue,kherson_drone_rescue.mp4,695,50.0,640,480,combined,detect_combined,Non-Flooded,resnet18,False,False,0,tensorrt,tensorrt,tensorrt,37.54,37.54,26.36,26.64,5.59,10.65,16.240000000000002,1197.32,20.0,0.0,1197.32,20.0,0.0,118.43,51.8,3.32,173.56,0.0204,False,False
1780820389.3325357,kherson_drone_rescue,kherson_drone_rescue.mp4,696,50.0,640,480,combined,detect_combined,Non-Flooded,resnet18,False,False,0,tensorrt,tensorrt,tensorrt,37.38,37.38,26.49,26.75,5.57,10.74,16.310000000000002,1197.32,16.7,0.0,1197.32,16.7,0.0,118.43,51.8,3.32,173.56,0.0016,False,False
1780820389.3758678,kherson_drone_rescue,kherson_drone_rescue.mp4,697,50.0,640,480,combined,detect_combined,Non-Flooded,resnet18,False,False,0,tensorrt,tensorrt,tensorrt,37.74,37.74,26.24,26.5,5.58,10.65,16.23,1197.31,20.0,0.0,1197.31,20.0,0.0,118.43,51.8,3.32,173.56,0.0009,False,False
1780820389.4178023,kherson_drone_rescue,kherson_drone_rescue.mp4,698,50.0,640,480,combined,detect_combined,Non-Flooded,resnet18,False,False,0,tensorrt,tensorrt,tensorrt,37.54,37.54,26.39,26.64,5.61,10.6,16.21,1197.31,23.1,0.0,1197.31,23.1,0.0,118.43,51.8,3.32,173.56,0.0004,False,False
1780820389.4593275,kherson_drone_rescue,kherson_drone_rescue.mp4,699,50.0,640,480,combined,detect_combined,Non-Flooded,resnet18,False,False,0,tensorrt,tensorrt,tensorrt,37.5,37.5,26.41,26.66,5.56,10.65,16.21,1197.31,25.0,0.0,1197.31,25.0,0.0,118.43,51.8,3.32,173.56,0.0004,False,False
1780820389.5017328,kherson_drone_rescue,kherson_drone_rescue.mp4,700,50.0,640,480,combined,detect_combined,Non-Flooded,resnet18,False,False,0,tensorrt,tensorrt,tensorrt,37.53,37.53,26.39,26.65,5.61,10.69,16.3,1197.31,22.2,0.0,1197.31,22.2,0.0,118.43,51.8,3.32,173.56,0.0,False,False
1780820389.5439982,kherson_drone_rescue,kherson_drone_rescue.mp4,701,50.0,640,480,combined,detect_combined,Non-Flooded,resnet18,False,False,0,tensorrt,tensorrt,tensorrt,37.35,37.35,26.52,26.77,5.64,10.69,16.33,1197.31,16.0,0.0,1197.31,16.0,0.0,118.43,51.8,3.32,173.56,0.0,False,False
1780820389.5866425,kherson_drone_rescue,kherson_drone_rescue.mp4,702,50.0,640,480,combined,detect_combined,Non-Flooded,resnet18,False,False,0,tensorrt,tensorrt,tensorrt,37.62,37.62,26.32,26.58,5.6,10.65,16.25,1197.31,16.0,0.0,1197.31,16.0,0.0,118.43,51.8,3.32,173.56,0.0011,False,False
1780820389.6292918,kherson_drone_rescue,kherson_drone_rescue.mp4,703,50.0,640,480,combined,detect_combined,Non-Flooded,resnet18,False,False,0,tensorrt,tensorrt,tensorrt,37.18,37.18,26.63,26.9,5.62,10.75,16.37,1197.31,23.1,0.0,1197.31,23.1,0.0,118.43,51.8,3.32,173.56,0.0206,False,False
1780820389.6716013,kherson_drone_rescue,kherson_drone_rescue.mp4,704,50.0,640,480,combined,detect_combined,Non-Flooded,resnet18,False,False,0,tensorrt,tensorrt,tensorrt,37.35,37.35,26.51,26.77,5.58,10.74,16.32,1197.31,24.0,0.0,1197.31,24.0,0.0,118.43,51.8,3.32,173.56,0.02,False,False
1780820389.713901,kherson_drone_rescue,kherson_drone_rescue.mp4,705,50.0,640,480,combined,detect_combined,Non-Flooded,resnet18,False,False,0,tensorrt,tensorrt,tensorrt,37.29,37.29,26.56,26.81,5.61,10.61,16.22,1197.31,16.7,0.0,1197.31,16.7,0.0,118.43,51.8,3.32,173.56,0.0211,False,False
1780820389.7563534,kherson_drone_rescue,kherson_drone_rescue.mp4,706,50.0,640,480,combined,detect_combined,Non-Flooded,resnet18,False,False,0,tensorrt,tensorrt,tensorrt,37.19,37.19,26.55,26.89,5.59,10.76,16.35,1197.31,29.2,0.0,1197.31,29.2,0.0,118.43,51.8,3.32,173.56,0.0103,False,False
1780820389.7997365,kherson_drone_rescue,kherson_drone_rescue.mp4,707,50.0,640,480,combined,detect_combined,Non-Flooded,resnet18,False,False,0,tensorrt,tensorrt,tensorrt,36.04,36.04,27.46,27.75,5.64,11.37,17.009999999999998,1197.31,37.5,0.0,1197.31,37.5,0.0,118.43,51.8,3.32,173.56,0.0046,False,False
1780820389.8431287,kherson_drone_rescue,kherson_drone_rescue.mp4,708,50.0,640,480,combined,detect_combined,Non-Flooded,resnet18,False,False,0,tensorrt,tensorrt,tensorrt,36.23,36.23,27.29,27.6,5.68,10.88,16.560000000000002,1197.31,33.3,0.0,1197.31,33.3,0.0,118.43,51.8,3.32,173.56,0.0273,False,False
1780820389.8865545,kherson_drone_rescue,kherson_drone_rescue.mp4,709,50.0,640,480,combined,detect_combined,Non-Flooded,resnet18,False,False,0,tensorrt,tensorrt,tensorrt,37.1,37.1,26.67,26.95,5.64,10.79,16.43,1197.31,29.2,0.0,1197.31,29.2,0.0,118.43,51.8,3.32,173.56,0.0229,False,False
1780820389.9281747,kherson_drone_rescue,kherson_drone_rescue.mp4,710,50.0,640,480,combined,detect_combined,Non-Flooded,resnet18,False,False,0,tensorrt,tensorrt,tensorrt,37.4,37.4,26.47,26.74,5.6,10.75,16.35,1197.31,40.7,0.0,1197.31,40.7,0.0,118.43,51.8,3.32,173.56,0.0344,False,False
1780820389.9700496,kherson_drone_rescue,kherson_drone_rescue.mp4,711,50.0,640,480,combined,detect_combined,Non-Flooded,resnet18,False,False,0,tensorrt,tensorrt,tensorrt,37.05,37.05,26.72,26.99,5.63,10.81,16.44,1197.31,33.3,0.0,1197.31,33.3,0.0,118.43,51.8,3.32,173.56,0.0306,False,False
1780820390.0254016,kherson_drone_rescue,kherson_drone_rescue.mp4,712,50.0,640,480,combined,detect_combined,Non-Flooded,resnet18,False,False,0,tensorrt,tensorrt,tensorrt,25.02,25.02,39.67,39.96,8.81,15.85,24.66,1197.31,62.9,0.0,1197.31,62.9,0.0,118.43,51.8,3.32,173.56,0.0185,False,False
1780820390.095766,kherson_drone_rescue,kherson_drone_rescue.mp4,713,50.0,640,480,combined,detect_combined,Non-Flooded,resnet18,False,False,0,tensorrt,tensorrt,tensorrt,18.56,18.56,53.54,53.87,11.27,15.98,27.25,1197.31,48.7,0.0,1197.31,48.7,0.0,118.43,51.8,3.32,173.56,0.0681,False,False
1780820390.1393383,kherson_drone_rescue,kherson_drone_rescue.mp4,714,50.0,640,480,combined,detect_combined,Non-Flooded,resnet18,False,False,0,tensorrt,tensorrt,tensorrt,48.91,48.91,20.16,20.44,4.78,7.34,12.120000000000001,1197.31,40.0,0.0,1197.31,40.0,0.0,118.43,51.8,3.32,173.56,0.0648,False,False
1780820390.180672,kherson_drone_rescue,kherson_drone_rescue.mp4,715,50.0,640,480,combined,detect_combined,Non-Flooded,resnet18,False,False,0,tensorrt,tensorrt,tensorrt,40.01,40.01,24.72,24.99,4.09,10.49,14.58,1197.31,30.4,0.0,1197.31,30.4,0.0,118.43,51.8,3.32,173.56,0.0648,False,False
1780820390.2219548,kherson_drone_rescue,kherson_drone_rescue.mp4,716,50.0,640,480,combined,detect_combined,Non-Flooded,resnet18,False,False,0,tensorrt,tensorrt,tensorrt,36.93,36.93,26.79,27.08,5.58,10.78,16.36,1197.31,37.5,0.0,1197.31,37.5,0.0,118.43,51.8,3.32,173.56,0.069,False,False
1780820390.265848,kherson_drone_rescue,kherson_drone_rescue.mp4,717,50.0,640,480,combined,detect_combined,Non-Flooded,resnet18,False,False,0,tensorrt,tensorrt,tensorrt,35.33,35.33,28.01,28.31,5.75,11.34,17.09,1197.31,56.0,0.0,1197.31,56.0,0.0,118.43,51.8,3.32,173.56,0.0894,False,False
1780820390.3091016,kherson_drone_rescue,kherson_drone_rescue.mp4,718,50.0,640,480,combined,detect_combined,Non-Flooded,resnet18,False,False,0,tensorrt,tensorrt,tensorrt,36.33,36.33,27.23,27.52,5.65,10.78,16.43,1197.31,55.6,0.0,1197.31,55.6,0.0,118.43,51.8,3.32,173.56,0.113,False,False
1780820390.3517394,kherson_drone_rescue,kherson_drone_rescue.mp4,719,50.0,640,480,combined,detect_combined,Non-Flooded,resnet18,False,False,0,tensorrt,tensorrt,tensorrt,36.72,36.72,26.92,27.23,5.63,11.0,16.63,1197.29,62.5,0.0,1197.29,62.5,0.0,118.43,51.8,3.32,173.56,0.1001,False,False
1780820390.393564,kherson_drone_rescue,kherson_drone_rescue.mp4,720,50.0,640,480,combined,detect_combined,Non-Flooded,resnet18,False,False,0,tensorrt,tensorrt,tensorrt,36.94,36.94,26.77,27.07,5.62,10.83,16.45,1197.27,58.3,0.0,1197.27,58.3,0.0,118.43,51.8,3.32,173.56,0.0972,False,False
1780820390.4382234,kherson_drone_rescue,kherson_drone_rescue.mp4,721,50.0,640,480,combined,detect_combined,Non-Flooded,resnet18,False,False,0,tensorrt,tensorrt,tensorrt,34.42,34.42,28.75,29.05,5.54,11.2,16.74,1197.27,59.3,0.0,1197.27,59.3,0.0,118.43,51.8,3.32,173.56,0.1167,False,False
1780820390.4795718,kherson_drone_rescue,kherson_drone_rescue.mp4,722,50.0,640,480,combined,detect_combined,Non-Flooded,resnet18,False,False,0,tensorrt,tensorrt,tensorrt,36.96,36.96,26.74,27.05,5.67,10.64,16.310000000000002,1197.27,52.2,0.0,1197.27,52.2,0.0,118.43,51.8,3.32,173.56,0.1039,False,False
1780820390.5213494,kherson_drone_rescue,kherson_drone_rescue.mp4,723,50.0,640,480,combined,detect_combined,Non-Flooded,resnet18,False,False,0,tensorrt,tensorrt,tensorrt,36.69,36.69,26.94,27.25,5.73,10.73,16.46,1197.27,52.2,0.0,1197.27,52.2,0.0,118.43,51.8,3.32,173.56,0.1257,False,False
1780820390.5626771,kherson_drone_rescue,kherson_drone_rescue.mp4,724,50.0,640,480,combined,detect_combined,Non-Flooded,resnet18,False,False,0,tensorrt,tensorrt,tensorrt,37.36,37.36,26.47,26.77,5.6,10.75,16.35,1197.27,48.0,0.0,1197.27,48.0,0.0,118.43,51.8,3.32,173.56,0.1396,False,False
1780820390.603415,kherson_drone_rescue,kherson_drone_rescue.mp4,725,50.0,640,480,combined,detect_combined,Non-Flooded,resnet18,False,False,0,tensorrt,tensorrt,tensorrt,37.76,37.76,26.21,26.48,5.52,10.54,16.06,1197.27,30.4,0.0,1197.27,30.4,0.0,118.43,51.8,3.32,173.56,0.1404,False,False
1780820390.645882,kherson_drone_rescue,kherson_drone_rescue.mp4,726,50.0,640,480,combined,detect_combined,Non-Flooded,resnet18,False,False,0,tensorrt,tensorrt,tensorrt,36.67,36.67,26.96,27.27,5.86,10.79,16.65,1197.27,44.4,0.0,1197.27,44.4,0.0,118.43,51.8,3.32,173.56,0.0828,False,False
1780820390.687427,kherson_drone_rescue,kherson_drone_rescue.mp4,727,50.0,640,480,combined,detect_combined,Non-Flooded,resnet18,False,False,0,tensorrt,tensorrt,tensorrt,37.21,37.21,26.59,26.88,5.54,10.81,16.35,1197.27,33.3,0.0,1197.27,33.3,0.0,118.43,51.8,3.32,173.56,0.1393,False,False
1780820390.727773,kherson_drone_rescue,kherson_drone_rescue.mp4,728,50.0,640,480,combined,detect_combined,Non-Flooded,resnet18,False,False,0,tensorrt,tensorrt,tensorrt,38.51,38.51,25.73,25.97,5.55,10.33,15.879999999999999,1197.27,9.1,0.0,1197.27,9.1,0.0,118.43,51.8,3.32,173.56,0.1324,False,False
1780820390.7680895,kherson_drone_rescue,kherson_drone_rescue.mp4,729,50.0,640,480,combined,detect_combined,Non-Flooded,resnet18,False,False,0,tensorrt,tensorrt,tensorrt,38.28,38.28,25.87,26.13,5.54,10.44,15.98,1197.27,16.7,0.0,1197.27,16.7,0.0,118.43,51.8,3.32,173.56,0.1858,False,False
1780820390.8089283,kherson_drone_rescue,kherson_drone_rescue.mp4,730,50.0,640,480,combined,detect_combined,Flooded,deeplabv3plus,True,False,0,tensorrt,tensorrt,tensorrt,38.18,38.18,25.92,26.19,5.58,10.35,15.93,1197.27,16.0,0.0,1197.27,16.0,0.0,118.43,51.8,3.32,173.56,0.2006,False,False
1780820390.8560874,kherson_drone_rescue,kherson_drone_rescue.mp4,731,50.0,640,480,combined,detect_combined,Non-Flooded,resnet18,True,False,0,tensorrt,tensorrt,tensorrt,38.13,38.13,25.95,26.23,5.45,10.42,15.870000000000001,1197.27,18.5,0.0,1197.27,18.5,0.0,118.43,51.8,3.32,173.56,0.1966,False,False
1780820390.8991702,kherson_drone_rescue,kherson_drone_rescue.mp4,732,50.0,640,480,combined,detect_combined,Flooded,deeplabv3plus,True,False,0,tensorrt,tensorrt,tensorrt,38.31,38.31,25.82,26.11,5.46,10.41,15.870000000000001,1197.27,12.5,0.0,1197.27,12.5,0.0,118.43,51.8,3.32,173.56,0.2011,False,False
1780820390.9444273,kherson_drone_rescue,kherson_drone_rescue.mp4,733,50.0,640,480,combined,detect_combined,Non-Flooded,resnet18,True,False,0,tensorrt,tensorrt,tensorrt,38.31,38.31,25.83,26.1,5.47,10.41,15.879999999999999,1197.27,15.4,0.0,1197.27,15.4,0.0,118.43,51.8,3.32,173.56,0.1783,False,False
1780820390.987711,kherson_drone_rescue,kherson_drone_rescue.mp4,734,50.0,640,480,combined,detect_combined,Non-Flooded,resnet18,False,False,0,tensorrt,tensorrt,tensorrt,37.9,37.9,26.13,26.39,5.49,10.7,16.189999999999998,1197.27,20.0,0.0,1197.27,20.0,0.0,118.43,51.8,3.32,173.56,0.1665,False,False
1780820391.0280304,kherson_drone_rescue,kherson_drone_rescue.mp4,735,50.0,640,480,combined,detect_combined,Non-Flooded,resnet18,False,False,0,tensorrt,tensorrt,tensorrt,38.36,38.36,25.82,26.07,5.48,10.34,15.82,1197.27,16.7,0.0,1197.27,16.7,0.0,118.43,51.8,3.32,173.56,0.1503,False,False
1780820391.06816,kherson_drone_rescue,kherson_drone_rescue.mp4,736,50.0,640,480,combined,detect_combined,Non-Flooded,resnet18,False,False,0,tensorrt,tensorrt,tensorrt,38.92,38.92,25.41,25.69,5.52,10.27,15.79,1197.27,17.4,0.0,1197.27,17.4,0.0,118.43,51.8,3.32,173.56,0.1152,False,False
1780820391.1076326,kherson_drone_rescue,kherson_drone_rescue.mp4,737,50.0,640,480,combined,detect_combined,Non-Flooded,resnet18,False,False,0,tensorrt,tensorrt,tensorrt,38.42,38.42,25.77,26.03,5.44,10.49,15.93,1197.27,24.0,0.0,1197.27,24.0,0.0,118.43,51.8,3.32,173.56,0.1176,False,False
1780820391.1476314,kherson_drone_rescue,kherson_drone_rescue.mp4,738,50.0,640,480,combined,detect_combined,Non-Flooded,resnet18,False,False,0,tensorrt,tensorrt,tensorrt,38.46,38.46,25.74,26.0,5.46,10.41,15.870000000000001,1197.27,20.0,0.0,1197.27,20.0,0.0,118.43,51.8,3.32,173.56,0.0984,False,False
1780820391.1890156,kherson_drone_rescue,kherson_drone_rescue.mp4,739,50.0,640,480,combined,detect_combined,Non-Flooded,resnet18,False,False,0,tensorrt,tensorrt,tensorrt,37.43,37.43,26.46,26.72,5.5,10.45,15.95,1197.27,13.0,0.0,1197.27,13.0,0.0,118.43,51.8,3.32,173.56,0.108,False,False
1780820391.230803,kherson_drone_rescue,kherson_drone_rescue.mp4,740,50.0,640,480,combined,detect_combined,Non-Flooded,resnet18,False,False,0,tensorrt,tensorrt,tensorrt,38.59,38.59,25.66,25.91,5.51,10.34,15.85,1197.27,21.7,0.0,1197.27,21.7,0.0,118.43,51.8,3.32,173.56,0.1077,False,False
1780820391.270368,kherson_drone_rescue,kherson_drone_rescue.mp4,741,50.0,640,480,combined,detect_combined,Non-Flooded,resnet18,False,False,0,tensorrt,tensorrt,tensorrt,38.61,38.61,25.64,25.9,5.57,10.25,15.82,1197.27,16.7,0.0,1197.27,16.7,0.0,118.43,51.8,3.32,173.56,0.1015,False,False
1780820391.3109317,kherson_drone_rescue,kherson_drone_rescue.mp4,742,50.0,640,480,combined,detect_combined,Non-Flooded,resnet18,False,False,0,tensorrt,tensorrt,tensorrt,38.46,38.46,25.74,26.0,5.51,10.39,15.9,1197.27,20.0,0.0,1197.27,20.0,0.0,118.43,51.8,3.32,173.56,0.1,False,False
1780820391.3516443,kherson_drone_rescue,kherson_drone_rescue.mp4,743,50.0,640,480,combined,detect_combined,Non-Flooded,resnet18,False,False,0,tensorrt,tensorrt,tensorrt,37.92,37.92,26.1,26.37,5.54,10.53,16.07,1197.27,20.0,0.0,1197.27,20.0,0.0,118.43,51.8,3.32,173.56,0.1075,False,False
1780820391.3932478,kherson_drone_rescue,kherson_drone_rescue.mp4,744,50.0,640,480,combined,detect_combined,Non-Flooded,resnet18,False,False,0,tensorrt,tensorrt,tensorrt,37.01,37.01,26.75,27.02,5.56,10.44,16.0,1197.27,16.0,0.0,1197.27,16.0,0.0,118.43,51.8,3.32,173.56,0.0352,False,False
1780820391.4360092,kherson_drone_rescue,kherson_drone_rescue.mp4,745,50.0,640,480,combined,detect_combined,Non-Flooded,resnet18,False,False,0,tensorrt,tensorrt,tensorrt,36.91,36.91,26.85,27.1,5.48,10.48,15.96,1197.27,12.5,0.0,1197.27,12.5,0.0,118.43,51.8,3.32,173.56,0.0314,False,False
1780820391.476722,kherson_drone_rescue,kherson_drone_rescue.mp4,746,50.0,640,480,combined,detect_combined,Non-Flooded,resnet18,False,False,0,tensorrt,tensorrt,tensorrt,36.51,36.51,27.1,27.39,5.57,10.62,16.189999999999998,1197.27,25.0,0.0,1197.27,25.0,0.0,118.43,51.8,3.32,173.56,0.0226,False,False
1780820391.5188236,kherson_drone_rescue,kherson_drone_rescue.mp4,747,50.0,640,480,combined,detect_combined,Non-Flooded,resnet18,False,False,0,tensorrt,tensorrt,tensorrt,36.83,36.83,26.88,27.15,5.58,10.42,16.0,1197.27,16.0,0.0,1197.27,16.0,0.0,118.43,51.8,3.32,173.56,0.0693,False,False
1780820391.560367,kherson_drone_rescue,kherson_drone_rescue.mp4,748,50.0,640,480,combined,detect_combined,Non-Flooded,resnet18,False,False,0,tensorrt,tensorrt,tensorrt,37.99,37.99,26.07,26.32,5.55,10.45,16.0,1197.27,17.4,0.0,1197.27,17.4,0.0,118.43,51.8,3.32,173.56,0.0868,False,False
1780820391.6020126,kherson_drone_rescue,kherson_drone_rescue.mp4,749,50.0,640,480,combined,detect_combined,Non-Flooded,resnet18,False,False,0,tensorrt,tensorrt,tensorrt,38.03,38.03,26.04,26.29,5.84,10.37,16.21,1197.27,23.1,0.0,1197.27,23.1,0.0,118.43,51.8,3.32,173.56,0.0005,False,False
1780820391.6425788,kherson_drone_rescue,kherson_drone_rescue.mp4,750,50.0,640,480,combined,detect_combined,Non-Flooded,resnet18,False,False,0,tensorrt,tensorrt,tensorrt,38.78,38.78,25.54,25.78,5.46,10.39,15.850000000000001,1197.27,20.0,0.0,1197.27,20.0,0.0,118.43,51.8,3.32,173.56,0.023,False,False
1780820391.6830256,kherson_drone_rescue,kherson_drone_rescue.mp4,751,50.0,640,480,combined,detect_combined,Non-Flooded,resnet18,False,False,0,tensorrt,tensorrt,tensorrt,38.42,38.42,25.76,26.03,5.52,10.37,15.889999999999999,1197.27,17.4,0.0,1197.27,17.4,0.0,118.43,51.8,3.32,173.56,0.0074,False,False
1780820391.725519,kherson_drone_rescue,kherson_drone_rescue.mp4,752,50.0,640,480,combined,detect_combined,Non-Flooded,resnet18,False,False,0,tensorrt,tensorrt,tensorrt,35.88,35.88,27.59,27.87,5.51,10.7,16.21,1197.27,36.0,0.0,1197.27,36.0,0.0,118.43,51.8,3.32,173.56,0.0009,False,False
1780820391.7668264,kherson_drone_rescue,kherson_drone_rescue.mp4,753,50.0,640,480,combined,detect_combined,Non-Flooded,resnet18,False,False,0,tensorrt,tensorrt,tensorrt,37.64,37.64,26.28,26.56,5.54,10.48,16.02,1197.27,40.0,0.0,1197.27,40.0,0.0,118.43,51.8,3.32,173.56,0.0109,False,False
1780820391.8087304,kherson_drone_rescue,kherson_drone_rescue.mp4,754,50.0,640,480,combined,detect_combined,Non-Flooded,resnet18,False,False,0,tensorrt,tensorrt,tensorrt,36.76,36.76,26.91,27.2,5.8,10.67,16.47,1197.27,44.0,0.0,1197.27,44.0,0.0,118.43,51.8,3.32,173.56,0.0003,False,False
1780820391.8508558,kherson_drone_rescue,kherson_drone_rescue.mp4,755,50.0,640,480,combined,detect_combined,Non-Flooded,resnet18,False,False,0,tensorrt,tensorrt,tensorrt,37.36,37.36,26.48,26.76,5.64,10.67,16.31,1197.27,37.5,0.0,1197.27,37.5,0.0,118.43,51.8,3.32,173.56,0.0024,False,False
1780820391.8918293,kherson_drone_rescue,kherson_drone_rescue.mp4,756,50.0,640,480,combined,detect_combined,Non-Flooded,resnet18,False,False,0,tensorrt,tensorrt,tensorrt,37.52,37.52,26.38,26.65,5.46,10.76,16.22,1197.27,42.9,0.0,1197.27,42.9,0.0,118.43,51.8,3.32,173.56,0.0051,False,False
1780820391.9341412,kherson_drone_rescue,kherson_drone_rescue.mp4,757,50.0,640,480,combined,detect_combined,Non-Flooded,resnet18,False,False,0,tensorrt,tensorrt,tensorrt,37.37,37.37,26.48,26.76,5.56,10.59,16.15,1197.27,40.7,0.0,1197.27,40.7,0.0,118.43,51.8,3.32,173.56,0.0039,False,False
1780820391.9749727,kherson_drone_rescue,kherson_drone_rescue.mp4,758,50.0,640,480,combined,detect_combined,Non-Flooded,resnet18,False,False,0,tensorrt,tensorrt,tensorrt,37.06,37.06,26.69,26.98,5.73,10.96,16.69,1197.27,34.8,0.0,1197.27,34.8,0.0,118.43,51.8,3.32,173.56,0.0077,False,False
1780820392.0165918,kherson_drone_rescue,kherson_drone_rescue.mp4,759,50.0,640,480,combined,detect_combined,Non-Flooded,resnet18,False,False,0,tensorrt,tensorrt,tensorrt,36.4,36.4,27.21,27.47,5.44,10.68,16.12,1197.27,32.0,0.0,1197.27,32.0,0.0,118.43,51.8,3.32,173.56,0.013,False,False
1780820392.0590107,kherson_drone_rescue,kherson_drone_rescue.mp4,760,50.0,640,480,combined,detect_combined,Non-Flooded,resnet18,False,False,0,tensorrt,tensorrt,tensorrt,36.28,36.28,27.3,27.57,5.53,10.57,16.1,1197.27,42.3,0.0,1197.27,42.3,0.0,118.43,51.8,3.32,173.56,0.0139,False,False
1780820392.1004195,kherson_drone_rescue,kherson_drone_rescue.mp4,761,50.0,640,480,combined,detect_combined,Non-Flooded,resnet18,False,False,0,tensorrt,tensorrt,tensorrt,37.51,37.51,26.37,26.66,5.64,10.69,16.33,1197.27,29.2,0.0,1197.27,29.2,0.0,118.43,51.8,3.32,173.56,0.0161,False,False
1780820392.1416059,kherson_drone_rescue,kherson_drone_rescue.mp4,762,50.0,640,480,combined,detect_combined,Non-Flooded,resnet18,False,False,0,tensorrt,tensorrt,tensorrt,37.08,37.08,26.71,26.97,5.65,10.61,16.259999999999998,1197.27,26.9,0.0,1197.27,26.9,0.0,118.43,51.8,3.32,173.56,0.0187,False,False
1780820392.1818514,kherson_drone_rescue,kherson_drone_rescue.mp4,763,50.0,640,480,combined,detect_combined,Non-Flooded,resnet18,False,False,0,tensorrt,tensorrt,tensorrt,38.2,38.2,25.93,26.18,5.5,10.45,15.95,1197.26,21.7,0.0,1197.26,21.7,0.0,118.43,51.8,3.32,173.56,0.0204,False,False
1780820392.2228541,kherson_drone_rescue,kherson_drone_rescue.mp4,764,50.0,640,480,combined,detect_combined,Non-Flooded,resnet18,False,False,0,tensorrt,tensorrt,tensorrt,38.08,38.08,26.0,26.26,5.52,10.46,15.98,1197.26,17.4,0.0,1197.26,17.4,0.0,118.43,51.8,3.32,173.56,0.014,False,False
1780820392.2651026,kherson_drone_rescue,kherson_drone_rescue.mp4,765,50.0,640,480,combined,detect_combined,Non-Flooded,resnet18,False,False,0,tensorrt,tensorrt,tensorrt,37.7,37.7,26.25,26.52,5.55,10.57,16.12,1197.26,25.9,0.0,1197.26,25.9,0.0,118.43,51.8,3.32,173.56,0.0186,False,False
1780820392.3057885,kherson_drone_rescue,kherson_drone_rescue.mp4,766,50.0,640,480,combined,detect_combined,Non-Flooded,resnet18,False,False,0,tensorrt,tensorrt,tensorrt,38.01,38.01,26.06,26.31,5.57,10.53,16.1,1197.26,17.4,0.0,1197.26,17.4,0.0,118.43,51.8,3.32,173.56,0.0049,False,False
1780820392.3466687,kherson_drone_rescue,kherson_drone_rescue.mp4,767,50.0,640,480,combined,detect_combined,Non-Flooded,resnet18,False,False,0,tensorrt,tensorrt,tensorrt,38.09,38.09,26.0,26.25,5.49,10.51,16.0,1197.26,16.0,0.0,1197.26,16.0,0.0,118.43,51.8,3.32,173.56,0.0051,False,False
1780820392.388198,kherson_drone_rescue,kherson_drone_rescue.mp4,768,50.0,640,480,combined,detect_combined,Non-Flooded,resnet18,False,False,0,tensorrt,tensorrt,tensorrt,37.35,37.35,26.53,26.78,5.5,10.55,16.05,1197.26,24.0,0.0,1197.26,24.0,0.0,118.43,51.8,3.32,173.56,0.0091,False,False
1780820392.4312892,kherson_drone_rescue,kherson_drone_rescue.mp4,769,50.0,640,480,combined,detect_combined,Non-Flooded,resnet18,False,False,0,tensorrt,tensorrt,tensorrt,37.52,37.52,26.37,26.65,5.76,10.57,16.33,1197.26,32.0,0.0,1197.26,32.0,0.0,118.43,51.8,3.32,173.56,0.0003,False,False
1780820392.4719265,kherson_drone_rescue,kherson_drone_rescue.mp4,770,50.0,640,480,combined,detect_combined,Non-Flooded,resnet18,False,False,0,tensorrt,tensorrt,tensorrt,38.19,38.19,25.94,26.18,5.52,10.41,15.93,1197.26,16.0,0.0,1197.26,16.0,0.0,118.43,51.8,3.32,173.56,0.0058,False,False
1780820392.521123,kherson_drone_rescue,kherson_drone_rescue.mp4,771,50.0,640,480,combined,detect_combined,Non-Flooded,resnet18,False,False,0,tensorrt,tensorrt,tensorrt,29.26,29.26,33.86,34.17,9.86,13.13,22.990000000000002,1197.26,32.1,0.0,1197.26,32.1,0.0,118.43,51.8,3.32,173.56,0.0119,False,False
1780820392.5810263,kherson_drone_rescue,kherson_drone_rescue.mp4,772,50.0,640,480,combined,detect_combined,Non-Flooded,resnet18,False,False,0,tensorrt,tensorrt,tensorrt,23.2,23.2,42.81,43.11,7.74,17.6,25.340000000000003,1197.26,37.8,0.0,1197.26,37.8,0.0,118.43,51.8,3.32,173.56,0.0345,False,False
1780820392.6186714,kherson_drone_rescue,kherson_drone_rescue.mp4,773,50.0,640,480,combined,detect_combined,Non-Flooded,resnet18,False,False,0,tensorrt,tensorrt,tensorrt,48.99,48.99,20.14,20.41,4.4,8.21,12.610000000000001,1197.25,15.0,0.0,1197.25,15.0,0.0,118.43,51.8,3.32,173.56,0.0753,False,False
1780820392.659209,kherson_drone_rescue,kherson_drone_rescue.mp4,774,50.0,640,480,combined,detect_combined,Non-Flooded,resnet18,False,False,0,tensorrt,tensorrt,tensorrt,39.08,39.08,25.33,25.59,4.55,10.63,15.18,1197.25,28.0,0.0,1197.25,28.0,0.0,118.43,51.8,3.32,173.56,0.0515,False,False
1780820392.700845,kherson_drone_rescue,kherson_drone_rescue.mp4,775,50.0,640,480,combined,detect_combined,Non-Flooded,resnet18,False,False,0,tensorrt,tensorrt,tensorrt,38.02,38.02,26.05,26.3,5.55,10.53,16.08,1197.25,16.0,0.0,1197.25,16.0,0.0,118.43,51.8,3.32,173.56,0.0607,False,False
1780820392.7423506,kherson_drone_rescue,kherson_drone_rescue.mp4,776,50.0,640,480,combined,detect_combined,Non-Flooded,resnet18,False,False,0,tensorrt,tensorrt,tensorrt,37.72,37.72,26.21,26.51,5.65,10.55,16.200000000000003,1197.25,25.0,0.0,1197.25,25.0,0.0,118.43,51.8,3.32,173.56,0.0303,False,False
1780820392.7841947,kherson_drone_rescue,kherson_drone_rescue.mp4,777,50.0,640,480,combined,detect_combined,Non-Flooded,resnet18,False,False,0,tensorrt,tensorrt,tensorrt,38.03,38.03,26.03,26.3,5.53,10.59,16.12,1197.25,12.5,0.0,1197.25,12.5,0.0,118.43,51.8,3.32,173.56,0.0177,False,False
1780820392.8259583,kherson_drone_rescue,kherson_drone_rescue.mp4,778,50.0,640,480,combined,detect_combined,Non-Flooded,resnet18,False,False,0,tensorrt,tensorrt,tensorrt,37.48,37.48,26.42,26.68,5.68,10.78,16.46,1197.25,13.0,0.0,1197.25,13.0,0.0,118.43,51.8,3.32,173.56,0.0194,False,False
1780820392.866809,kherson_drone_rescue,kherson_drone_rescue.mp4,779,50.0,640,480,combined,detect_combined,Non-Flooded,resnet18,False,False,0,tensorrt,tensorrt,tensorrt,38.1,38.1,25.98,26.25,5.57,10.49,16.060000000000002,1197.25,30.8,0.0,1197.25,30.8,0.0,118.43,51.8,3.32,173.56,0.0041,False,False
1780820392.9084198,kherson_drone_rescue,kherson_drone_rescue.mp4,780,50.0,640,480,combined,detect_combined,Non-Flooded,resnet18,False,False,0,tensorrt,tensorrt,tensorrt,37.65,37.65,26.3,26.56,5.57,10.63,16.200000000000003,1197.25,13.0,0.0,1197.25,13.0,0.0,118.43,51.8,3.32,173.56,0.017,False,False
1780820392.952316,kherson_drone_rescue,kherson_drone_rescue.mp4,781,50.0,640,480,combined,detect_combined,Non-Flooded,resnet18,False,False,0,tensorrt,tensorrt,tensorrt,36.29,36.29,27.22,27.56,5.57,10.79,16.36,1197.25,25.9,0.0,1197.25,25.9,0.0,118.43,51.8,3.32,173.56,0.0061,False,False
1780820392.9938698,kherson_drone_rescue,kherson_drone_rescue.mp4,782,50.0,640,480,combined,detect_combined,Non-Flooded,resnet18,False,False,0,tensorrt,tensorrt,tensorrt,37.42,37.42,26.47,26.72,5.63,10.64,16.27,1197.25,25.0,0.0,1197.25,25.0,0.0,118.43,51.8,3.32,173.56,0.0176,False,False
1780820393.035122,kherson_drone_rescue,kherson_drone_rescue.mp4,783,50.0,640,480,combined,detect_combined,Non-Flooded,resnet18,False,False,0,tensorrt,tensorrt,tensorrt,37.87,37.87,26.14,26.4,5.57,10.56,16.130000000000003,1197.25,20.8,0.0,1197.25,20.8,0.0,118.43,51.8,3.32,173.56,0.0071,False,False
1780820393.076957,kherson_drone_rescue,kherson_drone_rescue.mp4,784,50.0,640,480,combined,detect_combined,Non-Flooded,resnet18,False,False,0,tensorrt,tensorrt,tensorrt,37.51,37.51,26.41,26.66,5.58,10.67,16.25,1197.25,20.0,0.0,1197.25,20.0,0.0,118.43,51.8,3.32,173.56,0.0003,False,False
1780820393.1188488,kherson_drone_rescue,kherson_drone_rescue.mp4,785,50.0,640,480,combined,detect_combined,Non-Flooded,resnet18,False,False,0,tensorrt,tensorrt,tensorrt,37.67,37.67,26.29,26.55,5.61,10.6,16.21,1197.25,23.1,0.0,1197.25,23.1,0.0,118.43,51.8,3.32,173.56,0.003,False,False
1780820393.161105,kherson_drone_rescue,kherson_drone_rescue.mp4,786,50.0,640,480,combined,detect_combined,Non-Flooded,resnet18,False,False,0,tensorrt,tensorrt,tensorrt,37.32,37.32,26.53,26.8,5.6,10.77,16.369999999999997,1197.25,23.1,0.0,1197.25,23.1,0.0,118.43,51.8,3.32,173.56,0.0025,False,False
1780820393.2030823,kherson_drone_rescue,kherson_drone_rescue.mp4,787,50.0,640,480,combined,detect_combined,Non-Flooded,resnet18,False,False,0,tensorrt,tensorrt,tensorrt,37.52,37.52,26.4,26.65,5.57,10.73,16.3,1197.25,20.8,0.0,1197.25,20.8,0.0,118.43,51.8,3.32,173.56,0.0038,False,False
1780820393.2449274,kherson_drone_rescue,kherson_drone_rescue.mp4,788,50.0,640,480,combined,detect_combined,Non-Flooded,resnet18,False,False,0,tensorrt,tensorrt,tensorrt,37.69,37.69,26.28,26.53,5.66,10.58,16.240000000000002,1197.25,16.0,0.0,1197.25,16.0,0.0,118.43,51.8,3.32,173.56,0.0011,False,False
1780820393.2873516,kherson_drone_rescue,kherson_drone_rescue.mp4,789,50.0,640,480,combined,detect_combined,Non-Flooded,resnet18,False,False,0,tensorrt,tensorrt,tensorrt,37.12,37.12,26.67,26.94,5.63,10.84,16.47,1197.25,17.4,0.0,1197.25,17.4,0.0,118.43,51.8,3.32,173.56,0.002,False,False
1780820393.3306034,kherson_drone_rescue,kherson_drone_rescue.mp4,790,50.0,640,480,combined,detect_combined,Non-Flooded,resnet18,False,False,0,tensorrt,tensorrt,tensorrt,36.82,36.82,26.89,27.16,5.63,10.91,16.54,1197.25,46.2,0.0,1197.25,46.2,0.0,118.43,51.8,3.32,173.56,0.0297,False,False
1780820393.3736885,kherson_drone_rescue,kherson_drone_rescue.mp4,791,50.0,640,480,combined,detect_combined,Non-Flooded,resnet18,False,False,0,tensorrt,tensorrt,tensorrt,36.77,36.77,26.91,27.19,5.63,10.95,16.58,1197.25,34.6,0.0,1197.25,34.6,0.0,118.43,51.8,3.32,173.56,0.0219,False,False
1780820393.4174159,kherson_drone_rescue,kherson_drone_rescue.mp4,792,50.0,640,480,combined,detect_combined,Non-Flooded,resnet18,False,False,0,tensorrt,tensorrt,tensorrt,36.44,36.44,27.16,27.44,5.59,10.75,16.34,1197.25,40.0,0.0,1197.25,40.0,0.0,118.43,51.8,3.32,173.56,0.0203,False,False
1780820393.461262,kherson_drone_rescue,kherson_drone_rescue.mp4,793,50.0,640,480,combined,detect_combined,Non-Flooded,resnet18,False,False,0,tensorrt,tensorrt,tensorrt,37.07,37.07,26.7,26.97,5.61,10.76,16.37,1197.25,38.5,0.0,1197.25,38.5,0.0,118.43,51.8,3.32,173.56,0.0004,False,False
1780820393.503535,kherson_drone_rescue,kherson_drone_rescue.mp4,794,50.0,640,480,combined,detect_combined,Non-Flooded,resnet18,False,False,0,tensorrt,tensorrt,tensorrt,37.47,37.47,26.4,26.69,5.56,10.77,16.33,1197.24,36.0,0.0,1197.24,36.0,0.0,118.43,51.8,3.32,173.56,0.0046,False,False
1780820393.5462892,kherson_drone_rescue,kherson_drone_rescue.mp4,795,50.0,640,480,combined,detect_combined,Non-Flooded,resnet18,False,False,0,tensorrt,tensorrt,tensorrt,37.06,37.06,26.71,26.98,5.65,10.67,16.32,1197.24,37.5,0.0,1197.24,37.5,0.0,118.43,51.8,3.32,173.56,0.0234,False,False
1780820393.5892541,kherson_drone_rescue,kherson_drone_rescue.mp4,796,50.0,640,480,combined,detect_combined,Non-Flooded,resnet18,False,False,0,tensorrt,tensorrt,tensorrt,36.0,36.0,27.49,27.78,5.56,10.6,16.16,1197.24,46.2,0.0,1197.24,46.2,0.0,118.43,51.8,3.32,173.56,0.0187,False,False
1780820393.6366906,kherson_drone_rescue,kherson_drone_rescue.mp4,797,50.0,640,480,combined,detect_combined,Non-Flooded,resnet18,False,False,0,tensorrt,tensorrt,tensorrt,35.99,35.99,27.49,27.78,5.53,11.05,16.580000000000002,1197.24,41.4,0.0,1197.24,41.4,0.0,118.43,51.8,3.32,173.56,0.0189,False,False
1780820393.6776729,kherson_drone_rescue,kherson_drone_rescue.mp4,798,50.0,640,480,combined,detect_combined,Non-Flooded,resnet18,False,False,0,tensorrt,tensorrt,tensorrt,37.54,37.54,26.34,26.64,5.55,10.54,16.09,1197.24,29.2,0.0,1197.24,29.2,0.0,118.43,51.8,3.32,173.56,0.0284,False,False
1780820393.7193449,kherson_drone_rescue,kherson_drone_rescue.mp4,799,50.0,640,480,combined,detect_combined,Non-Flooded,resnet18,False,False,0,tensorrt,tensorrt,tensorrt,37.32,37.32,26.52,26.79,5.48,10.75,16.23,1197.24,33.3,0.0,1197.24,33.3,0.0,118.43,51.8,3.32,173.56,0.0277,False,False
1780820393.7601123,kherson_drone_rescue,kherson_drone_rescue.mp4,800,50.0,640,480,combined,detect_combined,Non-Flooded,resnet18,False,False,0,tensorrt,tensorrt,tensorrt,38.65,38.65,25.62,25.88,5.44,10.4,15.84,1197.24,16.7,0.0,1197.24,16.7,0.0,118.43,51.8,3.32,173.56,0.0,False,False
1780820393.8013656,kherson_drone_rescue,kherson_drone_rescue.mp4,801,50.0,640,480,combined,detect_combined,Non-Flooded,resnet18,False,False,0,tensorrt,tensorrt,tensorrt,38.18,38.18,25.93,26.19,5.53,10.43,15.96,1197.24,13.0,0.0,1197.24,13.0,0.0,118.43,51.8,3.32,173.56,0.0,False,False
1780820393.841315,kherson_drone_rescue,kherson_drone_rescue.mp4,802,50.0,640,480,combined,detect_combined,Non-Flooded,resnet18,False,False,0,tensorrt,tensorrt,tensorrt,38.2,38.2,25.92,26.18,5.49,10.58,16.07,1197.24,26.9,0.0,1197.24,26.9,0.0,118.43,51.8,3.32,173.56,0.0,False,False
1780820393.8828473,kherson_drone_rescue,kherson_drone_rescue.mp4,803,50.0,640,480,combined,detect_combined,Non-Flooded,resnet18,False,False,0,tensorrt,tensorrt,tensorrt,38.06,38.06,26.02,26.27,5.53,10.57,16.1,1197.24,16.7,0.0,1197.24,16.7,0.0,118.43,51.8,3.32,173.56,0.0,False,False
1780820393.9251347,kherson_drone_rescue,kherson_drone_rescue.mp4,804,50.0,640,480,combined,detect_combined,Non-Flooded,resnet18,False,False,0,tensorrt,tensorrt,tensorrt,36.16,36.16,27.4,27.66,5.54,10.59,16.13,1197.24,24.0,0.0,1197.24,24.0,0.0,118.43,51.8,3.32,173.56,0.0083,False,False
1780820393.9698412,kherson_drone_rescue,kherson_drone_rescue.mp4,805,50.0,640,480,combined,detect_combined,Non-Flooded,resnet18,False,False,0,tensorrt,tensorrt,tensorrt,34.31,34.31,28.87,29.14,5.53,13.11,18.64,1197.24,16.0,0.0,1197.24,16.0,0.0,118.43,51.8,3.32,173.56,0.0035,False,False
1780820394.011321,kherson_drone_rescue,kherson_drone_rescue.mp4,806,50.0,640,480,combined,detect_combined,Non-Flooded,resnet18,False,False,0,tensorrt,tensorrt,tensorrt,38.2,38.2,25.92,26.18,5.52,10.5,16.02,1197.24,12.5,0.0,1197.24,12.5,0.0,118.43,51.8,3.32,173.56,0.0425,False,False
1780820394.053047,kherson_drone_rescue,kherson_drone_rescue.mp4,807,50.0,640,480,combined,detect_combined,Non-Flooded,resnet18,False,False,0,tensorrt,tensorrt,tensorrt,38.12,38.12,25.98,26.24,5.57,10.43,16.0,1197.24,20.0,0.0,1197.24,20.0,0.0,118.43,51.8,3.32,173.56,0.0159,False,False
1780820394.0944638,kherson_drone_rescue,kherson_drone_rescue.mp4,808,50.0,640,480,combined,detect_combined,Non-Flooded,resnet18,False,False,0,tensorrt,tensorrt,tensorrt,38.42,38.42,25.76,26.03,5.52,10.4,15.92,1197.24,12.5,0.0,1197.24,12.5,0.0,118.43,51.8,3.32,173.56,0.0447,False,False
1780820394.1366086,kherson_drone_rescue,kherson_drone_rescue.mp4,809,50.0,640,480,combined,detect_combined,Non-Flooded,resnet18,False,False,0,tensorrt,tensorrt,tensorrt,37.58,37.58,26.36,26.61,5.57,10.58,16.15,1197.24,22.2,0.0,1197.24,22.2,0.0,118.43,51.8,3.32,173.56,0.0042,False,False
1780820394.1814067,kherson_drone_rescue,kherson_drone_rescue.mp4,810,50.0,640,480,combined,detect_combined,Non-Flooded,resnet18,False,False,0,tensorrt,tensorrt,tensorrt,35.39,35.39,27.96,28.25,5.59,10.5,16.09,1197.24,28.0,0.0,1197.24,28.0,0.0,118.43,51.8,3.32,173.56,0.0,False,False
1780820394.2231147,kherson_drone_rescue,kherson_drone_rescue.mp4,811,50.0,640,480,combined,detect_combined,Non-Flooded,resnet18,False,False,0,tensorrt,tensorrt,tensorrt,38.14,38.14,25.96,26.22,5.45,10.6,16.05,1197.5,16.7,0.0,1197.5,16.7,0.0,118.43,51.8,3.32,173.56,0.0175,False,False
1780820394.2646358,kherson_drone_rescue,kherson_drone_rescue.mp4,812,50.0,640,480,combined,detect_combined,Non-Flooded,resnet18,False,False,0,tensorrt,tensorrt,tensorrt,38.15,38.15,25.96,26.21,5.53,10.4,15.93,1197.5,16.0,0.0,1197.5,16.0,0.0,118.43,51.8,3.32,173.56,0.0366,False,False
1780820394.3073106,kherson_drone_rescue,kherson_drone_rescue.mp4,813,50.0,640,480,combined,detect_combined,Non-Flooded,resnet18,False,False,0,tensorrt,tensorrt,tensorrt,36.21,36.21,27.36,27.62,5.55,10.78,16.33,1197.5,16.7,0.0,1197.5,16.7,0.0,118.43,51.8,3.32,173.56,0.0039,False,False
1780820394.349064,kherson_drone_rescue,kherson_drone_rescue.mp4,814,50.0,640,480,combined,detect_combined,Non-Flooded,resnet18,False,False,0,tensorrt,tensorrt,tensorrt,37.77,37.77,26.2,26.48,5.68,10.48,16.16,1197.5,33.3,0.0,1197.5,33.3,0.0,118.43,51.8,3.32,173.56,0.0,False,False
1780820394.3912623,kherson_drone_rescue,kherson_drone_rescue.mp4,815,50.0,640,480,combined,detect_combined,Non-Flooded,resnet18,False,False,0,tensorrt,tensorrt,tensorrt,36.53,36.53,27.07,27.37,5.49,10.65,16.14,1197.5,37.5,0.0,1197.5,37.5,0.0,118.43,51.8,3.32,173.56,0.0038,False,False
1780820394.4337547,kherson_drone_rescue,kherson_drone_rescue.mp4,816,50.0,640,480,combined,detect_combined,Non-Flooded,resnet18,False,False,0,tensorrt,tensorrt,tensorrt,36.41,36.41,27.19,27.47,5.64,10.7,16.34,1197.5,38.5,0.0,1197.5,38.5,0.0,118.43,51.8,3.32,173.56,0.007,False,False
1780820394.4773283,kherson_drone_rescue,kherson_drone_rescue.mp4,817,50.0,640,480,combined,detect_combined,Non-Flooded,resnet18,False,False,0,tensorrt,tensorrt,tensorrt,37.67,37.67,26.27,26.55,5.68,10.47,16.15,1197.5,36.0,0.0,1197.5,36.0,0.0,118.43,51.8,3.32,173.56,0.0261,False,False
1780820394.519209,kherson_drone_rescue,kherson_drone_rescue.mp4,818,50.0,640,480,combined,detect_combined,Non-Flooded,resnet18,False,False,0,tensorrt,tensorrt,tensorrt,37.28,37.28,26.56,26.83,5.53,10.47,16.0,1197.5,37.5,0.0,1197.5,37.5,0.0,118.43,51.8,3.32,173.56,0.0401,False,False
1780820394.5595062,kherson_drone_rescue,kherson_drone_rescue.mp4,819,50.0,640,480,combined,detect_combined,Flooded,deeplabv3plus,True,False,0,tensorrt,tensorrt,tensorrt,38.61,38.61,25.63,25.9,5.54,10.31,15.850000000000001,1197.49,24.0,0.0,1197.49,24.0,0.0,118.43,51.8,3.32,173.56,0.2608,False,False
1780820394.6063302,kherson_drone_rescue,kherson_drone_rescue.mp4,820,50.0,640,480,combined,detect_combined,Flooded,deeplabv3plus,False,False,0,tensorrt,tensorrt,tensorrt,38.29,38.29,25.86,26.11,5.58,10.48,16.060000000000002,1197.49,20.7,0.0,1197.49,20.7,0.0,118.43,51.8,3.32,173.56,0.2349,False,False
1780820394.6502147,kherson_drone_rescue,kherson_drone_rescue.mp4,821,50.0,640,480,combined,detect_combined,Flooded,deeplabv3plus,False,False,0,tensorrt,tensorrt,tensorrt,38.68,38.68,25.6,25.85,5.45,10.39,15.84,1197.49,22.2,0.0,1197.49,22.2,0.0,118.43,51.8,3.32,173.56,0.2558,False,False
1780820394.6960897,kherson_drone_rescue,kherson_drone_rescue.mp4,822,50.0,640,480,combined,detect_combined,Flooded,deeplabv3plus,False,False,0,tensorrt,tensorrt,tensorrt,36.1,36.1,27.43,27.7,5.43,10.51,15.94,1197.49,22.2,0.0,1197.49,22.2,0.0,118.43,51.8,3.32,173.56,0.2648,False,False
1780820394.7423673,kherson_drone_rescue,kherson_drone_rescue.mp4,823,50.0,640,480,combined,detect_combined,Flooded,deeplabv3plus,False,False,0,tensorrt,tensorrt,tensorrt,37.83,37.83,26.16,26.43,5.56,10.47,16.03,1197.49,38.5,0.0,1197.49,38.5,0.0,118.43,51.8,3.32,173.56,0.2381,False,False
1780820394.7886777,kherson_drone_rescue,kherson_drone_rescue.mp4,824,50.0,640,480,combined,detect_combined,Flooded,deeplabv3plus,False,False,0,tensorrt,tensorrt,tensorrt,37.57,37.57,26.34,26.61,5.51,10.66,16.17,1197.49,42.9,0.0,1197.49,42.9,0.0,118.43,51.8,3.32,173.56,0.2469,False,False
1780820394.8350468,kherson_drone_rescue,kherson_drone_rescue.mp4,825,50.0,640,480,combined,detect_combined,Flooded,deeplabv3plus,False,False,0,tensorrt,tensorrt,tensorrt,36.92,36.92,26.74,27.08,5.49,10.61,16.1,1197.49,35.7,0.0,1197.49,35.7,0.0,118.43,51.8,3.32,173.56,0.2803,False,False
1780820394.8805792,kherson_drone_rescue,kherson_drone_rescue.mp4,826,50.0,640,480,combined,detect_combined,Non-Flooded,resnet18,True,False,0,tensorrt,tensorrt,tensorrt,37.79,37.79,26.16,26.46,5.5,10.62,16.119999999999997,1197.49,33.3,0.0,1197.49,33.3,0.0,118.43,51.8,3.32,173.56,0.1978,False,False
1780820394.924698,kherson_drone_rescue,kherson_drone_rescue.mp4,827,50.0,640,480,combined,detect_combined,Non-Flooded,resnet18,False,False,0,tensorrt,tensorrt,tensorrt,37.62,37.62,26.31,26.59,5.48,10.68,16.16,1197.49,32.0,0.0,1197.49,32.0,0.0,118.43,51.8,3.32,173.56,0.1776,False,False
1780820394.9665833,kherson_drone_rescue,kherson_drone_rescue.mp4,828,50.0,640,480,combined,detect_combined,Non-Flooded,resnet18,False,False,0,tensorrt,tensorrt,tensorrt,37.56,37.56,26.36,26.62,5.59,10.71,16.3,1197.49,37.5,0.0,1197.49,37.5,0.0,118.43,51.8,3.32,173.56,0.1594,False,False
1780820395.0192108,kherson_drone_rescue,kherson_drone_rescue.mp4,829,50.0,640,480,combined,detect_combined,Flooded,deeplabv3plus,True,False,0,tensorrt,tensorrt,tensorrt,27.64,27.64,35.89,36.18,6.82,18.07,24.89,1197.49,38.7,0.0,1197.49,38.7,0.0,118.43,51.8,3.32,173.56,0.3546,False,False
1780820395.080564,kherson_drone_rescue,kherson_drone_rescue.mp4,830,50.0,640,480,combined,detect_combined,Flooded,deeplabv3plus,False,False,0,tensorrt,tensorrt,tensorrt,27.1,27.1,36.61,36.9,10.4,16.14,26.54,1197.49,59.5,0.0,1197.49,59.5,0.0,118.43,51.8,3.32,173.56,0.2017,False,False
1780820395.1216655,kherson_drone_rescue,kherson_drone_rescue.mp4,831,50.0,640,480,combined,detect_combined,Flooded,deeplabv3plus,False,False,0,tensorrt,tensorrt,tensorrt,50.44,50.44,19.56,19.82,4.26,7.7,11.96,1197.48,18.2,0.0,1197.48,18.2,0.0,118.43,51.8,3.32,173.56,0.4344,False,False
1780820395.1680794,kherson_drone_rescue,kherson_drone_rescue.mp4,832,50.0,640,480,combined,detect_combined,Flooded,deeplabv3plus,False,False,0,tensorrt,tensorrt,tensorrt,38.46,38.46,25.74,26.0,5.46,10.35,15.809999999999999,1197.48,18.5,0.0,1197.48,18.5,0.0,118.43,51.8,3.32,173.56,0.4412,False,False
1780820395.2121477,kherson_drone_rescue,kherson_drone_rescue.mp4,833,50.0,640,480,combined,detect_combined,Flooded,deeplabv3plus,False,False,0,tensorrt,tensorrt,tensorrt,37.93,37.93,26.1,26.37,5.5,10.63,16.130000000000003,1197.48,23.1,0.0,1197.48,23.1,0.0,118.43,51.8,3.32,173.56,0.4574,False,False
1780820395.256847,kherson_drone_rescue,kherson_drone_rescue.mp4,834,50.0,640,480,combined,detect_combined,Flooded,deeplabv3plus,False,False,0,tensorrt,tensorrt,tensorrt,38.26,38.26,25.88,26.14,5.55,10.38,15.93,1197.48,16.0,0.0,1197.48,16.0,0.0,118.43,51.8,3.32,173.56,0.3858,False,False
1780820395.3021135,kherson_drone_rescue,kherson_drone_rescue.mp4,835,50.0,640,480,combined,detect_combined,Flooded,deeplabv3plus,False,False,0,tensorrt,tensorrt,tensorrt,38.18,38.18,25.95,26.19,5.53,10.39,15.920000000000002,1197.48,16.0,0.0,1197.48,16.0,0.0,118.43,51.8,3.32,173.56,0.3693,False,False
1780820395.347216,kherson_drone_rescue,kherson_drone_rescue.mp4,836,50.0,640,480,combined,detect_combined,Flooded,deeplabv3plus,False,False,0,tensorrt,tensorrt,tensorrt,38.36,38.36,25.82,26.07,5.44,10.44,15.879999999999999,1197.48,25.0,0.0,1197.48,25.0,0.0,118.43,51.8,3.32,173.56,0.3907,False,False
1780820395.3923979,kherson_drone_rescue,kherson_drone_rescue.mp4,837,50.0,640,480,combined,detect_combined,Flooded,deeplabv3plus,False,False,0,tensorrt,tensorrt,tensorrt,37.96,37.96,26.07,26.34,5.49,10.56,16.05,1197.48,20.0,0.0,1197.48,20.0,0.0,118.43,51.8,3.32,173.56,0.4022,False,False
1780820395.436927,kherson_drone_rescue,kherson_drone_rescue.mp4,838,50.0,640,480,combined,detect_combined,Flooded,deeplabv3plus,False,False,0,tensorrt,tensorrt,tensorrt,38.33,38.33,25.83,26.09,5.47,10.33,15.8,1197.48,25.0,0.0,1197.48,25.0,0.0,118.43,51.8,3.32,173.56,0.4452,False,False
1780820395.4811144,kherson_drone_rescue,kherson_drone_rescue.mp4,839,50.0,640,480,combined,detect_combined,Flooded,deeplabv3plus,False,False,0,tensorrt,tensorrt,tensorrt,38.86,38.86,25.48,25.74,5.48,10.24,15.72,1197.48,16.7,0.0,1197.48,16.7,0.0,118.43,51.8,3.32,173.56,0.4538,False,False
1780820395.5252025,kherson_drone_rescue,kherson_drone_rescue.mp4,840,50.0,640,480,combined,detect_combined,Flooded,deeplabv3plus,False,False,0,tensorrt,tensorrt,tensorrt,38.61,38.61,25.64,25.9,5.48,10.32,15.8,1197.48,25.9,0.0,1197.48,25.9,0.0,118.43,51.8,3.32,173.56,0.445,False,False
1780820395.5700054,kherson_drone_rescue,kherson_drone_rescue.mp4,841,50.0,640,480,combined,detect_combined,Flooded,deeplabv3plus,False,False,0,tensorrt,tensorrt,tensorrt,38.9,38.9,25.45,25.71,5.47,10.2,15.669999999999998,1197.48,18.5,0.0,1197.48,18.5,0.0,118.43,51.8,3.32,173.56,0.4009,False,False
1780820395.613642,kherson_drone_rescue,kherson_drone_rescue.mp4,842,50.0,640,480,combined,detect_combined,Flooded,deeplabv3plus,False,False,0,tensorrt,tensorrt,tensorrt,38.6,38.6,25.67,25.91,5.47,10.36,15.829999999999998,1197.48,16.0,0.0,1197.48,16.0,0.0,118.43,51.8,3.32,173.56,0.3932,False,False
1780820395.6572764,kherson_drone_rescue,kherson_drone_rescue.mp4,843,50.0,640,480,combined,detect_combined,Flooded,deeplabv3plus,False,False,0,tensorrt,tensorrt,tensorrt,38.33,38.33,25.84,26.09,5.48,10.4,15.88,1197.48,20.0,0.0,1197.48,20.0,0.0,118.43,51.8,3.32,173.56,0.4533,False,False
1780820395.7011125,kherson_drone_rescue,kherson_drone_rescue.mp4,844,50.0,640,480,combined,detect_combined,Flooded,deeplabv3plus,False,False,0,tensorrt,tensorrt,tensorrt,38.37,38.37,25.81,26.06,5.47,10.38,15.850000000000001,1197.48,22.2,0.0,1197.48,22.2,0.0,118.43,51.8,3.32,173.56,0.3909,False,False
1780820395.745774,kherson_drone_rescue,kherson_drone_rescue.mp4,845,50.0,640,480,combined,detect_combined,Flooded,deeplabv3plus,False,False,0,tensorrt,tensorrt,tensorrt,38.33,38.33,25.84,26.09,5.48,10.34,15.82,1197.48,20.0,0.0,1197.48,20.0,0.0,118.43,51.8,3.32,173.56,0.4716,False,False
1780820395.7900078,kherson_drone_rescue,kherson_drone_rescue.mp4,846,50.0,640,480,combined,detect_combined,Flooded,deeplabv3plus,False,False,0,tensorrt,tensorrt,tensorrt,38.68,38.68,25.6,25.86,5.47,10.25,15.719999999999999,1197.48,19.2,0.0,1197.48,19.2,0.0,118.43,51.8,3.32,173.56,0.4641,False,False
1780820395.8343978,kherson_drone_rescue,kherson_drone_rescue.mp4,847,50.0,640,480,combined,detect_combined,Flooded,deeplabv3plus,False,False,0,tensorrt,tensorrt,tensorrt,38.3,38.3,25.86,26.11,5.44,10.49,15.93,1197.48,21.4,0.0,1197.48,21.4,0.0,118.43,51.8,3.32,173.56,0.565,False,False
1780820395.8787646,kherson_drone_rescue,kherson_drone_rescue.mp4,848,50.0,640,480,combined,detect_combined,Flooded,deeplabv3plus,False,False,0,tensorrt,tensorrt,tensorrt,38.75,38.75,25.56,25.81,5.43,10.29,15.719999999999999,1197.48,16.0,0.0,1197.48,16.0,0.0,118.43,51.8,3.32,173.56,0.554,False,False
1780820395.9227817,kherson_drone_rescue,kherson_drone_rescue.mp4,849,50.0,640,480,combined,detect_combined,Flooded,deeplabv3plus,False,False,0,tensorrt,tensorrt,tensorrt,38.74,38.74,25.55,25.81,5.44,10.29,15.73,1197.48,19.2,0.0,1197.48,19.2,0.0,118.43,51.8,3.32,173.56,0.4229,False,False
1780820395.967529,kherson_drone_rescue,kherson_drone_rescue.mp4,850,50.0,640,480,combined,detect_combined,Flooded,deeplabv3plus,False,False,0,tensorrt,tensorrt,tensorrt,38.5,38.5,25.71,25.98,5.49,10.43,15.92,1197.48,25.9,0.0,1197.48,25.9,0.0,118.43,51.8,3.32,173.56,0.5461,False,False
1780820396.0120902,kherson_drone_rescue,kherson_drone_rescue.mp4,851,50.0,640,480,combined,detect_combined,Flooded,deeplabv3plus,False,False,0,tensorrt,tensorrt,tensorrt,38.4,38.4,25.79,26.04,5.45,10.48,15.93,1197.48,12.5,0.0,1197.48,12.5,0.0,118.43,51.8,3.32,173.56,0.4891,False,False
1780820396.056579,kherson_drone_rescue,kherson_drone_rescue.mp4,852,50.0,640,480,combined,detect_combined,Flooded,deeplabv3plus,False,False,0,tensorrt,tensorrt,tensorrt,38.12,38.12,25.95,26.23,5.46,10.54,16.0,1197.48,25.9,0.0,1197.48,25.9,0.0,118.43,51.8,3.32,173.56,0.5589,False,False
1780820396.1015155,kherson_drone_rescue,kherson_drone_rescue.mp4,853,50.0,640,480,combined,detect_combined,Flooded,deeplabv3plus,False,False,0,tensorrt,tensorrt,tensorrt,38.61,38.61,25.65,25.9,5.52,10.29,15.809999999999999,1197.48,22.2,0.0,1197.48,22.2,0.0,118.43,51.8,3.32,173.56,0.432,False,False
1780820396.145358,kherson_drone_rescue,kherson_drone_rescue.mp4,854,50.0,640,480,combined,detect_combined,Flooded,deeplabv3plus,False,False,0,tensorrt,tensorrt,tensorrt,39.03,39.03,25.38,25.62,5.49,10.14,15.63,1197.48,24.1,0.0,1197.48,24.1,0.0,118.43,51.8,3.32,173.56,0.3842,False,False
1780820396.1893058,kherson_drone_rescue,kherson_drone_rescue.mp4,855,50.0,640,480,combined,detect_combined,Flooded,deeplabv3plus,False,False,0,tensorrt,tensorrt,tensorrt,38.27,38.27,25.87,26.13,5.5,10.42,15.92,1197.48,26.9,0.0,1197.48,26.9,0.0,118.43,51.8,3.32,173.56,0.4338,False,False
1780820396.2340183,kherson_drone_rescue,kherson_drone_rescue.mp4,856,50.0,640,480,combined,detect_combined,Flooded,deeplabv3plus,False,False,0,tensorrt,tensorrt,tensorrt,38.4,38.4,25.77,26.04,5.51,10.36,15.87,1197.47,37.0,0.0,1197.47,37.0,0.0,118.43,51.8,3.32,173.56,0.5047,False,False
1780820396.2780135,kherson_drone_rescue,kherson_drone_rescue.mp4,857,50.0,640,480,combined,detect_combined,Flooded,deeplabv3plus,False,False,0,tensorrt,tensorrt,tensorrt,38.35,38.35,25.81,26.08,5.53,10.38,15.91,1197.47,36.0,0.0,1197.47,36.0,0.0,118.43,51.8,3.32,173.56,0.4805,False,False
1780820396.321854,kherson_drone_rescue,kherson_drone_rescue.mp4,858,50.0,640,480,combined,detect_combined,Flooded,deeplabv3plus,False,False,0,tensorrt,tensorrt,tensorrt,38.16,38.16,25.93,26.2,5.5,10.39,15.89,1197.47,42.3,0.0,1197.47,42.3,0.0,118.43,51.8,3.32,173.56,0.4516,False,False
1780820396.3662457,kherson_drone_rescue,kherson_drone_rescue.mp4,859,50.0,640,480,combined,detect_combined,Flooded,deeplabv3plus,False,False,0,tensorrt,tensorrt,tensorrt,37.71,37.71,26.25,26.52,5.54,10.51,16.05,1197.47,44.4,0.0,1197.47,44.4,0.0,118.43,51.8,3.32,173.56,0.4385,False,False
1780820396.4111822,kherson_drone_rescue,kherson_drone_rescue.mp4,860,50.0,640,480,combined,detect_combined,Flooded,deeplabv3plus,False,False,0,tensorrt,tensorrt,tensorrt,38.27,38.27,25.86,26.13,5.46,10.42,15.879999999999999,1197.47,33.3,0.0,1197.47,33.3,0.0,118.43,51.8,3.32,173.56,0.3603,False,False
1780820396.4557564,kherson_drone_rescue,kherson_drone_rescue.mp4,861,50.0,640,480,combined,detect_combined,Flooded,deeplabv3plus,False,False,0,tensorrt,tensorrt,tensorrt,38.01,38.01,26.05,26.31,5.45,10.46,15.91,1197.47,36.0,0.0,1197.47,36.0,0.0,118.43,51.8,3.32,173.56,0.3027,False,False
1780820396.499314,kherson_drone_rescue,kherson_drone_rescue.mp4,862,50.0,640,480,combined,detect_combined,Flooded,deeplabv3plus,False,False,0,tensorrt,tensorrt,tensorrt,38.46,38.46,25.74,26.0,5.45,10.44,15.89,1197.47,38.5,0.0,1197.47,38.5,0.0,118.43,51.8,3.32,173.56,0.448,False,False
1780820396.5448396,kherson_drone_rescue,kherson_drone_rescue.mp4,863,50.0,640,480,combined,detect_combined,Flooded,deeplabv3plus,False,False,0,tensorrt,tensorrt,tensorrt,36.93,36.93,26.81,27.07,5.47,10.53,16.0,1197.47,48.0,0.0,1197.47,48.0,0.0,118.43,51.8,3.32,173.56,0.526,False,False
1780820396.5897565,kherson_drone_rescue,kherson_drone_rescue.mp4,864,50.0,640,480,combined,detect_combined,Flooded,deeplabv3plus,False,False,0,tensorrt,tensorrt,tensorrt,38.3,38.3,25.84,26.11,5.48,10.35,15.83,1197.47,34.6,0.0,1197.47,34.6,0.0,118.43,51.8,3.32,173.56,0.35,False,False
1780820396.6349401,kherson_drone_rescue,kherson_drone_rescue.mp4,865,50.0,640,480,combined,detect_combined,Flooded,deeplabv3plus,False,False,0,tensorrt,tensorrt,tensorrt,38.38,38.38,25.79,26.05,5.45,10.49,15.940000000000001,1197.47,33.3,0.0,1197.47,33.3,0.0,118.43,51.8,3.32,173.56,0.3889,False,False
1780820396.681297,kherson_drone_rescue,kherson_drone_rescue.mp4,866,50.0,640,480,combined,detect_combined,Flooded,deeplabv3plus,False,False,0,tensorrt,tensorrt,tensorrt,35.64,35.64,27.75,28.06,7.39,10.34,17.73,1197.47,31.0,0.0,1197.47,31.0,0.0,118.43,51.8,3.32,173.56,0.3997,False,False
1780820396.7262566,kherson_drone_rescue,kherson_drone_rescue.mp4,867,50.0,640,480,combined,detect_combined,Flooded,deeplabv3plus,False,False,0,tensorrt,tensorrt,tensorrt,37.48,37.48,26.41,26.68,5.51,10.36,15.87,1197.47,18.5,0.0,1197.47,18.5,0.0,118.43,51.8,3.32,173.56,0.4428,False,False
1780820396.7702684,kherson_drone_rescue,kherson_drone_rescue.mp4,868,50.0,640,480,combined,detect_combined,Flooded,deeplabv3plus,False,False,0,tensorrt,tensorrt,tensorrt,38.7,38.7,25.56,25.84,5.44,10.25,15.690000000000001,1197.47,16.0,0.0,1197.47,16.0,0.0,118.43,51.8,3.32,173.56,0.3271,False,False
1780820396.8148608,kherson_drone_rescue,kherson_drone_rescue.mp4,869,50.0,640,480,combined,detect_combined,Flooded,deeplabv3plus,False,False,0,tensorrt,tensorrt,tensorrt,38.3,38.3,25.86,26.11,5.43,10.5,15.93,1197.47,23.1,0.0,1197.47,23.1,0.0,118.43,51.8,3.32,173.56,0.3661,False,False
1780820396.8590088,kherson_drone_rescue,kherson_drone_rescue.mp4,870,50.0,640,480,combined,detect_combined,Flooded,deeplabv3plus,False,False,0,tensorrt,tensorrt,tensorrt,38.34,38.34,25.82,26.08,5.46,10.47,15.93,1197.47,25.0,0.0,1197.47,25.0,0.0,118.43,51.8,3.32,173.56,0.3509,False,False
1780820396.9022846,kherson_drone_rescue,kherson_drone_rescue.mp4,871,50.0,640,480,combined,detect_combined,Flooded,deeplabv3plus,False,False,0,tensorrt,tensorrt,tensorrt,38.51,38.51,25.69,25.97,5.45,10.48,15.93,1197.47,23.1,0.0,1197.47,23.1,0.0,118.43,51.8,3.32,173.56,0.3034,False,False
1780820396.946406,kherson_drone_rescue,kherson_drone_rescue.mp4,872,50.0,640,480,combined,detect_combined,Flooded,deeplabv3plus,False,False,0,tensorrt,tensorrt,tensorrt,38.55,38.55,25.69,25.94,5.47,10.36,15.829999999999998,1197.47,27.6,0.0,1197.47,27.6,0.0,118.43,51.8,3.32,173.56,0.4138,False,False
1780820396.9923072,kherson_drone_rescue,kherson_drone_rescue.mp4,873,50.0,640,480,combined,detect_combined,Flooded,deeplabv3plus,False,False,0,tensorrt,tensorrt,tensorrt,38.38,38.38,25.77,26.06,5.57,10.35,15.92,1197.47,11.5,0.0,1197.47,11.5,0.0,118.43,51.8,3.32,173.56,0.2576,False,False
1780820397.0373309,kherson_drone_rescue,kherson_drone_rescue.mp4,874,50.0,640,480,combined,detect_combined,Non-Flooded,resnet18,True,False,0,tensorrt,tensorrt,tensorrt,38.28,38.28,25.85,26.12,5.54,10.37,15.91,1197.47,16.0,0.0,1197.47,16.0,0.0,118.43,51.8,3.32,173.56,0.1889,False,False
1780820397.0804446,kherson_drone_rescue,kherson_drone_rescue.mp4,875,50.0,640,480,combined,detect_combined,Flooded,deeplabv3plus,True,False,0,tensorrt,tensorrt,tensorrt,38.63,38.63,25.61,25.89,5.46,10.37,15.829999999999998,1197.47,15.4,0.0,1197.47,15.4,0.0,118.43,51.8,3.32,173.56,0.3788,False,False
1780820397.126901,kherson_drone_rescue,kherson_drone_rescue.mp4,876,50.0,640,480,combined,detect_combined,Flooded,deeplabv3plus,False,False,0,tensorrt,tensorrt,tensorrt,38.57,38.57,25.66,25.92,5.44,10.38,15.82,1197.47,18.5,0.0,1197.47,18.5,0.0,118.43,51.8,3.32,173.56,0.5071,False,False
1780820397.1742811,kherson_drone_rescue,kherson_drone_rescue.mp4,877,50.0,640,480,combined,detect_combined,Non-Flooded,resnet18,True,False,0,tensorrt,tensorrt,tensorrt,37.02,37.02,26.74,27.01,5.48,10.51,15.99,1197.47,29.0,0.0,1197.47,29.0,0.0,118.43,51.8,3.32,173.56,0.1584,False,False
1780820397.2183223,kherson_drone_rescue,kherson_drone_rescue.mp4,878,50.0,640,480,combined,detect_combined,Flooded,deeplabv3plus,True,False,0,tensorrt,tensorrt,tensorrt,36.64,36.64,27.01,27.29,5.51,10.65,16.16,1197.47,32.1,0.0,1197.47,32.1,0.0,118.43,51.8,3.32,173.56,0.2905,False,False
1780820397.2648847,kherson_drone_rescue,kherson_drone_rescue.mp4,879,50.0,640,480,combined,detect_combined,Flooded,deeplabv3plus,False,False,0,tensorrt,tensorrt,tensorrt,37.65,37.65,26.29,26.56,5.61,10.49,16.1,1197.47,18.5,0.0,1197.47,18.5,0.0,118.43,51.8,3.32,173.56,0.3652,False,False
1780820397.308372,kherson_drone_rescue,kherson_drone_rescue.mp4,880,50.0,640,480,combined,detect_combined,Flooded,deeplabv3plus,False,False,0,tensorrt,tensorrt,tensorrt,38.75,38.75,25.56,25.81,5.47,10.33,15.8,1197.47,19.2,0.0,1197.47,19.2,0.0,118.43,51.8,3.32,173.56,0.4119,False,False
1780820397.351623,kherson_drone_rescue,kherson_drone_rescue.mp4,881,50.0,640,480,combined,detect_combined,Flooded,deeplabv3plus,False,False,0,tensorrt,tensorrt,tensorrt,38.37,38.37,25.8,26.06,5.46,10.44,15.899999999999999,1197.46,15.4,0.0,1197.46,15.4,0.0,118.43,51.8,3.32,173.56,0.4353,False,False
1780820397.3944607,kherson_drone_rescue,kherson_drone_rescue.mp4,882,50.0,640,480,combined,detect_combined,Flooded,deeplabv3plus,False,False,0,tensorrt,tensorrt,tensorrt,38.48,38.48,25.74,25.99,5.43,10.43,15.86,1197.46,24.0,0.0,1197.46,24.0,0.0,118.43,51.8,3.32,173.56,0.4045,False,False
1780820397.437614,kherson_drone_rescue,kherson_drone_rescue.mp4,883,50.0,640,480,combined,detect_combined,Flooded,deeplabv3plus,False,False,0,tensorrt,tensorrt,tensorrt,38.23,38.23,25.92,26.16,5.56,10.27,15.829999999999998,1197.46,21.4,0.0,1197.46,21.4,0.0,118.43,51.8,3.32,173.56,0.4038,False,False
1780820397.4802358,kherson_drone_rescue,kherson_drone_rescue.mp4,884,50.0,640,480,combined,detect_combined,Flooded,deeplabv3plus,False,False,0,tensorrt,tensorrt,tensorrt,38.62,38.62,25.62,25.89,5.46,10.33,15.79,1197.46,13.0,0.0,1197.46,13.0,0.0,118.43,51.8,3.32,173.56,0.4031,False,False
1780820397.5253632,kherson_drone_rescue,kherson_drone_rescue.mp4,885,50.0,640,480,combined,detect_combined,Flooded,deeplabv3plus,False,False,0,tensorrt,tensorrt,tensorrt,35.17,35.17,28.16,28.44,6.58,10.77,17.35,1197.46,51.6,0.0,1197.46,51.6,0.0,118.43,51.8,3.32,173.56,0.4031,False,False
1780820397.5811117,kherson_drone_rescue,kherson_drone_rescue.mp4,886,50.0,640,480,combined,detect_combined,Flooded,deeplabv3plus,False,False,0,tensorrt,tensorrt,tensorrt,26.05,26.05,38.09,38.38,8.05,16.36,24.41,1197.46,29.0,0.0,1197.46,29.0,0.0,118.43,51.8,3.32,173.56,0.4031,False,False
1780820397.626197,kherson_drone_rescue,kherson_drone_rescue.mp4,887,50.0,640,480,combined,detect_combined,Flooded,deeplabv3plus,False,False,0,tensorrt,tensorrt,tensorrt,36.31,36.31,27.26,27.54,5.85,11.05,16.9,1197.46,21.4,0.0,1197.46,21.4,0.0,118.43,51.8,3.32,173.56,0.4031,False,False
1780820397.6712382,kherson_drone_rescue,kherson_drone_rescue.mp4,888,50.0,640,480,combined,detect_combined,Flooded,deeplabv3plus,False,False,0,tensorrt,tensorrt,tensorrt,37.37,37.37,26.49,26.76,5.64,10.69,16.33,1197.46,25.0,0.0,1197.46,25.0,0.0,118.43,51.8,3.32,173.56,0.4022,False,False
1780820397.7180865,kherson_drone_rescue,kherson_drone_rescue.mp4,889,50.0,640,480,combined,detect_combined,Flooded,deeplabv3plus,False,False,0,tensorrt,tensorrt,tensorrt,37.55,37.55,26.37,26.63,5.54,10.63,16.17,1197.46,18.5,0.0,1197.46,18.5,0.0,118.43,51.8,3.32,173.56,0.4022,False,False
1780820397.7622323,kherson_drone_rescue,kherson_drone_rescue.mp4,890,50.0,640,480,combined,detect_combined,Flooded,deeplabv3plus,False,False,0,tensorrt,tensorrt,tensorrt,37.2,37.2,26.61,26.88,5.62,10.76,16.38,1197.46,38.5,0.0,1197.46,38.5,0.0,118.43,51.8,3.32,173.56,0.4036,False,False
1780820397.807251,kherson_drone_rescue,kherson_drone_rescue.mp4,891,50.0,640,480,combined,detect_combined,Flooded,deeplabv3plus,False,False,0,tensorrt,tensorrt,tensorrt,36.15,36.15,27.36,27.66,5.64,10.84,16.48,1197.46,38.5,0.0,1197.46,38.5,0.0,118.43,51.8,3.32,173.56,0.4036,False,False
1780820397.853878,kherson_drone_rescue,kherson_drone_rescue.mp4,892,50.0,640,480,combined,detect_combined,Flooded,deeplabv3plus,False,False,0,tensorrt,tensorrt,tensorrt,34.58,34.58,28.61,28.91,7.65,10.8,18.450000000000003,1197.46,40.0,0.0,1197.46,40.0,0.0,118.43,51.8,3.32,173.56,0.4036,False,False
1780820397.8987815,kherson_drone_rescue,kherson_drone_rescue.mp4,893,50.0,640,480,combined,detect_combined,Flooded,deeplabv3plus,False,False,0,tensorrt,tensorrt,tensorrt,36.05,36.05,27.27,27.74,5.63,11.36,16.99,1197.46,40.7,0.0,1197.46,40.7,0.0,118.43,51.8,3.32,173.56,0.4036,False,False
1780820397.945923,kherson_drone_rescue,kherson_drone_rescue.mp4,894,50.0,640,480,combined,detect_combined,Flooded,deeplabv3plus,False,False,0,tensorrt,tensorrt,tensorrt,33.81,33.81,29.27,29.57,5.58,10.59,16.17,1197.46,35.7,0.0,1197.46,35.7,0.0,118.43,51.8,3.32,173.56,0.4036,False,False
1780820397.9898512,kherson_drone_rescue,kherson_drone_rescue.mp4,895,50.0,640,480,combined,detect_combined,Flooded,deeplabv3plus,False,False,0,tensorrt,tensorrt,tensorrt,36.8,36.8,26.91,27.17,5.56,10.56,16.12,1197.46,40.7,0.0,1197.46,40.7,0.0,118.43,51.8,3.32,173.56,0.4036,False,False
1780820398.0330784,kherson_drone_rescue,kherson_drone_rescue.mp4,896,50.0,640,480,combined,detect_combined,Flooded,deeplabv3plus,False,False,0,tensorrt,tensorrt,tensorrt,37.16,37.16,26.63,26.91,5.72,10.73,16.45,1197.46,40.0,0.0,1197.46,40.0,0.0,118.43,51.8,3.32,173.56,0.4036,False,False
1780820398.076824,kherson_drone_rescue,kherson_drone_rescue.mp4,897,50.0,640,480,combined,detect_combined,Flooded,deeplabv3plus,False,False,0,tensorrt,tensorrt,tensorrt,36.83,36.83,26.89,27.15,5.53,10.69,16.22,1197.46,52.0,0.0,1197.46,52.0,0.0,118.43,51.8,3.32,173.56,0.4036,False,False
1780820398.1188717,kherson_drone_rescue,kherson_drone_rescue.mp4,898,50.0,640,480,combined,detect_combined,Flooded,deeplabv3plus,False,False,0,tensorrt,tensorrt,tensorrt,37.69,37.69,26.25,26.53,5.57,10.54,16.11,1197.46,37.5,0.0,1197.46,37.5,0.0,118.43,51.8,3.32,173.56,0.4036,False,False
1780820398.161535,kherson_drone_rescue,kherson_drone_rescue.mp4,899,50.0,640,480,combined,detect_combined,Flooded,deeplabv3plus,False,False,0,tensorrt,tensorrt,tensorrt,37.71,37.71,26.25,26.52,5.49,10.56,16.05,1197.46,37.0,0.0,1197.46,37.0,0.0,118.43,51.8,3.32,173.56,0.4036,False,False
1780820398.2033346,kherson_drone_rescue,kherson_drone_rescue.mp4,900,50.0,640,480,combined,detect_combined,Flooded,deeplabv3plus,False,False,0,tensorrt,tensorrt,tensorrt,38.43,38.43,25.77,26.02,5.47,10.47,15.940000000000001,1197.46,13.0,0.0,1197.46,13.0,0.0,118.43,51.8,3.32,173.56,0.4036,False,False
1780820398.2482076,kherson_drone_rescue,kherson_drone_rescue.mp4,901,50.0,640,480,combined,detect_combined,Flooded,deeplabv3plus,False,False,0,tensorrt,tensorrt,tensorrt,38.64,38.64,25.64,25.88,5.47,10.29,15.759999999999998,1197.46,15.4,0.0,1197.46,15.4,0.0,118.43,51.8,3.32,173.56,0.4036,False,False
1780820398.2897954,kherson_drone_rescue,kherson_drone_rescue.mp4,902,50.0,640,480,combined,detect_combined,Flooded,deeplabv3plus,False,False,0,tensorrt,tensorrt,tensorrt,38.73,38.73,25.58,25.82,5.51,10.23,15.74,1197.45,12.5,0.0,1197.45,12.5,0.0,118.43,51.8,3.32,173.56,0.4036,False,False
1780820398.3316178,kherson_drone_rescue,kherson_drone_rescue.mp4,903,50.0,640,480,combined,detect_combined,Flooded,deeplabv3plus,False,False,0,tensorrt,tensorrt,tensorrt,38.29,38.29,25.85,26.11,5.44,10.49,15.93,1197.45,26.9,0.0,1197.45,26.9,0.0,118.43,51.8,3.32,173.56,0.4036,False,False
1780820398.373688,kherson_drone_rescue,kherson_drone_rescue.mp4,904,50.0,640,480,combined,detect_combined,Flooded,deeplabv3plus,False,False,0,tensorrt,tensorrt,tensorrt,38.55,38.55,25.68,25.94,5.46,10.28,15.739999999999998,1197.45,16.0,0.0,1197.45,16.0,0.0,118.43,51.8,3.32,173.56,0.4036,False,False
1780820398.415612,kherson_drone_rescue,kherson_drone_rescue.mp4,905,50.0,640,480,combined,detect_combined,Flooded,deeplabv3plus,False,False,0,tensorrt,tensorrt,tensorrt,38.48,38.48,25.74,25.99,5.46,10.34,15.8,1197.45,19.2,0.0,1197.45,19.2,0.0,118.43,51.8,3.32,173.56,0.4036,False,False
1780820398.4579234,kherson_drone_rescue,kherson_drone_rescue.mp4,906,50.0,640,480,combined,detect_combined,Flooded,deeplabv3plus,False,False,0,tensorrt,tensorrt,tensorrt,38.12,38.12,25.98,26.24,5.59,10.44,16.03,1197.45,23.1,0.0,1197.45,23.1,0.0,118.43,51.8,3.32,173.56,0.4036,False,False
1780820398.4990594,kherson_drone_rescue,kherson_drone_rescue.mp4,907,50.0,640,480,combined,detect_combined,Flooded,deeplabv3plus,False,False,0,tensorrt,tensorrt,tensorrt,38.73,38.73,25.57,25.82,5.43,10.26,15.69,1197.45,13.0,0.0,1197.45,13.0,0.0,118.43,51.8,3.32,173.56,0.4036,False,False
1780820398.5431898,kherson_drone_rescue,kherson_drone_rescue.mp4,908,50.0,640,480,combined,detect_combined,Flooded,deeplabv3plus,False,False,0,tensorrt,tensorrt,tensorrt,35.12,35.12,28.19,28.47,5.53,10.42,15.95,1197.45,20.0,0.0,1197.45,20.0,0.0,118.43,51.8,3.32,173.56,0.4036,False,False
1780820398.585004,kherson_drone_rescue,kherson_drone_rescue.mp4,909,50.0,640,480,combined,detect_combined,Flooded,deeplabv3plus,False,False,0,tensorrt,tensorrt,tensorrt,38.42,38.42,25.77,26.03,5.5,10.43,15.93,1197.45,20.0,0.0,1197.45,20.0,0.0,118.43,51.8,3.32,173.56,0.4036,False,False
1780820398.6256192,kherson_drone_rescue,kherson_drone_rescue.mp4,910,50.0,640,480,combined,detect_combined,Flooded,deeplabv3plus,False,False,0,tensorrt,tensorrt,tensorrt,39.02,39.02,25.37,25.63,5.43,10.17,15.6,1197.45,20.0,0.0,1197.45,20.0,0.0,118.43,51.8,3.32,173.56,0.4036,False,False
1780820398.6666343,kherson_drone_rescue,kherson_drone_rescue.mp4,911,50.0,640,480,combined,detect_combined,Flooded,deeplabv3plus,False,False,0,tensorrt,tensorrt,tensorrt,38.42,38.42,25.77,26.03,5.42,10.34,15.76,1197.45,24.0,0.0,1197.45,24.0,0.0,118.43,51.8,3.32,173.56,0.4036,False,False
1780820398.7082741,kherson_drone_rescue,kherson_drone_rescue.mp4,912,50.0,640,480,combined,detect_combined,Flooded,deeplabv3plus,False,False,0,tensorrt,tensorrt,tensorrt,38.27,38.27,25.87,26.13,5.54,10.33,15.870000000000001,1197.45,17.4,0.0,1197.45,17.4,0.0,118.43,51.8,3.32,173.56,0.4036,False,False
1780820398.753221,kherson_drone_rescue,kherson_drone_rescue.mp4,913,50.0,640,480,combined,detect_combined,Flooded,deeplabv3plus,False,False,0,tensorrt,tensorrt,tensorrt,37.83,37.83,26.1,26.43,5.53,10.2,15.73,1197.45,12.0,0.0,1197.45,12.0,0.0,118.43,51.8,3.32,173.56,0.4036,False,False
1780820398.7942734,kherson_drone_rescue,kherson_drone_rescue.mp4,914,50.0,640,480,combined,detect_combined,Flooded,deeplabv3plus,False,False,0,tensorrt,tensorrt,tensorrt,38.53,38.53,25.7,25.96,5.39,10.21,15.600000000000001,1197.45,28.6,0.0,1197.45,28.6,0.0,118.43,51.8,3.32,173.56,0.4036,False,False
1780820398.8359652,kherson_drone_rescue,kherson_drone_rescue.mp4,915,50.0,640,480,combined,detect_combined,Flooded,deeplabv3plus,False,False,0,tensorrt,tensorrt,tensorrt,38.45,38.45,25.75,26.01,5.5,10.35,15.85,1197.45,9.1,0.0,1197.45,9.1,0.0,118.43,51.8,3.32,173.56,0.4036,False,False
1780820398.8777096,kherson_drone_rescue,kherson_drone_rescue.mp4,916,50.0,640,480,combined,detect_combined,Flooded,deeplabv3plus,False,False,0,tensorrt,tensorrt,tensorrt,38.33,38.33,25.84,26.09,5.47,10.37,15.84,1197.45,20.0,0.0,1197.45,20.0,0.0,118.43,51.8,3.32,173.56,0.4036,False,False
1780820398.9207902,kherson_drone_rescue,kherson_drone_rescue.mp4,917,50.0,640,480,combined,detect_combined,Flooded,deeplabv3plus,False,False,0,tensorrt,tensorrt,tensorrt,38.02,38.02,26.04,26.3,5.51,10.46,15.97,1197.45,28.6,0.0,1197.45,28.6,0.0,118.43,51.8,3.32,173.56,0.4036,False,False
1780820398.9633691,kherson_drone_rescue,kherson_drone_rescue.mp4,918,50.0,640,480,combined,detect_combined,Flooded,deeplabv3plus,False,False,0,tensorrt,tensorrt,tensorrt,37.94,37.94,26.09,26.36,5.52,10.67,16.189999999999998,1197.45,20.0,0.0,1197.45,20.0,0.0,118.43,51.8,3.32,173.56,0.4036,False,False
1780820399.0053604,kherson_drone_rescue,kherson_drone_rescue.mp4,919,50.0,640,480,combined,detect_combined,Flooded,deeplabv3plus,False,False,0,tensorrt,tensorrt,tensorrt,38.39,38.39,25.8,26.05,5.47,10.38,15.850000000000001,1197.45,12.5,0.0,1197.45,12.5,0.0,118.43,51.8,3.32,173.56,0.4036,False,False
1780820399.0474868,kherson_drone_rescue,kherson_drone_rescue.mp4,920,50.0,640,480,combined,detect_combined,Flooded,deeplabv3plus,False,False,0,tensorrt,tensorrt,tensorrt,38.21,38.21,25.91,26.17,5.51,10.55,16.060000000000002,1197.45,17.4,0.0,1197.45,17.4,0.0,118.43,51.8,3.32,173.56,0.4036,False,False
1780820399.089903,kherson_drone_rescue,kherson_drone_rescue.mp4,921,50.0,640,480,combined,detect_combined,Flooded,deeplabv3plus,False,False,0,tensorrt,tensorrt,tensorrt,38.19,38.19,25.93,26.19,5.56,10.46,16.02,1197.45,16.7,0.0,1197.45,16.7,0.0,118.43,51.8,3.32,173.56,0.4036,False,False
1780820399.1324575,kherson_drone_rescue,kherson_drone_rescue.mp4,922,50.0,640,480,combined,detect_combined,Flooded,deeplabv3plus,False,False,0,tensorrt,tensorrt,tensorrt,38.08,38.08,26.0,26.26,5.51,10.5,16.009999999999998,1197.44,16.7,0.0,1197.44,16.7,0.0,118.43,51.8,3.32,173.56,0.4036,False,False
1780820399.1751518,kherson_drone_rescue,kherson_drone_rescue.mp4,923,50.0,640,480,combined,detect_combined,Flooded,deeplabv3plus,False,False,0,tensorrt,tensorrt,tensorrt,37.99,37.99,26.06,26.32,5.49,10.43,15.92,1197.44,28.0,0.0,1197.44,28.0,0.0,118.43,51.8,3.32,173.56,0.4036,False,False
1780820399.218614,kherson_drone_rescue,kherson_drone_rescue.mp4,924,50.0,640,480,combined,detect_combined,Flooded,deeplabv3plus,False,False,0,tensorrt,tensorrt,tensorrt,37.66,37.66,26.28,26.55,5.57,10.67,16.240000000000002,1197.44,36.0,0.0,1197.44,36.0,0.0,118.43,51.8,3.32,173.56,0.4036,False,False
1780820399.2651005,kherson_drone_rescue,kherson_drone_rescue.mp4,925,50.0,640,480,combined,detect_combined,Flooded,deeplabv3plus,False,False,0,tensorrt,tensorrt,tensorrt,37.24,37.24,26.59,26.85,5.59,10.77,16.36,1197.44,44.4,0.0,1197.44,44.4,0.0,118.43,51.8,3.32,173.56,0.4036,False,False
1780820399.3080413,kherson_drone_rescue,kherson_drone_rescue.mp4,926,50.0,640,480,combined,detect_combined,Flooded,deeplabv3plus,False,False,0,tensorrt,tensorrt,tensorrt,37.67,37.67,26.27,26.55,5.52,10.57,16.09,1197.44,38.5,0.0,1197.44,38.5,0.0,118.43,51.8,3.32,173.56,0.4036,False,False
1780820399.3507314,kherson_drone_rescue,kherson_drone_rescue.mp4,927,50.0,640,480,combined,detect_combined,Flooded,deeplabv3plus,False,False,0,tensorrt,tensorrt,tensorrt,37.85,37.85,26.16,26.42,5.53,10.55,16.080000000000002,1197.44,34.6,0.0,1197.44,34.6,0.0,118.43,51.8,3.32,173.56,0.4036,False,False
1780820399.393666,kherson_drone_rescue,kherson_drone_rescue.mp4,928,50.0,640,480,combined,detect_combined,Flooded,deeplabv3plus,False,False,0,tensorrt,tensorrt,tensorrt,37.79,37.79,26.2,26.46,5.68,10.45,16.13,1197.44,32.0,0.0,1197.44,32.0,0.0,118.43,51.8,3.32,173.56,0.4036,False,False
1780820399.4362333,kherson_drone_rescue,kherson_drone_rescue.mp4,929,50.0,640,480,combined,detect_combined,Flooded,deeplabv3plus,False,False,0,tensorrt,tensorrt,tensorrt,37.9,37.9,26.12,26.39,5.53,10.53,16.06,1197.44,33.3,0.0,1197.44,33.3,0.0,118.43,51.8,3.32,173.56,0.4036,False,False
1780820399.4789152,kherson_drone_rescue,kherson_drone_rescue.mp4,930,50.0,640,480,combined,detect_combined,Flooded,deeplabv3plus,False,False,0,tensorrt,tensorrt,tensorrt,38.05,38.05,26.03,26.28,5.5,10.52,16.02,1197.44,33.3,0.0,1197.44,33.3,0.0,118.43,51.8,3.32,173.56,0.4036,False,False
1780820399.5218837,kherson_drone_rescue,kherson_drone_rescue.mp4,931,50.0,640,480,combined,detect_combined,Flooded,deeplabv3plus,False,False,0,tensorrt,tensorrt,tensorrt,37.49,37.49,26.4,26.68,5.61,10.65,16.26,1197.44,36.0,0.0,1197.44,36.0,0.0,118.43,51.8,3.32,173.56,0.4036,False,False
1780820399.5647182,kherson_drone_rescue,kherson_drone_rescue.mp4,932,50.0,640,480,combined,detect_combined,Flooded,deeplabv3plus,False,False,0,tensorrt,tensorrt,tensorrt,38.11,38.11,25.98,26.24,5.54,10.48,16.02,1197.44,26.9,0.0,1197.44,26.9,0.0,118.43,51.8,3.32,173.56,0.4036,False,False
1780820399.60732,kherson_drone_rescue,kherson_drone_rescue.mp4,933,50.0,640,480,combined,detect_combined,Flooded,deeplabv3plus,False,False,0,tensorrt,tensorrt,tensorrt,38.19,38.19,25.93,26.19,5.51,10.5,16.009999999999998,1197.44,12.5,0.0,1197.44,12.5,0.0,118.43,51.8,3.32,173.56,0.4036,False,False
1780820399.650478,kherson_drone_rescue,kherson_drone_rescue.mp4,934,50.0,640,480,combined,detect_combined,Flooded,deeplabv3plus,False,False,0,tensorrt,tensorrt,tensorrt,37.97,37.97,26.07,26.34,5.6,10.58,16.18,1197.44,28.6,0.0,1197.44,28.6,0.0,118.43,51.8,3.32,173.56,0.4036,False,False
1780820399.6936843,kherson_drone_rescue,kherson_drone_rescue.mp4,935,50.0,640,480,combined,detect_combined,Flooded,deeplabv3plus,False,False,0,tensorrt,tensorrt,tensorrt,37.83,37.83,26.17,26.44,5.55,10.5,16.05,1197.44,19.2,0.0,1197.44,19.2,0.0,118.43,51.8,3.32,173.56,0.4036,False,False
1780820399.7372773,kherson_drone_rescue,kherson_drone_rescue.mp4,936,50.0,640,480,combined,detect_combined,Flooded,deeplabv3plus,False,False,0,tensorrt,tensorrt,tensorrt,37.49,37.49,26.39,26.67,5.54,10.58,16.12,1197.44,16.7,0.0,1197.44,16.7,0.0,118.43,51.8,3.32,173.56,0.4036,False,False
1780820399.7839205,kherson_drone_rescue,kherson_drone_rescue.mp4,937,50.0,640,480,combined,detect_combined,Flooded,deeplabv3plus,False,False,0,tensorrt,tensorrt,tensorrt,38.15,38.15,25.96,26.21,5.5,10.48,15.98,1197.44,12.0,0.0,1197.44,12.0,0.0,118.43,51.8,3.32,173.56,0.4036,False,False
1780820399.8267267,kherson_drone_rescue,kherson_drone_rescue.mp4,938,50.0,640,480,combined,detect_combined,Flooded,deeplabv3plus,False,False,0,tensorrt,tensorrt,tensorrt,38.15,38.15,25.9,26.21,5.51,10.47,15.98,1197.44,16.7,0.0,1197.44,16.7,0.0,118.43,51.8,3.32,173.56,0.4036,False,False
1780820399.8699622,kherson_drone_rescue,kherson_drone_rescue.mp4,939,50.0,640,480,combined,detect_combined,Flooded,deeplabv3plus,False,False,0,tensorrt,tensorrt,tensorrt,37.61,37.61,26.34,26.59,5.58,10.56,16.14,1197.44,23.1,0.0,1197.44,23.1,0.0,118.43,51.8,3.32,173.56,0.4036,False,False
1780820399.9132955,kherson_drone_rescue,kherson_drone_rescue.mp4,940,50.0,640,480,combined,detect_combined,Flooded,deeplabv3plus,False,False,0,tensorrt,tensorrt,tensorrt,37.67,37.67,26.29,26.55,5.55,10.56,16.11,1197.44,19.2,0.0,1197.44,19.2,0.0,118.43,51.8,3.32,173.56,0.4036,False,False
1780820399.9564488,kherson_drone_rescue,kherson_drone_rescue.mp4,941,50.0,640,480,combined,detect_combined,Flooded,deeplabv3plus,False,False,0,tensorrt,tensorrt,tensorrt,37.85,37.85,26.18,26.42,5.58,10.52,16.1,1197.44,20.0,0.0,1197.44,20.0,0.0,118.43,51.8,3.32,173.56,0.4036,False,False
1780820400.0149152,kherson_drone_rescue,kherson_drone_rescue.mp4,942,50.0,640,480,combined,detect_combined,Flooded,deeplabv3plus,False,False,0,tensorrt,tensorrt,tensorrt,24.09,24.09,41.23,41.51,5.51,10.71,16.22,1197.44,21.2,0.0,1197.44,21.2,0.0,118.43,51.8,3.32,173.56,0.4036,False,False
1780820400.07887,kherson_drone_rescue,kherson_drone_rescue.mp4,943,50.0,640,480,combined,detect_combined,Flooded,deeplabv3plus,False,False,0,tensorrt,tensorrt,tensorrt,22.64,22.64,43.84,44.17,6.0,16.55,22.55,1197.44,55.0,0.0,1197.44,55.0,0.0,118.43,51.8,3.32,173.56,0.4036,False,False
1780820400.1338174,kherson_drone_rescue,kherson_drone_rescue.mp4,944,50.0,640,480,combined,detect_combined,Flooded,deeplabv3plus,False,False,0,tensorrt,tensorrt,tensorrt,30.17,30.17,32.84,33.14,9.82,11.96,21.78,1197.43,31.2,0.0,1197.43,31.2,0.0,118.43,51.8,3.32,173.56,0.4036,False,False
1780820400.1832874,kherson_drone_rescue,kherson_drone_rescue.mp4,945,50.0,640,480,combined,detect_combined,Flooded,deeplabv3plus,False,False,0,tensorrt,tensorrt,tensorrt,34.87,34.87,28.39,28.68,5.92,11.09,17.009999999999998,1197.43,24.1,0.0,1197.43,24.1,0.0,118.43,51.8,3.32,173.56,0.4036,False,False
1780820400.2314765,kherson_drone_rescue,kherson_drone_rescue.mp4,946,50.0,640,480,combined,detect_combined,Flooded,deeplabv3plus,False,False,0,tensorrt,tensorrt,tensorrt,35.36,35.36,28.0,28.28,5.9,11.19,17.09,1197.43,18.5,0.0,1197.43,18.5,0.0,118.43,51.8,3.32,173.56,0.4036,False,False
1780820400.2783723,kherson_drone_rescue,kherson_drone_rescue.mp4,947,50.0,640,480,combined,detect_combined,Flooded,deeplabv3plus,False,False,0,tensorrt,tensorrt,tensorrt,35.93,35.93,27.53,27.83,5.8,11.17,16.97,1197.43,36.7,0.0,1197.43,36.7,0.0,118.43,51.8,3.32,173.56,0.4036,False,False
1780820400.3244376,kherson_drone_rescue,kherson_drone_rescue.mp4,948,50.0,640,480,combined,detect_combined,Flooded,deeplabv3plus,False,False,0,tensorrt,tensorrt,tensorrt,36.76,36.76,26.93,27.2,5.65,11.0,16.65,1197.43,28.0,0.0,1197.43,28.0,0.0,118.43,51.8,3.32,173.56,0.4036,False,False
1780820400.3726087,kherson_drone_rescue,kherson_drone_rescue.mp4,949,50.0,640,480,combined,detect_combined,Flooded,deeplabv3plus,False,False,0,tensorrt,tensorrt,tensorrt,37.24,37.24,26.58,26.85,5.64,10.61,16.25,1197.43,17.9,0.0,1197.43,17.9,0.0,118.43,51.8,3.32,173.56,0.4036,False,False
1780820400.4172623,kherson_drone_rescue,kherson_drone_rescue.mp4,950,50.0,640,480,combined,detect_combined,Flooded,deeplabv3plus,False,False,0,tensorrt,tensorrt,tensorrt,36.91,36.91,26.84,27.09,5.68,10.74,16.42,1197.43,16.0,0.0,1197.43,16.0,0.0,118.43,51.8,3.32,173.56,0.4036,False,False
1780820400.4632943,kherson_drone_rescue,kherson_drone_rescue.mp4,951,50.0,640,480,combined,detect_combined,Flooded,deeplabv3plus,False,False,0,tensorrt,tensorrt,tensorrt,35.15,35.15,28.17,28.45,5.69,10.81,16.5,1197.43,39.3,0.0,1197.43,39.3,0.0,118.43,51.8,3.32,173.56,0.4036,False,False
1780820400.5076592,kherson_drone_rescue,kherson_drone_rescue.mp4,952,50.0,640,480,combined,detect_combined,Flooded,deeplabv3plus,False,False,0,tensorrt,tensorrt,tensorrt,37.03,37.03,26.74,27.01,5.56,10.87,16.43,1197.43,39.3,0.0,1197.43,39.3,0.0,118.43,51.8,3.32,173.56,0.4036,False,False
1780820400.552282,kherson_drone_rescue,kherson_drone_rescue.mp4,953,50.0,640,480,combined,detect_combined,Flooded,deeplabv3plus,False,False,0,tensorrt,tensorrt,tensorrt,37.36,37.36,26.5,26.77,5.59,10.83,16.42,1197.43,37.5,0.0,1197.43,37.5,0.0,118.43,51.8,3.32,173.56,0.4036,False,False
1780820400.59727,kherson_drone_rescue,kherson_drone_rescue.mp4,954,50.0,640,480,combined,detect_combined,Flooded,deeplabv3plus,False,False,0,tensorrt,tensorrt,tensorrt,37.0,37.0,26.75,27.03,5.72,10.81,16.53,1197.43,66.7,0.0,1197.43,66.7,0.0,118.43,51.8,3.32,173.56,0.4036,False,False
1780820400.639421,kherson_drone_rescue,kherson_drone_rescue.mp4,955,50.0,640,480,combined,detect_combined,Flooded,deeplabv3plus,False,False,0,tensorrt,tensorrt,tensorrt,37.71,37.71,26.24,26.52,5.45,10.8,16.25,1197.43,69.2,0.0,1197.43,69.2,0.0,118.43,51.8,3.32,173.56,0.4036,False,False
1780820400.6823986,kherson_drone_rescue,kherson_drone_rescue.mp4,956,50.0,640,480,combined,detect_combined,Flooded,deeplabv3plus,False,False,0,tensorrt,tensorrt,tensorrt,36.3,36.3,27.25,27.55,5.5,10.92,16.42,1197.43,54.2,0.0,1197.43,54.2,0.0,118.43,51.8,3.32,173.56,0.4036,False,False
1780820400.7269123,kherson_drone_rescue,kherson_drone_rescue.mp4,957,50.0,640,480,combined,detect_combined,Flooded,deeplabv3plus,False,False,0,tensorrt,tensorrt,tensorrt,36.05,36.05,27.37,27.74,6.22,10.69,16.91,1197.43,44.0,0.0,1197.43,44.0,0.0,118.43,51.8,3.32,173.56,0.4036,False,False
1780820400.7699246,kherson_drone_rescue,kherson_drone_rescue.mp4,958,50.0,640,480,combined,detect_combined,Flooded,deeplabv3plus,False,False,0,tensorrt,tensorrt,tensorrt,37.15,37.15,26.64,26.92,5.66,10.58,16.240000000000002,1197.43,53.8,0.0,1197.43,53.8,0.0,118.43,51.8,3.32,173.56,0.4036,False,False
1780820400.8126774,kherson_drone_rescue,kherson_drone_rescue.mp4,959,50.0,640,480,combined,detect_combined,Flooded,deeplabv3plus,False,False,0,tensorrt,tensorrt,tensorrt,37.25,37.25,26.56,26.85,5.86,10.58,16.44,1197.43,50.0,0.0,1197.43,50.0,0.0,118.43,51.8,3.32,173.56,0.4036,False,False
1780820400.855029,kherson_drone_rescue,kherson_drone_rescue.mp4,960,50.0,640,480,combined,detect_combined,Flooded,deeplabv3plus,False,False,0,tensorrt,tensorrt,tensorrt,37.45,37.45,26.41,26.7,5.57,10.46,16.03,1197.43,52.0,0.0,1197.43,52.0,0.0,118.43,51.8,3.32,173.56,0.4036,False,False
1780820400.9004998,kherson_drone_rescue,kherson_drone_rescue.mp4,961,50.0,640,480,combined,detect_combined,Flooded,deeplabv3plus,False,False,0,tensorrt,tensorrt,tensorrt,37.42,37.42,26.45,26.72,5.48,10.81,16.29,1197.42,43.3,0.0,1197.42,43.3,0.0,118.43,51.8,3.32,173.56,0.4036,False,False
1780820400.9427135,kherson_drone_rescue,kherson_drone_rescue.mp4,962,50.0,640,480,combined,detect_combined,Flooded,deeplabv3plus,False,False,0,tensorrt,tensorrt,tensorrt,37.86,37.86,26.14,26.41,5.51,10.46,15.97,1197.42,44.4,0.0,1197.42,44.4,0.0,118.43,51.8,3.32,173.56,0.4036,False,False
1780820400.9851098,kherson_drone_rescue,kherson_drone_rescue.mp4,963,50.0,640,480,combined,detect_combined,Flooded,deeplabv3plus,False,False,0,tensorrt,tensorrt,tensorrt,37.5,37.5,26.39,26.67,5.59,10.66,16.25,1197.42,33.3,0.0,1197.42,33.3,0.0,118.43,51.8,3.32,173.56,0.4036,False,False
1780820401.02786,kherson_drone_rescue,kherson_drone_rescue.mp4,964,50.0,640,480,combined,detect_combined,Flooded,deeplabv3plus,False,False,0,tensorrt,tensorrt,tensorrt,37.29,37.29,26.54,26.82,5.55,10.79,16.34,1197.42,34.8,0.0,1197.42,34.8,0.0,118.43,51.8,3.32,173.56,0.4036,False,False
1780820401.0727165,kherson_drone_rescue,kherson_drone_rescue.mp4,965,50.0,640,480,combined,detect_combined,Flooded,deeplabv3plus,False,False,0,tensorrt,tensorrt,tensorrt,34.32,34.32,28.85,29.14,5.6,13.14,18.740000000000002,1197.42,32.1,0.0,1197.42,32.1,0.0,118.43,51.8,3.32,173.56,0.4036,False,False
1780820401.1139033,kherson_drone_rescue,kherson_drone_rescue.mp4,966,50.0,640,480,combined,detect_combined,Flooded,deeplabv3plus,False,False,0,tensorrt,tensorrt,tensorrt,38.77,38.77,25.54,25.79,5.49,10.33,15.82,1197.42,16.7,0.0,1197.42,16.7,0.0,118.43,51.8,3.32,173.56,0.4036,False,False
1780820401.1554244,kherson_drone_rescue,kherson_drone_rescue.mp4,967,50.0,640,480,combined,detect_combined,Flooded,deeplabv3plus,False,False,0,tensorrt,tensorrt,tensorrt,38.48,38.48,25.73,25.99,5.43,10.33,15.76,1197.42,24.0,0.0,1197.42,24.0,0.0,118.43,51.8,3.32,173.56,0.4036,False,False
1780820401.1981654,kherson_drone_rescue,kherson_drone_rescue.mp4,968,50.0,640,480,combined,detect_combined,Flooded,deeplabv3plus,False,False,0,tensorrt,tensorrt,tensorrt,37.1,37.1,26.67,26.95,5.45,10.7,16.15,1197.42,32.0,0.0,1197.42,32.0,0.0,118.43,51.8,3.32,173.56,0.4036,False,False
1780820401.2412426,kherson_drone_rescue,kherson_drone_rescue.mp4,969,50.0,640,480,combined,detect_combined,Flooded,deeplabv3plus,False,False,0,tensorrt,tensorrt,tensorrt,36.96,36.96,26.77,27.06,5.62,10.79,16.41,1197.42,41.7,0.0,1197.42,41.7,0.0,118.43,51.8,3.32,173.56,0.4036,False,False
1780820401.285289,kherson_drone_rescue,kherson_drone_rescue.mp4,970,50.0,640,480,combined,detect_combined,Flooded,deeplabv3plus,False,False,0,tensorrt,tensorrt,tensorrt,35.51,35.51,27.85,28.16,5.71,11.62,17.33,1197.42,48.1,0.0,1197.42,48.1,0.0,118.43,51.8,3.32,173.56,0.4036,False,False
1780820401.327054,kherson_drone_rescue,kherson_drone_rescue.mp4,971,50.0,640,480,combined,detect_combined,Flooded,deeplabv3plus,False,False,0,tensorrt,tensorrt,tensorrt,38.26,38.26,25.87,26.13,5.45,10.62,16.07,1197.42,23.1,0.0,1197.42,23.1,0.0,118.43,51.8,3.32,173.56,0.4036,False,False
1780820401.3690672,kherson_drone_rescue,kherson_drone_rescue.mp4,972,50.0,640,480,combined,detect_combined,Flooded,deeplabv3plus,False,False,0,tensorrt,tensorrt,tensorrt,38.73,38.73,25.56,25.82,5.56,10.24,15.8,1197.42,23.1,0.0,1197.42,23.1,0.0,118.43,51.8,3.32,173.56,0.4036,False,False
1780820401.414676,kherson_drone_rescue,kherson_drone_rescue.mp4,973,50.0,640,480,combined,detect_combined,Flooded,deeplabv3plus,False,False,0,tensorrt,tensorrt,tensorrt,37.26,37.26,26.57,26.84,5.48,10.32,15.8,1197.42,26.9,0.0,1197.42,26.9,0.0,118.43,51.8,3.32,173.56,0.4036,False,False
1780820401.4567354,kherson_drone_rescue,kherson_drone_rescue.mp4,974,50.0,640,480,combined,detect_combined,Flooded,deeplabv3plus,False,False,0,tensorrt,tensorrt,tensorrt,37.66,37.66,26.29,26.55,5.53,10.44,15.969999999999999,1197.42,30.4,0.0,1197.42,30.4,0.0,118.43,51.8,3.32,173.56,0.4036,False,False
1780820401.4991832,kherson_drone_rescue,kherson_drone_rescue.mp4,975,50.0,640,480,combined,detect_combined,Flooded,deeplabv3plus,False,False,0,tensorrt,tensorrt,tensorrt,37.34,37.34,26.49,26.78,5.55,10.62,16.169999999999998,1197.41,34.6,0.0,1197.41,34.6,0.0,118.43,51.8,3.32,173.56,0.4036,False,False
1780820401.5401795,kherson_drone_rescue,kherson_drone_rescue.mp4,976,50.0,640,480,combined,detect_combined,Flooded,deeplabv3plus,False,False,0,tensorrt,tensorrt,tensorrt,38.76,38.76,25.54,25.8,5.45,10.28,15.73,1197.41,16.7,0.0,1197.41,16.7,0.0,118.43,51.8,3.32,173.56,0.4036,False,False
1780820401.5820856,kherson_drone_rescue,kherson_drone_rescue.mp4,977,50.0,640,480,combined,detect_combined,Flooded,deeplabv3plus,False,False,0,tensorrt,tensorrt,tensorrt,38.36,38.36,25.81,26.07,5.48,10.35,15.83,1197.41,26.9,0.0,1197.41,26.9,0.0,118.43,51.8,3.32,173.56,0.4036,False,False
1780820401.6235964,kherson_drone_rescue,kherson_drone_rescue.mp4,978,50.0,640,480,combined,detect_combined,Flooded,deeplabv3plus,False,False,0,tensorrt,tensorrt,tensorrt,38.41,38.41,25.78,26.03,5.47,10.36,15.829999999999998,1197.41,24.0,0.0,1197.41,24.0,0.0,118.43,51.8,3.32,173.56,0.4036,False,False
1780820401.665044,kherson_drone_rescue,kherson_drone_rescue.mp4,979,50.0,640,480,combined,detect_combined,Flooded,deeplabv3plus,False,False,0,tensorrt,tensorrt,tensorrt,38.57,38.57,25.68,25.93,5.45,10.28,15.73,1197.41,16.0,0.0,1197.41,16.0,0.0,118.43,51.8,3.32,173.56,0.4036,False,False
1780820401.7068121,kherson_drone_rescue,kherson_drone_rescue.mp4,980,50.0,640,480,combined,detect_combined,Flooded,deeplabv3plus,False,False,0,tensorrt,tensorrt,tensorrt,38.45,38.45,25.75,26.01,5.49,10.38,15.870000000000001,1197.41,20.0,0.0,1197.41,20.0,0.0,118.43,51.8,3.32,173.56,0.4036,False,False
1780820401.7491262,kherson_drone_rescue,kherson_drone_rescue.mp4,981,50.0,640,480,combined,detect_combined,Flooded,deeplabv3plus,False,False,0,tensorrt,tensorrt,tensorrt,37.97,37.97,26.09,26.33,5.47,10.47,15.940000000000001,1197.41,12.5,0.0,1197.41,12.5,0.0,118.43,51.8,3.32,173.56,0.4036,False,False
1780820401.791121,kherson_drone_rescue,kherson_drone_rescue.mp4,982,50.0,640,480,combined,detect_combined,Flooded,deeplabv3plus,False,False,0,tensorrt,tensorrt,tensorrt,38.6,38.6,25.66,25.91,5.48,10.32,15.8,1197.41,16.7,0.0,1197.41,16.7,0.0,118.43,51.8,3.32,173.56,0.4036,False,False
1780820401.8328757,kherson_drone_rescue,kherson_drone_rescue.mp4,983,50.0,640,480,combined,detect_combined,Flooded,deeplabv3plus,False,False,0,tensorrt,tensorrt,tensorrt,38.48,38.48,25.73,25.99,5.56,10.24,15.8,1197.41,24.0,0.0,1197.41,24.0,0.0,118.43,51.8,3.32,173.56,0.4036,False,False
1780820401.8749723,kherson_drone_rescue,kherson_drone_rescue.mp4,984,50.0,640,480,combined,detect_combined,Flooded,deeplabv3plus,False,False,0,tensorrt,tensorrt,tensorrt,38.44,38.44,25.76,26.01,5.5,10.37,15.87,1197.41,23.1,0.0,1197.41,23.1,0.0,118.43,51.8,3.32,173.56,0.4036,False,False
1780820401.9197497,kherson_drone_rescue,kherson_drone_rescue.mp4,985,50.0,640,480,combined,detect_combined,Flooded,deeplabv3plus,False,False,0,tensorrt,tensorrt,tensorrt,38.71,38.71,25.6,25.84,5.45,10.3,15.75,1197.41,21.4,0.0,1197.41,21.4,0.0,118.43,51.8,3.32,173.56,0.4036,False,False
1780820401.9629188,kherson_drone_rescue,kherson_drone_rescue.mp4,986,50.0,640,480,combined,detect_combined,Flooded,deeplabv3plus,False,False,0,tensorrt,tensorrt,tensorrt,36.95,36.95,26.82,27.06,5.48,10.38,15.860000000000001,1197.41,16.7,0.0,1197.41,16.7,0.0,118.43,51.8,3.32,173.56,0.4036,False,False
1780820402.006062,kherson_drone_rescue,kherson_drone_rescue.mp4,987,50.0,640,480,combined,detect_combined,Flooded,deeplabv3plus,False,False,0,tensorrt,tensorrt,tensorrt,37.95,37.95,26.08,26.35,5.43,10.41,15.84,1197.41,16.0,0.0,1197.41,16.0,0.0,118.43,51.8,3.32,173.56,0.4036,False,False
1780820402.048824,kherson_drone_rescue,kherson_drone_rescue.mp4,988,50.0,640,480,combined,detect_combined,Flooded,deeplabv3plus,False,False,0,tensorrt,tensorrt,tensorrt,37.82,37.82,26.16,26.44,5.44,10.52,15.96,1197.41,12.5,0.0,1197.41,12.5,0.0,118.43,51.8,3.32,173.56,0.4036,False,False
1780820402.0931554,kherson_drone_rescue,kherson_drone_rescue.mp4,989,50.0,640,480,combined,detect_combined,Flooded,deeplabv3plus,False,False,0,tensorrt,tensorrt,tensorrt,36.62,36.62,27.05,27.3,5.68,10.69,16.369999999999997,1197.41,16.7,0.0,1197.41,16.7,0.0,118.43,51.8,3.32,173.56,0.4036,False,False
1780820402.135293,kherson_drone_rescue,kherson_drone_rescue.mp4,990,50.0,640,480,combined,detect_combined,Flooded,deeplabv3plus,False,False,0,tensorrt,tensorrt,tensorrt,38.33,38.33,25.77,26.09,5.44,10.53,15.969999999999999,1197.41,22.2,0.0,1197.41,22.2,0.0,118.43,51.8,3.32,173.56,0.4036,False,False
1780820402.1784778,kherson_drone_rescue,kherson_drone_rescue.mp4,991,50.0,640,480,combined,detect_combined,Flooded,deeplabv3plus,False,False,0,tensorrt,tensorrt,tensorrt,37.97,37.97,26.08,26.34,5.56,10.36,15.919999999999998,1197.41,12.5,0.0,1197.41,12.5,0.0,118.43,51.8,3.32,173.56,0.4036,False,False
1780820402.2216713,kherson_drone_rescue,kherson_drone_rescue.mp4,992,50.0,640,480,combined,detect_combined,Flooded,deeplabv3plus,False,False,0,tensorrt,tensorrt,tensorrt,37.35,37.35,26.51,26.77,5.9,10.59,16.490000000000002,1197.41,20.0,0.0,1197.41,20.0,0.0,118.43,51.8,3.32,173.56,0.4036,False,False
1780820402.2633607,kherson_drone_rescue,kherson_drone_rescue.mp4,993,50.0,640,480,combined,detect_combined,Flooded,deeplabv3plus,False,False,0,tensorrt,tensorrt,tensorrt,38.45,38.45,25.75,26.01,5.43,10.32,15.75,1197.41,20.0,0.0,1197.41,20.0,0.0,118.43,51.8,3.32,173.56,0.4036,False,False
1780820402.3081212,kherson_drone_rescue,kherson_drone_rescue.mp4,994,50.0,640,480,combined,detect_combined,Flooded,deeplabv3plus,False,False,0,tensorrt,tensorrt,tensorrt,34.83,34.83,28.41,28.71,7.16,11.01,18.17,1197.41,37.0,0.0,1197.41,37.0,0.0,118.43,51.8,3.32,173.56,0.4036,False,False
1780820402.3533843,kherson_drone_rescue,kherson_drone_rescue.mp4,995,50.0,640,480,combined,detect_combined,Flooded,deeplabv3plus,False,False,0,tensorrt,tensorrt,tensorrt,34.84,34.84,28.42,28.71,7.74,10.48,18.22,1197.41,40.7,0.0,1197.41,40.7,0.0,118.43,51.8,3.32,173.56,0.4036,False,False
1780820402.3960216,kherson_drone_rescue,kherson_drone_rescue.mp4,996,50.0,640,480,combined,detect_combined,Flooded,deeplabv3plus,False,False,0,tensorrt,tensorrt,tensorrt,37.91,37.91,26.11,26.38,5.48,10.52,16.0,1197.4,34.8,0.0,1197.4,34.8,0.0,118.43,51.8,3.32,173.56,0.4036,False,False
1780820402.4414911,kherson_drone_rescue,kherson_drone_rescue.mp4,997,50.0,640,480,combined,detect_combined,Flooded,deeplabv3plus,False,False,0,tensorrt,tensorrt,tensorrt,37.71,37.71,26.24,26.52,5.55,10.63,16.18,1197.4,40.7,0.0,1197.4,40.7,0.0,118.43,51.8,3.32,173.56,0.4036,False,False
1780820402.4836855,kherson_drone_rescue,kherson_drone_rescue.mp4,998,50.0,640,480,combined,detect_combined,Flooded,deeplabv3plus,False,False,0,tensorrt,tensorrt,tensorrt,38.6,38.6,25.64,25.91,5.47,10.3,15.77,1197.4,40.0,0.0,1197.4,40.0,0.0,118.43,51.8,3.32,173.56,0.4036,False,False
1780820402.5281816,kherson_drone_rescue,kherson_drone_rescue.mp4,999,50.0,640,480,combined,detect_combined,Flooded,deeplabv3plus,False,False,0,tensorrt,tensorrt,tensorrt,35.1,35.1,28.19,28.49,6.46,11.26,17.72,1197.4,56.0,0.0,1197.4,56.0,0.0,118.43,51.8,3.32,173.56,0.4036,False,False
1780820402.5831788,kherson_drone_rescue,kherson_drone_rescue.mp4,1000,50.0,640,480,combined,detect_combined,Flooded,deeplabv3plus,False,False,0,tensorrt,tensorrt,tensorrt,25.92,25.92,38.28,38.59,8.44,13.84,22.28,1197.4,48.3,0.0,1197.4,48.3,0.0,118.43,51.8,3.32,173.56,0.4036,False,False
1780820402.6273537,kherson_drone_rescue,kherson_drone_rescue.mp4,1001,50.0,640,480,combined,detect_combined,Flooded,deeplabv3plus,False,False,0,tensorrt,tensorrt,tensorrt,36.84,36.84,26.87,27.15,5.71,10.79,16.5,1197.4,37.0,0.0,1197.4,37.0,0.0,118.43,51.8,3.32,173.56,0.4036,False,False
1780820402.6721997,kherson_drone_rescue,kherson_drone_rescue.mp4,1002,50.0,640,480,combined,detect_combined,Flooded,deeplabv3plus,False,False,0,tensorrt,tensorrt,tensorrt,37.04,37.04,26.71,26.99,5.58,10.85,16.43,1197.4,40.7,0.0,1197.4,40.7,0.0,118.43,51.8,3.32,173.56,0.4036,False,False
1780820402.7155569,kherson_drone_rescue,kherson_drone_rescue.mp4,1003,50.0,640,480,combined,detect_combined,Flooded,deeplabv3plus,False,False,0,tensorrt,tensorrt,tensorrt,38.09,38.09,25.99,26.25,5.56,10.46,16.02,1197.4,21.7,0.0,1197.4,21.7,0.0,118.43,51.8,3.32,173.56,0.4036,False,False
1780820402.7590199,kherson_drone_rescue,kherson_drone_rescue.mp4,1004,50.0,640,480,combined,detect_combined,Flooded,deeplabv3plus,False,False,0,tensorrt,tensorrt,tensorrt,38.0,38.0,26.08,26.32,5.55,10.57,16.12,1197.4,16.7,0.0,1197.4,16.7,0.0,118.43,51.8,3.32,173.56,0.4036,False,False
1780820402.802514,kherson_drone_rescue,kherson_drone_rescue.mp4,1005,50.0,640,480,combined,detect_combined,Flooded,deeplabv3plus,False,False,0,tensorrt,tensorrt,tensorrt,37.61,37.61,26.33,26.59,5.57,10.7,16.27,1197.4,20.0,0.0,1197.4,20.0,0.0,118.43,51.8,3.32,173.56,0.4036,False,False
1780820402.8460858,kherson_drone_rescue,kherson_drone_rescue.mp4,1006,50.0,640,480,combined,detect_combined,Flooded,deeplabv3plus,False,False,0,tensorrt,tensorrt,tensorrt,37.64,37.64,26.32,26.57,5.59,10.65,16.240000000000002,1197.4,25.0,0.0,1197.4,25.0,0.0,118.43,51.8,3.32,173.56,0.4036,False,False
1780820402.889279,kherson_drone_rescue,kherson_drone_rescue.mp4,1007,50.0,640,480,combined,detect_combined,Flooded,deeplabv3plus,False,False,0,tensorrt,tensorrt,tensorrt,37.71,37.71,26.26,26.52,5.66,10.53,16.189999999999998,1197.39,12.5,0.0,1197.39,12.5,0.0,118.43,51.8,3.32,173.56,0.4036,False,False
1780820402.9327052,kherson_drone_rescue,kherson_drone_rescue.mp4,1008,50.0,640,480,combined,detect_combined,Flooded,deeplabv3plus,False,False,0,tensorrt,tensorrt,tensorrt,37.73,37.73,26.24,26.51,5.66,10.62,16.28,1197.39,23.1,0.0,1197.39,23.1,0.0,118.43,51.8,3.32,173.56,0.4036,False,False
1780820402.979008,kherson_drone_rescue,kherson_drone_rescue.mp4,1009,50.0,640,480,combined,detect_combined,Flooded,deeplabv3plus,False,False,0,tensorrt,tensorrt,tensorrt,38.39,38.39,25.79,26.05,5.5,10.42,15.92,1197.39,22.2,0.0,1197.39,22.2,0.0,118.43,51.8,3.32,173.56,0.4036,False,False
1780820403.0218167,kherson_drone_rescue,kherson_drone_rescue.mp4,1010,50.0,640,480,combined,detect_combined,Flooded,deeplabv3plus,False,False,0,tensorrt,tensorrt,tensorrt,37.98,37.98,26.07,26.33,5.58,10.5,16.08,1197.39,24.0,0.0,1197.39,24.0,0.0,118.43,51.8,3.32,173.56,0.4036,False,False
1780820403.0647597,kherson_drone_rescue,kherson_drone_rescue.mp4,1011,50.0,640,480,combined,detect_combined,Flooded,deeplabv3plus,False,False,0,tensorrt,tensorrt,tensorrt,37.99,37.99,26.08,26.32,5.56,10.49,16.05,1197.39,12.5,0.0,1197.39,12.5,0.0,118.43,51.8,3.32,173.56,0.4036,False,False
1780820403.1076267,kherson_drone_rescue,kherson_drone_rescue.mp4,1012,50.0,640,480,combined,detect_combined,Flooded,deeplabv3plus,False,False,0,tensorrt,tensorrt,tensorrt,38.14,38.14,25.97,26.22,5.51,10.57,16.08,1197.39,19.2,0.0,1197.39,19.2,0.0,118.43,51.8,3.32,173.56,0.4036,False,False
1780820403.1504674,kherson_drone_rescue,kherson_drone_rescue.mp4,1013,50.0,640,480,combined,detect_combined,Flooded,deeplabv3plus,False,False,0,tensorrt,tensorrt,tensorrt,38.13,38.13,25.96,26.22,5.53,10.51,16.04,1197.39,23.1,0.0,1197.39,23.1,0.0,118.43,51.8,3.32,173.56,0.4036,False,False
1780820403.1936948,kherson_drone_rescue,kherson_drone_rescue.mp4,1014,50.0,640,480,combined,detect_combined,Flooded,deeplabv3plus,False,False,0,tensorrt,tensorrt,tensorrt,37.79,37.79,26.21,26.46,5.57,10.57,16.14,1197.39,22.2,0.0,1197.39,22.2,0.0,118.43,51.8,3.32,173.56,0.4036,False,False
1780820403.2366679,kherson_drone_rescue,kherson_drone_rescue.mp4,1015,50.0,640,480,combined,detect_combined,Flooded,deeplabv3plus,False,False,0,tensorrt,tensorrt,tensorrt,37.89,37.89,26.14,26.39,5.59,10.56,16.15,1197.39,16.7,0.0,1197.39,16.7,0.0,118.43,51.8,3.32,173.56,0.4036,False,False
1780820403.2793396,kherson_drone_rescue,kherson_drone_rescue.mp4,1016,50.0,640,480,combined,detect_combined,Flooded,deeplabv3plus,False,False,0,tensorrt,tensorrt,tensorrt,38.16,38.16,25.95,26.2,5.55,10.47,16.02,1197.39,16.7,0.0,1197.39,16.7,0.0,118.43,51.8,3.32,173.56,0.4036,False,False
1780820403.3223126,kherson_drone_rescue,kherson_drone_rescue.mp4,1017,50.0,640,480,combined,detect_combined,Flooded,deeplabv3plus,False,False,0,tensorrt,tensorrt,tensorrt,37.9,37.9,26.13,26.38,5.6,10.51,16.11,1197.39,20.0,0.0,1197.39,20.0,0.0,118.43,51.8,3.32,173.56,0.4036,False,False
1780820403.365398,kherson_drone_rescue,kherson_drone_rescue.mp4,1018,50.0,640,480,combined,detect_combined,Flooded,deeplabv3plus,False,False,0,tensorrt,tensorrt,tensorrt,37.75,37.75,26.23,26.49,5.55,10.56,16.11,1197.39,22.2,0.0,1197.39,22.2,0.0,118.43,51.8,3.32,173.56,0.4036,False,False
1780820403.408326,kherson_drone_rescue,kherson_drone_rescue.mp4,1019,50.0,640,480,combined,detect_combined,Flooded,deeplabv3plus,False,False,0,tensorrt,tensorrt,tensorrt,38.18,38.18,25.88,26.19,5.51,10.45,15.959999999999999,1197.39,16.0,0.0,1197.39,16.0,0.0,118.43,51.8,3.32,173.56,0.4036,False,False
1780820403.451427,kherson_drone_rescue,kherson_drone_rescue.mp4,1020,50.0,640,480,combined,detect_combined,Flooded,deeplabv3plus,False,False,0,tensorrt,tensorrt,tensorrt,37.79,37.79,26.22,26.47,5.56,10.63,16.19,1197.39,22.2,0.0,1197.39,22.2,0.0,118.43,51.8,3.32,173.56,0.4036,False,False
1780820403.4975114,kherson_drone_rescue,kherson_drone_rescue.mp4,1021,50.0,640,480,combined,detect_combined,Flooded,deeplabv3plus,False,False,0,tensorrt,tensorrt,tensorrt,37.91,37.91,26.13,26.38,5.56,10.48,16.04,1197.39,16.0,0.0,1197.39,16.0,0.0,118.43,51.8,3.32,173.56,0.4036,False,False
1780820403.5425,kherson_drone_rescue,kherson_drone_rescue.mp4,1022,50.0,640,480,combined,detect_combined,Flooded,deeplabv3plus,False,False,0,tensorrt,tensorrt,tensorrt,35.45,35.45,27.96,28.21,5.53,10.65,16.18,1197.39,30.4,0.0,1197.39,30.4,0.0,118.43,51.8,3.32,173.56,0.4036,False,False
1780820403.5860984,kherson_drone_rescue,kherson_drone_rescue.mp4,1023,50.0,640,480,combined,detect_combined,Flooded,deeplabv3plus,False,False,0,tensorrt,tensorrt,tensorrt,37.45,37.45,26.42,26.7,5.59,10.63,16.22,1197.38,22.2,0.0,1197.38,22.2,0.0,118.43,51.8,3.32,173.56,0.4036,False,False
1780820403.629419,kherson_drone_rescue,kherson_drone_rescue.mp4,1024,50.0,640,480,combined,detect_combined,Flooded,deeplabv3plus,False,False,0,tensorrt,tensorrt,tensorrt,37.96,37.96,26.1,26.34,5.57,10.56,16.130000000000003,1197.38,28.6,0.0,1197.38,28.6,0.0,118.43,51.8,3.32,173.56,0.4036,False,False
1780820403.6726768,kherson_drone_rescue,kherson_drone_rescue.mp4,1025,50.0,640,480,combined,detect_combined,Flooded,deeplabv3plus,False,False,0,tensorrt,tensorrt,tensorrt,37.68,37.68,26.29,26.54,5.58,10.54,16.119999999999997,1197.38,16.7,0.0,1197.38,16.7,0.0,118.43,51.8,3.32,173.56,0.4036,False,False
1780820403.7165325,kherson_drone_rescue,kherson_drone_rescue.mp4,1026,50.0,640,480,combined,detect_combined,Flooded,deeplabv3plus,False,False,0,tensorrt,tensorrt,tensorrt,37.09,37.09,26.69,26.96,5.59,10.91,16.5,1197.38,40.0,0.0,1197.38,40.0,0.0,118.43,51.8,3.32,173.56,0.4036,False,False
1780820403.7597568,kherson_drone_rescue,kherson_drone_rescue.mp4,1027,50.0,640,480,combined,detect_combined,Flooded,deeplabv3plus,False,False,0,tensorrt,tensorrt,tensorrt,37.76,37.76,26.22,26.48,5.52,10.69,16.21,1197.38,34.8,0.0,1197.38,34.8,0.0,118.43,51.8,3.32,173.56,0.4036,False,False
1780820403.8029833,kherson_drone_rescue,kherson_drone_rescue.mp4,1028,50.0,640,480,combined,detect_combined,Flooded,deeplabv3plus,False,False,0,tensorrt,tensorrt,tensorrt,37.61,37.61,26.32,26.59,5.51,10.71,16.22,1197.38,30.4,0.0,1197.38,30.4,0.0,118.43,51.8,3.32,173.56,0.4036,False,False
1780820403.8464007,kherson_drone_rescue,kherson_drone_rescue.mp4,1029,50.0,640,480,combined,detect_combined,Flooded,deeplabv3plus,False,False,0,tensorrt,tensorrt,tensorrt,37.49,37.49,26.41,26.67,5.52,10.71,16.23,1198.15,44.4,0.0,1198.15,44.4,0.0,118.43,51.8,3.32,173.56,0.4036,False,False
1780820403.8896437,kherson_drone_rescue,kherson_drone_rescue.mp4,1030,50.0,640,480,combined,detect_combined,Flooded,deeplabv3plus,False,False,0,tensorrt,tensorrt,tensorrt,37.49,37.49,26.41,26.67,5.56,10.69,16.25,1198.15,36.0,0.0,1198.15,36.0,0.0,118.43,51.8,3.32,173.56,0.4036,False,False
1780820403.9334497,kherson_drone_rescue,kherson_drone_rescue.mp4,1031,50.0,640,480,combined,detect_combined,Flooded,deeplabv3plus,False,False,0,tensorrt,tensorrt,tensorrt,36.42,36.42,27.18,27.45,5.56,10.71,16.27,1198.15,40.7,0.0,1198.15,40.7,0.0,118.43,51.8,3.32,173.56,0.4036,False,False
1780820403.9772668,kherson_drone_rescue,kherson_drone_rescue.mp4,1032,50.0,640,480,combined,detect_combined,Flooded,deeplabv3plus,False,False,0,tensorrt,tensorrt,tensorrt,36.03,36.03,27.48,27.76,6.61,10.66,17.27,1198.15,44.0,0.0,1198.15,44.0,0.0,118.43,51.8,3.32,173.56,0.4036,False,False
