timestamp,video_id,video_name,frame_idx,sim_altitude_m,input_width,input_height,mode,active_tool,classification_label,primary_model,model_switch_occurred,segmentation_skipped,human_count,clf_backend,seg_backend,human_backend,fps,instant_fps,total_inference_ms,total_latency_ms,classification_ms,segmentation_ms,model_switch_latency_ms,memory_mb,cpu_percent,power_w,peak_memory_mb,peak_cpu_percent,peak_power_w,clf_load_ms,seg_load_ms,human_load_ms,model_load_total_ms,flood_ratio,warmup,session_first_frame
1780821156.822821,archive_hollywood_flood_rescue_1938_5c33e8,archive_hollywood_flood_rescue_1938_5c33e8.mp4,0,50.0,640,480,combined,detect_combined,Flooded,deeplabv3plus,True,False,0,tensorrt,tensorrt,tensorrt,16.96,16.96,58.45,58.96,5.84,22.64,28.48,1514.29,5.8,0.0,1514.29,5.8,0.0,34.99,32.59,1.08,68.66,0.3586,False,True
1780821156.901825,archive_hollywood_flood_rescue_1938_5c33e8,archive_hollywood_flood_rescue_1938_5c33e8.mp4,1,50.0,640,480,combined,detect_combined,Flooded,deeplabv3plus,False,False,0,tensorrt,tensorrt,tensorrt,27.04,27.04,36.66,36.98,5.1,9.39,14.49,1516.53,43.5,0.0,1516.53,43.5,0.0,34.99,32.59,1.08,68.66,0.3717,False,False
1780821156.9904153,archive_hollywood_flood_rescue_1938_5c33e8,archive_hollywood_flood_rescue_1938_5c33e8.mp4,2,50.0,640,480,combined,detect_combined,Flooded,deeplabv3plus,False,False,0,tensorrt,tensorrt,tensorrt,18.92,18.92,52.52,52.84,5.42,20.14,25.560000000000002,1517.56,43.1,0.0,1517.56,43.1,0.0,34.99,32.59,1.08,68.66,0.426,False,False
1780821157.064322,archive_hollywood_flood_rescue_1938_5c33e8,archive_hollywood_flood_rescue_1938_5c33e8.mp4,3,50.0,640,480,combined,detect_combined,Flooded,deeplabv3plus,False,False,0,tensorrt,tensorrt,tensorrt,28.73,28.73,34.49,34.81,7.0,8.07,15.07,1518.59,47.8,0.0,1518.59,47.8,0.0,34.99,32.59,1.08,68.66,0.3889,False,False
1780821157.1494904,archive_hollywood_flood_rescue_1938_5c33e8,archive_hollywood_flood_rescue_1938_5c33e8.mp4,4,50.0,640,480,combined,detect_combined,Flooded,deeplabv3plus,False,False,0,tensorrt,tensorrt,tensorrt,20.13,20.13,49.2,49.69,4.97,12.49,17.46,1518.59,44.9,0.0,1518.59,44.9,0.0,34.99,32.59,1.08,68.66,0.6297,False,False
1780821157.2439275,archive_hollywood_flood_rescue_1938_5c33e8,archive_hollywood_flood_rescue_1938_5c33e8.mp4,5,50.0,640,480,combined,detect_combined,Flooded,deeplabv3plus,False,False,0,tensorrt,tensorrt,tensorrt,18.87,18.87,52.67,52.99,9.89,17.93,27.82,1518.59,35.1,0.0,1518.59,35.1,0.0,34.99,32.59,1.08,68.66,0.6302,False,False
1780821157.3367732,archive_hollywood_flood_rescue_1938_5c33e8,archive_hollywood_flood_rescue_1938_5c33e8.mp4,6,50.0,640,480,combined,detect_combined,Flooded,deeplabv3plus,False,False,0,tensorrt,tensorrt,tensorrt,19.29,19.29,51.19,51.85,5.27,12.81,18.08,1518.63,38.9,0.0,1518.63,38.9,0.0,34.99,32.59,1.08,68.66,0.4316,False,False
1780821157.4398897,archive_hollywood_flood_rescue_1938_5c33e8,archive_hollywood_flood_rescue_1938_5c33e8.mp4,7,50.0,640,480,combined,detect_combined,Flooded,deeplabv3plus,False,False,0,tensorrt,tensorrt,tensorrt,23.06,23.06,43.04,43.36,5.99,19.59,25.58,1518.63,40.0,0.0,1518.63,40.0,0.0,34.99,32.59,1.08,68.66,0.3978,False,False
1780821157.5219605,archive_hollywood_flood_rescue_1938_5c33e8,archive_hollywood_flood_rescue_1938_5c33e8.mp4,8,50.0,640,480,combined,detect_combined,Flooded,deeplabv3plus,False,False,0,tensorrt,tensorrt,tensorrt,27.23,27.23,36.35,36.73,6.02,13.44,19.46,1518.63,36.7,0.0,1518.63,36.7,0.0,34.99,32.59,1.08,68.66,0.5533,False,False
1780821157.623979,archive_hollywood_flood_rescue_1938_5c33e8,archive_hollywood_flood_rescue_1938_5c33e8.mp4,9,50.0,640,480,combined,detect_combined,Flooded,deeplabv3plus,False,False,0,tensorrt,tensorrt,tensorrt,22.5,22.5,44.03,44.44,9.55,17.5,27.05,1518.63,43.3,0.0,1518.63,43.3,0.0,34.99,32.59,1.08,68.66,0.3885,False,False
1780821157.7254808,archive_hollywood_flood_rescue_1938_5c33e8,archive_hollywood_flood_rescue_1938_5c33e8.mp4,10,50.0,640,480,combined,detect_combined,Flooded,deeplabv3plus,False,False,0,tensorrt,tensorrt,tensorrt,22.71,22.71,43.64,44.02,7.11,17.39,24.5,1518.62,36.7,0.0,1518.62,36.7,0.0,34.99,32.59,1.08,68.66,0.535,False,False
1780821157.8273976,archive_hollywood_flood_rescue_1938_5c33e8,archive_hollywood_flood_rescue_1938_5c33e8.mp4,11,50.0,640,480,combined,detect_combined,Flooded,deeplabv3plus,False,False,0,tensorrt,tensorrt,tensorrt,22.44,22.44,44.19,44.57,6.77,17.23,24.0,1518.62,47.5,0.0,1518.62,47.5,0.0,34.99,32.59,1.08,68.66,0.4707,False,False
1780821157.935421,archive_hollywood_flood_rescue_1938_5c33e8,archive_hollywood_flood_rescue_1938_5c33e8.mp4,12,50.0,640,480,combined,detect_combined,Flooded,deeplabv3plus,False,False,0,tensorrt,tensorrt,tensorrt,23.63,23.63,41.9,42.32,5.84,16.76,22.6,1518.62,47.7,0.0,1518.62,47.7,0.0,34.99,32.59,1.08,68.66,0.5011,False,False
1780821158.0532713,archive_hollywood_flood_rescue_1938_5c33e8,archive_hollywood_flood_rescue_1938_5c33e8.mp4,13,50.0,640,480,combined,detect_combined,Flooded,deeplabv3plus,False,False,0,tensorrt,tensorrt,tensorrt,16.84,16.84,58.71,59.37,14.29,21.73,36.019999999999996,1518.62,47.8,0.0,1518.62,47.8,0.0,34.99,32.59,1.08,68.66,0.5526,False,False
1780821158.1298158,archive_hollywood_flood_rescue_1938_5c33e8,archive_hollywood_flood_rescue_1938_5c33e8.mp4,14,50.0,640,480,combined,detect_combined,Flooded,deeplabv3plus,False,False,0,tensorrt,tensorrt,tensorrt,26.52,26.52,37.36,37.7,5.11,12.49,17.6,1518.62,48.9,0.0,1518.62,48.9,0.0,34.99,32.59,1.08,68.66,0.5223,False,False
1780821158.227079,archive_hollywood_flood_rescue_1938_5c33e8,archive_hollywood_flood_rescue_1938_5c33e8.mp4,15,50.0,640,480,combined,detect_combined,Flooded,deeplabv3plus,False,False,0,tensorrt,tensorrt,tensorrt,19.52,19.52,50.85,51.24,5.88,20.48,26.36,1518.62,41.4,0.0,1518.62,41.4,0.0,34.99,32.59,1.08,68.66,0.613,False,False
1780821158.3378358,archive_hollywood_flood_rescue_1938_5c33e8,archive_hollywood_flood_rescue_1938_5c33e8.mp4,16,50.0,640,480,combined,detect_combined,Flooded,deeplabv3plus,False,False,0,tensorrt,tensorrt,tensorrt,18.67,18.67,53.17,53.55,6.81,22.42,29.23,1518.62,37.9,0.0,1518.62,37.9,0.0,34.99,32.59,1.08,68.66,0.4941,False,False
1780821158.4491146,archive_hollywood_flood_rescue_1938_5c33e8,archive_hollywood_flood_rescue_1938_5c33e8.mp4,17,50.0,640,480,combined,detect_combined,Flooded,deeplabv3plus,False,False,0,tensorrt,tensorrt,tensorrt,19.45,19.45,50.96,51.4,7.14,19.24,26.38,1518.62,38.2,0.0,1518.62,38.2,0.0,34.99,32.59,1.08,68.66,0.5233,False,False
1780821158.5534036,archive_hollywood_flood_rescue_1938_5c33e8,archive_hollywood_flood_rescue_1938_5c33e8.mp4,18,50.0,640,480,combined,detect_combined,Flooded,deeplabv3plus,False,False,0,tensorrt,tensorrt,tensorrt,23.07,23.07,42.88,43.34,8.28,17.52,25.799999999999997,1518.62,27.1,0.0,1518.62,27.1,0.0,34.99,32.59,1.08,68.66,0.4166,False,False
1780821158.658973,archive_hollywood_flood_rescue_1938_5c33e8,archive_hollywood_flood_rescue_1938_5c33e8.mp4,19,50.0,640,480,combined,detect_combined,Flooded,deeplabv3plus,False,False,0,tensorrt,tensorrt,tensorrt,19.22,19.22,51.62,52.04,14.53,18.78,33.31,1518.62,31.7,0.0,1518.62,31.7,0.0,34.99,32.59,1.08,68.66,0.4532,False,False
1780821158.7494364,archive_hollywood_flood_rescue_1938_5c33e8,archive_hollywood_flood_rescue_1938_5c33e8.mp4,20,50.0,640,480,combined,detect_combined,Flooded,deeplabv3plus,False,False,0,tensorrt,tensorrt,tensorrt,24.22,24.22,40.76,41.29,5.34,13.4,18.740000000000002,1518.62,33.3,0.0,1518.62,33.3,0.0,34.99,32.59,1.08,68.66,0.421,False,False
1780821158.85089,archive_hollywood_flood_rescue_1938_5c33e8,archive_hollywood_flood_rescue_1938_5c33e8.mp4,21,50.0,640,480,combined,detect_combined,Flooded,deeplabv3plus,False,False,0,tensorrt,tensorrt,tensorrt,19.75,19.75,50.24,50.63,6.02,22.3,28.32,1518.62,30.5,0.0,1518.62,30.5,0.0,34.99,32.59,1.08,68.66,0.4746,False,False
1780821158.9567823,archive_hollywood_flood_rescue_1938_5c33e8,archive_hollywood_flood_rescue_1938_5c33e8.mp4,22,50.0,640,480,combined,detect_combined,Flooded,deeplabv3plus,False,False,0,tensorrt,tensorrt,tensorrt,23.92,23.92,41.4,41.8,6.51,20.31,26.82,1518.62,31.7,0.0,1518.62,31.7,0.0,34.99,32.59,1.08,68.66,0.4224,False,False
1780821159.0767176,archive_hollywood_flood_rescue_1938_5c33e8,archive_hollywood_flood_rescue_1938_5c33e8.mp4,23,50.0,640,480,combined,detect_combined,Flooded,deeplabv3plus,False,False,0,tensorrt,tensorrt,tensorrt,17.64,17.64,56.29,56.68,6.53,23.4,29.93,1518.62,41.7,0.0,1518.62,41.7,0.0,34.99,32.59,1.08,68.66,0.4082,False,False
1780821159.187512,archive_hollywood_flood_rescue_1938_5c33e8,archive_hollywood_flood_rescue_1938_5c33e8.mp4,24,50.0,640,480,combined,detect_combined,Flooded,deeplabv3plus,False,False,0,tensorrt,tensorrt,tensorrt,21.63,21.63,45.9,46.23,13.78,13.94,27.72,1518.62,66.2,0.0,1518.62,66.2,0.0,34.99,32.59,1.08,68.66,0.4279,False,False
1780821159.2771857,archive_hollywood_flood_rescue_1938_5c33e8,archive_hollywood_flood_rescue_1938_5c33e8.mp4,25,50.0,640,480,combined,detect_combined,Flooded,deeplabv3plus,False,False,0,tensorrt,tensorrt,tensorrt,21.39,21.39,46.43,46.76,9.44,22.95,32.39,1518.62,55.8,0.0,1518.62,55.8,0.0,34.99,32.59,1.08,68.66,0.399,False,False
1780821159.3635733,archive_hollywood_flood_rescue_1938_5c33e8,archive_hollywood_flood_rescue_1938_5c33e8.mp4,26,50.0,640,480,combined,detect_combined,Flooded,deeplabv3plus,False,False,0,tensorrt,tensorrt,tensorrt,22.53,22.53,44.04,44.39,4.14,15.76,19.9,1518.62,47.1,0.0,1518.62,47.1,0.0,34.99,32.59,1.08,68.66,0.415,False,False
1780821159.4658465,archive_hollywood_flood_rescue_1938_5c33e8,archive_hollywood_flood_rescue_1938_5c33e8.mp4,27,50.0,640,480,combined,detect_combined,Flooded,deeplabv3plus,False,False,0,tensorrt,tensorrt,tensorrt,16.62,16.62,59.83,60.18,13.72,22.39,36.11,1518.62,44.1,0.0,1518.62,44.1,0.0,34.99,32.59,1.08,68.66,0.3891,False,False
1780821159.5431554,archive_hollywood_flood_rescue_1938_5c33e8,archive_hollywood_flood_rescue_1938_5c33e8.mp4,28,50.0,640,480,combined,detect_combined,Flooded,deeplabv3plus,False,False,0,tensorrt,tensorrt,tensorrt,25.98,25.98,38.18,38.49,4.72,14.31,19.03,1518.62,36.2,0.0,1518.62,36.2,0.0,34.99,32.59,1.08,68.66,0.412,False,False
1780821159.6384068,archive_hollywood_flood_rescue_1938_5c33e8,archive_hollywood_flood_rescue_1938_5c33e8.mp4,29,50.0,640,480,combined,detect_combined,Flooded,deeplabv3plus,False,False,0,tensorrt,tensorrt,tensorrt,20.56,20.56,48.26,48.63,12.0,16.38,28.38,1518.62,28.1,0.0,1518.62,28.1,0.0,34.99,32.59,1.08,68.66,0.5008,False,False
1780821159.729794,archive_hollywood_flood_rescue_1938_5c33e8,archive_hollywood_flood_rescue_1938_5c33e8.mp4,30,50.0,640,480,combined,detect_combined,Flooded,deeplabv3plus,False,False,0,tensorrt,tensorrt,tensorrt,23.82,23.82,41.6,41.98,4.91,12.98,17.89,1518.62,28.8,0.0,1518.62,28.8,0.0,34.99,32.59,1.08,68.66,0.4736,False,False
1780821159.8192377,archive_hollywood_flood_rescue_1938_5c33e8,archive_hollywood_flood_rescue_1938_5c33e8.mp4,31,50.0,640,480,combined,detect_combined,Flooded,deeplabv3plus,False,False,0,tensorrt,tensorrt,tensorrt,24.2,24.2,40.92,41.32,6.02,15.95,21.97,1518.62,42.3,0.0,1518.62,42.3,0.0,34.99,32.59,1.08,68.66,0.4171,False,False
1780821159.9097874,archive_hollywood_flood_rescue_1938_5c33e8,archive_hollywood_flood_rescue_1938_5c33e8.mp4,32,50.0,640,480,combined,detect_combined,Flooded,deeplabv3plus,False,False,0,tensorrt,tensorrt,tensorrt,37.73,37.73,26.12,26.51,6.37,8.32,14.690000000000001,1518.63,0.0,0.0,1518.63,0.0,0.0,34.99,32.59,1.08,68.66,0.4469,False,False
1780821160.0165968,archive_hollywood_flood_rescue_1938_5c33e8,archive_hollywood_flood_rescue_1938_5c33e8.mp4,33,50.0,640,480,combined,detect_combined,Flooded,deeplabv3plus,False,False,0,tensorrt,tensorrt,tensorrt,19.42,19.42,51.12,51.51,8.03,19.73,27.759999999999998,1518.63,55.6,0.0,1518.63,55.6,0.0,34.99,32.59,1.08,68.66,0.4923,False,False
1780821160.1138628,archive_hollywood_flood_rescue_1938_5c33e8,archive_hollywood_flood_rescue_1938_5c33e8.mp4,34,50.0,640,480,combined,detect_combined,Flooded,deeplabv3plus,False,False,0,tensorrt,tensorrt,tensorrt,22.14,22.14,44.83,45.17,8.13,17.03,25.160000000000004,1518.63,58.9,0.0,1518.63,58.9,0.0,34.99,32.59,1.08,68.66,0.3671,False,False
1780821160.1870887,archive_hollywood_flood_rescue_1938_5c33e8,archive_hollywood_flood_rescue_1938_5c33e8.mp4,35,50.0,640,480,combined,detect_combined,Flooded,deeplabv3plus,False,False,0,tensorrt,tensorrt,tensorrt,34.6,34.6,28.6,28.9,4.51,7.8,12.309999999999999,1518.63,48.9,0.0,1518.63,48.9,0.0,34.99,32.59,1.08,68.66,0.4379,False,False
1780821160.2598467,archive_hollywood_flood_rescue_1938_5c33e8,archive_hollywood_flood_rescue_1938_5c33e8.mp4,36,50.0,640,480,combined,detect_combined,Flooded,deeplabv3plus,False,False,0,tensorrt,tensorrt,tensorrt,29.31,29.31,33.79,34.11,4.76,10.81,15.57,1518.63,36.6,0.0,1518.63,36.6,0.0,34.99,32.59,1.08,68.66,0.2221,False,False
1780821160.340569,archive_hollywood_flood_rescue_1938_5c33e8,archive_hollywood_flood_rescue_1938_5c33e8.mp4,37,50.0,640,480,combined,detect_combined,Flooded,deeplabv3plus,False,False,0,tensorrt,tensorrt,tensorrt,27.2,27.2,36.42,36.77,5.1,10.81,15.91,1518.63,31.9,0.0,1518.63,31.9,0.0,34.99,32.59,1.08,68.66,0.4457,False,False
1780821160.4477522,archive_hollywood_flood_rescue_1938_5c33e8,archive_hollywood_flood_rescue_1938_5c33e8.mp4,38,50.0,640,480,combined,detect_combined,Flooded,deeplabv3plus,False,False,0,tensorrt,tensorrt,tensorrt,20.73,20.73,47.84,48.24,5.35,20.5,25.85,1518.63,47.6,0.0,1518.63,47.6,0.0,34.99,32.59,1.08,68.66,0.289,False,False
1780821160.553671,archive_hollywood_flood_rescue_1938_5c33e8,archive_hollywood_flood_rescue_1938_5c33e8.mp4,39,50.0,640,480,combined,detect_combined,Flooded,deeplabv3plus,False,False,0,tensorrt,tensorrt,tensorrt,21.75,21.75,45.57,45.98,8.16,17.15,25.31,1518.63,48.4,0.0,1518.63,48.4,0.0,34.99,32.59,1.08,68.66,0.4423,False,False
1780821160.6587715,archive_hollywood_flood_rescue_1938_5c33e8,archive_hollywood_flood_rescue_1938_5c33e8.mp4,40,50.0,640,480,combined,detect_combined,Flooded,deeplabv3plus,False,False,0,tensorrt,tensorrt,tensorrt,21.22,21.22,46.71,47.13,6.09,21.4,27.49,1518.63,48.4,0.0,1518.63,48.4,0.0,34.99,32.59,1.08,68.66,0.4925,False,False
1780821160.7616608,archive_hollywood_flood_rescue_1938_5c33e8,archive_hollywood_flood_rescue_1938_5c33e8.mp4,41,50.0,640,480,combined,detect_combined,Flooded,deeplabv3plus,False,False,0,tensorrt,tensorrt,tensorrt,22.08,22.08,44.95,45.3,5.74,18.17,23.910000000000004,1518.63,45.9,0.0,1518.63,45.9,0.0,34.99,32.59,1.08,68.66,0.4644,False,False
1780821160.8475678,archive_hollywood_flood_rescue_1938_5c33e8,archive_hollywood_flood_rescue_1938_5c33e8.mp4,42,50.0,640,480,combined,detect_combined,Flooded,deeplabv3plus,False,False,0,tensorrt,tensorrt,tensorrt,26.51,26.51,37.37,37.72,7.48,15.16,22.64,1518.63,35.4,0.0,1518.63,35.4,0.0,34.99,32.59,1.08,68.66,0.4131,False,False
1780821160.9462268,archive_hollywood_flood_rescue_1938_5c33e8,archive_hollywood_flood_rescue_1938_5c33e8.mp4,43,50.0,640,480,combined,detect_combined,Flooded,deeplabv3plus,False,False,0,tensorrt,tensorrt,tensorrt,23.35,23.35,42.04,42.83,6.68,18.11,24.79,1518.63,33.9,0.0,1518.63,33.9,0.0,34.99,32.59,1.08,68.66,0.3602,False,False
1780821161.0383675,archive_hollywood_flood_rescue_1938_5c33e8,archive_hollywood_flood_rescue_1938_5c33e8.mp4,44,50.0,640,480,combined,detect_combined,Flooded,deeplabv3plus,False,False,0,tensorrt,tensorrt,tensorrt,22.98,22.98,43.13,43.51,5.84,19.11,24.95,1518.63,30.8,0.0,1518.63,30.8,0.0,34.99,32.59,1.08,68.66,0.3508,False,False
1780821161.1389904,archive_hollywood_flood_rescue_1938_5c33e8,archive_hollywood_flood_rescue_1938_5c33e8.mp4,45,50.0,640,480,combined,detect_combined,Flooded,deeplabv3plus,False,False,0,tensorrt,tensorrt,tensorrt,22.57,22.57,43.87,44.31,6.21,19.46,25.67,1518.63,30.5,0.0,1518.63,30.5,0.0,34.99,32.59,1.08,68.66,0.3998,False,False
1780821161.2501614,archive_hollywood_flood_rescue_1938_5c33e8,archive_hollywood_flood_rescue_1938_5c33e8.mp4,46,50.0,640,480,combined,detect_combined,Flooded,deeplabv3plus,False,False,0,tensorrt,tensorrt,tensorrt,22.28,22.28,44.52,44.88,7.01,17.71,24.72,1518.63,28.1,0.0,1518.63,28.1,0.0,34.99,32.59,1.08,68.66,0.278,False,False
1780821161.3480449,archive_hollywood_flood_rescue_1938_5c33e8,archive_hollywood_flood_rescue_1938_5c33e8.mp4,47,50.0,640,480,combined,detect_combined,Flooded,deeplabv3plus,False,False,0,tensorrt,tensorrt,tensorrt,19.47,19.47,51.0,51.35,5.67,20.49,26.159999999999997,1518.63,37.3,0.0,1518.63,37.3,0.0,34.99,32.59,1.08,68.66,0.2711,False,False
1780821161.4401038,archive_hollywood_flood_rescue_1938_5c33e8,archive_hollywood_flood_rescue_1938_5c33e8.mp4,48,50.0,640,480,combined,detect_combined,Flooded,deeplabv3plus,False,False,0,tensorrt,tensorrt,tensorrt,18.04,18.04,55.08,55.42,11.39,22.5,33.89,1518.63,38.2,0.0,1518.63,38.2,0.0,34.99,32.59,1.08,68.66,0.3379,False,False
1780821161.517462,archive_hollywood_flood_rescue_1938_5c33e8,archive_hollywood_flood_rescue_1938_5c33e8.mp4,49,50.0,640,480,combined,detect_combined,Flooded,deeplabv3plus,False,False,0,tensorrt,tensorrt,tensorrt,29.24,29.24,33.88,34.2,4.71,12.51,17.22,1518.62,33.3,0.0,1518.62,33.3,0.0,34.99,32.59,1.08,68.66,0.4111,False,False
1780821161.6017845,archive_hollywood_flood_rescue_1938_5c33e8,archive_hollywood_flood_rescue_1938_5c33e8.mp4,50,50.0,640,480,combined,detect_combined,Flooded,deeplabv3plus,False,False,0,tensorrt,tensorrt,tensorrt,23.36,23.36,42.14,42.81,6.52,15.63,22.15,1518.62,33.3,0.0,1518.62,33.3,0.0,34.99,32.59,1.08,68.66,0.3219,False,False
1780821161.7021525,archive_hollywood_flood_rescue_1938_5c33e8,archive_hollywood_flood_rescue_1938_5c33e8.mp4,51,50.0,640,480,combined,detect_combined,Flooded,deeplabv3plus,False,False,0,tensorrt,tensorrt,tensorrt,21.88,21.88,45.31,45.7,7.8,19.28,27.080000000000002,1518.62,35.6,0.0,1518.62,35.6,0.0,34.99,32.59,1.08,68.66,0.3401,False,False
1780821161.8040032,archive_hollywood_flood_rescue_1938_5c33e8,archive_hollywood_flood_rescue_1938_5c33e8.mp4,52,50.0,640,480,combined,detect_combined,Flooded,deeplabv3plus,False,False,0,tensorrt,tensorrt,tensorrt,21.13,21.13,46.92,47.33,7.34,20.83,28.169999999999998,1518.62,49.2,0.0,1518.62,49.2,0.0,34.99,32.59,1.08,68.66,0.322,False,False
1780821161.913465,archive_hollywood_flood_rescue_1938_5c33e8,archive_hollywood_flood_rescue_1938_5c33e8.mp4,53,50.0,640,480,combined,detect_combined,Flooded,deeplabv3plus,False,False,0,tensorrt,tensorrt,tensorrt,19.09,19.09,51.9,52.38,9.38,18.56,27.939999999999998,1518.62,50.0,0.0,1518.62,50.0,0.0,34.99,32.59,1.08,68.66,0.2781,False,False
1780821161.9954205,archive_hollywood_flood_rescue_1938_5c33e8,archive_hollywood_flood_rescue_1938_5c33e8.mp4,54,50.0,640,480,combined,detect_combined,Flooded,deeplabv3plus,False,False,0,tensorrt,tensorrt,tensorrt,29.12,29.12,34.0,34.34,6.77,11.79,18.56,1518.62,47.9,0.0,1518.62,47.9,0.0,34.99,32.59,1.08,68.66,0.3234,False,False
1780821162.0766923,archive_hollywood_flood_rescue_1938_5c33e8,archive_hollywood_flood_rescue_1938_5c33e8.mp4,55,50.0,640,480,combined,detect_combined,Flooded,deeplabv3plus,False,False,0,tensorrt,tensorrt,tensorrt,24.03,24.03,41.25,41.61,9.72,14.54,24.259999999999998,1518.62,47.9,0.0,1518.62,47.9,0.0,34.99,32.59,1.08,68.66,0.387,False,False
1780821162.152503,archive_hollywood_flood_rescue_1938_5c33e8,archive_hollywood_flood_rescue_1938_5c33e8.mp4,56,50.0,640,480,combined,detect_combined,Flooded,deeplabv3plus,False,False,0,tensorrt,tensorrt,tensorrt,28.31,28.31,34.89,35.32,4.13,11.15,15.280000000000001,1518.62,47.8,0.0,1518.62,47.8,0.0,34.99,32.59,1.08,68.66,0.4289,False,False
1780821162.250852,archive_hollywood_flood_rescue_1938_5c33e8,archive_hollywood_flood_rescue_1938_5c33e8.mp4,57,50.0,640,480,combined,detect_combined,Flooded,deeplabv3plus,False,False,0,tensorrt,tensorrt,tensorrt,28.57,28.57,34.66,35.0,7.19,16.27,23.46,1518.62,32.2,0.0,1518.62,32.2,0.0,34.99,32.59,1.08,68.66,0.4606,False,False
1780821162.373986,archive_hollywood_flood_rescue_1938_5c33e8,archive_hollywood_flood_rescue_1938_5c33e8.mp4,58,50.0,640,480,combined,detect_combined,Flooded,deeplabv3plus,False,False,0,tensorrt,tensorrt,tensorrt,15.06,15.06,65.96,66.39,9.61,28.15,37.76,1518.62,40.3,0.0,1518.62,40.3,0.0,34.99,32.59,1.08,68.66,0.3445,False,False
1780821162.463017,archive_hollywood_flood_rescue_1938_5c33e8,archive_hollywood_flood_rescue_1938_5c33e8.mp4,59,50.0,640,480,combined,detect_combined,Flooded,deeplabv3plus,False,False,0,tensorrt,tensorrt,tensorrt,31.78,31.78,31.08,31.47,5.34,11.71,17.05,1518.62,36.5,0.0,1518.62,36.5,0.0,34.99,32.59,1.08,68.66,0.4603,False,False
1780821162.559514,archive_hollywood_flood_rescue_1938_5c33e8,archive_hollywood_flood_rescue_1938_5c33e8.mp4,60,50.0,640,480,combined,detect_combined,Flooded,deeplabv3plus,False,False,0,tensorrt,tensorrt,tensorrt,24.33,24.33,40.71,41.1,5.34,17.94,23.28,1518.62,37.9,0.0,1518.62,37.9,0.0,34.99,32.59,1.08,68.66,0.4157,False,False
1780821162.6600428,archive_hollywood_flood_rescue_1938_5c33e8,archive_hollywood_flood_rescue_1938_5c33e8.mp4,61,50.0,640,480,combined,detect_combined,Flooded,deeplabv3plus,False,False,0,tensorrt,tensorrt,tensorrt,24.07,24.07,41.13,41.55,6.14,18.13,24.27,1518.62,31.6,0.0,1518.62,31.6,0.0,34.99,32.59,1.08,68.66,0.3454,False,False
1780821162.7574494,archive_hollywood_flood_rescue_1938_5c33e8,archive_hollywood_flood_rescue_1938_5c33e8.mp4,62,50.0,640,480,combined,detect_combined,Flooded,deeplabv3plus,False,False,0,tensorrt,tensorrt,tensorrt,26.4,26.4,37.46,37.88,5.58,13.57,19.15,1518.62,30.9,0.0,1518.62,30.9,0.0,34.99,32.59,1.08,68.66,0.457,False,False
1780821162.869467,archive_hollywood_flood_rescue_1938_5c33e8,archive_hollywood_flood_rescue_1938_5c33e8.mp4,63,50.0,640,480,combined,detect_combined,Flooded,deeplabv3plus,False,False,0,tensorrt,tensorrt,tensorrt,22.83,22.83,43.39,43.8,7.69,20.37,28.060000000000002,1518.62,31.8,0.0,1518.62,31.8,0.0,34.99,32.59,1.08,68.66,0.3209,False,False
1780821162.9814522,archive_hollywood_flood_rescue_1938_5c33e8,archive_hollywood_flood_rescue_1938_5c33e8.mp4,64,50.0,640,480,combined,detect_combined,Flooded,deeplabv3plus,False,False,0,tensorrt,tensorrt,tensorrt,22.29,22.29,44.46,44.87,7.68,22.44,30.12,1518.62,33.3,0.0,1518.62,33.3,0.0,34.99,32.59,1.08,68.66,0.3601,False,False
1780821163.089878,archive_hollywood_flood_rescue_1938_5c33e8,archive_hollywood_flood_rescue_1938_5c33e8.mp4,65,50.0,640,480,combined,detect_combined,Flooded,deeplabv3plus,False,False,0,tensorrt,tensorrt,tensorrt,22.73,22.73,43.57,43.99,5.2,18.76,23.96,1518.62,51.5,0.0,1518.62,51.5,0.0,34.99,32.59,1.08,68.66,0.3615,False,False
1780821163.1878252,archive_hollywood_flood_rescue_1938_5c33e8,archive_hollywood_flood_rescue_1938_5c33e8.mp4,66,50.0,640,480,combined,detect_combined,Flooded,deeplabv3plus,False,False,0,tensorrt,tensorrt,tensorrt,24.19,24.19,41.03,41.35,4.09,17.0,21.09,1518.62,46.6,0.0,1518.62,46.6,0.0,34.99,32.59,1.08,68.66,0.2961,False,False
1780821163.2702177,archive_hollywood_flood_rescue_1938_5c33e8,archive_hollywood_flood_rescue_1938_5c33e8.mp4,67,50.0,640,480,combined,detect_combined,Flooded,deeplabv3plus,False,False,0,tensorrt,tensorrt,tensorrt,25.02,25.02,39.62,39.96,5.05,16.51,21.560000000000002,1518.62,48.9,0.0,1518.62,48.9,0.0,34.99,32.59,1.08,68.66,0.3518,False,False
1780821163.3574164,archive_hollywood_flood_rescue_1938_5c33e8,archive_hollywood_flood_rescue_1938_5c33e8.mp4,68,50.0,640,480,combined,detect_combined,Flooded,deeplabv3plus,False,False,0,tensorrt,tensorrt,tensorrt,20.84,20.84,47.61,47.98,5.24,19.91,25.15,1518.62,43.1,0.0,1518.62,43.1,0.0,34.99,32.59,1.08,68.66,0.48,False,False
1780821163.4359398,archive_hollywood_flood_rescue_1938_5c33e8,archive_hollywood_flood_rescue_1938_5c33e8.mp4,69,50.0,640,480,combined,detect_combined,Flooded,deeplabv3plus,False,False,0,tensorrt,tensorrt,tensorrt,28.9,28.9,34.23,34.6,4.8,9.23,14.030000000000001,1518.62,34.0,0.0,1518.62,34.0,0.0,34.99,32.59,1.08,68.66,0.4188,False,False
1780821163.5403376,archive_hollywood_flood_rescue_1938_5c33e8,archive_hollywood_flood_rescue_1938_5c33e8.mp4,70,50.0,640,480,combined,detect_combined,Flooded,deeplabv3plus,False,False,0,tensorrt,tensorrt,tensorrt,22.48,22.48,44.08,44.48,5.6,17.16,22.759999999999998,1518.62,36.1,0.0,1518.62,36.1,0.0,34.99,32.59,1.08,68.66,0.464,False,False
1780821163.64742,archive_hollywood_flood_rescue_1938_5c33e8,archive_hollywood_flood_rescue_1938_5c33e8.mp4,71,50.0,640,480,combined,detect_combined,Flooded,deeplabv3plus,False,False,0,tensorrt,tensorrt,tensorrt,21.47,21.47,46.16,46.57,6.06,17.7,23.759999999999998,1518.62,32.3,0.0,1518.62,32.3,0.0,34.99,32.59,1.08,68.66,0.5169,False,False
1780821163.7649488,archive_hollywood_flood_rescue_1938_5c33e8,archive_hollywood_flood_rescue_1938_5c33e8.mp4,72,50.0,640,480,combined,detect_combined,Flooded,deeplabv3plus,False,False,0,tensorrt,tensorrt,tensorrt,20.87,20.87,47.49,47.91,8.28,20.99,29.269999999999996,1518.62,27.3,0.0,1518.62,27.3,0.0,34.99,32.59,1.08,68.66,0.3318,False,False
1780821163.8957543,archive_hollywood_flood_rescue_1938_5c33e8,archive_hollywood_flood_rescue_1938_5c33e8.mp4,73,50.0,640,480,combined,detect_combined,Flooded,deeplabv3plus,False,False,0,tensorrt,tensorrt,tensorrt,15.52,15.52,64.03,64.45,15.16,24.17,39.33,1518.62,32.5,0.0,1518.62,32.5,0.0,34.99,32.59,1.08,68.66,0.4064,False,False
1780821164.0191379,archive_hollywood_flood_rescue_1938_5c33e8,archive_hollywood_flood_rescue_1938_5c33e8.mp4,74,50.0,640,480,combined,detect_combined,Flooded,deeplabv3plus,False,False,0,tensorrt,tensorrt,tensorrt,18.71,18.71,53.05,53.46,13.51,23.87,37.38,1518.62,30.1,0.0,1518.62,30.1,0.0,34.99,32.59,1.08,68.66,0.4889,False,False
1780821164.1405933,archive_hollywood_flood_rescue_1938_5c33e8,archive_hollywood_flood_rescue_1938_5c33e8.mp4,75,50.0,640,480,combined,detect_combined,Flooded,deeplabv3plus,False,False,0,tensorrt,tensorrt,tensorrt,20.09,20.09,49.3,49.78,6.6,18.56,25.159999999999997,1518.62,29.6,0.0,1518.62,29.6,0.0,34.99,32.59,1.08,68.66,0.3552,False,False
1780821164.2602127,archive_hollywood_flood_rescue_1938_5c33e8,archive_hollywood_flood_rescue_1938_5c33e8.mp4,76,50.0,640,480,combined,detect_combined,Flooded,deeplabv3plus,False,False,0,tensorrt,tensorrt,tensorrt,21.39,21.39,46.36,46.75,8.51,16.7,25.21,1518.62,39.7,0.0,1518.62,39.7,0.0,34.99,32.59,1.08,68.66,0.3736,False,False
1780821164.3584816,archive_hollywood_flood_rescue_1938_5c33e8,archive_hollywood_flood_rescue_1938_5c33e8.mp4,77,50.0,640,480,combined,detect_combined,Flooded,deeplabv3plus,False,False,0,tensorrt,tensorrt,tensorrt,18.35,18.35,54.06,54.49,7.76,22.08,29.839999999999996,1518.62,46.4,0.0,1518.62,46.4,0.0,34.99,32.59,1.08,68.66,0.3213,False,False
1780821164.450641,archive_hollywood_flood_rescue_1938_5c33e8,archive_hollywood_flood_rescue_1938_5c33e8.mp4,78,50.0,640,480,combined,detect_combined,Flooded,deeplabv3plus,False,False,0,tensorrt,tensorrt,tensorrt,25.47,25.47,38.94,39.26,5.59,10.84,16.43,1518.62,54.5,0.0,1518.62,54.5,0.0,34.99,32.59,1.08,68.66,0.354,False,False
1780821164.5578015,archive_hollywood_flood_rescue_1938_5c33e8,archive_hollywood_flood_rescue_1938_5c33e8.mp4,79,50.0,640,480,combined,detect_combined,Flooded,deeplabv3plus,False,False,0,tensorrt,tensorrt,tensorrt,17.73,17.73,55.98,56.39,10.65,22.46,33.11,1518.62,46.9,0.0,1518.62,46.9,0.0,34.99,32.59,1.08,68.66,0.5548,False,False
1780821164.6709404,archive_hollywood_flood_rescue_1938_5c33e8,archive_hollywood_flood_rescue_1938_5c33e8.mp4,80,50.0,640,480,combined,detect_combined,Flooded,deeplabv3plus,False,False,0,tensorrt,tensorrt,tensorrt,19.65,19.65,50.47,50.89,5.98,19.99,25.97,1518.62,38.2,0.0,1518.62,38.2,0.0,34.99,32.59,1.08,68.66,0.4411,False,False
1780821164.7947502,archive_hollywood_flood_rescue_1938_5c33e8,archive_hollywood_flood_rescue_1938_5c33e8.mp4,81,50.0,640,480,combined,detect_combined,Flooded,deeplabv3plus,False,False,0,tensorrt,tensorrt,tensorrt,17.97,17.97,55.12,55.63,9.84,19.24,29.08,1518.62,33.3,0.0,1518.62,33.3,0.0,34.99,32.59,1.08,68.66,0.4559,False,False
1780821164.9295907,archive_hollywood_flood_rescue_1938_5c33e8,archive_hollywood_flood_rescue_1938_5c33e8.mp4,82,50.0,640,480,combined,detect_combined,Flooded,deeplabv3plus,False,False,0,tensorrt,tensorrt,tensorrt,23.4,23.4,42.33,42.74,8.21,21.92,30.130000000000003,1518.62,42.5,0.0,1518.62,42.5,0.0,34.99,32.59,1.08,68.66,0.2949,False,False
1780821165.0354643,archive_hollywood_flood_rescue_1938_5c33e8,archive_hollywood_flood_rescue_1938_5c33e8.mp4,83,50.0,640,480,combined,detect_combined,Flooded,deeplabv3plus,False,False,0,tensorrt,tensorrt,tensorrt,22.63,22.63,43.65,44.19,6.42,17.49,23.909999999999997,1518.62,32.3,0.0,1518.62,32.3,0.0,34.99,32.59,1.08,68.66,0.2859,False,False
1780821165.1307857,archive_hollywood_flood_rescue_1938_5c33e8,archive_hollywood_flood_rescue_1938_5c33e8.mp4,84,50.0,640,480,combined,detect_combined,Flooded,deeplabv3plus,False,False,0,tensorrt,tensorrt,tensorrt,25.53,25.53,38.79,39.18,5.56,10.83,16.39,1518.62,34.5,0.0,1518.62,34.5,0.0,34.99,32.59,1.08,68.66,0.2163,False,False
1780821165.239051,archive_hollywood_flood_rescue_1938_5c33e8,archive_hollywood_flood_rescue_1938_5c33e8.mp4,85,50.0,640,480,combined,detect_combined,Flooded,deeplabv3plus,False,False,0,tensorrt,tensorrt,tensorrt,20.88,20.88,47.28,47.89,6.1,18.08,24.18,1518.62,30.8,0.0,1518.62,30.8,0.0,34.99,32.59,1.08,68.66,0.2678,False,False
1780821165.3612137,archive_hollywood_flood_rescue_1938_5c33e8,archive_hollywood_flood_rescue_1938_5c33e8.mp4,86,50.0,640,480,combined,detect_combined,Flooded,deeplabv3plus,False,False,0,tensorrt,tensorrt,tensorrt,18.6,18.6,53.35,53.77,11.84,20.55,32.39,1518.62,37.5,0.0,1518.62,37.5,0.0,34.99,32.59,1.08,68.66,0.421,False,False
1780821165.480484,archive_hollywood_flood_rescue_1938_5c33e8,archive_hollywood_flood_rescue_1938_5c33e8.mp4,87,50.0,640,480,combined,detect_combined,Flooded,deeplabv3plus,False,False,0,tensorrt,tensorrt,tensorrt,23.26,23.26,42.57,43.0,8.38,18.65,27.03,1518.62,40.0,0.0,1518.62,40.0,0.0,34.99,32.59,1.08,68.66,0.4256,False,False
1780821165.5911174,archive_hollywood_flood_rescue_1938_5c33e8,archive_hollywood_flood_rescue_1938_5c33e8.mp4,88,50.0,640,480,combined,detect_combined,Flooded,deeplabv3plus,False,False,0,tensorrt,tensorrt,tensorrt,22.4,22.4,44.22,44.64,5.67,17.91,23.58,1518.62,49.2,0.0,1518.62,49.2,0.0,34.99,32.59,1.08,68.66,0.2286,False,False
1780821165.713261,archive_hollywood_flood_rescue_1938_5c33e8,archive_hollywood_flood_rescue_1938_5c33e8.mp4,89,50.0,640,480,combined,detect_combined,Flooded,deeplabv3plus,False,False,0,tensorrt,tensorrt,tensorrt,18.11,18.11,54.79,55.21,12.95,24.92,37.870000000000005,1518.62,44.1,0.0,1518.62,44.1,0.0,34.99,32.59,1.08,68.66,0.4061,False,False
1780821165.817014,archive_hollywood_flood_rescue_1938_5c33e8,archive_hollywood_flood_rescue_1938_5c33e8.mp4,90,50.0,640,480,combined,detect_combined,Flooded,deeplabv3plus,False,False,0,tensorrt,tensorrt,tensorrt,23.7,23.7,41.84,42.2,6.43,18.47,24.9,1518.62,45.8,0.0,1518.62,45.8,0.0,34.99,32.59,1.08,68.66,0.4977,False,False
1780821165.9060633,archive_hollywood_flood_rescue_1938_5c33e8,archive_hollywood_flood_rescue_1938_5c33e8.mp4,91,50.0,640,480,combined,detect_combined,Flooded,deeplabv3plus,False,False,0,tensorrt,tensorrt,tensorrt,21.8,21.8,45.5,45.87,7.87,14.05,21.92,1518.62,42.6,0.0,1518.62,42.6,0.0,34.99,32.59,1.08,68.66,0.3422,False,False
1780821166.0098586,archive_hollywood_flood_rescue_1938_5c33e8,archive_hollywood_flood_rescue_1938_5c33e8.mp4,92,50.0,640,480,combined,detect_combined,Flooded,deeplabv3plus,False,False,0,tensorrt,tensorrt,tensorrt,20.83,20.83,47.63,48.01,6.02,18.65,24.669999999999998,1518.62,34.4,0.0,1518.62,34.4,0.0,34.99,32.59,1.08,68.66,0.3546,False,False
1780821166.1132724,archive_hollywood_flood_rescue_1938_5c33e8,archive_hollywood_flood_rescue_1938_5c33e8.mp4,93,50.0,640,480,combined,detect_combined,Flooded,deeplabv3plus,False,False,0,tensorrt,tensorrt,tensorrt,23.88,23.88,41.49,41.88,4.84,14.41,19.25,1518.62,44.3,0.0,1518.62,44.3,0.0,34.99,32.59,1.08,68.66,0.5443,False,False
1780821166.2190504,archive_hollywood_flood_rescue_1938_5c33e8,archive_hollywood_flood_rescue_1938_5c33e8.mp4,94,50.0,640,480,combined,detect_combined,Flooded,deeplabv3plus,False,False,0,tensorrt,tensorrt,tensorrt,20.29,20.29,48.87,49.29,7.33,19.18,26.509999999999998,1518.62,54.0,0.0,1518.62,54.0,0.0,34.99,32.59,1.08,68.66,0.3528,False,False
1780821166.2941496,archive_hollywood_flood_rescue_1938_5c33e8,archive_hollywood_flood_rescue_1938_5c33e8.mp4,95,50.0,640,480,combined,detect_combined,Flooded,deeplabv3plus,False,False,0,tensorrt,tensorrt,tensorrt,33.66,33.66,29.14,29.71,4.91,7.8,12.71,1518.62,55.8,0.0,1518.62,55.8,0.0,34.99,32.59,1.08,68.66,0.4973,False,False
1780821166.3794963,archive_hollywood_flood_rescue_1938_5c33e8,archive_hollywood_flood_rescue_1938_5c33e8.mp4,96,50.0,640,480,combined,detect_combined,Flooded,deeplabv3plus,False,False,0,tensorrt,tensorrt,tensorrt,23.68,23.68,41.67,42.24,6.28,16.55,22.830000000000002,1518.62,51.0,0.0,1518.62,51.0,0.0,34.99,32.59,1.08,68.66,0.3591,False,False
1780821166.4506679,archive_hollywood_flood_rescue_1938_5c33e8,archive_hollywood_flood_rescue_1938_5c33e8.mp4,97,50.0,640,480,combined,detect_combined,Flooded,deeplabv3plus,False,False,0,tensorrt,tensorrt,tensorrt,31.36,31.36,31.5,31.89,4.11,8.88,12.990000000000002,1518.62,43.9,0.0,1518.62,43.9,0.0,34.99,32.59,1.08,68.66,0.4457,False,False
1780821166.5307784,archive_hollywood_flood_rescue_1938_5c33e8,archive_hollywood_flood_rescue_1938_5c33e8.mp4,98,50.0,640,480,combined,detect_combined,Flooded,deeplabv3plus,False,False,0,tensorrt,tensorrt,tensorrt,25.97,25.97,38.14,38.5,4.96,11.08,16.04,1518.62,43.8,0.0,1518.62,43.8,0.0,34.99,32.59,1.08,68.66,0.2798,False,False
1780821166.6078448,archive_hollywood_flood_rescue_1938_5c33e8,archive_hollywood_flood_rescue_1938_5c33e8.mp4,99,50.0,640,480,combined,detect_combined,Flooded,deeplabv3plus,False,False,0,tensorrt,tensorrt,tensorrt,26.52,26.52,37.39,37.71,5.28,9.63,14.91,1518.62,43.5,0.0,1518.62,43.5,0.0,34.99,32.59,1.08,68.66,0.292,False,False
1780821166.6971638,archive_hollywood_flood_rescue_1938_5c33e8,archive_hollywood_flood_rescue_1938_5c33e8.mp4,100,50.0,640,480,combined,detect_combined,Flooded,deeplabv3plus,False,False,0,tensorrt,tensorrt,tensorrt,22.32,22.32,44.4,44.8,5.98,15.03,21.009999999999998,1518.62,43.1,0.0,1518.62,43.1,0.0,34.99,32.59,1.08,68.66,0.2636,False,False
1780821166.779493,archive_hollywood_flood_rescue_1938_5c33e8,archive_hollywood_flood_rescue_1938_5c33e8.mp4,101,50.0,640,480,combined,detect_combined,Flooded,deeplabv3plus,False,False,0,tensorrt,tensorrt,tensorrt,28.79,28.79,34.27,34.73,5.0,9.55,14.55,1518.62,50.0,0.0,1518.62,50.0,0.0,34.99,32.59,1.08,68.66,0.2058,False,False
1780821166.8501935,archive_hollywood_flood_rescue_1938_5c33e8,archive_hollywood_flood_rescue_1938_5c33e8.mp4,102,50.0,640,480,combined,detect_combined,Flooded,deeplabv3plus,False,False,0,tensorrt,tensorrt,tensorrt,31.05,31.05,31.81,32.21,5.82,10.26,16.08,1518.62,57.5,0.0,1518.62,57.5,0.0,34.99,32.59,1.08,68.66,0.3891,False,False
1780821166.9431324,archive_hollywood_flood_rescue_1938_5c33e8,archive_hollywood_flood_rescue_1938_5c33e8.mp4,103,50.0,640,480,combined,detect_combined,Flooded,deeplabv3plus,False,False,0,tensorrt,tensorrt,tensorrt,23.5,23.5,42.17,42.55,5.27,15.43,20.7,1518.62,54.4,0.0,1518.62,54.4,0.0,34.99,32.59,1.08,68.66,0.3771,False,False
1780821167.0366964,archive_hollywood_flood_rescue_1938_5c33e8,archive_hollywood_flood_rescue_1938_5c33e8.mp4,104,50.0,640,480,combined,detect_combined,Flooded,deeplabv3plus,False,False,0,tensorrt,tensorrt,tensorrt,23.53,23.53,42.13,42.5,6.44,18.54,24.98,1518.62,50.9,0.0,1518.62,50.9,0.0,34.99,32.59,1.08,68.66,0.385,False,False
1780821167.1320791,archive_hollywood_flood_rescue_1938_5c33e8,archive_hollywood_flood_rescue_1938_5c33e8.mp4,105,50.0,640,480,combined,detect_combined,Flooded,deeplabv3plus,False,False,0,tensorrt,tensorrt,tensorrt,21.88,21.88,45.3,45.7,8.07,18.78,26.85,1518.62,48.2,0.0,1518.62,48.2,0.0,34.99,32.59,1.08,68.66,0.4585,False,False
1780821167.2115707,archive_hollywood_flood_rescue_1938_5c33e8,archive_hollywood_flood_rescue_1938_5c33e8.mp4,106,50.0,640,480,combined,detect_combined,Flooded,deeplabv3plus,False,False,0,tensorrt,tensorrt,tensorrt,28.29,28.29,34.79,35.34,5.15,10.28,15.43,1518.62,62.5,0.0,1518.62,62.5,0.0,34.99,32.59,1.08,68.66,0.3034,False,False
1780821167.3162444,archive_hollywood_flood_rescue_1938_5c33e8,archive_hollywood_flood_rescue_1938_5c33e8.mp4,107,50.0,640,480,combined,detect_combined,Non-Flooded,resnet18,True,False,0,tensorrt,tensorrt,tensorrt,19.8,19.8,49.77,50.49,5.43,20.03,25.46,1518.62,39.3,0.0,1518.62,39.3,0.0,34.99,32.59,1.08,68.66,0.193,False,False
1780821167.4002557,archive_hollywood_flood_rescue_1938_5c33e8,archive_hollywood_flood_rescue_1938_5c33e8.mp4,108,50.0,640,480,combined,detect_combined,Flooded,deeplabv3plus,True,False,0,tensorrt,tensorrt,tensorrt,30.52,30.52,32.32,32.76,6.38,11.91,18.29,1518.62,46.8,0.0,1518.62,46.8,0.0,34.99,32.59,1.08,68.66,0.2234,False,False
1780821167.4788983,archive_hollywood_flood_rescue_1938_5c33e8,archive_hollywood_flood_rescue_1938_5c33e8.mp4,109,50.0,640,480,combined,detect_combined,Flooded,deeplabv3plus,False,False,0,tensorrt,tensorrt,tensorrt,29.03,29.03,34.06,34.44,4.81,12.12,16.93,1518.62,43.5,0.0,1518.62,43.5,0.0,34.99,32.59,1.08,68.66,0.3187,False,False
1780821167.5578287,archive_hollywood_flood_rescue_1938_5c33e8,archive_hollywood_flood_rescue_1938_5c33e8.mp4,110,50.0,640,480,combined,detect_combined,Flooded,deeplabv3plus,False,False,0,tensorrt,tensorrt,tensorrt,28.64,28.64,34.55,34.92,5.62,10.54,16.16,1518.62,42.2,0.0,1518.62,42.2,0.0,34.99,32.59,1.08,68.66,0.2391,False,False
1780821167.631288,archive_hollywood_flood_rescue_1938_5c33e8,archive_hollywood_flood_rescue_1938_5c33e8.mp4,111,50.0,640,480,combined,detect_combined,Flooded,deeplabv3plus,False,False,0,tensorrt,tensorrt,tensorrt,33.26,33.26,29.73,30.06,4.62,9.84,14.46,1518.62,45.5,0.0,1518.62,45.5,0.0,34.99,32.59,1.08,68.66,0.2493,False,False
1780821167.696085,archive_hollywood_flood_rescue_1938_5c33e8,archive_hollywood_flood_rescue_1938_5c33e8.mp4,112,50.0,640,480,combined,detect_combined,Flooded,deeplabv3plus,False,False,0,tensorrt,tensorrt,tensorrt,36.48,36.48,27.09,27.41,4.05,8.65,12.7,1518.62,50.0,0.0,1518.62,50.0,0.0,34.99,32.59,1.08,68.66,0.2572,False,False
1780821167.7640007,archive_hollywood_flood_rescue_1938_5c33e8,archive_hollywood_flood_rescue_1938_5c33e8.mp4,113,50.0,640,480,combined,detect_combined,Flooded,deeplabv3plus,False,False,0,tensorrt,tensorrt,tensorrt,32.63,32.63,30.32,30.64,4.75,8.36,13.11,1518.62,45.0,0.0,1518.62,45.0,0.0,34.99,32.59,1.08,68.66,0.3858,False,False
1780821167.8356655,archive_hollywood_flood_rescue_1938_5c33e8,archive_hollywood_flood_rescue_1938_5c33e8.mp4,114,50.0,640,480,combined,detect_combined,Flooded,deeplabv3plus,False,False,0,tensorrt,tensorrt,tensorrt,30.09,30.09,32.9,33.23,6.38,8.84,15.219999999999999,1518.62,30.8,0.0,1518.62,30.8,0.0,34.99,32.59,1.08,68.66,0.3936,False,False
1780821167.9254422,archive_hollywood_flood_rescue_1938_5c33e8,archive_hollywood_flood_rescue_1938_5c33e8.mp4,115,50.0,640,480,combined,detect_combined,Flooded,deeplabv3plus,False,False,0,tensorrt,tensorrt,tensorrt,24.35,24.35,40.69,41.06,5.16,12.69,17.85,1518.62,32.1,0.0,1518.62,32.1,0.0,34.99,32.59,1.08,68.66,0.5759,False,False
1780821168.0281377,archive_hollywood_flood_rescue_1938_5c33e8,archive_hollywood_flood_rescue_1938_5c33e8.mp4,116,50.0,640,480,combined,detect_combined,Flooded,deeplabv3plus,False,False,0,tensorrt,tensorrt,tensorrt,25.16,25.16,39.33,39.75,8.04,13.63,21.67,1518.62,32.8,0.0,1518.62,32.8,0.0,34.99,32.59,1.08,68.66,0.484,False,False
1780821168.1351562,archive_hollywood_flood_rescue_1938_5c33e8,archive_hollywood_flood_rescue_1938_5c33e8.mp4,117,50.0,640,480,combined,detect_combined,Flooded,deeplabv3plus,False,False,0,tensorrt,tensorrt,tensorrt,22.98,22.98,43.16,43.52,7.45,21.81,29.259999999999998,1518.62,37.1,0.0,1518.62,37.1,0.0,34.99,32.59,1.08,68.66,0.5225,False,False
1780821168.2117517,archive_hollywood_flood_rescue_1938_5c33e8,archive_hollywood_flood_rescue_1938_5c33e8.mp4,118,50.0,640,480,combined,detect_combined,Flooded,deeplabv3plus,False,False,0,tensorrt,tensorrt,tensorrt,27.05,27.05,36.6,36.97,5.11,13.39,18.5,1518.62,51.1,0.0,1518.62,51.1,0.0,34.99,32.59,1.08,68.66,0.4712,False,False
1780821168.2906203,archive_hollywood_flood_rescue_1938_5c33e8,archive_hollywood_flood_rescue_1938_5c33e8.mp4,119,50.0,640,480,combined,detect_combined,Flooded,deeplabv3plus,False,False,0,tensorrt,tensorrt,tensorrt,23.56,23.56,42.02,42.44,4.94,17.67,22.610000000000003,1518.62,58.7,0.0,1518.62,58.7,0.0,34.99,32.59,1.08,68.66,0.5082,False,False
1780821168.3563082,archive_hollywood_flood_rescue_1938_5c33e8,archive_hollywood_flood_rescue_1938_5c33e8.mp4,120,50.0,640,480,combined,detect_combined,Flooded,deeplabv3plus,False,False,0,tensorrt,tensorrt,tensorrt,34.96,34.96,28.17,28.61,5.05,8.81,13.86,1518.62,60.5,0.0,1518.62,60.5,0.0,34.99,32.59,1.08,68.66,0.6483,False,False
1780821168.42866,archive_hollywood_flood_rescue_1938_5c33e8,archive_hollywood_flood_rescue_1938_5c33e8.mp4,121,50.0,640,480,combined,detect_combined,Flooded,deeplabv3plus,False,False,0,tensorrt,tensorrt,tensorrt,29.75,29.75,33.31,33.61,4.83,11.58,16.41,1518.62,55.0,0.0,1518.62,55.0,0.0,34.99,32.59,1.08,68.66,0.5229,False,False
1780821168.4999385,archive_hollywood_flood_rescue_1938_5c33e8,archive_hollywood_flood_rescue_1938_5c33e8.mp4,122,50.0,640,480,combined,detect_combined,Flooded,deeplabv3plus,False,False,0,tensorrt,tensorrt,tensorrt,31.0,31.0,31.95,32.26,5.35,8.59,13.94,1518.62,53.5,0.0,1518.62,53.5,0.0,34.99,32.59,1.08,68.66,0.3624,False,False
1780821168.5726192,archive_hollywood_flood_rescue_1938_5c33e8,archive_hollywood_flood_rescue_1938_5c33e8.mp4,123,50.0,640,480,combined,detect_combined,Flooded,deeplabv3plus,False,False,0,tensorrt,tensorrt,tensorrt,25.63,25.63,38.71,39.01,6.25,13.59,19.84,1518.62,44.2,0.0,1518.62,44.2,0.0,34.99,32.59,1.08,68.66,0.4979,False,False
1780821168.6568353,archive_hollywood_flood_rescue_1938_5c33e8,archive_hollywood_flood_rescue_1938_5c33e8.mp4,124,50.0,640,480,combined,detect_combined,Flooded,deeplabv3plus,False,False,0,tensorrt,tensorrt,tensorrt,24.61,24.61,40.28,40.63,6.77,13.66,20.43,1518.62,48.1,0.0,1518.62,48.1,0.0,34.99,32.59,1.08,68.66,0.7075,False,False
1780821168.7323005,archive_hollywood_flood_rescue_1938_5c33e8,archive_hollywood_flood_rescue_1938_5c33e8.mp4,125,50.0,640,480,combined,detect_combined,Flooded,deeplabv3plus,False,False,0,tensorrt,tensorrt,tensorrt,27.29,27.29,36.28,36.64,4.81,9.67,14.48,1518.62,43.5,0.0,1518.62,43.5,0.0,34.99,32.59,1.08,68.66,0.7633,False,False
1780821168.813677,archive_hollywood_flood_rescue_1938_5c33e8,archive_hollywood_flood_rescue_1938_5c33e8.mp4,126,50.0,640,480,combined,detect_combined,Flooded,deeplabv3plus,False,False,0,tensorrt,tensorrt,tensorrt,30.38,30.38,32.55,32.92,4.49,12.48,16.97,1518.62,51.9,0.0,1518.62,51.9,0.0,34.99,32.59,1.08,68.66,0.6754,False,False
1780821168.8920226,archive_hollywood_flood_rescue_1938_5c33e8,archive_hollywood_flood_rescue_1938_5c33e8.mp4,127,50.0,640,480,combined,detect_combined,Flooded,deeplabv3plus,False,False,0,tensorrt,tensorrt,tensorrt,27.25,27.25,36.34,36.7,5.15,9.63,14.780000000000001,1518.61,48.9,0.0,1518.61,48.9,0.0,34.99,32.59,1.08,68.66,0.7328,False,False
1780821168.9680517,archive_hollywood_flood_rescue_1938_5c33e8,archive_hollywood_flood_rescue_1938_5c33e8.mp4,128,50.0,640,480,combined,detect_combined,Flooded,deeplabv3plus,False,False,0,tensorrt,tensorrt,tensorrt,29.31,29.31,33.79,34.12,4.5,10.71,15.21,1518.61,46.7,0.0,1518.61,46.7,0.0,34.99,32.59,1.08,68.66,0.5933,False,False
1780821169.0413425,archive_hollywood_flood_rescue_1938_5c33e8,archive_hollywood_flood_rescue_1938_5c33e8.mp4,129,50.0,640,480,combined,detect_combined,Flooded,deeplabv3plus,False,False,0,tensorrt,tensorrt,tensorrt,32.78,32.78,30.18,30.5,4.67,11.92,16.59,1518.61,37.2,0.0,1518.61,37.2,0.0,34.99,32.59,1.08,68.66,0.7028,False,False
1780821169.1235754,archive_hollywood_flood_rescue_1938_5c33e8,archive_hollywood_flood_rescue_1938_5c33e8.mp4,130,50.0,640,480,combined,detect_combined,Flooded,deeplabv3plus,False,False,0,tensorrt,tensorrt,tensorrt,27.14,27.14,36.3,36.85,6.8,11.47,18.27,1518.61,32.7,0.0,1518.61,32.7,0.0,34.99,32.59,1.08,68.66,0.6298,False,False
1780821169.2071064,archive_hollywood_flood_rescue_1938_5c33e8,archive_hollywood_flood_rescue_1938_5c33e8.mp4,131,50.0,640,480,combined,detect_combined,Flooded,deeplabv3plus,False,False,0,tensorrt,tensorrt,tensorrt,27.45,27.45,36.04,36.42,7.03,13.17,20.2,1518.61,28.3,0.0,1518.61,28.3,0.0,34.99,32.59,1.08,68.66,0.6036,False,False
1780821169.3019676,archive_hollywood_flood_rescue_1938_5c33e8,archive_hollywood_flood_rescue_1938_5c33e8.mp4,132,50.0,640,480,combined,detect_combined,Flooded,deeplabv3plus,False,False,0,tensorrt,tensorrt,tensorrt,23.64,23.64,41.94,42.3,5.03,16.05,21.080000000000002,1518.61,39.3,0.0,1518.61,39.3,0.0,34.99,32.59,1.08,68.66,0.5597,False,False
1780821169.4072485,archive_hollywood_flood_rescue_1938_5c33e8,archive_hollywood_flood_rescue_1938_5c33e8.mp4,133,50.0,640,480,combined,detect_combined,Flooded,deeplabv3plus,False,False,0,tensorrt,tensorrt,tensorrt,21.23,21.23,46.73,47.09,5.74,17.58,23.32,1518.61,50.8,0.0,1518.61,50.8,0.0,34.99,32.59,1.08,68.66,0.5305,False,False
1780821169.500523,archive_hollywood_flood_rescue_1938_5c33e8,archive_hollywood_flood_rescue_1938_5c33e8.mp4,134,50.0,640,480,combined,detect_combined,Flooded,deeplabv3plus,False,False,0,tensorrt,tensorrt,tensorrt,21.47,21.47,45.97,46.58,7.22,19.28,26.5,1518.61,53.6,0.0,1518.61,53.6,0.0,34.99,32.59,1.08,68.66,0.4404,False,False
1780821169.5832949,archive_hollywood_flood_rescue_1938_5c33e8,archive_hollywood_flood_rescue_1938_5c33e8.mp4,135,50.0,640,480,combined,detect_combined,Flooded,deeplabv3plus,False,False,0,tensorrt,tensorrt,tensorrt,27.06,27.06,36.61,36.95,4.44,13.75,18.19,1518.61,50.0,0.0,1518.61,50.0,0.0,34.99,32.59,1.08,68.66,0.5557,False,False
1780821169.6777842,archive_hollywood_flood_rescue_1938_5c33e8,archive_hollywood_flood_rescue_1938_5c33e8.mp4,136,50.0,640,480,combined,detect_combined,Flooded,deeplabv3plus,False,False,0,tensorrt,tensorrt,tensorrt,22.63,22.63,43.66,44.19,7.58,16.64,24.22,1518.61,49.1,0.0,1518.61,49.1,0.0,34.99,32.59,1.08,68.66,0.6115,False,False
1780821169.765952,archive_hollywood_flood_rescue_1938_5c33e8,archive_hollywood_flood_rescue_1938_5c33e8.mp4,137,50.0,640,480,combined,detect_combined,Flooded,deeplabv3plus,False,False,0,tensorrt,tensorrt,tensorrt,24.27,24.27,40.73,41.2,5.35,18.93,24.28,1518.61,48.1,0.0,1518.61,48.1,0.0,34.99,32.59,1.08,68.66,0.6241,False,False
1780821169.864846,archive_hollywood_flood_rescue_1938_5c33e8,archive_hollywood_flood_rescue_1938_5c33e8.mp4,138,50.0,640,480,combined,detect_combined,Flooded,deeplabv3plus,False,False,0,tensorrt,tensorrt,tensorrt,23.64,23.64,41.4,42.31,5.2,21.31,26.509999999999998,1518.61,42.5,0.0,1518.61,42.5,0.0,34.99,32.59,1.08,68.66,0.6161,False,False
1780821169.9534712,archive_hollywood_flood_rescue_1938_5c33e8,archive_hollywood_flood_rescue_1938_5c33e8.mp4,139,50.0,640,480,combined,detect_combined,Flooded,deeplabv3plus,False,False,0,tensorrt,tensorrt,tensorrt,25.75,25.75,38.44,38.84,5.95,13.82,19.77,1518.61,46.9,0.0,1518.61,46.9,0.0,34.99,32.59,1.08,68.66,0.5979,False,False
1780821170.0371554,archive_hollywood_flood_rescue_1938_5c33e8,archive_hollywood_flood_rescue_1938_5c33e8.mp4,140,50.0,640,480,combined,detect_combined,Flooded,deeplabv3plus,False,False,0,tensorrt,tensorrt,tensorrt,24.74,24.74,39.87,40.42,5.7,14.17,19.87,1518.61,45.1,0.0,1518.61,45.1,0.0,34.99,32.59,1.08,68.66,0.6416,False,False
1780821170.1084783,archive_hollywood_flood_rescue_1938_5c33e8,archive_hollywood_flood_rescue_1938_5c33e8.mp4,141,50.0,640,480,combined,detect_combined,Flooded,deeplabv3plus,False,False,0,tensorrt,tensorrt,tensorrt,30.38,30.38,32.48,32.92,4.24,8.13,12.370000000000001,1518.61,46.5,0.0,1518.61,46.5,0.0,34.99,32.59,1.08,68.66,0.6893,False,False
1780821170.179407,archive_hollywood_flood_rescue_1938_5c33e8,archive_hollywood_flood_rescue_1938_5c33e8.mp4,142,50.0,640,480,combined,detect_combined,Flooded,deeplabv3plus,False,False,0,tensorrt,tensorrt,tensorrt,30.22,30.22,32.75,33.09,4.96,9.26,14.219999999999999,1518.61,38.1,0.0,1518.61,38.1,0.0,34.99,32.59,1.08,68.66,0.6278,False,False
1780821170.26167,archive_hollywood_flood_rescue_1938_5c33e8,archive_hollywood_flood_rescue_1938_5c33e8.mp4,143,50.0,640,480,combined,detect_combined,Flooded,deeplabv3plus,False,False,0,tensorrt,tensorrt,tensorrt,29.13,29.13,33.96,34.33,6.62,11.39,18.01,1518.61,44.7,0.0,1518.61,44.7,0.0,34.99,32.59,1.08,68.66,0.5996,False,False
1780821170.350168,archive_hollywood_flood_rescue_1938_5c33e8,archive_hollywood_flood_rescue_1938_5c33e8.mp4,144,50.0,640,480,combined,detect_combined,Flooded,deeplabv3plus,False,False,0,tensorrt,tensorrt,tensorrt,28.61,28.61,34.58,34.95,7.9,11.98,19.880000000000003,1518.61,38.9,0.0,1518.61,38.9,0.0,34.99,32.59,1.08,68.66,0.6718,False,False
1780821170.4483113,archive_hollywood_flood_rescue_1938_5c33e8,archive_hollywood_flood_rescue_1938_5c33e8.mp4,145,50.0,640,480,combined,detect_combined,Flooded,deeplabv3plus,False,False,0,tensorrt,tensorrt,tensorrt,23.25,23.25,42.63,43.0,5.23,16.01,21.240000000000002,1518.61,33.9,0.0,1518.61,33.9,0.0,34.99,32.59,1.08,68.66,0.6207,False,False
1780821170.5509171,archive_hollywood_flood_rescue_1938_5c33e8,archive_hollywood_flood_rescue_1938_5c33e8.mp4,146,50.0,640,480,combined,detect_combined,Flooded,deeplabv3plus,False,False,0,tensorrt,tensorrt,tensorrt,22.52,22.52,44.03,44.41,5.65,15.6,21.25,1518.61,29.3,0.0,1518.61,29.3,0.0,34.99,32.59,1.08,68.66,0.5732,False,False
1780821170.6566958,archive_hollywood_flood_rescue_1938_5c33e8,archive_hollywood_flood_rescue_1938_5c33e8.mp4,147,50.0,640,480,combined,detect_combined,Flooded,deeplabv3plus,False,False,0,tensorrt,tensorrt,tensorrt,22.07,22.07,44.95,45.32,7.93,19.58,27.509999999999998,1518.61,40.3,0.0,1518.61,40.3,0.0,34.99,32.59,1.08,68.66,0.5161,False,False
1780821170.7575467,archive_hollywood_flood_rescue_1938_5c33e8,archive_hollywood_flood_rescue_1938_5c33e8.mp4,148,50.0,640,480,combined,detect_combined,Flooded,deeplabv3plus,False,False,0,tensorrt,tensorrt,tensorrt,24.17,24.17,41.0,41.38,6.67,16.62,23.29,1518.61,53.3,0.0,1518.61,53.3,0.0,34.99,32.59,1.08,68.66,0.5777,False,False
1780821170.8570619,archive_hollywood_flood_rescue_1938_5c33e8,archive_hollywood_flood_rescue_1938_5c33e8.mp4,149,50.0,640,480,combined,detect_combined,Flooded,deeplabv3plus,False,False,0,tensorrt,tensorrt,tensorrt,23.04,23.04,43.0,43.4,7.74,17.46,25.200000000000003,1518.61,50.0,0.0,1518.61,50.0,0.0,34.99,32.59,1.08,68.66,0.5455,False,False
1780821170.9341726,archive_hollywood_flood_rescue_1938_5c33e8,archive_hollywood_flood_rescue_1938_5c33e8.mp4,150,50.0,640,480,combined,detect_combined,Flooded,deeplabv3plus,False,False,0,tensorrt,tensorrt,tensorrt,35.31,35.31,27.99,28.32,5.01,8.83,13.84,1518.61,53.3,0.0,1518.61,53.3,0.0,34.99,32.59,1.08,68.66,0.5904,False,False
1780821171.009894,archive_hollywood_flood_rescue_1938_5c33e8,archive_hollywood_flood_rescue_1938_5c33e8.mp4,151,50.0,640,480,combined,detect_combined,Flooded,deeplabv3plus,False,False,0,tensorrt,tensorrt,tensorrt,27.23,27.23,36.4,36.73,5.27,10.38,15.65,1518.61,53.2,0.0,1518.61,53.2,0.0,34.99,32.59,1.08,68.66,0.6633,False,False
1780821171.1009994,archive_hollywood_flood_rescue_1938_5c33e8,archive_hollywood_flood_rescue_1938_5c33e8.mp4,152,50.0,640,480,combined,detect_combined,Flooded,deeplabv3plus,False,False,0,tensorrt,tensorrt,tensorrt,22.38,22.38,44.34,44.69,5.42,18.32,23.740000000000002,1518.61,42.6,0.0,1518.61,42.6,0.0,34.99,32.59,1.08,68.66,0.6136,False,False
1780821171.207742,archive_hollywood_flood_rescue_1938_5c33e8,archive_hollywood_flood_rescue_1938_5c33e8.mp4,153,50.0,640,480,combined,detect_combined,Flooded,deeplabv3plus,False,False,0,tensorrt,tensorrt,tensorrt,22.21,22.21,44.63,45.02,7.68,17.37,25.05,1518.61,31.7,0.0,1518.61,31.7,0.0,34.99,32.59,1.08,68.66,0.6308,False,False
1780821171.3012874,archive_hollywood_flood_rescue_1938_5c33e8,archive_hollywood_flood_rescue_1938_5c33e8.mp4,154,50.0,640,480,combined,detect_combined,Flooded,deeplabv3plus,False,False,0,tensorrt,tensorrt,tensorrt,26.58,26.58,37.22,37.62,6.31,13.54,19.849999999999998,1518.61,29.6,0.0,1518.61,29.6,0.0,34.99,32.59,1.08,68.66,0.6904,False,False
1780821171.4119546,archive_hollywood_flood_rescue_1938_5c33e8,archive_hollywood_flood_rescue_1938_5c33e8.mp4,155,50.0,640,480,combined,detect_combined,Flooded,deeplabv3plus,False,False,0,tensorrt,tensorrt,tensorrt,21.45,21.45,46.22,46.62,7.98,21.97,29.95,1518.61,33.3,0.0,1518.61,33.3,0.0,34.99,32.59,1.08,68.66,0.6081,False,False
1780821171.5145211,archive_hollywood_flood_rescue_1938_5c33e8,archive_hollywood_flood_rescue_1938_5c33e8.mp4,156,50.0,640,480,combined,detect_combined,Flooded,deeplabv3plus,False,False,0,tensorrt,tensorrt,tensorrt,24.12,24.12,41.06,41.47,6.01,16.54,22.549999999999997,1518.61,35.0,0.0,1518.61,35.0,0.0,34.99,32.59,1.08,68.66,0.564,False,False
1780821171.6287663,archive_hollywood_flood_rescue_1938_5c33e8,archive_hollywood_flood_rescue_1938_5c33e8.mp4,157,50.0,640,480,combined,detect_combined,Flooded,deeplabv3plus,False,False,0,tensorrt,tensorrt,tensorrt,21.47,21.47,46.18,46.59,6.63,21.73,28.36,1518.61,31.3,0.0,1518.61,31.3,0.0,34.99,32.59,1.08,68.66,0.5455,False,False
1780821171.7414067,archive_hollywood_flood_rescue_1938_5c33e8,archive_hollywood_flood_rescue_1938_5c33e8.mp4,158,50.0,640,480,combined,detect_combined,Flooded,deeplabv3plus,False,False,0,tensorrt,tensorrt,tensorrt,21.68,21.68,45.72,46.13,6.51,19.51,26.020000000000003,1518.61,30.8,0.0,1518.61,30.8,0.0,34.99,32.59,1.08,68.66,0.4339,False,False
1780821171.8668814,archive_hollywood_flood_rescue_1938_5c33e8,archive_hollywood_flood_rescue_1938_5c33e8.mp4,159,50.0,640,480,combined,detect_combined,Flooded,deeplabv3plus,False,False,0,tensorrt,tensorrt,tensorrt,17.03,17.03,58.31,58.72,13.86,26.01,39.870000000000005,1518.61,32.9,0.0,1518.61,32.9,0.0,34.99,32.59,1.08,68.66,0.5149,False,False
1780821171.9765708,archive_hollywood_flood_rescue_1938_5c33e8,archive_hollywood_flood_rescue_1938_5c33e8.mp4,160,50.0,640,480,combined,detect_combined,Flooded,deeplabv3plus,False,False,0,tensorrt,tensorrt,tensorrt,20.05,20.05,49.45,49.87,10.63,18.17,28.800000000000004,1518.61,44.4,0.0,1518.61,44.4,0.0,34.99,32.59,1.08,68.66,0.551,False,False
1780821172.0885513,archive_hollywood_flood_rescue_1938_5c33e8,archive_hollywood_flood_rescue_1938_5c33e8.mp4,161,50.0,640,480,combined,detect_combined,Flooded,deeplabv3plus,False,False,0,tensorrt,tensorrt,tensorrt,18.97,18.97,52.25,52.72,7.25,20.48,27.73,1518.61,50.0,0.0,1518.61,50.0,0.0,34.99,32.59,1.08,68.66,0.4507,False,False
1780821172.1976023,archive_hollywood_flood_rescue_1938_5c33e8,archive_hollywood_flood_rescue_1938_5c33e8.mp4,162,50.0,640,480,combined,detect_combined,Flooded,deeplabv3plus,False,False,0,tensorrt,tensorrt,tensorrt,21.07,21.07,47.07,47.47,6.91,17.46,24.37,1518.61,46.8,0.0,1518.61,46.8,0.0,34.99,32.59,1.08,68.66,0.5784,False,False
1780821172.3249114,archive_hollywood_flood_rescue_1938_5c33e8,archive_hollywood_flood_rescue_1938_5c33e8.mp4,163,50.0,640,480,combined,detect_combined,Flooded,deeplabv3plus,False,False,0,tensorrt,tensorrt,tensorrt,16.61,16.61,59.61,60.21,10.92,24.55,35.47,1518.61,48.7,0.0,1518.61,48.7,0.0,34.99,32.59,1.08,68.66,0.4801,False,False
1780821172.4358563,archive_hollywood_flood_rescue_1938_5c33e8,archive_hollywood_flood_rescue_1938_5c33e8.mp4,164,50.0,640,480,combined,detect_combined,Flooded,deeplabv3plus,False,False,0,tensorrt,tensorrt,tensorrt,26.42,26.42,37.3,37.85,7.29,20.3,27.59,1518.61,53.8,0.0,1518.61,53.8,0.0,34.99,32.59,1.08,68.66,0.3978,False,False
1780821172.54283,archive_hollywood_flood_rescue_1938_5c33e8,archive_hollywood_flood_rescue_1938_5c33e8.mp4,165,50.0,640,480,combined,detect_combined,Flooded,deeplabv3plus,False,False,0,tensorrt,tensorrt,tensorrt,18.36,18.36,53.96,54.48,12.29,19.05,31.34,1518.61,48.4,0.0,1518.61,48.4,0.0,34.99,32.59,1.08,68.66,0.3512,False,False
1780821172.6365287,archive_hollywood_flood_rescue_1938_5c33e8,archive_hollywood_flood_rescue_1938_5c33e8.mp4,166,50.0,640,480,combined,detect_combined,Flooded,deeplabv3plus,False,False,0,tensorrt,tensorrt,tensorrt,20.75,20.75,47.78,48.2,6.58,15.06,21.64,1518.61,47.4,0.0,1518.61,47.4,0.0,34.99,32.59,1.08,68.66,0.4158,False,False
1780821172.7467384,archive_hollywood_flood_rescue_1938_5c33e8,archive_hollywood_flood_rescue_1938_5c33e8.mp4,167,50.0,640,480,combined,detect_combined,Flooded,deeplabv3plus,False,False,0,tensorrt,tensorrt,tensorrt,17.36,17.36,57.21,57.59,13.95,22.25,36.2,1518.61,32.8,0.0,1518.61,32.8,0.0,34.99,32.59,1.08,68.66,0.4294,False,False
1780821172.8591537,archive_hollywood_flood_rescue_1938_5c33e8,archive_hollywood_flood_rescue_1938_5c33e8.mp4,168,50.0,640,480,combined,detect_combined,Flooded,deeplabv3plus,False,False,0,tensorrt,tensorrt,tensorrt,21.59,21.59,45.92,46.32,6.47,20.17,26.64,1518.61,33.8,0.0,1518.61,33.8,0.0,34.99,32.59,1.08,68.66,0.4051,False,False
1780821172.9879594,archive_hollywood_flood_rescue_1938_5c33e8,archive_hollywood_flood_rescue_1938_5c33e8.mp4,169,50.0,640,480,combined,detect_combined,Flooded,deeplabv3plus,False,False,0,tensorrt,tensorrt,tensorrt,16.25,16.25,61.13,61.54,14.18,24.76,38.94,1518.61,28.8,0.0,1518.61,28.8,0.0,34.99,32.59,1.08,68.66,0.4754,False,False
1780821173.1074898,archive_hollywood_flood_rescue_1938_5c33e8,archive_hollywood_flood_rescue_1938_5c33e8.mp4,170,50.0,640,480,combined,detect_combined,Flooded,deeplabv3plus,False,False,0,tensorrt,tensorrt,tensorrt,21.39,21.39,46.33,46.76,8.72,23.31,32.03,1518.61,31.0,0.0,1518.61,31.0,0.0,34.99,32.59,1.08,68.66,0.4196,False,False
1780821173.228891,archive_hollywood_flood_rescue_1938_5c33e8,archive_hollywood_flood_rescue_1938_5c33e8.mp4,171,50.0,640,480,combined,detect_combined,Flooded,deeplabv3plus,False,False,0,tensorrt,tensorrt,tensorrt,20.57,20.57,48.21,48.63,11.93,22.08,34.01,1518.61,32.9,0.0,1518.61,32.9,0.0,34.99,32.59,1.08,68.66,0.6135,False,False
1780821173.3331923,archive_hollywood_flood_rescue_1938_5c33e8,archive_hollywood_flood_rescue_1938_5c33e8.mp4,172,50.0,640,480,combined,detect_combined,Flooded,deeplabv3plus,False,False,0,tensorrt,tensorrt,tensorrt,21.67,21.67,45.74,46.16,6.57,20.27,26.84,1518.61,50.0,0.0,1518.61,50.0,0.0,34.99,32.59,1.08,68.66,0.6129,False,False
1780821173.4506476,archive_hollywood_flood_rescue_1938_5c33e8,archive_hollywood_flood_rescue_1938_5c33e8.mp4,173,50.0,640,480,combined,detect_combined,Flooded,deeplabv3plus,False,False,0,tensorrt,tensorrt,tensorrt,18.5,18.5,53.68,54.04,10.5,16.11,26.61,1518.61,47.9,0.0,1518.61,47.9,0.0,34.99,32.59,1.08,68.66,0.4403,False,False
1780821173.5376375,archive_hollywood_flood_rescue_1938_5c33e8,archive_hollywood_flood_rescue_1938_5c33e8.mp4,174,50.0,640,480,combined,detect_combined,Flooded,deeplabv3plus,False,False,0,tensorrt,tensorrt,tensorrt,26.3,26.3,37.64,38.03,5.3,10.14,15.440000000000001,1518.61,48.1,0.0,1518.61,48.1,0.0,34.99,32.59,1.08,68.66,0.494,False,False
1780821173.627611,archive_hollywood_flood_rescue_1938_5c33e8,archive_hollywood_flood_rescue_1938_5c33e8.mp4,175,50.0,640,480,combined,detect_combined,Flooded,deeplabv3plus,False,False,0,tensorrt,tensorrt,tensorrt,23.49,23.49,42.27,42.57,5.55,10.94,16.49,1518.61,46.2,0.0,1518.61,46.2,0.0,34.99,32.59,1.08,68.66,0.5339,False,False
1780821173.7122645,archive_hollywood_flood_rescue_1938_5c33e8,archive_hollywood_flood_rescue_1938_5c33e8.mp4,176,50.0,640,480,combined,detect_combined,Flooded,deeplabv3plus,False,False,0,tensorrt,tensorrt,tensorrt,21.63,21.63,45.87,46.24,5.68,12.7,18.38,1518.61,38.8,0.0,1518.61,38.8,0.0,34.99,32.59,1.08,68.66,0.4568,False,False
1780821173.8187258,archive_hollywood_flood_rescue_1938_5c33e8,archive_hollywood_flood_rescue_1938_5c33e8.mp4,177,50.0,640,480,combined,detect_combined,Flooded,deeplabv3plus,False,False,0,tensorrt,tensorrt,tensorrt,21.02,21.02,47.19,47.57,6.33,19.62,25.950000000000003,1518.61,34.9,0.0,1518.61,34.9,0.0,34.99,32.59,1.08,68.66,0.4011,False,False
1780821173.9480665,archive_hollywood_flood_rescue_1938_5c33e8,archive_hollywood_flood_rescue_1938_5c33e8.mp4,178,50.0,640,480,combined,detect_combined,Flooded,deeplabv3plus,False,False,0,tensorrt,tensorrt,tensorrt,16.14,16.14,61.54,61.94,12.67,19.0,31.67,1518.61,31.6,0.0,1518.61,31.6,0.0,34.99,32.59,1.08,68.66,0.3651,False,False
1780821174.065381,archive_hollywood_flood_rescue_1938_5c33e8,archive_hollywood_flood_rescue_1938_5c33e8.mp4,179,50.0,640,480,combined,detect_combined,Flooded,deeplabv3plus,False,False,0,tensorrt,tensorrt,tensorrt,20.5,20.5,48.37,48.79,6.5,18.01,24.51,1518.61,33.3,0.0,1518.61,33.3,0.0,34.99,32.59,1.08,68.66,0.3508,False,False
1780821174.1807094,archive_hollywood_flood_rescue_1938_5c33e8,archive_hollywood_flood_rescue_1938_5c33e8.mp4,180,50.0,640,480,combined,detect_combined,Flooded,deeplabv3plus,False,False,0,tensorrt,tensorrt,tensorrt,20.63,20.63,48.07,48.47,7.05,20.59,27.64,1518.61,32.4,0.0,1518.61,32.4,0.0,34.99,32.59,1.08,68.66,0.2983,False,False
1780821174.297527,archive_hollywood_flood_rescue_1938_5c33e8,archive_hollywood_flood_rescue_1938_5c33e8.mp4,181,50.0,640,480,combined,detect_combined,Flooded,deeplabv3plus,False,False,0,tensorrt,tensorrt,tensorrt,19.99,19.99,49.58,50.03,6.27,18.48,24.75,1518.61,31.9,0.0,1518.61,31.9,0.0,34.99,32.59,1.08,68.66,0.4577,False,False
1780821174.414588,archive_hollywood_flood_rescue_1938_5c33e8,archive_hollywood_flood_rescue_1938_5c33e8.mp4,182,50.0,640,480,combined,detect_combined,Flooded,deeplabv3plus,False,False,0,tensorrt,tensorrt,tensorrt,20.88,20.88,47.48,47.9,6.69,19.13,25.82,1518.61,35.2,0.0,1518.61,35.2,0.0,34.99,32.59,1.08,68.66,0.5107,False,False
1780821174.5371165,archive_hollywood_flood_rescue_1938_5c33e8,archive_hollywood_flood_rescue_1938_5c33e8.mp4,183,50.0,640,480,combined,detect_combined,Flooded,deeplabv3plus,False,False,0,tensorrt,tensorrt,tensorrt,17.57,17.57,56.5,56.9,6.77,20.59,27.36,1518.61,32.9,0.0,1518.61,32.9,0.0,34.99,32.59,1.08,68.66,0.4739,False,False
1780821174.6506286,archive_hollywood_flood_rescue_1938_5c33e8,archive_hollywood_flood_rescue_1938_5c33e8.mp4,184,50.0,640,480,combined,detect_combined,Flooded,deeplabv3plus,False,False,0,tensorrt,tensorrt,tensorrt,22.06,22.06,44.93,45.34,8.03,21.34,29.369999999999997,1518.61,40.0,0.0,1518.61,40.0,0.0,34.99,32.59,1.08,68.66,0.573,False,False
1780821174.7656274,archive_hollywood_flood_rescue_1938_5c33e8,archive_hollywood_flood_rescue_1938_5c33e8.mp4,185,50.0,640,480,combined,detect_combined,Flooded,deeplabv3plus,False,False,0,tensorrt,tensorrt,tensorrt,16.57,16.57,59.94,60.34,11.55,23.36,34.91,1518.61,60.9,0.0,1518.61,60.9,0.0,34.99,32.59,1.08,68.66,0.6136,False,False
1780821174.8786385,archive_hollywood_flood_rescue_1938_5c33e8,archive_hollywood_flood_rescue_1938_5c33e8.mp4,186,50.0,640,480,combined,detect_combined,Flooded,deeplabv3plus,False,False,0,tensorrt,tensorrt,tensorrt,13.12,13.12,75.9,76.22,5.54,17.49,23.029999999999998,1518.9,69.7,0.0,1518.9,69.7,0.0,34.99,32.59,1.08,68.66,0.5255,False,False
1780821174.9575245,archive_hollywood_flood_rescue_1938_5c33e8,archive_hollywood_flood_rescue_1938_5c33e8.mp4,187,50.0,640,480,combined,detect_combined,Flooded,deeplabv3plus,False,False,0,tensorrt,tensorrt,tensorrt,25.19,25.19,39.38,39.7,6.64,15.84,22.48,1518.9,66.0,0.0,1518.9,66.0,0.0,34.99,32.59,1.08,68.66,0.4975,False,False
1780821175.0469863,archive_hollywood_flood_rescue_1938_5c33e8,archive_hollywood_flood_rescue_1938_5c33e8.mp4,188,50.0,640,480,combined,detect_combined,Flooded,deeplabv3plus,False,False,0,tensorrt,tensorrt,tensorrt,23.36,23.36,42.44,42.81,5.39,16.54,21.93,1518.9,57.7,0.0,1518.9,57.7,0.0,34.99,32.59,1.08,68.66,0.5862,False,False
1780821175.1343658,archive_hollywood_flood_rescue_1938_5c33e8,archive_hollywood_flood_rescue_1938_5c33e8.mp4,189,50.0,640,480,combined,detect_combined,Flooded,deeplabv3plus,False,False,0,tensorrt,tensorrt,tensorrt,28.44,28.44,34.76,35.17,4.66,13.67,18.33,1518.9,45.3,0.0,1518.9,45.3,0.0,34.99,32.59,1.08,68.66,0.4709,False,False
1780821175.2121198,archive_hollywood_flood_rescue_1938_5c33e8,archive_hollywood_flood_rescue_1938_5c33e8.mp4,190,50.0,640,480,combined,detect_combined,Flooded,deeplabv3plus,False,False,0,tensorrt,tensorrt,tensorrt,28.67,28.67,34.56,34.88,5.01,9.42,14.43,1518.9,28.3,0.0,1518.9,28.3,0.0,34.99,32.59,1.08,68.66,0.5322,False,False
1780821175.289336,archive_hollywood_flood_rescue_1938_5c33e8,archive_hollywood_flood_rescue_1938_5c33e8.mp4,191,50.0,640,480,combined,detect_combined,Flooded,deeplabv3plus,False,False,0,tensorrt,tensorrt,tensorrt,27.63,27.63,35.84,36.2,5.62,11.15,16.77,1518.9,40.4,0.0,1518.9,40.4,0.0,34.99,32.59,1.08,68.66,0.4716,False,False
1780821175.3551757,archive_hollywood_flood_rescue_1938_5c33e8,archive_hollywood_flood_rescue_1938_5c33e8.mp4,192,50.0,640,480,combined,detect_combined,Flooded,deeplabv3plus,False,False,0,tensorrt,tensorrt,tensorrt,41.17,41.17,24.0,24.29,4.18,7.1,11.28,1518.9,55.0,0.0,1518.9,55.0,0.0,34.99,32.59,1.08,68.66,0.5557,False,False
1780821175.4285035,archive_hollywood_flood_rescue_1938_5c33e8,archive_hollywood_flood_rescue_1938_5c33e8.mp4,193,50.0,640,480,combined,detect_combined,Flooded,deeplabv3plus,False,False,0,tensorrt,tensorrt,tensorrt,31.62,31.62,31.31,31.62,5.69,8.18,13.870000000000001,1518.9,50.0,0.0,1518.9,50.0,0.0,34.99,32.59,1.08,68.66,0.502,False,False
1780821175.5034523,archive_hollywood_flood_rescue_1938_5c33e8,archive_hollywood_flood_rescue_1938_5c33e8.mp4,194,50.0,640,480,combined,detect_combined,Flooded,deeplabv3plus,False,False,0,tensorrt,tensorrt,tensorrt,28.98,28.98,34.18,34.51,6.72,8.04,14.759999999999998,1518.9,31.7,0.0,1518.9,31.7,0.0,34.99,32.59,1.08,68.66,0.5533,False,False
1780821175.5866587,archive_hollywood_flood_rescue_1938_5c33e8,archive_hollywood_flood_rescue_1938_5c33e8.mp4,195,50.0,640,480,combined,detect_combined,Flooded,deeplabv3plus,False,False,0,tensorrt,tensorrt,tensorrt,26.79,26.79,36.99,37.32,6.58,15.18,21.759999999999998,1518.9,33.3,0.0,1518.9,33.3,0.0,34.99,32.59,1.08,68.66,0.5292,False,False
1780821175.669176,archive_hollywood_flood_rescue_1938_5c33e8,archive_hollywood_flood_rescue_1938_5c33e8.mp4,196,50.0,640,480,combined,detect_combined,Flooded,deeplabv3plus,False,False,0,tensorrt,tensorrt,tensorrt,30.74,30.74,32.2,32.53,6.0,9.89,15.89,1518.9,34.7,0.0,1518.9,34.7,0.0,34.99,32.59,1.08,68.66,0.6239,False,False
1780821175.7411616,archive_hollywood_flood_rescue_1938_5c33e8,archive_hollywood_flood_rescue_1938_5c33e8.mp4,197,50.0,640,480,combined,detect_combined,Flooded,deeplabv3plus,False,False,0,tensorrt,tensorrt,tensorrt,29.28,29.28,33.79,34.16,4.8,10.85,15.649999999999999,1518.9,36.4,0.0,1518.9,36.4,0.0,34.99,32.59,1.08,68.66,0.5534,False,False
1780821175.8187804,archive_hollywood_flood_rescue_1938_5c33e8,archive_hollywood_flood_rescue_1938_5c33e8.mp4,198,50.0,640,480,combined,detect_combined,Flooded,deeplabv3plus,False,False,0,tensorrt,tensorrt,tensorrt,30.4,30.4,32.4,32.89,5.39,9.07,14.46,1518.9,30.2,0.0,1518.9,30.2,0.0,34.99,32.59,1.08,68.66,0.5798,False,False
1780821175.9067616,archive_hollywood_flood_rescue_1938_5c33e8,archive_hollywood_flood_rescue_1938_5c33e8.mp4,199,50.0,640,480,combined,detect_combined,Flooded,deeplabv3plus,False,False,0,tensorrt,tensorrt,tensorrt,22.25,22.25,44.55,44.94,4.7,13.86,18.56,1518.9,35.8,0.0,1518.9,35.8,0.0,34.99,32.59,1.08,68.66,0.4649,False,False
1780821175.9850013,archive_hollywood_flood_rescue_1938_5c33e8,archive_hollywood_flood_rescue_1938_5c33e8.mp4,200,50.0,640,480,combined,detect_combined,Flooded,deeplabv3plus,False,False,0,tensorrt,tensorrt,tensorrt,31.66,31.66,31.27,31.59,4.32,9.74,14.06,1518.9,52.1,0.0,1518.9,52.1,0.0,34.99,32.59,1.08,68.66,0.4184,False,False
1780821176.06627,archive_hollywood_flood_rescue_1938_5c33e8,archive_hollywood_flood_rescue_1938_5c33e8.mp4,201,50.0,640,480,combined,detect_combined,Flooded,deeplabv3plus,False,False,0,tensorrt,tensorrt,tensorrt,27.41,27.41,36.03,36.48,6.88,9.22,16.1,1518.9,58.0,0.0,1518.9,58.0,0.0,34.99,32.59,1.08,68.66,0.5089,False,False
1780821176.1433334,archive_hollywood_flood_rescue_1938_5c33e8,archive_hollywood_flood_rescue_1938_5c33e8.mp4,202,50.0,640,480,combined,detect_combined,Flooded,deeplabv3plus,False,False,0,tensorrt,tensorrt,tensorrt,29.4,29.4,33.68,34.01,4.65,13.31,17.96,1518.9,57.8,0.0,1518.9,57.8,0.0,34.99,32.59,1.08,68.66,0.5431,False,False
1780821176.2194972,archive_hollywood_flood_rescue_1938_5c33e8,archive_hollywood_flood_rescue_1938_5c33e8.mp4,203,50.0,640,480,combined,detect_combined,Flooded,deeplabv3plus,False,False,0,tensorrt,tensorrt,tensorrt,29.43,29.43,33.64,33.98,4.88,10.49,15.370000000000001,1518.9,58.1,0.0,1518.9,58.1,0.0,34.99,32.59,1.08,68.66,0.5412,False,False
1780821176.2887783,archive_hollywood_flood_rescue_1938_5c33e8,archive_hollywood_flood_rescue_1938_5c33e8.mp4,204,50.0,640,480,combined,detect_combined,Flooded,deeplabv3plus,False,False,0,tensorrt,tensorrt,tensorrt,34.55,34.55,28.58,28.95,4.41,8.07,12.48,1518.89,48.7,0.0,1518.89,48.7,0.0,34.99,32.59,1.08,68.66,0.4302,False,False
1780821176.3666005,archive_hollywood_flood_rescue_1938_5c33e8,archive_hollywood_flood_rescue_1938_5c33e8.mp4,205,50.0,640,480,combined,detect_combined,Flooded,deeplabv3plus,False,False,0,tensorrt,tensorrt,tensorrt,30.13,30.13,32.83,33.19,5.07,11.34,16.41,1518.89,50.0,0.0,1518.89,50.0,0.0,34.99,32.59,1.08,68.66,0.4618,False,False
1780821176.4503527,archive_hollywood_flood_rescue_1938_5c33e8,archive_hollywood_flood_rescue_1938_5c33e8.mp4,206,50.0,640,480,combined,detect_combined,Flooded,deeplabv3plus,False,False,0,tensorrt,tensorrt,tensorrt,23.45,23.45,42.27,42.65,4.73,15.07,19.8,1518.89,31.9,0.0,1518.89,31.9,0.0,34.99,32.59,1.08,68.66,0.5006,False,False
1780821176.5327806,archive_hollywood_flood_rescue_1938_5c33e8,archive_hollywood_flood_rescue_1938_5c33e8.mp4,207,50.0,640,480,combined,detect_combined,Flooded,deeplabv3plus,False,False,0,tensorrt,tensorrt,tensorrt,27.02,27.02,36.64,37.01,6.2,14.07,20.27,1518.89,33.3,0.0,1518.89,33.3,0.0,34.99,32.59,1.08,68.66,0.5053,False,False
1780821176.6158857,archive_hollywood_flood_rescue_1938_5c33e8,archive_hollywood_flood_rescue_1938_5c33e8.mp4,208,50.0,640,480,combined,detect_combined,Flooded,deeplabv3plus,False,False,0,tensorrt,tensorrt,tensorrt,29.74,29.74,33.34,33.63,7.38,9.75,17.13,1518.89,30.6,0.0,1518.89,30.6,0.0,34.99,32.59,1.08,68.66,0.4381,False,False
1780821176.6985857,archive_hollywood_flood_rescue_1938_5c33e8,archive_hollywood_flood_rescue_1938_5c33e8.mp4,209,50.0,640,480,combined,detect_combined,Flooded,deeplabv3plus,False,False,0,tensorrt,tensorrt,tensorrt,27.25,27.25,36.02,36.7,5.12,12.63,17.75,1518.89,36.7,0.0,1518.89,36.7,0.0,34.99,32.59,1.08,68.66,0.4473,False,False
1780821176.7836854,archive_hollywood_flood_rescue_1938_5c33e8,archive_hollywood_flood_rescue_1938_5c33e8.mp4,210,50.0,640,480,combined,detect_combined,Flooded,deeplabv3plus,False,False,0,tensorrt,tensorrt,tensorrt,33.59,33.59,29.41,29.77,4.84,13.13,17.97,1518.89,31.2,0.0,1518.89,31.2,0.0,34.99,32.59,1.08,68.66,0.3958,False,False
1780821176.891861,archive_hollywood_flood_rescue_1938_5c33e8,archive_hollywood_flood_rescue_1938_5c33e8.mp4,211,50.0,640,480,combined,detect_combined,Flooded,deeplabv3plus,False,False,0,tensorrt,tensorrt,tensorrt,20.09,20.09,49.39,49.77,5.72,18.7,24.419999999999998,1518.89,33.3,0.0,1518.89,33.3,0.0,34.99,32.59,1.08,68.66,0.3997,False,False
1780821177.005794,archive_hollywood_flood_rescue_1938_5c33e8,archive_hollywood_flood_rescue_1938_5c33e8.mp4,212,50.0,640,480,combined,detect_combined,Flooded,deeplabv3plus,False,False,0,tensorrt,tensorrt,tensorrt,19.87,19.87,49.94,50.33,6.02,20.0,26.02,1518.89,32.8,0.0,1518.89,32.8,0.0,34.99,32.59,1.08,68.66,0.3459,False,False
1780821177.1146836,archive_hollywood_flood_rescue_1938_5c33e8,archive_hollywood_flood_rescue_1938_5c33e8.mp4,213,50.0,640,480,combined,detect_combined,Flooded,deeplabv3plus,False,False,0,tensorrt,tensorrt,tensorrt,22.27,22.27,44.52,44.9,5.58,18.58,24.159999999999997,1518.89,34.9,0.0,1518.89,34.9,0.0,34.99,32.59,1.08,68.66,0.2749,False,False
1780821177.2260096,archive_hollywood_flood_rescue_1938_5c33e8,archive_hollywood_flood_rescue_1938_5c33e8.mp4,214,50.0,640,480,combined,detect_combined,Flooded,deeplabv3plus,False,False,0,tensorrt,tensorrt,tensorrt,21.33,21.33,46.47,46.87,6.85,19.33,26.18,1518.89,31.3,0.0,1518.89,31.3,0.0,34.99,32.59,1.08,68.66,0.3601,False,False
1780821177.3407412,archive_hollywood_flood_rescue_1938_5c33e8,archive_hollywood_flood_rescue_1938_5c33e8.mp4,215,50.0,640,480,combined,detect_combined,Flooded,deeplabv3plus,False,False,0,tensorrt,tensorrt,tensorrt,21.15,21.15,46.95,47.29,6.87,20.59,27.46,1518.89,45.3,0.0,1518.89,45.3,0.0,34.99,32.59,1.08,68.66,0.5083,False,False
1780821177.4603276,archive_hollywood_flood_rescue_1938_5c33e8,archive_hollywood_flood_rescue_1938_5c33e8.mp4,216,50.0,640,480,combined,detect_combined,Flooded,deeplabv3plus,False,False,0,tensorrt,tensorrt,tensorrt,21.7,21.7,45.72,46.09,7.95,21.06,29.009999999999998,1518.89,64.3,0.0,1518.89,64.3,0.0,34.99,32.59,1.08,68.66,0.4099,False,False
1780821177.5509841,archive_hollywood_flood_rescue_1938_5c33e8,archive_hollywood_flood_rescue_1938_5c33e8.mp4,217,50.0,640,480,combined,detect_combined,Flooded,deeplabv3plus,False,False,0,tensorrt,tensorrt,tensorrt,24.86,24.86,39.9,40.23,5.44,12.86,18.3,1518.89,60.8,0.0,1518.89,60.8,0.0,34.99,32.59,1.08,68.66,0.3616,False,False
1780821177.628277,archive_hollywood_flood_rescue_1938_5c33e8,archive_hollywood_flood_rescue_1938_5c33e8.mp4,218,50.0,640,480,combined,detect_combined,Flooded,deeplabv3plus,False,False,0,tensorrt,tensorrt,tensorrt,32.59,32.59,30.27,30.68,4.38,9.13,13.510000000000002,1518.89,70.2,0.0,1518.89,70.2,0.0,34.99,32.59,1.08,68.66,0.4064,False,False
1780821177.7018187,archive_hollywood_flood_rescue_1938_5c33e8,archive_hollywood_flood_rescue_1938_5c33e8.mp4,219,50.0,640,480,combined,detect_combined,Flooded,deeplabv3plus,False,False,0,tensorrt,tensorrt,tensorrt,28.34,28.34,34.96,35.29,4.34,11.9,16.240000000000002,1518.89,65.9,0.0,1518.89,65.9,0.0,34.99,32.59,1.08,68.66,0.3607,False,False
1780821177.7712662,archive_hollywood_flood_rescue_1938_5c33e8,archive_hollywood_flood_rescue_1938_5c33e8.mp4,220,50.0,640,480,combined,detect_combined,Flooded,deeplabv3plus,False,False,0,tensorrt,tensorrt,tensorrt,30.33,30.33,32.54,32.97,4.76,9.09,13.85,1518.89,52.6,0.0,1518.89,52.6,0.0,34.99,32.59,1.08,68.66,0.4965,False,False
1780821177.8464944,archive_hollywood_flood_rescue_1938_5c33e8,archive_hollywood_flood_rescue_1938_5c33e8.mp4,221,50.0,640,480,combined,detect_combined,Flooded,deeplabv3plus,False,False,0,tensorrt,tensorrt,tensorrt,27.22,27.22,36.4,36.74,7.81,10.57,18.38,1518.89,28.6,0.0,1518.89,28.6,0.0,34.99,32.59,1.08,68.66,0.4504,False,False
1780821177.924338,archive_hollywood_flood_rescue_1938_5c33e8,archive_hollywood_flood_rescue_1938_5c33e8.mp4,222,50.0,640,480,combined,detect_combined,Flooded,deeplabv3plus,False,False,0,tensorrt,tensorrt,tensorrt,27.37,27.37,36.09,36.54,4.57,14.06,18.630000000000003,1518.89,35.4,0.0,1518.89,35.4,0.0,34.99,32.59,1.08,68.66,0.4957,False,False
1780821178.0073621,archive_hollywood_flood_rescue_1938_5c33e8,archive_hollywood_flood_rescue_1938_5c33e8.mp4,223,50.0,640,480,combined,detect_combined,Flooded,deeplabv3plus,False,False,0,tensorrt,tensorrt,tensorrt,24.89,24.89,39.87,40.18,4.97,15.04,20.009999999999998,1518.89,32.0,0.0,1518.89,32.0,0.0,34.99,32.59,1.08,68.66,0.526,False,False
1780821178.0870292,archive_hollywood_flood_rescue_1938_5c33e8,archive_hollywood_flood_rescue_1938_5c33e8.mp4,224,50.0,640,480,combined,detect_combined,Flooded,deeplabv3plus,False,False,0,tensorrt,tensorrt,tensorrt,26.95,26.95,36.77,37.1,5.05,14.39,19.44,1518.89,34.8,0.0,1518.89,34.8,0.0,34.99,32.59,1.08,68.66,0.5103,False,False
1780821178.1697192,archive_hollywood_flood_rescue_1938_5c33e8,archive_hollywood_flood_rescue_1938_5c33e8.mp4,225,50.0,640,480,combined,detect_combined,Flooded,deeplabv3plus,False,False,0,tensorrt,tensorrt,tensorrt,25.65,25.65,38.61,38.99,6.51,14.44,20.95,1518.89,40.0,0.0,1518.89,40.0,0.0,34.99,32.59,1.08,68.66,0.4311,False,False
1780821178.2608225,archive_hollywood_flood_rescue_1938_5c33e8,archive_hollywood_flood_rescue_1938_5c33e8.mp4,226,50.0,640,480,combined,detect_combined,Flooded,deeplabv3plus,False,False,0,tensorrt,tensorrt,tensorrt,23.02,23.02,43.01,43.44,5.79,16.85,22.64,1518.89,34.6,0.0,1518.89,34.6,0.0,34.99,32.59,1.08,68.66,0.455,False,False
1780821178.3478143,archive_hollywood_flood_rescue_1938_5c33e8,archive_hollywood_flood_rescue_1938_5c33e8.mp4,227,50.0,640,480,combined,detect_combined,Flooded,deeplabv3plus,False,False,0,tensorrt,tensorrt,tensorrt,22.97,22.97,43.14,43.54,5.02,18.59,23.61,1518.89,35.2,0.0,1518.89,35.2,0.0,34.99,32.59,1.08,68.66,0.4238,False,False
1780821178.4286,archive_hollywood_flood_rescue_1938_5c33e8,archive_hollywood_flood_rescue_1938_5c33e8.mp4,228,50.0,640,480,combined,detect_combined,Flooded,deeplabv3plus,False,False,0,tensorrt,tensorrt,tensorrt,28.91,28.91,34.23,34.59,5.08,11.82,16.9,1518.89,35.4,0.0,1518.89,35.4,0.0,34.99,32.59,1.08,68.66,0.5558,False,False
1780821178.5180016,archive_hollywood_flood_rescue_1938_5c33e8,archive_hollywood_flood_rescue_1938_5c33e8.mp4,229,50.0,640,480,combined,detect_combined,Flooded,deeplabv3plus,False,False,0,tensorrt,tensorrt,tensorrt,24.02,24.02,40.94,41.63,5.14,13.75,18.89,1518.89,28.6,0.0,1518.89,28.6,0.0,34.99,32.59,1.08,68.66,0.5663,False,False
1780821178.5997443,archive_hollywood_flood_rescue_1938_5c33e8,archive_hollywood_flood_rescue_1938_5c33e8.mp4,230,50.0,640,480,combined,detect_combined,Flooded,deeplabv3plus,False,False,0,tensorrt,tensorrt,tensorrt,24.88,24.88,39.76,40.2,6.06,10.48,16.54,1518.89,40.8,0.0,1518.89,40.8,0.0,34.99,32.59,1.08,68.66,0.5061,False,False
1780821178.6790137,archive_hollywood_flood_rescue_1938_5c33e8,archive_hollywood_flood_rescue_1938_5c33e8.mp4,231,50.0,640,480,combined,detect_combined,Flooded,deeplabv3plus,False,False,0,tensorrt,tensorrt,tensorrt,32.61,32.61,30.29,30.66,4.95,9.53,14.48,1518.89,53.2,0.0,1518.89,53.2,0.0,34.99,32.59,1.08,68.66,0.5793,False,False
1780821178.7592626,archive_hollywood_flood_rescue_1938_5c33e8,archive_hollywood_flood_rescue_1938_5c33e8.mp4,232,50.0,640,480,combined,detect_combined,Flooded,deeplabv3plus,False,False,0,tensorrt,tensorrt,tensorrt,27.41,27.41,36.1,36.48,5.25,10.33,15.58,1518.89,47.9,0.0,1518.89,47.9,0.0,34.99,32.59,1.08,68.66,0.6285,False,False
1780821178.8511634,archive_hollywood_flood_rescue_1938_5c33e8,archive_hollywood_flood_rescue_1938_5c33e8.mp4,233,50.0,640,480,combined,detect_combined,Flooded,deeplabv3plus,False,False,0,tensorrt,tensorrt,tensorrt,22.18,22.18,44.44,45.08,6.58,19.43,26.009999999999998,1518.89,52.9,0.0,1518.89,52.9,0.0,34.99,32.59,1.08,68.66,0.4132,False,False
1780821178.9250112,archive_hollywood_flood_rescue_1938_5c33e8,archive_hollywood_flood_rescue_1938_5c33e8.mp4,234,50.0,640,480,combined,detect_combined,Flooded,deeplabv3plus,False,False,0,tensorrt,tensorrt,tensorrt,37.5,37.5,26.36,26.67,5.3,10.1,15.399999999999999,1518.89,50.0,0.0,1518.89,50.0,0.0,34.99,32.59,1.08,68.66,0.4861,False,False
1780821179.0117013,archive_hollywood_flood_rescue_1938_5c33e8,archive_hollywood_flood_rescue_1938_5c33e8.mp4,235,50.0,640,480,combined,detect_combined,Flooded,deeplabv3plus,False,False,0,tensorrt,tensorrt,tensorrt,23.59,23.59,42.05,42.39,4.94,17.19,22.130000000000003,1518.89,52.8,0.0,1518.89,52.8,0.0,34.99,32.59,1.08,68.66,0.4755,False,False
1780821179.0932994,archive_hollywood_flood_rescue_1938_5c33e8,archive_hollywood_flood_rescue_1938_5c33e8.mp4,236,50.0,640,480,combined,detect_combined,Flooded,deeplabv3plus,False,False,0,tensorrt,tensorrt,tensorrt,30.22,30.22,32.75,33.09,4.92,10.21,15.13,1518.89,46.7,0.0,1518.89,46.7,0.0,34.99,32.59,1.08,68.66,0.4629,False,False
1780821179.1812797,archive_hollywood_flood_rescue_1938_5c33e8,archive_hollywood_flood_rescue_1938_5c33e8.mp4,237,50.0,640,480,combined,detect_combined,Flooded,deeplabv3plus,False,False,0,tensorrt,tensorrt,tensorrt,21.88,21.88,45.11,45.69,4.6,16.08,20.68,1518.89,39.2,0.0,1518.89,39.2,0.0,34.99,32.59,1.08,68.66,0.4556,False,False
1780821179.2802045,archive_hollywood_flood_rescue_1938_5c33e8,archive_hollywood_flood_rescue_1938_5c33e8.mp4,238,50.0,640,480,combined,detect_combined,Flooded,deeplabv3plus,False,False,0,tensorrt,tensorrt,tensorrt,21.23,21.23,46.73,47.11,5.59,18.89,24.48,1518.89,38.7,0.0,1518.89,38.7,0.0,34.99,32.59,1.08,68.66,0.5044,False,False
1780821179.3812027,archive_hollywood_flood_rescue_1938_5c33e8,archive_hollywood_flood_rescue_1938_5c33e8.mp4,239,50.0,640,480,combined,detect_combined,Flooded,deeplabv3plus,False,False,0,tensorrt,tensorrt,tensorrt,23.02,23.02,43.02,43.44,5.53,13.35,18.88,1518.89,31.6,0.0,1518.89,31.6,0.0,34.99,32.59,1.08,68.66,0.4912,False,False
1780821179.48971,archive_hollywood_flood_rescue_1938_5c33e8,archive_hollywood_flood_rescue_1938_5c33e8.mp4,240,50.0,640,480,combined,detect_combined,Flooded,deeplabv3plus,False,False,0,tensorrt,tensorrt,tensorrt,21.03,21.03,47.11,47.55,7.92,21.03,28.950000000000003,1518.89,27.9,0.0,1518.89,27.9,0.0,34.99,32.59,1.08,68.66,0.5229,False,False
1780821179.6042862,archive_hollywood_flood_rescue_1938_5c33e8,archive_hollywood_flood_rescue_1938_5c33e8.mp4,241,50.0,640,480,combined,detect_combined,Flooded,deeplabv3plus,False,False,0,tensorrt,tensorrt,tensorrt,22.06,22.06,44.94,45.32,6.87,19.8,26.67,1518.89,31.9,0.0,1518.89,31.9,0.0,34.99,32.59,1.08,68.66,0.4418,False,False
1780821179.7088344,archive_hollywood_flood_rescue_1938_5c33e8,archive_hollywood_flood_rescue_1938_5c33e8.mp4,242,50.0,640,480,combined,detect_combined,Flooded,deeplabv3plus,False,False,0,tensorrt,tensorrt,tensorrt,22.15,22.15,44.78,45.14,6.74,16.6,23.340000000000003,1518.89,29.5,0.0,1518.89,29.5,0.0,34.99,32.59,1.08,68.66,0.5257,False,False
1780821179.8328269,archive_hollywood_flood_rescue_1938_5c33e8,archive_hollywood_flood_rescue_1938_5c33e8.mp4,243,50.0,640,480,combined,detect_combined,Flooded,deeplabv3plus,False,False,0,tensorrt,tensorrt,tensorrt,16.78,16.78,58.82,59.59,6.44,22.12,28.560000000000002,1518.89,35.1,0.0,1518.89,35.1,0.0,34.99,32.59,1.08,68.66,0.4842,False,False
1780821179.949847,archive_hollywood_flood_rescue_1938_5c33e8,archive_hollywood_flood_rescue_1938_5c33e8.mp4,244,50.0,640,480,combined,detect_combined,Flooded,deeplabv3plus,False,False,0,tensorrt,tensorrt,tensorrt,16.11,16.11,61.68,62.08,18.02,22.36,40.379999999999995,1518.89,54.4,0.0,1518.89,54.4,0.0,34.99,32.59,1.08,68.66,0.4455,False,False
1780821180.0344164,archive_hollywood_flood_rescue_1938_5c33e8,archive_hollywood_flood_rescue_1938_5c33e8.mp4,245,50.0,640,480,combined,detect_combined,Flooded,deeplabv3plus,False,False,0,tensorrt,tensorrt,tensorrt,24.65,24.65,39.88,40.56,5.1,10.56,15.66,1518.89,52.0,0.0,1518.89,52.0,0.0,34.99,32.59,1.08,68.66,0.4319,False,False
1780821180.119256,archive_hollywood_flood_rescue_1938_5c33e8,archive_hollywood_flood_rescue_1938_5c33e8.mp4,246,50.0,640,480,combined,detect_combined,Flooded,deeplabv3plus,False,False,0,tensorrt,tensorrt,tensorrt,23.54,23.54,41.88,42.48,6.92,16.1,23.020000000000003,1518.89,49.0,0.0,1518.89,49.0,0.0,34.99,32.59,1.08,68.66,0.4793,False,False
1780821180.2104027,archive_hollywood_flood_rescue_1938_5c33e8,archive_hollywood_flood_rescue_1938_5c33e8.mp4,247,50.0,640,480,combined,detect_combined,Flooded,deeplabv3plus,False,False,0,tensorrt,tensorrt,tensorrt,22.54,22.54,43.97,44.37,5.35,16.63,21.979999999999997,1518.89,47.2,0.0,1518.89,47.2,0.0,34.99,32.59,1.08,68.66,0.3699,False,False
1780821180.2839997,archive_hollywood_flood_rescue_1938_5c33e8,archive_hollywood_flood_rescue_1938_5c33e8.mp4,248,50.0,640,480,combined,detect_combined,Flooded,deeplabv3plus,False,False,0,tensorrt,tensorrt,tensorrt,33.43,33.43,29.58,29.91,4.79,9.07,13.86,1518.89,45.7,0.0,1518.89,45.7,0.0,34.99,32.59,1.08,68.66,0.534,False,False
1780821180.3774395,archive_hollywood_flood_rescue_1938_5c33e8,archive_hollywood_flood_rescue_1938_5c33e8.mp4,249,50.0,640,480,combined,detect_combined,Flooded,deeplabv3plus,False,False,0,tensorrt,tensorrt,tensorrt,23.98,23.98,41.31,41.7,5.81,16.02,21.83,1518.89,35.7,0.0,1518.89,35.7,0.0,34.99,32.59,1.08,68.66,0.5132,False,False
1780821180.4824307,archive_hollywood_flood_rescue_1938_5c33e8,archive_hollywood_flood_rescue_1938_5c33e8.mp4,250,50.0,640,480,combined,detect_combined,Flooded,deeplabv3plus,False,False,0,tensorrt,tensorrt,tensorrt,22.91,22.91,43.25,43.65,7.52,17.37,24.89,1518.89,33.3,0.0,1518.89,33.3,0.0,34.99,32.59,1.08,68.66,0.6087,False,False
1780821180.5976887,archive_hollywood_flood_rescue_1938_5c33e8,archive_hollywood_flood_rescue_1938_5c33e8.mp4,251,50.0,640,480,combined,detect_combined,Flooded,deeplabv3plus,False,False,0,tensorrt,tensorrt,tensorrt,19.8,19.8,50.06,50.51,5.86,19.24,25.099999999999998,1518.89,28.8,0.0,1518.89,28.8,0.0,34.99,32.59,1.08,68.66,0.55,False,False
1780821180.7140074,archive_hollywood_flood_rescue_1938_5c33e8,archive_hollywood_flood_rescue_1938_5c33e8.mp4,252,50.0,640,480,combined,detect_combined,Flooded,deeplabv3plus,False,False,0,tensorrt,tensorrt,tensorrt,20.11,20.11,49.33,49.74,6.76,20.72,27.479999999999997,1518.89,32.8,0.0,1518.89,32.8,0.0,34.99,32.59,1.08,68.66,0.5979,False,False
1780821180.8079057,archive_hollywood_flood_rescue_1938_5c33e8,archive_hollywood_flood_rescue_1938_5c33e8.mp4,253,50.0,640,480,combined,detect_combined,Flooded,deeplabv3plus,False,False,0,tensorrt,tensorrt,tensorrt,23.06,23.06,43.0,43.37,6.15,16.27,22.42,1518.89,41.1,0.0,1518.89,41.1,0.0,34.99,32.59,1.08,68.66,0.5578,False,False
1780821180.9129498,archive_hollywood_flood_rescue_1938_5c33e8,archive_hollywood_flood_rescue_1938_5c33e8.mp4,254,50.0,640,480,combined,detect_combined,Flooded,deeplabv3plus,False,False,0,tensorrt,tensorrt,tensorrt,21.35,21.35,46.48,46.85,6.71,18.25,24.96,1518.89,35.0,0.0,1518.89,35.0,0.0,34.99,32.59,1.08,68.66,0.5259,False,False
1780821181.0022671,archive_hollywood_flood_rescue_1938_5c33e8,archive_hollywood_flood_rescue_1938_5c33e8.mp4,255,50.0,640,480,combined,detect_combined,Flooded,deeplabv3plus,False,False,0,tensorrt,tensorrt,tensorrt,28.75,28.75,34.43,34.79,6.26,15.85,22.11,1518.89,31.5,0.0,1518.89,31.5,0.0,34.99,32.59,1.08,68.66,0.6126,False,False
1780821181.1000574,archive_hollywood_flood_rescue_1938_5c33e8,archive_hollywood_flood_rescue_1938_5c33e8.mp4,256,50.0,640,480,combined,detect_combined,Flooded,deeplabv3plus,False,False,0,tensorrt,tensorrt,tensorrt,20.05,20.05,49.48,49.87,6.06,18.25,24.31,1518.89,33.3,0.0,1518.89,33.3,0.0,34.99,32.59,1.08,68.66,0.591,False,False
1780821181.2129977,archive_hollywood_flood_rescue_1938_5c33e8,archive_hollywood_flood_rescue_1938_5c33e8.mp4,257,50.0,640,480,combined,detect_combined,Flooded,deeplabv3plus,False,False,0,tensorrt,tensorrt,tensorrt,16.67,16.67,59.64,59.98,13.2,23.71,36.91,1518.89,53.0,0.0,1518.89,53.0,0.0,34.99,32.59,1.08,68.66,0.7172,False,False
1780821181.2898798,archive_hollywood_flood_rescue_1938_5c33e8,archive_hollywood_flood_rescue_1938_5c33e8.mp4,258,50.0,640,480,combined,detect_combined,Flooded,deeplabv3plus,False,False,0,tensorrt,tensorrt,tensorrt,29.54,29.54,33.0,33.85,5.29,10.2,15.489999999999998,1518.89,51.1,0.0,1518.89,51.1,0.0,34.99,32.59,1.08,68.66,0.6542,False,False
1780821181.3618007,archive_hollywood_flood_rescue_1938_5c33e8,archive_hollywood_flood_rescue_1938_5c33e8.mp4,259,50.0,640,480,combined,detect_combined,Flooded,deeplabv3plus,False,False,0,tensorrt,tensorrt,tensorrt,29.65,29.65,33.26,33.73,4.92,9.5,14.42,1518.89,51.2,0.0,1518.89,51.2,0.0,34.99,32.59,1.08,68.66,0.6239,False,False
1780821181.451013,archive_hollywood_flood_rescue_1938_5c33e8,archive_hollywood_flood_rescue_1938_5c33e8.mp4,260,50.0,640,480,combined,detect_combined,Flooded,deeplabv3plus,False,False,0,tensorrt,tensorrt,tensorrt,25.25,25.25,39.28,39.6,4.94,16.16,21.1,1518.89,51.9,0.0,1518.89,51.9,0.0,34.99,32.59,1.08,68.66,0.5797,False,False
1780821181.5270967,archive_hollywood_flood_rescue_1938_5c33e8,archive_hollywood_flood_rescue_1938_5c33e8.mp4,261,50.0,640,480,combined,detect_combined,Flooded,deeplabv3plus,False,False,0,tensorrt,tensorrt,tensorrt,29.67,29.67,33.4,33.7,4.32,12.7,17.02,1518.89,47.7,0.0,1518.89,47.7,0.0,34.99,32.59,1.08,68.66,0.5385,False,False
1780821181.6217957,archive_hollywood_flood_rescue_1938_5c33e8,archive_hollywood_flood_rescue_1938_5c33e8.mp4,262,50.0,640,480,combined,detect_combined,Flooded,deeplabv3plus,False,False,0,tensorrt,tensorrt,tensorrt,23.63,23.63,41.96,42.32,5.08,18.28,23.36,1518.89,43.1,0.0,1518.89,43.1,0.0,34.99,32.59,1.08,68.66,0.5676,False,False
1780821181.7061155,archive_hollywood_flood_rescue_1938_5c33e8,archive_hollywood_flood_rescue_1938_5c33e8.mp4,263,50.0,640,480,combined,detect_combined,Flooded,deeplabv3plus,False,False,0,tensorrt,tensorrt,tensorrt,28.43,28.43,34.83,35.17,4.99,11.47,16.46,1518.89,37.7,0.0,1518.89,37.7,0.0,34.99,32.59,1.08,68.66,0.6775,False,False
1780821181.8036687,archive_hollywood_flood_rescue_1938_5c33e8,archive_hollywood_flood_rescue_1938_5c33e8.mp4,264,50.0,640,480,combined,detect_combined,Flooded,deeplabv3plus,False,False,0,tensorrt,tensorrt,tensorrt,22.17,22.17,44.74,45.1,5.22,16.98,22.2,1518.89,30.4,0.0,1518.89,30.4,0.0,34.99,32.59,1.08,68.66,0.5874,False,False
1780821181.9052632,archive_hollywood_flood_rescue_1938_5c33e8,archive_hollywood_flood_rescue_1938_5c33e8.mp4,265,50.0,640,480,combined,detect_combined,Flooded,deeplabv3plus,False,False,0,tensorrt,tensorrt,tensorrt,21.41,21.41,46.32,46.71,5.83,20.12,25.950000000000003,1518.89,29.8,0.0,1518.89,29.8,0.0,34.99,32.59,1.08,68.66,0.5776,False,False
1780821182.0026004,archive_hollywood_flood_rescue_1938_5c33e8,archive_hollywood_flood_rescue_1938_5c33e8.mp4,266,50.0,640,480,combined,detect_combined,Flooded,deeplabv3plus,False,False,0,tensorrt,tensorrt,tensorrt,21.9,21.9,45.19,45.65,5.66,20.35,26.01,1518.89,36.2,0.0,1518.89,36.2,0.0,34.99,32.59,1.08,68.66,0.612,False,False
1780821182.101661,archive_hollywood_flood_rescue_1938_5c33e8,archive_hollywood_flood_rescue_1938_5c33e8.mp4,267,50.0,640,480,combined,detect_combined,Flooded,deeplabv3plus,False,False,0,tensorrt,tensorrt,tensorrt,25.47,25.47,38.9,39.26,7.48,16.51,23.990000000000002,1518.89,34.5,0.0,1518.89,34.5,0.0,34.99,32.59,1.08,68.66,0.7059,False,False
1780821182.2077296,archive_hollywood_flood_rescue_1938_5c33e8,archive_hollywood_flood_rescue_1938_5c33e8.mp4,268,50.0,640,480,combined,detect_combined,Flooded,deeplabv3plus,False,False,0,tensorrt,tensorrt,tensorrt,21.65,21.65,45.79,46.2,5.89,17.98,23.87,1518.89,32.8,0.0,1518.89,32.8,0.0,34.99,32.59,1.08,68.66,0.5545,False,False
1780821182.3059113,archive_hollywood_flood_rescue_1938_5c33e8,archive_hollywood_flood_rescue_1938_5c33e8.mp4,269,50.0,640,480,combined,detect_combined,Flooded,deeplabv3plus,False,False,0,tensorrt,tensorrt,tensorrt,22.11,22.11,44.76,45.22,6.53,17.21,23.740000000000002,1518.89,37.3,0.0,1518.89,37.3,0.0,34.99,32.59,1.08,68.66,0.6984,False,False
1780821182.4184954,archive_hollywood_flood_rescue_1938_5c33e8,archive_hollywood_flood_rescue_1938_5c33e8.mp4,270,50.0,640,480,combined,detect_combined,Flooded,deeplabv3plus,False,False,0,tensorrt,tensorrt,tensorrt,21.06,21.06,47.1,47.48,6.98,16.42,23.400000000000002,1518.89,41.2,0.0,1518.89,41.2,0.0,34.99,32.59,1.08,68.66,0.7265,False,False
1780821182.5088203,archive_hollywood_flood_rescue_1938_5c33e8,archive_hollywood_flood_rescue_1938_5c33e8.mp4,271,50.0,640,480,combined,detect_combined,Flooded,deeplabv3plus,False,False,0,tensorrt,tensorrt,tensorrt,23.54,23.54,41.85,42.48,5.96,12.36,18.32,1518.89,53.6,0.0,1518.89,53.6,0.0,34.99,32.59,1.08,68.66,0.5715,False,False
1780821182.6036415,archive_hollywood_flood_rescue_1938_5c33e8,archive_hollywood_flood_rescue_1938_5c33e8.mp4,272,50.0,640,480,combined,detect_combined,Flooded,deeplabv3plus,False,False,0,tensorrt,tensorrt,tensorrt,22.64,22.64,43.26,44.18,6.07,18.38,24.45,1518.89,54.4,0.0,1518.89,54.4,0.0,34.99,32.59,1.08,68.66,0.5829,False,False
1780821182.679491,archive_hollywood_flood_rescue_1938_5c33e8,archive_hollywood_flood_rescue_1938_5c33e8.mp4,273,50.0,640,480,combined,detect_combined,Flooded,deeplabv3plus,False,False,0,tensorrt,tensorrt,tensorrt,27.25,27.25,36.26,36.7,5.27,10.38,15.65,1518.89,43.9,0.0,1518.89,43.9,0.0,34.99,32.59,1.08,68.66,0.6113,False,False
1780821182.7626865,archive_hollywood_flood_rescue_1938_5c33e8,archive_hollywood_flood_rescue_1938_5c33e8.mp4,274,50.0,640,480,combined,detect_combined,Flooded,deeplabv3plus,False,False,0,tensorrt,tensorrt,tensorrt,30.46,30.46,32.47,32.83,4.64,8.81,13.45,1518.89,45.7,0.0,1518.89,45.7,0.0,34.99,32.59,1.08,68.66,0.6924,False,False
1780821182.8575552,archive_hollywood_flood_rescue_1938_5c33e8,archive_hollywood_flood_rescue_1938_5c33e8.mp4,275,50.0,640,480,combined,detect_combined,Flooded,deeplabv3plus,False,False,0,tensorrt,tensorrt,tensorrt,26.3,26.3,37.53,38.02,6.1,19.88,25.979999999999997,1518.89,47.3,0.0,1518.89,47.3,0.0,34.99,32.59,1.08,68.66,0.6538,False,False
1780821182.9403834,archive_hollywood_flood_rescue_1938_5c33e8,archive_hollywood_flood_rescue_1938_5c33e8.mp4,276,50.0,640,480,combined,detect_combined,Flooded,deeplabv3plus,False,False,0,tensorrt,tensorrt,tensorrt,25.76,25.76,38.32,38.82,5.28,11.1,16.38,1518.89,50.0,0.0,1518.89,50.0,0.0,34.99,32.59,1.08,68.66,0.6538,False,False
1780821183.0201454,archive_hollywood_flood_rescue_1938_5c33e8,archive_hollywood_flood_rescue_1938_5c33e8.mp4,277,50.0,640,480,combined,detect_combined,Flooded,deeplabv3plus,False,False,0,tensorrt,tensorrt,tensorrt,26.58,26.58,37.29,37.62,5.77,15.37,21.14,1518.89,32.7,0.0,1518.89,32.7,0.0,34.99,32.59,1.08,68.66,0.7222,False,False
1780821183.1152396,archive_hollywood_flood_rescue_1938_5c33e8,archive_hollywood_flood_rescue_1938_5c33e8.mp4,278,50.0,640,480,combined,detect_combined,Flooded,deeplabv3plus,False,False,0,tensorrt,tensorrt,tensorrt,24.16,24.16,41.02,41.39,4.71,13.88,18.59,1518.89,30.9,0.0,1518.89,30.9,0.0,34.99,32.59,1.08,68.66,0.7537,False,False
1780821183.2231321,archive_hollywood_flood_rescue_1938_5c33e8,archive_hollywood_flood_rescue_1938_5c33e8.mp4,279,50.0,640,480,combined,detect_combined,Flooded,deeplabv3plus,False,False,0,tensorrt,tensorrt,tensorrt,19.71,19.71,50.33,50.73,5.91,19.64,25.55,1518.89,33.8,0.0,1518.89,33.8,0.0,34.99,32.59,1.08,68.66,0.7646,False,False
1780821183.338013,archive_hollywood_flood_rescue_1938_5c33e8,archive_hollywood_flood_rescue_1938_5c33e8.mp4,280,50.0,640,480,combined,detect_combined,Flooded,deeplabv3plus,False,False,0,tensorrt,tensorrt,tensorrt,19.96,19.96,49.35,50.1,5.94,22.18,28.12,1518.89,30.9,0.0,1518.89,30.9,0.0,34.99,32.59,1.08,68.66,0.7773,False,False
1780821183.4343765,archive_hollywood_flood_rescue_1938_5c33e8,archive_hollywood_flood_rescue_1938_5c33e8.mp4,281,50.0,640,480,combined,detect_combined,Flooded,deeplabv3plus,False,False,0,tensorrt,tensorrt,tensorrt,24.21,24.21,40.97,41.3,4.13,15.48,19.61,1518.89,60.3,0.0,1518.89,60.3,0.0,34.99,32.59,1.08,68.66,0.7816,False,False
1780821183.5098972,archive_hollywood_flood_rescue_1938_5c33e8,archive_hollywood_flood_rescue_1938_5c33e8.mp4,282,50.0,640,480,combined,detect_combined,Flooded,deeplabv3plus,False,False,0,tensorrt,tensorrt,tensorrt,26.02,26.02,38.08,38.43,5.1,11.75,16.85,1518.89,42.2,0.0,1518.89,42.2,0.0,34.99,32.59,1.08,68.66,0.7217,False,False
1780821183.6014402,archive_hollywood_flood_rescue_1938_5c33e8,archive_hollywood_flood_rescue_1938_5c33e8.mp4,283,50.0,640,480,combined,detect_combined,Flooded,deeplabv3plus,False,False,0,tensorrt,tensorrt,tensorrt,23.27,23.27,42.59,42.98,6.36,15.19,21.55,1518.89,31.5,0.0,1518.89,31.5,0.0,34.99,32.59,1.08,68.66,0.7045,False,False
1780821183.7260735,archive_hollywood_flood_rescue_1938_5c33e8,archive_hollywood_flood_rescue_1938_5c33e8.mp4,284,50.0,640,480,combined,detect_combined,Flooded,deeplabv3plus,False,False,0,tensorrt,tensorrt,tensorrt,16.99,16.99,58.38,58.86,9.55,19.5,29.05,1518.89,35.6,0.0,1518.89,35.6,0.0,34.99,32.59,1.08,68.66,0.7487,False,False
1780821183.848546,archive_hollywood_flood_rescue_1938_5c33e8,archive_hollywood_flood_rescue_1938_5c33e8.mp4,285,50.0,640,480,combined,detect_combined,Flooded,deeplabv3plus,False,False,0,tensorrt,tensorrt,tensorrt,18.26,18.26,54.29,54.76,13.01,23.7,36.71,1518.89,33.3,0.0,1518.89,33.3,0.0,34.99,32.59,1.08,68.66,0.7696,False,False
1780821183.9546778,archive_hollywood_flood_rescue_1938_5c33e8,archive_hollywood_flood_rescue_1938_5c33e8.mp4,286,50.0,640,480,combined,detect_combined,Flooded,deeplabv3plus,False,False,0,tensorrt,tensorrt,tensorrt,21.95,21.95,45.15,45.56,6.76,19.11,25.869999999999997,1518.88,48.4,0.0,1518.88,48.4,0.0,34.99,32.59,1.08,68.66,0.7576,False,False
1780821184.0865915,archive_hollywood_flood_rescue_1938_5c33e8,archive_hollywood_flood_rescue_1938_5c33e8.mp4,287,50.0,640,480,combined,detect_combined,Flooded,deeplabv3plus,False,False,0,tensorrt,tensorrt,tensorrt,15.79,15.79,62.68,63.34,12.12,19.91,32.03,1518.88,46.1,0.0,1518.88,46.1,0.0,34.99,32.59,1.08,68.66,0.7226,False,False
1780821184.1817672,archive_hollywood_flood_rescue_1938_5c33e8,archive_hollywood_flood_rescue_1938_5c33e8.mp4,288,50.0,640,480,combined,detect_combined,Flooded,deeplabv3plus,False,False,0,tensorrt,tensorrt,tensorrt,23.27,23.27,42.59,42.98,5.78,18.05,23.830000000000002,1518.88,50.8,0.0,1518.88,50.8,0.0,34.99,32.59,1.08,68.66,0.7351,False,False
1780821184.3025517,archive_hollywood_flood_rescue_1938_5c33e8,archive_hollywood_flood_rescue_1938_5c33e8.mp4,289,50.0,640,480,combined,detect_combined,Flooded,deeplabv3plus,False,False,0,tensorrt,tensorrt,tensorrt,16.3,16.3,60.96,61.36,14.43,23.81,38.239999999999995,1518.88,49.3,0.0,1518.88,49.3,0.0,34.99,32.59,1.08,68.66,0.6647,False,False
1780821184.4274795,archive_hollywood_flood_rescue_1938_5c33e8,archive_hollywood_flood_rescue_1938_5c33e8.mp4,290,50.0,640,480,combined,detect_combined,Flooded,deeplabv3plus,False,False,0,tensorrt,tensorrt,tensorrt,18.88,18.88,51.09,52.96,9.52,20.07,29.59,1518.88,33.3,0.0,1518.88,33.3,0.0,34.99,32.59,1.08,68.66,0.6895,False,False
1780821184.5347722,archive_hollywood_flood_rescue_1938_5c33e8,archive_hollywood_flood_rescue_1938_5c33e8.mp4,291,50.0,640,480,combined,detect_combined,Flooded,deeplabv3plus,False,False,0,tensorrt,tensorrt,tensorrt,18.84,18.84,52.76,53.08,9.44,23.08,32.519999999999996,1518.88,33.3,0.0,1518.88,33.3,0.0,34.99,32.59,1.08,68.66,0.6547,False,False
1780821184.6309505,archive_hollywood_flood_rescue_1938_5c33e8,archive_hollywood_flood_rescue_1938_5c33e8.mp4,292,50.0,640,480,combined,detect_combined,Flooded,deeplabv3plus,False,False,0,tensorrt,tensorrt,tensorrt,22.56,22.56,43.63,44.32,5.32,17.8,23.12,1518.88,31.6,0.0,1518.88,31.6,0.0,34.99,32.59,1.08,68.66,0.6517,False,False
1780821184.7350059,archive_hollywood_flood_rescue_1938_5c33e8,archive_hollywood_flood_rescue_1938_5c33e8.mp4,293,50.0,640,480,combined,detect_combined,Flooded,deeplabv3plus,False,False,0,tensorrt,tensorrt,tensorrt,20.08,20.08,49.39,49.8,6.45,20.12,26.57,1518.88,35.5,0.0,1518.88,35.5,0.0,34.99,32.59,1.08,68.66,0.6924,False,False
1780821184.82655,archive_hollywood_flood_rescue_1938_5c33e8,archive_hollywood_flood_rescue_1938_5c33e8.mp4,294,50.0,640,480,combined,detect_combined,Flooded,deeplabv3plus,False,False,0,tensorrt,tensorrt,tensorrt,25.15,25.15,39.34,39.76,7.05,11.63,18.68,1518.88,35.8,0.0,1518.88,35.8,0.0,34.99,32.59,1.08,68.66,0.7038,False,False
1780821184.9404361,archive_hollywood_flood_rescue_1938_5c33e8,archive_hollywood_flood_rescue_1938_5c33e8.mp4,295,50.0,640,480,combined,detect_combined,Flooded,deeplabv3plus,False,False,0,tensorrt,tensorrt,tensorrt,23.19,23.19,42.76,43.12,6.02,18.21,24.23,1518.89,44.1,0.0,1518.89,44.1,0.0,34.99,32.59,1.08,68.66,0.7513,False,False
1780821185.0276976,archive_hollywood_flood_rescue_1938_5c33e8,archive_hollywood_flood_rescue_1938_5c33e8.mp4,296,50.0,640,480,combined,detect_combined,Flooded,deeplabv3plus,False,False,0,tensorrt,tensorrt,tensorrt,27.3,27.3,36.28,36.63,5.43,10.09,15.52,1518.89,30.6,0.0,1518.89,30.6,0.0,34.99,32.59,1.08,68.66,0.7296,False,False
1780821185.1219234,archive_hollywood_flood_rescue_1938_5c33e8,archive_hollywood_flood_rescue_1938_5c33e8.mp4,297,50.0,640,480,combined,detect_combined,Flooded,deeplabv3plus,False,False,0,tensorrt,tensorrt,tensorrt,23.49,23.49,42.22,42.57,6.07,20.14,26.21,1518.89,39.6,0.0,1518.89,39.6,0.0,34.99,32.59,1.08,68.66,0.6057,False,False
1780821185.2036455,archive_hollywood_flood_rescue_1938_5c33e8,archive_hollywood_flood_rescue_1938_5c33e8.mp4,298,50.0,640,480,combined,detect_combined,Flooded,deeplabv3plus,False,False,0,tensorrt,tensorrt,tensorrt,24.55,24.55,40.36,40.74,6.38,17.33,23.709999999999997,1518.89,47.8,0.0,1518.89,47.8,0.0,34.99,32.59,1.08,68.66,0.5855,False,False
1780821185.303221,archive_hollywood_flood_rescue_1938_5c33e8,archive_hollywood_flood_rescue_1938_5c33e8.mp4,299,50.0,640,480,combined,detect_combined,Flooded,deeplabv3plus,False,False,0,tensorrt,tensorrt,tensorrt,19.36,19.36,51.19,51.65,5.35,19.76,25.11,1518.89,53.4,0.0,1518.89,53.4,0.0,34.99,32.59,1.08,68.66,0.6433,False,False
1780821185.3979805,archive_hollywood_flood_rescue_1938_5c33e8,archive_hollywood_flood_rescue_1938_5c33e8.mp4,300,50.0,640,480,combined,detect_combined,Flooded,deeplabv3plus,False,False,0,tensorrt,tensorrt,tensorrt,25.2,25.2,39.25,39.69,6.83,13.29,20.119999999999997,1518.89,50.9,0.0,1518.89,50.9,0.0,34.99,32.59,1.08,68.66,0.5738,False,False
1780821185.4928029,archive_hollywood_flood_rescue_1938_5c33e8,archive_hollywood_flood_rescue_1938_5c33e8.mp4,301,50.0,640,480,combined,detect_combined,Flooded,deeplabv3plus,False,False,0,tensorrt,tensorrt,tensorrt,23.92,23.92,41.46,41.81,5.6,18.52,24.119999999999997,1518.89,48.2,0.0,1518.89,48.2,0.0,34.99,32.59,1.08,68.66,0.5549,False,False
1780821185.5855222,archive_hollywood_flood_rescue_1938_5c33e8,archive_hollywood_flood_rescue_1938_5c33e8.mp4,302,50.0,640,480,combined,detect_combined,Flooded,deeplabv3plus,False,False,0,tensorrt,tensorrt,tensorrt,23.82,23.82,41.6,41.98,7.17,18.32,25.490000000000002,1518.89,48.2,0.0,1518.89,48.2,0.0,34.99,32.59,1.08,68.66,0.5551,False,False
1780821185.6852562,archive_hollywood_flood_rescue_1938_5c33e8,archive_hollywood_flood_rescue_1938_5c33e8.mp4,303,50.0,640,480,combined,detect_combined,Flooded,deeplabv3plus,False,False,0,tensorrt,tensorrt,tensorrt,22.95,22.95,43.19,43.58,7.6,16.84,24.439999999999998,1518.89,50.9,0.0,1518.89,50.9,0.0,34.99,32.59,1.08,68.66,0.6795,False,False
1780821185.7926123,archive_hollywood_flood_rescue_1938_5c33e8,archive_hollywood_flood_rescue_1938_5c33e8.mp4,304,50.0,640,480,combined,detect_combined,Flooded,deeplabv3plus,False,False,0,tensorrt,tensorrt,tensorrt,21.17,21.17,46.78,47.23,6.51,21.98,28.490000000000002,1518.89,32.8,0.0,1518.89,32.8,0.0,34.99,32.59,1.08,68.66,0.7178,False,False
1780821185.9125917,archive_hollywood_flood_rescue_1938_5c33e8,archive_hollywood_flood_rescue_1938_5c33e8.mp4,305,50.0,640,480,combined,detect_combined,Flooded,deeplabv3plus,False,False,0,tensorrt,tensorrt,tensorrt,16.54,16.54,60.04,60.45,14.37,23.39,37.76,1518.89,35.2,0.0,1518.89,35.2,0.0,34.99,32.59,1.08,68.66,0.7712,False,False
1780821186.0166123,archive_hollywood_flood_rescue_1938_5c33e8,archive_hollywood_flood_rescue_1938_5c33e8.mp4,306,50.0,640,480,combined,detect_combined,Flooded,deeplabv3plus,False,False,0,tensorrt,tensorrt,tensorrt,23.9,23.9,41.39,41.83,6.43,17.44,23.87,1518.89,33.9,0.0,1518.89,33.9,0.0,34.99,32.59,1.08,68.66,0.8562,False,False
1780821186.121213,archive_hollywood_flood_rescue_1938_5c33e8,archive_hollywood_flood_rescue_1938_5c33e8.mp4,307,50.0,640,480,combined,detect_combined,Flooded,deeplabv3plus,False,False,0,tensorrt,tensorrt,tensorrt,19.71,19.71,50.32,50.73,7.05,19.34,26.39,1518.89,34.9,0.0,1518.89,34.9,0.0,34.99,32.59,1.08,68.66,0.8505,False,False
1780821186.2325377,archive_hollywood_flood_rescue_1938_5c33e8,archive_hollywood_flood_rescue_1938_5c33e8.mp4,308,50.0,640,480,combined,detect_combined,Flooded,deeplabv3plus,False,False,0,tensorrt,tensorrt,tensorrt,21.97,21.97,45.08,45.51,7.76,18.78,26.54,1518.88,30.8,0.0,1518.88,30.8,0.0,34.99,32.59,1.08,68.66,0.696,False,False
1780821186.3627598,archive_hollywood_flood_rescue_1938_5c33e8,archive_hollywood_flood_rescue_1938_5c33e8.mp4,309,50.0,640,480,combined,detect_combined,Flooded,deeplabv3plus,False,False,0,tensorrt,tensorrt,tensorrt,18.66,18.66,53.18,53.6,12.87,19.34,32.21,1518.88,29.5,0.0,1518.88,29.5,0.0,34.99,32.59,1.08,68.66,0.7168,False,False
1780821186.483593,archive_hollywood_flood_rescue_1938_5c33e8,archive_hollywood_flood_rescue_1938_5c33e8.mp4,310,50.0,640,480,combined,detect_combined,Flooded,deeplabv3plus,False,False,0,tensorrt,tensorrt,tensorrt,19.49,19.49,50.89,51.31,6.49,20.45,26.939999999999998,1518.88,38.4,0.0,1518.88,38.4,0.0,34.99,32.59,1.08,68.66,0.7587,False,False
1780821186.5998979,archive_hollywood_flood_rescue_1938_5c33e8,archive_hollywood_flood_rescue_1938_5c33e8.mp4,311,50.0,640,480,combined,detect_combined,Flooded,deeplabv3plus,False,False,0,tensorrt,tensorrt,tensorrt,17.78,17.78,55.84,56.24,10.66,19.55,30.21,1518.88,47.8,0.0,1518.88,47.8,0.0,34.99,32.59,1.08,68.66,0.7047,False,False
1780821186.706622,archive_hollywood_flood_rescue_1938_5c33e8,archive_hollywood_flood_rescue_1938_5c33e8.mp4,312,50.0,640,480,combined,detect_combined,Flooded,deeplabv3plus,False,False,0,tensorrt,tensorrt,tensorrt,21.94,21.94,45.19,45.57,5.82,16.37,22.19,1518.88,45.2,0.0,1518.88,45.2,0.0,34.99,32.59,1.08,68.66,0.6578,False,False
1780821186.8165529,archive_hollywood_flood_rescue_1938_5c33e8,archive_hollywood_flood_rescue_1938_5c33e8.mp4,313,50.0,640,480,combined,detect_combined,Flooded,deeplabv3plus,False,False,0,tensorrt,tensorrt,tensorrt,18.19,18.19,54.6,54.96,6.58,23.12,29.700000000000003,1518.88,46.2,0.0,1518.88,46.2,0.0,34.99,32.59,1.08,68.66,0.7086,False,False
1780821186.9005473,archive_hollywood_flood_rescue_1938_5c33e8,archive_hollywood_flood_rescue_1938_5c33e8.mp4,314,50.0,640,480,combined,detect_combined,Flooded,deeplabv3plus,False,False,0,tensorrt,tensorrt,tensorrt,26.58,26.58,37.25,37.63,4.56,12.68,17.24,1518.88,51.0,0.0,1518.88,51.0,0.0,34.99,32.59,1.08,68.66,0.7455,False,False
1780821187.0138288,archive_hollywood_flood_rescue_1938_5c33e8,archive_hollywood_flood_rescue_1938_5c33e8.mp4,315,50.0,640,480,combined,detect_combined,Flooded,deeplabv3plus,False,False,0,tensorrt,tensorrt,tensorrt,18.62,18.62,53.32,53.7,6.92,22.5,29.42,1518.88,34.8,0.0,1518.88,34.8,0.0,34.99,32.59,1.08,68.66,0.7538,False,False
1780821187.1077476,archive_hollywood_flood_rescue_1938_5c33e8,archive_hollywood_flood_rescue_1938_5c33e8.mp4,316,50.0,640,480,combined,detect_combined,Flooded,deeplabv3plus,False,False,0,tensorrt,tensorrt,tensorrt,18.46,18.46,53.78,54.16,11.42,21.59,33.01,1518.88,36.4,0.0,1518.88,36.4,0.0,34.99,32.59,1.08,68.66,0.7564,False,False
1780821187.1928072,archive_hollywood_flood_rescue_1938_5c33e8,archive_hollywood_flood_rescue_1938_5c33e8.mp4,317,50.0,640,480,combined,detect_combined,Flooded,deeplabv3plus,False,False,0,tensorrt,tensorrt,tensorrt,25.09,25.09,39.32,39.86,7.29,12.84,20.13,1518.88,34.7,0.0,1518.88,34.7,0.0,34.99,32.59,1.08,68.66,0.8188,False,False
1780821187.2767055,archive_hollywood_flood_rescue_1938_5c33e8,archive_hollywood_flood_rescue_1938_5c33e8.mp4,318,50.0,640,480,combined,detect_combined,Flooded,deeplabv3plus,False,False,0,tensorrt,tensorrt,tensorrt,23.9,23.9,41.46,41.84,7.03,17.6,24.630000000000003,1518.88,34.0,0.0,1518.88,34.0,0.0,34.99,32.59,1.08,68.66,0.8072,False,False
1780821187.3770878,archive_hollywood_flood_rescue_1938_5c33e8,archive_hollywood_flood_rescue_1938_5c33e8.mp4,319,50.0,640,480,combined,detect_combined,Flooded,deeplabv3plus,False,False,0,tensorrt,tensorrt,tensorrt,19.92,19.92,49.88,50.19,21.06,14.46,35.519999999999996,1518.88,39.0,0.0,1518.88,39.0,0.0,34.99,32.59,1.08,68.66,0.8254,False,False
1780821187.475038,archive_hollywood_flood_rescue_1938_5c33e8,archive_hollywood_flood_rescue_1938_5c33e8.mp4,320,50.0,640,480,combined,detect_combined,Flooded,deeplabv3plus,False,False,0,tensorrt,tensorrt,tensorrt,24.15,24.15,40.83,41.4,4.9,16.1,21.0,1518.88,41.1,0.0,1518.88,41.1,0.0,34.99,32.59,1.08,68.66,0.6321,False,False
1780821187.5599823,archive_hollywood_flood_rescue_1938_5c33e8,archive_hollywood_flood_rescue_1938_5c33e8.mp4,321,50.0,640,480,combined,detect_combined,Flooded,deeplabv3plus,False,False,0,tensorrt,tensorrt,tensorrt,21.85,21.85,44.94,45.76,5.49,12.61,18.1,1518.88,34.6,0.0,1518.88,34.6,0.0,34.99,32.59,1.08,68.66,0.6514,False,False
1780821187.6366334,archive_hollywood_flood_rescue_1938_5c33e8,archive_hollywood_flood_rescue_1938_5c33e8.mp4,322,50.0,640,480,combined,detect_combined,Flooded,deeplabv3plus,False,False,0,tensorrt,tensorrt,tensorrt,27.13,27.13,36.34,36.86,5.31,9.69,15.0,1518.88,31.1,0.0,1518.88,31.1,0.0,34.99,32.59,1.08,68.66,0.6613,False,False
1780821187.7145772,archive_hollywood_flood_rescue_1938_5c33e8,archive_hollywood_flood_rescue_1938_5c33e8.mp4,323,50.0,640,480,combined,detect_combined,Flooded,deeplabv3plus,False,False,0,tensorrt,tensorrt,tensorrt,27.01,27.01,36.68,37.02,5.2,9.79,14.989999999999998,1518.88,30.4,0.0,1518.88,30.4,0.0,34.99,32.59,1.08,68.66,0.6591,False,False
1780821187.7991688,archive_hollywood_flood_rescue_1938_5c33e8,archive_hollywood_flood_rescue_1938_5c33e8.mp4,324,50.0,640,480,combined,detect_combined,Flooded,deeplabv3plus,False,False,0,tensorrt,tensorrt,tensorrt,26.32,26.32,37.63,38.0,5.88,10.3,16.18,1518.88,44.7,0.0,1518.88,44.7,0.0,34.99,32.59,1.08,68.66,0.7263,False,False
1780821187.9016407,archive_hollywood_flood_rescue_1938_5c33e8,archive_hollywood_flood_rescue_1938_5c33e8.mp4,325,50.0,640,480,combined,detect_combined,Flooded,deeplabv3plus,False,False,0,tensorrt,tensorrt,tensorrt,21.94,21.94,44.94,45.58,5.55,19.8,25.35,1518.88,50.9,0.0,1518.88,50.9,0.0,34.99,32.59,1.08,68.66,0.6817,False,False
1780821187.9900153,archive_hollywood_flood_rescue_1938_5c33e8,archive_hollywood_flood_rescue_1938_5c33e8.mp4,326,50.0,640,480,combined,detect_combined,Flooded,deeplabv3plus,False,False,0,tensorrt,tensorrt,tensorrt,26.03,26.03,38.04,38.41,6.27,13.58,19.85,1518.88,51.8,0.0,1518.88,51.8,0.0,34.99,32.59,1.08,68.66,0.7383,False,False
1780821188.0898714,archive_hollywood_flood_rescue_1938_5c33e8,archive_hollywood_flood_rescue_1938_5c33e8.mp4,327,50.0,640,480,combined,detect_combined,Flooded,deeplabv3plus,False,False,0,tensorrt,tensorrt,tensorrt,22.25,22.25,44.55,44.94,6.05,16.97,23.02,1518.88,50.0,0.0,1518.88,50.0,0.0,34.99,32.59,1.08,68.66,0.6336,False,False
1780821188.1837444,archive_hollywood_flood_rescue_1938_5c33e8,archive_hollywood_flood_rescue_1938_5c33e8.mp4,328,50.0,640,480,combined,detect_combined,Flooded,deeplabv3plus,False,False,0,tensorrt,tensorrt,tensorrt,22.76,22.76,43.57,43.93,6.13,17.92,24.05,1518.88,50.9,0.0,1518.88,50.9,0.0,34.99,32.59,1.08,68.66,0.7803,False,False
1780821188.2803366,archive_hollywood_flood_rescue_1938_5c33e8,archive_hollywood_flood_rescue_1938_5c33e8.mp4,329,50.0,640,480,combined,detect_combined,Flooded,deeplabv3plus,False,False,0,tensorrt,tensorrt,tensorrt,22.4,22.4,44.28,44.65,7.22,19.16,26.38,1518.88,33.3,0.0,1518.88,33.3,0.0,34.99,32.59,1.08,68.66,0.7588,False,False
1780821188.3940208,archive_hollywood_flood_rescue_1938_5c33e8,archive_hollywood_flood_rescue_1938_5c33e8.mp4,330,50.0,640,480,combined,detect_combined,Flooded,deeplabv3plus,False,False,0,tensorrt,tensorrt,tensorrt,21.32,21.32,46.48,46.89,6.66,17.65,24.31,1518.88,37.3,0.0,1518.88,37.3,0.0,34.99,32.59,1.08,68.66,0.6714,False,False
1780821188.5292907,archive_hollywood_flood_rescue_1938_5c33e8,archive_hollywood_flood_rescue_1938_5c33e8.mp4,331,50.0,640,480,combined,detect_combined,Flooded,deeplabv3plus,False,False,0,tensorrt,tensorrt,tensorrt,15.41,15.41,64.43,64.88,14.46,19.84,34.3,1518.88,34.2,0.0,1518.88,34.2,0.0,34.99,32.59,1.08,68.66,0.7229,False,False
1780821188.6544533,archive_hollywood_flood_rescue_1938_5c33e8,archive_hollywood_flood_rescue_1938_5c33e8.mp4,332,50.0,640,480,combined,detect_combined,Flooded,deeplabv3plus,False,False,0,tensorrt,tensorrt,tensorrt,18.51,18.51,53.62,54.03,11.12,25.88,37.0,1518.88,30.1,0.0,1518.88,30.1,0.0,34.99,32.59,1.08,68.66,0.6245,False,False
1780821188.758014,archive_hollywood_flood_rescue_1938_5c33e8,archive_hollywood_flood_rescue_1938_5c33e8.mp4,333,50.0,640,480,combined,detect_combined,Flooded,deeplabv3plus,False,False,0,tensorrt,tensorrt,tensorrt,23.11,23.11,42.86,43.27,6.25,17.1,23.35,1518.88,31.7,0.0,1518.88,31.7,0.0,34.99,32.59,1.08,68.66,0.7628,False,False
1780821188.872106,archive_hollywood_flood_rescue_1938_5c33e8,archive_hollywood_flood_rescue_1938_5c33e8.mp4,334,50.0,640,480,combined,detect_combined,Flooded,deeplabv3plus,False,False,0,tensorrt,tensorrt,tensorrt,18.63,18.63,53.26,53.68,6.67,23.81,30.479999999999997,1518.88,30.8,0.0,1518.88,30.8,0.0,34.99,32.59,1.08,68.66,0.6376,False,False
1780821188.9879475,archive_hollywood_flood_rescue_1938_5c33e8,archive_hollywood_flood_rescue_1938_5c33e8.mp4,335,50.0,640,480,combined,detect_combined,Flooded,deeplabv3plus,False,False,0,tensorrt,tensorrt,tensorrt,20.28,20.28,48.91,49.31,7.93,16.78,24.71,1518.88,32.9,0.0,1518.88,32.9,0.0,34.99,32.59,1.08,68.66,0.7041,False,False
1780821189.1143312,archive_hollywood_flood_rescue_1938_5c33e8,archive_hollywood_flood_rescue_1938_5c33e8.mp4,336,50.0,640,480,combined,detect_combined,Flooded,deeplabv3plus,False,False,0,tensorrt,tensorrt,tensorrt,17.63,17.63,56.34,56.73,10.33,21.88,32.21,1518.88,36.6,0.0,1518.88,36.6,0.0,34.99,32.59,1.08,68.66,0.6827,False,False
1780821189.21444,archive_hollywood_flood_rescue_1938_5c33e8,archive_hollywood_flood_rescue_1938_5c33e8.mp4,337,50.0,640,480,combined,detect_combined,Flooded,deeplabv3plus,False,False,0,tensorrt,tensorrt,tensorrt,22.4,22.4,44.24,44.64,5.57,17.49,23.06,1518.88,46.6,0.0,1518.88,46.6,0.0,34.99,32.59,1.08,68.66,0.6181,False,False
1780821189.3217466,archive_hollywood_flood_rescue_1938_5c33e8,archive_hollywood_flood_rescue_1938_5c33e8.mp4,338,50.0,640,480,combined,detect_combined,Flooded,deeplabv3plus,False,False,0,tensorrt,tensorrt,tensorrt,20.89,20.89,47.5,47.86,6.57,19.41,25.98,1518.88,47.6,0.0,1518.88,47.6,0.0,34.99,32.59,1.08,68.66,0.6633,False,False
1780821189.432218,archive_hollywood_flood_rescue_1938_5c33e8,archive_hollywood_flood_rescue_1938_5c33e8.mp4,339,50.0,640,480,combined,detect_combined,Flooded,deeplabv3plus,False,False,0,tensorrt,tensorrt,tensorrt,21.63,21.63,45.85,46.24,6.54,20.05,26.59,1518.88,47.5,0.0,1518.88,47.5,0.0,34.99,32.59,1.08,68.66,0.7419,False,False
1780821189.5545738,archive_hollywood_flood_rescue_1938_5c33e8,archive_hollywood_flood_rescue_1938_5c33e8.mp4,340,50.0,640,480,combined,detect_combined,Flooded,deeplabv3plus,False,False,0,tensorrt,tensorrt,tensorrt,16.24,16.24,61.16,61.59,13.0,19.23,32.230000000000004,1518.88,32.4,0.0,1518.88,32.4,0.0,34.99,32.59,1.08,68.66,0.8466,False,False
1780821189.674984,archive_hollywood_flood_rescue_1938_5c33e8,archive_hollywood_flood_rescue_1938_5c33e8.mp4,341,50.0,640,480,combined,detect_combined,Flooded,deeplabv3plus,False,False,0,tensorrt,tensorrt,tensorrt,19.91,19.91,49.81,50.21,6.62,18.99,25.61,1518.88,31.9,0.0,1518.88,31.9,0.0,34.99,32.59,1.08,68.66,0.7166,False,False
1780821189.790324,archive_hollywood_flood_rescue_1938_5c33e8,archive_hollywood_flood_rescue_1938_5c33e8.mp4,342,50.0,640,480,combined,detect_combined,Flooded,deeplabv3plus,False,False,0,tensorrt,tensorrt,tensorrt,21.08,21.08,47.03,47.44,6.58,19.69,26.270000000000003,1518.88,31.3,0.0,1518.88,31.3,0.0,34.99,32.59,1.08,68.66,0.7224,False,False
1780821189.9177933,archive_hollywood_flood_rescue_1938_5c33e8,archive_hollywood_flood_rescue_1938_5c33e8.mp4,343,50.0,640,480,combined,detect_combined,Flooded,deeplabv3plus,False,False,0,tensorrt,tensorrt,tensorrt,18.27,18.27,54.34,54.73,14.4,18.0,32.4,1518.88,40.1,0.0,1518.88,40.1,0.0,34.99,32.59,1.08,68.66,0.7796,False,False
1780821190.0025861,archive_hollywood_flood_rescue_1938_5c33e8,archive_hollywood_flood_rescue_1938_5c33e8.mp4,344,50.0,640,480,combined,detect_combined,Flooded,deeplabv3plus,False,False,0,tensorrt,tensorrt,tensorrt,26.66,26.66,37.13,37.52,5.56,10.28,15.84,1518.88,32.0,0.0,1518.88,32.0,0.0,34.99,32.59,1.08,68.66,0.8562,False,False
1780821190.083358,archive_hollywood_flood_rescue_1938_5c33e8,archive_hollywood_flood_rescue_1938_5c33e8.mp4,345,50.0,640,480,combined,detect_combined,Flooded,deeplabv3plus,False,False,0,tensorrt,tensorrt,tensorrt,27.26,27.26,36.34,36.69,5.77,11.36,17.13,1519.65,36.7,0.0,1519.65,36.7,0.0,34.99,32.59,1.08,68.66,0.6369,False,False
1780821190.175328,archive_hollywood_flood_rescue_1938_5c33e8,archive_hollywood_flood_rescue_1938_5c33e8.mp4,346,50.0,640,480,combined,detect_combined,Flooded,deeplabv3plus,False,False,0,tensorrt,tensorrt,tensorrt,21.68,21.68,45.77,46.13,5.69,15.79,21.48,1519.81,30.2,0.0,1519.81,30.2,0.0,34.99,32.59,1.08,68.66,0.6102,False,False
1780821190.2711008,archive_hollywood_flood_rescue_1938_5c33e8,archive_hollywood_flood_rescue_1938_5c33e8.mp4,347,50.0,640,480,combined,detect_combined,Flooded,deeplabv3plus,False,False,0,tensorrt,tensorrt,tensorrt,20.28,20.28,48.94,49.31,6.44,15.6,22.04,1519.81,30.2,0.0,1519.81,30.2,0.0,34.99,32.59,1.08,68.66,0.5015,False,False
1780821190.346109,archive_hollywood_flood_rescue_1938_5c33e8,archive_hollywood_flood_rescue_1938_5c33e8.mp4,348,50.0,640,480,combined,detect_combined,Flooded,deeplabv3plus,False,False,0,tensorrt,tensorrt,tensorrt,30.71,30.71,32.2,32.56,5.17,9.36,14.53,1519.81,55.6,0.0,1519.81,55.6,0.0,34.99,32.59,1.08,68.66,0.7129,False,False
1780821190.4424016,archive_hollywood_flood_rescue_1938_5c33e8,archive_hollywood_flood_rescue_1938_5c33e8.mp4,349,50.0,640,480,combined,detect_combined,Flooded,deeplabv3plus,False,False,0,tensorrt,tensorrt,tensorrt,22.57,22.57,43.92,44.3,6.4,19.2,25.6,1519.81,57.1,0.0,1519.81,57.1,0.0,34.99,32.59,1.08,68.66,0.64,False,False
1780821190.5385141,archive_hollywood_flood_rescue_1938_5c33e8,archive_hollywood_flood_rescue_1938_5c33e8.mp4,350,50.0,640,480,combined,detect_combined,Flooded,deeplabv3plus,False,False,0,tensorrt,tensorrt,tensorrt,24.95,24.95,39.77,40.08,5.63,18.17,23.8,1519.81,47.3,0.0,1519.81,47.3,0.0,34.99,32.59,1.08,68.66,0.7401,False,False
1780821190.6194766,archive_hollywood_flood_rescue_1938_5c33e8,archive_hollywood_flood_rescue_1938_5c33e8.mp4,351,50.0,640,480,combined,detect_combined,Flooded,deeplabv3plus,False,False,0,tensorrt,tensorrt,tensorrt,26.2,26.2,37.81,38.16,5.19,15.4,20.59,1519.81,52.1,0.0,1519.81,52.1,0.0,34.99,32.59,1.08,68.66,0.6687,False,False
1780821190.71787,archive_hollywood_flood_rescue_1938_5c33e8,archive_hollywood_flood_rescue_1938_5c33e8.mp4,352,50.0,640,480,combined,detect_combined,Flooded,deeplabv3plus,False,False,0,tensorrt,tensorrt,tensorrt,23.68,23.68,41.84,42.22,5.94,16.29,22.23,1519.81,35.1,0.0,1519.81,35.1,0.0,34.99,32.59,1.08,68.66,0.7287,False,False
1780821190.8311121,archive_hollywood_flood_rescue_1938_5c33e8,archive_hollywood_flood_rescue_1938_5c33e8.mp4,353,50.0,640,480,combined,detect_combined,Flooded,deeplabv3plus,False,False,0,tensorrt,tensorrt,tensorrt,21.77,21.77,45.54,45.93,6.97,18.53,25.5,1519.81,32.4,0.0,1519.81,32.4,0.0,34.99,32.59,1.08,68.66,0.7926,False,False
1780821190.9391716,archive_hollywood_flood_rescue_1938_5c33e8,archive_hollywood_flood_rescue_1938_5c33e8.mp4,354,50.0,640,480,combined,detect_combined,Flooded,deeplabv3plus,False,False,0,tensorrt,tensorrt,tensorrt,22.43,22.43,44.16,44.58,6.15,17.28,23.43,1519.81,31.3,0.0,1519.81,31.3,0.0,34.99,32.59,1.08,68.66,0.7348,False,False
1780821191.0699527,archive_hollywood_flood_rescue_1938_5c33e8,archive_hollywood_flood_rescue_1938_5c33e8.mp4,355,50.0,640,480,combined,detect_combined,Flooded,deeplabv3plus,False,False,0,tensorrt,tensorrt,tensorrt,15.75,15.75,63.07,63.48,12.61,19.92,32.53,1519.81,33.3,0.0,1519.81,33.3,0.0,34.99,32.59,1.08,68.66,0.7729,False,False
1780821191.1920521,archive_hollywood_flood_rescue_1938_5c33e8,archive_hollywood_flood_rescue_1938_5c33e8.mp4,356,50.0,640,480,combined,detect_combined,Flooded,deeplabv3plus,False,False,0,tensorrt,tensorrt,tensorrt,20.55,20.55,48.25,48.65,7.63,22.51,30.14,1519.81,31.1,0.0,1519.81,31.1,0.0,34.99,32.59,1.08,68.66,0.6981,False,False
1780821191.3177905,archive_hollywood_flood_rescue_1938_5c33e8,archive_hollywood_flood_rescue_1938_5c33e8.mp4,357,50.0,640,480,combined,detect_combined,Flooded,deeplabv3plus,False,False,0,tensorrt,tensorrt,tensorrt,18.22,18.22,54.34,54.88,10.5,27.1,37.6,1519.81,31.5,0.0,1519.81,31.5,0.0,34.99,32.59,1.08,68.66,0.67,False,False
1780821191.4298835,archive_hollywood_flood_rescue_1938_5c33e8,archive_hollywood_flood_rescue_1938_5c33e8.mp4,358,50.0,640,480,combined,detect_combined,Flooded,deeplabv3plus,False,False,0,tensorrt,tensorrt,tensorrt,21.23,21.23,46.67,47.09,7.08,18.73,25.810000000000002,1519.81,30.3,0.0,1519.81,30.3,0.0,34.99,32.59,1.08,68.66,0.7342,False,False
1780821191.547829,archive_hollywood_flood_rescue_1938_5c33e8,archive_hollywood_flood_rescue_1938_5c33e8.mp4,359,50.0,640,480,combined,detect_combined,Flooded,deeplabv3plus,False,False,0,tensorrt,tensorrt,tensorrt,20.07,20.07,49.41,49.82,11.09,20.3,31.39,1519.81,28.6,0.0,1519.81,28.6,0.0,34.99,32.59,1.08,68.66,0.6998,False,False
1780821191.6614833,archive_hollywood_flood_rescue_1938_5c33e8,archive_hollywood_flood_rescue_1938_5c33e8.mp4,360,50.0,640,480,combined,detect_combined,Flooded,deeplabv3plus,False,False,0,tensorrt,tensorrt,tensorrt,21.66,21.66,45.76,46.17,7.22,17.29,24.509999999999998,1519.81,38.8,0.0,1519.81,38.8,0.0,34.99,32.59,1.08,68.66,0.6918,False,False
1780821191.7822418,archive_hollywood_flood_rescue_1938_5c33e8,archive_hollywood_flood_rescue_1938_5c33e8.mp4,361,50.0,640,480,combined,detect_combined,Flooded,deeplabv3plus,False,False,0,tensorrt,tensorrt,tensorrt,19.02,19.02,52.18,52.58,12.0,23.75,35.75,1519.81,52.9,0.0,1519.81,52.9,0.0,34.99,32.59,1.08,68.66,0.7758,False,False
1780821191.8612843,archive_hollywood_flood_rescue_1938_5c33e8,archive_hollywood_flood_rescue_1938_5c33e8.mp4,362,50.0,640,480,combined,detect_combined,Flooded,deeplabv3plus,False,False,0,tensorrt,tensorrt,tensorrt,24.34,24.34,40.62,41.08,4.26,10.6,14.86,1519.81,58.3,0.0,1519.81,58.3,0.0,34.99,32.59,1.08,68.66,0.8098,False,False
1780821191.9621127,archive_hollywood_flood_rescue_1938_5c33e8,archive_hollywood_flood_rescue_1938_5c33e8.mp4,363,50.0,640,480,combined,detect_combined,Flooded,deeplabv3plus,False,False,0,tensorrt,tensorrt,tensorrt,18.33,18.33,54.2,54.56,10.41,21.56,31.97,1519.81,45.6,0.0,1519.81,45.6,0.0,34.99,32.59,1.08,68.66,0.7097,False,False
1780821192.0566225,archive_hollywood_flood_rescue_1938_5c33e8,archive_hollywood_flood_rescue_1938_5c33e8.mp4,364,50.0,640,480,combined,detect_combined,Flooded,deeplabv3plus,False,False,0,tensorrt,tensorrt,tensorrt,18.73,18.73,52.85,53.4,13.4,23.06,36.46,1519.81,46.3,0.0,1519.81,46.3,0.0,34.99,32.59,1.08,68.66,0.7299,False,False
1780821192.144259,archive_hollywood_flood_rescue_1938_5c33e8,archive_hollywood_flood_rescue_1938_5c33e8.mp4,365,50.0,640,480,combined,detect_combined,Flooded,deeplabv3plus,False,False,0,tensorrt,tensorrt,tensorrt,23.21,23.21,42.59,43.09,5.04,13.86,18.9,1519.81,46.0,0.0,1519.81,46.0,0.0,34.99,32.59,1.08,68.66,0.7019,False,False
1780821192.2272801,archive_hollywood_flood_rescue_1938_5c33e8,archive_hollywood_flood_rescue_1938_5c33e8.mp4,366,50.0,640,480,combined,detect_combined,Flooded,deeplabv3plus,False,False,0,tensorrt,tensorrt,tensorrt,23.86,23.86,41.57,41.92,5.52,16.73,22.25,1519.81,40.8,0.0,1519.81,40.8,0.0,34.99,32.59,1.08,68.66,0.7339,False,False
1780821192.327318,archive_hollywood_flood_rescue_1938_5c33e8,archive_hollywood_flood_rescue_1938_5c33e8.mp4,367,50.0,640,480,combined,detect_combined,Flooded,deeplabv3plus,False,False,0,tensorrt,tensorrt,tensorrt,21.06,21.06,46.05,47.49,5.72,19.2,24.919999999999998,1519.81,33.9,0.0,1519.81,33.9,0.0,34.99,32.59,1.08,68.66,0.6478,False,False
1780821192.4468067,archive_hollywood_flood_rescue_1938_5c33e8,archive_hollywood_flood_rescue_1938_5c33e8.mp4,368,50.0,640,480,combined,detect_combined,Flooded,deeplabv3plus,False,False,0,tensorrt,tensorrt,tensorrt,28.32,28.32,34.91,35.31,10.91,12.01,22.92,1519.81,47.2,0.0,1519.81,47.2,0.0,34.99,32.59,1.08,68.66,0.5885,False,False
1780821192.563398,archive_hollywood_flood_rescue_1938_5c33e8,archive_hollywood_flood_rescue_1938_5c33e8.mp4,369,50.0,640,480,combined,detect_combined,Flooded,deeplabv3plus,False,False,0,tensorrt,tensorrt,tensorrt,18.37,18.37,54.02,54.42,10.57,26.21,36.78,1519.81,33.3,0.0,1519.81,33.3,0.0,34.99,32.59,1.08,68.66,0.6325,False,False
1780821192.6750753,archive_hollywood_flood_rescue_1938_5c33e8,archive_hollywood_flood_rescue_1938_5c33e8.mp4,370,50.0,640,480,combined,detect_combined,Flooded,deeplabv3plus,False,False,0,tensorrt,tensorrt,tensorrt,20.51,20.51,48.33,48.75,6.44,22.47,28.91,1519.81,29.7,0.0,1519.81,29.7,0.0,34.99,32.59,1.08,68.66,0.6711,False,False
1780821192.7853656,archive_hollywood_flood_rescue_1938_5c33e8,archive_hollywood_flood_rescue_1938_5c33e8.mp4,371,50.0,640,480,combined,detect_combined,Flooded,deeplabv3plus,False,False,0,tensorrt,tensorrt,tensorrt,20.74,20.74,47.82,48.22,6.8,17.76,24.560000000000002,1519.81,33.3,0.0,1519.81,33.3,0.0,34.99,32.59,1.08,68.66,0.7313,False,False
1780821192.8975728,archive_hollywood_flood_rescue_1938_5c33e8,archive_hollywood_flood_rescue_1938_5c33e8.mp4,372,50.0,640,480,combined,detect_combined,Flooded,deeplabv3plus,False,False,0,tensorrt,tensorrt,tensorrt,20.78,20.78,47.75,48.13,6.1,18.44,24.54,1519.81,38.5,0.0,1519.81,38.5,0.0,34.99,32.59,1.08,68.66,0.7055,False,False
1780821193.000329,archive_hollywood_flood_rescue_1938_5c33e8,archive_hollywood_flood_rescue_1938_5c33e8.mp4,373,50.0,640,480,combined,detect_combined,Flooded,deeplabv3plus,False,False,0,tensorrt,tensorrt,tensorrt,24.41,24.41,40.61,40.97,5.54,12.82,18.36,1519.81,51.6,0.0,1519.81,51.6,0.0,34.99,32.59,1.08,68.66,0.7186,False,False
1780821193.098128,archive_hollywood_flood_rescue_1938_5c33e8,archive_hollywood_flood_rescue_1938_5c33e8.mp4,374,50.0,640,480,combined,detect_combined,Flooded,deeplabv3plus,False,False,0,tensorrt,tensorrt,tensorrt,17.45,17.45,56.97,57.32,12.19,22.5,34.69,1519.81,50.8,0.0,1519.81,50.8,0.0,34.99,32.59,1.08,68.66,0.7573,False,False
1780821193.1754675,archive_hollywood_flood_rescue_1938_5c33e8,archive_hollywood_flood_rescue_1938_5c33e8.mp4,375,50.0,640,480,combined,detect_combined,Flooded,deeplabv3plus,False,False,0,tensorrt,tensorrt,tensorrt,31.25,31.25,31.61,32.0,6.54,12.55,19.09,1519.81,46.7,0.0,1519.81,46.7,0.0,34.99,32.59,1.08,68.66,0.7737,False,False
1780821193.2638717,archive_hollywood_flood_rescue_1938_5c33e8,archive_hollywood_flood_rescue_1938_5c33e8.mp4,376,50.0,640,480,combined,detect_combined,Flooded,deeplabv3plus,False,False,0,tensorrt,tensorrt,tensorrt,23.35,23.35,42.47,42.82,8.88,15.81,24.69,1519.81,48.0,0.0,1519.81,48.0,0.0,34.99,32.59,1.08,68.66,0.6551,False,False
1780821193.3418565,archive_hollywood_flood_rescue_1938_5c33e8,archive_hollywood_flood_rescue_1938_5c33e8.mp4,377,50.0,640,480,combined,detect_combined,Flooded,deeplabv3plus,False,False,0,tensorrt,tensorrt,tensorrt,34.81,34.81,28.04,28.73,4.66,11.31,15.97,1519.81,50.0,0.0,1519.81,50.0,0.0,34.99,32.59,1.08,68.66,0.6811,False,False
1780821193.4176824,archive_hollywood_flood_rescue_1938_5c33e8,archive_hollywood_flood_rescue_1938_5c33e8.mp4,378,50.0,640,480,combined,detect_combined,Flooded,deeplabv3plus,False,False,0,tensorrt,tensorrt,tensorrt,24.91,24.91,39.81,40.14,5.24,14.87,20.11,1519.81,38.6,0.0,1519.81,38.6,0.0,34.99,32.59,1.08,68.66,0.8148,False,False
1780821193.4900763,archive_hollywood_flood_rescue_1938_5c33e8,archive_hollywood_flood_rescue_1938_5c33e8.mp4,379,50.0,640,480,combined,detect_combined,Flooded,deeplabv3plus,False,False,0,tensorrt,tensorrt,tensorrt,29.16,29.16,33.99,34.29,5.24,9.82,15.06,1519.81,30.8,0.0,1519.81,30.8,0.0,34.99,32.59,1.08,68.66,0.7526,False,False
1780821193.5550902,archive_hollywood_flood_rescue_1938_5c33e8,archive_hollywood_flood_rescue_1938_5c33e8.mp4,380,50.0,640,480,combined,detect_combined,Flooded,deeplabv3plus,False,False,0,tensorrt,tensorrt,tensorrt,34.46,34.46,28.65,29.02,4.23,7.69,11.920000000000002,1519.81,35.9,0.0,1519.81,35.9,0.0,34.99,32.59,1.08,68.66,0.7572,False,False
1780821193.6182387,archive_hollywood_flood_rescue_1938_5c33e8,archive_hollywood_flood_rescue_1938_5c33e8.mp4,381,50.0,640,480,combined,detect_combined,Flooded,deeplabv3plus,False,False,0,tensorrt,tensorrt,tensorrt,39.18,39.18,25.21,25.53,4.29,8.08,12.370000000000001,1519.81,34.2,0.0,1519.81,34.2,0.0,34.99,32.59,1.08,68.66,0.8112,False,False
1780821193.6993685,archive_hollywood_flood_rescue_1938_5c33e8,archive_hollywood_flood_rescue_1938_5c33e8.mp4,382,50.0,640,480,combined,detect_combined,Flooded,deeplabv3plus,False,False,0,tensorrt,tensorrt,tensorrt,25.32,25.32,39.14,39.5,5.48,16.61,22.09,1519.81,39.6,0.0,1519.81,39.6,0.0,34.99,32.59,1.08,68.66,0.847,False,False
1780821193.7912445,archive_hollywood_flood_rescue_1938_5c33e8,archive_hollywood_flood_rescue_1938_5c33e8.mp4,383,50.0,640,480,combined,detect_combined,Flooded,deeplabv3plus,False,False,0,tensorrt,tensorrt,tensorrt,24.71,24.71,40.08,40.47,5.78,13.73,19.51,1519.81,32.7,0.0,1519.81,32.7,0.0,34.99,32.59,1.08,68.66,0.8579,False,False
1780821193.8951352,archive_hollywood_flood_rescue_1938_5c33e8,archive_hollywood_flood_rescue_1938_5c33e8.mp4,384,50.0,640,480,combined,detect_combined,Flooded,deeplabv3plus,False,False,0,tensorrt,tensorrt,tensorrt,21.06,21.06,47.06,47.47,6.31,17.79,24.099999999999998,1519.81,37.1,0.0,1519.81,37.1,0.0,34.99,32.59,1.08,68.66,0.8768,False,False
1780821194.0105305,archive_hollywood_flood_rescue_1938_5c33e8,archive_hollywood_flood_rescue_1938_5c33e8.mp4,385,50.0,640,480,combined,detect_combined,Flooded,deeplabv3plus,False,False,0,tensorrt,tensorrt,tensorrt,19.73,19.73,50.29,50.69,5.99,20.3,26.29,1519.81,31.9,0.0,1519.81,31.9,0.0,34.99,32.59,1.08,68.66,0.8718,False,False
1780821194.126743,archive_hollywood_flood_rescue_1938_5c33e8,archive_hollywood_flood_rescue_1938_5c33e8.mp4,386,50.0,640,480,combined,detect_combined,Flooded,deeplabv3plus,False,False,0,tensorrt,tensorrt,tensorrt,19.98,19.98,49.64,50.06,6.25,19.8,26.05,1519.81,31.9,0.0,1519.81,31.9,0.0,34.99,32.59,1.08,68.66,0.8159,False,False
1780821194.247279,archive_hollywood_flood_rescue_1938_5c33e8,archive_hollywood_flood_rescue_1938_5c33e8.mp4,387,50.0,640,480,combined,detect_combined,Flooded,deeplabv3plus,False,False,0,tensorrt,tensorrt,tensorrt,18.95,18.95,52.31,52.76,8.43,19.11,27.54,1519.81,33.8,0.0,1519.81,33.8,0.0,34.99,32.59,1.08,68.66,0.8068,False,False
1780821194.3543968,archive_hollywood_flood_rescue_1938_5c33e8,archive_hollywood_flood_rescue_1938_5c33e8.mp4,388,50.0,640,480,combined,detect_combined,Flooded,deeplabv3plus,False,False,0,tensorrt,tensorrt,tensorrt,18.02,18.02,55.13,55.49,13.15,21.64,34.79,1519.81,50.0,0.0,1519.81,50.0,0.0,34.99,32.59,1.08,68.66,0.796,False,False
1780821194.434633,archive_hollywood_flood_rescue_1938_5c33e8,archive_hollywood_flood_rescue_1938_5c33e8.mp4,389,50.0,640,480,combined,detect_combined,Flooded,deeplabv3plus,False,False,0,tensorrt,tensorrt,tensorrt,25.9,25.9,38.22,38.62,6.89,11.33,18.22,1519.81,55.3,0.0,1519.81,55.3,0.0,34.99,32.59,1.08,68.66,0.8375,False,False
1780821194.5303662,archive_hollywood_flood_rescue_1938_5c33e8,archive_hollywood_flood_rescue_1938_5c33e8.mp4,390,50.0,640,480,combined,detect_combined,Flooded,deeplabv3plus,False,False,0,tensorrt,tensorrt,tensorrt,22.19,22.19,44.68,45.06,7.24,19.64,26.880000000000003,1519.81,46.3,0.0,1519.81,46.3,0.0,34.99,32.59,1.08,68.66,0.795,False,False
1780821194.6226022,archive_hollywood_flood_rescue_1938_5c33e8,archive_hollywood_flood_rescue_1938_5c33e8.mp4,391,50.0,640,480,combined,detect_combined,Flooded,deeplabv3plus,False,False,0,tensorrt,tensorrt,tensorrt,21.84,21.84,45.28,45.79,5.57,18.23,23.8,1519.81,51.8,0.0,1519.81,51.8,0.0,34.99,32.59,1.08,68.66,0.7141,False,False
1780821194.7167792,archive_hollywood_flood_rescue_1938_5c33e8,archive_hollywood_flood_rescue_1938_5c33e8.mp4,392,50.0,640,480,combined,detect_combined,Flooded,deeplabv3plus,False,False,0,tensorrt,tensorrt,tensorrt,19.07,19.07,52.06,52.43,11.55,19.25,30.8,1519.81,55.2,0.0,1519.81,55.2,0.0,34.99,32.59,1.08,68.66,0.8372,False,False
1780821194.8045948,archive_hollywood_flood_rescue_1938_5c33e8,archive_hollywood_flood_rescue_1938_5c33e8.mp4,393,50.0,640,480,combined,detect_combined,Flooded,deeplabv3plus,False,False,0,tensorrt,tensorrt,tensorrt,22.94,22.94,43.23,43.6,5.94,18.45,24.39,1519.81,48.0,0.0,1519.81,48.0,0.0,34.99,32.59,1.08,68.66,0.8485,False,False
1780821194.8754344,archive_hollywood_flood_rescue_1938_5c33e8,archive_hollywood_flood_rescue_1938_5c33e8.mp4,394,50.0,640,480,combined,detect_combined,Flooded,deeplabv3plus,False,False,0,tensorrt,tensorrt,tensorrt,31.98,31.98,30.95,31.27,4.84,8.23,13.07,1519.81,68.3,0.0,1519.81,68.3,0.0,34.99,32.59,1.08,68.66,0.8358,False,False
1780821194.948249,archive_hollywood_flood_rescue_1938_5c33e8,archive_hollywood_flood_rescue_1938_5c33e8.mp4,395,50.0,640,480,combined,detect_combined,Flooded,deeplabv3plus,False,False,0,tensorrt,tensorrt,tensorrt,25.23,25.23,39.29,39.64,4.94,11.69,16.63,1519.81,50.0,0.0,1519.81,50.0,0.0,34.99,32.59,1.08,68.66,0.8692,False,False
1780821195.025138,archive_hollywood_flood_rescue_1938_5c33e8,archive_hollywood_flood_rescue_1938_5c33e8.mp4,396,50.0,640,480,combined,detect_combined,Flooded,deeplabv3plus,False,False,0,tensorrt,tensorrt,tensorrt,30.52,30.52,32.43,32.77,4.49,11.95,16.439999999999998,1519.81,40.4,0.0,1519.81,40.4,0.0,34.99,32.59,1.08,68.66,0.8868,False,False
1780821195.1195965,archive_hollywood_flood_rescue_1938_5c33e8,archive_hollywood_flood_rescue_1938_5c33e8.mp4,397,50.0,640,480,combined,detect_combined,Flooded,deeplabv3plus,False,False,0,tensorrt,tensorrt,tensorrt,25.59,25.59,38.69,39.08,5.53,13.31,18.84,1519.81,38.9,0.0,1519.81,38.9,0.0,34.99,32.59,1.08,68.66,0.7672,False,False
1780821195.2193658,archive_hollywood_flood_rescue_1938_5c33e8,archive_hollywood_flood_rescue_1938_5c33e8.mp4,398,50.0,640,480,combined,detect_combined,Flooded,deeplabv3plus,False,False,0,tensorrt,tensorrt,tensorrt,25.31,25.31,39.07,39.51,5.71,14.16,19.87,1519.81,30.4,0.0,1519.81,30.4,0.0,34.99,32.59,1.08,68.66,0.7973,False,False
1780821195.322411,archive_hollywood_flood_rescue_1938_5c33e8,archive_hollywood_flood_rescue_1938_5c33e8.mp4,399,50.0,640,480,combined,detect_combined,Flooded,deeplabv3plus,False,False,0,tensorrt,tensorrt,tensorrt,21.9,21.9,45.13,45.67,5.94,12.73,18.67,1519.81,27.1,0.0,1519.81,27.1,0.0,34.99,32.59,1.08,68.66,0.791,False,False
1780821195.4193275,archive_hollywood_flood_rescue_1938_5c33e8,archive_hollywood_flood_rescue_1938_5c33e8.mp4,400,50.0,640,480,combined,detect_combined,Flooded,deeplabv3plus,False,False,0,tensorrt,tensorrt,tensorrt,23.29,23.29,42.52,42.94,5.77,17.64,23.41,1519.81,31.0,0.0,1519.81,31.0,0.0,34.99,32.59,1.08,68.66,0.7939,False,False
1780821195.5167089,archive_hollywood_flood_rescue_1938_5c33e8,archive_hollywood_flood_rescue_1938_5c33e8.mp4,401,50.0,640,480,combined,detect_combined,Flooded,deeplabv3plus,False,False,0,tensorrt,tensorrt,tensorrt,21.6,21.6,45.94,46.3,6.73,15.87,22.6,1519.81,25.9,0.0,1519.81,25.9,0.0,34.99,32.59,1.08,68.66,0.7807,False,False
1780821195.604702,archive_hollywood_flood_rescue_1938_5c33e8,archive_hollywood_flood_rescue_1938_5c33e8.mp4,402,50.0,640,480,combined,detect_combined,Flooded,deeplabv3plus,False,False,0,tensorrt,tensorrt,tensorrt,21.82,21.82,45.05,45.84,5.9,19.1,25.0,1519.81,39.2,0.0,1519.81,39.2,0.0,34.99,32.59,1.08,68.66,0.8291,False,False
1780821195.6860547,archive_hollywood_flood_rescue_1938_5c33e8,archive_hollywood_flood_rescue_1938_5c33e8.mp4,403,50.0,640,480,combined,detect_combined,Flooded,deeplabv3plus,False,False,0,tensorrt,tensorrt,tensorrt,27.03,27.03,36.62,36.99,4.95,14.19,19.14,1519.81,53.1,0.0,1519.81,53.1,0.0,34.99,32.59,1.08,68.66,0.8086,False,False
1780821195.7600367,archive_hollywood_flood_rescue_1938_5c33e8,archive_hollywood_flood_rescue_1938_5c33e8.mp4,404,50.0,640,480,combined,detect_combined,Flooded,deeplabv3plus,False,False,0,tensorrt,tensorrt,tensorrt,32.47,32.47,30.49,30.8,4.8,8.52,13.32,1519.81,53.3,0.0,1519.81,53.3,0.0,34.99,32.59,1.08,68.66,0.763,False,False
1780821195.844848,archive_hollywood_flood_rescue_1938_5c33e8,archive_hollywood_flood_rescue_1938_5c33e8.mp4,405,50.0,640,480,combined,detect_combined,Flooded,deeplabv3plus,False,False,0,tensorrt,tensorrt,tensorrt,27.89,27.89,35.52,35.86,4.98,12.97,17.950000000000003,1519.81,43.5,0.0,1519.81,43.5,0.0,34.99,32.59,1.08,68.66,0.7871,False,False
1780821195.9214582,archive_hollywood_flood_rescue_1938_5c33e8,archive_hollywood_flood_rescue_1938_5c33e8.mp4,406,50.0,640,480,combined,detect_combined,Flooded,deeplabv3plus,False,False,0,tensorrt,tensorrt,tensorrt,25.72,25.72,38.45,38.87,7.55,11.66,19.21,1519.81,59.1,0.0,1519.81,59.1,0.0,34.99,32.59,1.08,68.66,0.7519,False,False
1780821195.9926867,archive_hollywood_flood_rescue_1938_5c33e8,archive_hollywood_flood_rescue_1938_5c33e8.mp4,407,50.0,640,480,combined,detect_combined,Flooded,deeplabv3plus,False,False,0,tensorrt,tensorrt,tensorrt,32.78,32.78,30.17,30.5,4.69,8.35,13.04,1519.8,66.7,0.0,1519.8,66.7,0.0,34.99,32.59,1.08,68.66,0.8343,False,False
1780821196.0763452,archive_hollywood_flood_rescue_1938_5c33e8,archive_hollywood_flood_rescue_1938_5c33e8.mp4,408,50.0,640,480,combined,detect_combined,Flooded,deeplabv3plus,False,False,0,tensorrt,tensorrt,tensorrt,27.03,27.03,36.65,36.99,4.77,12.79,17.56,1519.8,50.0,0.0,1519.8,50.0,0.0,34.99,32.59,1.08,68.66,0.751,False,False
1780821196.16694,archive_hollywood_flood_rescue_1938_5c33e8,archive_hollywood_flood_rescue_1938_5c33e8.mp4,409,50.0,640,480,combined,detect_combined,Flooded,deeplabv3plus,False,False,0,tensorrt,tensorrt,tensorrt,23.05,23.05,42.95,43.38,5.19,15.47,20.66,1519.8,44.4,0.0,1519.8,44.4,0.0,34.99,32.59,1.08,68.66,0.773,False,False
1780821196.243207,archive_hollywood_flood_rescue_1938_5c33e8,archive_hollywood_flood_rescue_1938_5c33e8.mp4,410,50.0,640,480,combined,detect_combined,Flooded,deeplabv3plus,False,False,0,tensorrt,tensorrt,tensorrt,28.24,28.24,35.05,35.42,5.52,10.68,16.2,1519.8,40.9,0.0,1519.8,40.9,0.0,34.99,32.59,1.08,68.66,0.7352,False,False
1780821196.3295634,archive_hollywood_flood_rescue_1938_5c33e8,archive_hollywood_flood_rescue_1938_5c33e8.mp4,411,50.0,640,480,combined,detect_combined,Flooded,deeplabv3plus,False,False,0,tensorrt,tensorrt,tensorrt,25.01,25.01,39.59,39.99,5.42,15.28,20.7,1519.8,47.2,0.0,1519.8,47.2,0.0,34.99,32.59,1.08,68.66,0.6575,False,False
1780821196.4145243,archive_hollywood_flood_rescue_1938_5c33e8,archive_hollywood_flood_rescue_1938_5c33e8.mp4,412,50.0,640,480,combined,detect_combined,Flooded,deeplabv3plus,False,False,0,tensorrt,tensorrt,tensorrt,22.39,22.39,44.3,44.66,6.33,16.71,23.04,1519.8,44.2,0.0,1519.8,44.2,0.0,34.99,32.59,1.08,68.66,0.6682,False,False
1780821196.5004137,archive_hollywood_flood_rescue_1938_5c33e8,archive_hollywood_flood_rescue_1938_5c33e8.mp4,413,50.0,640,480,combined,detect_combined,Flooded,deeplabv3plus,False,False,0,tensorrt,tensorrt,tensorrt,26.5,26.5,37.35,37.74,6.15,10.76,16.91,1519.8,48.1,0.0,1519.8,48.1,0.0,34.99,32.59,1.08,68.66,0.7192,False,False
1780821196.6004853,archive_hollywood_flood_rescue_1938_5c33e8,archive_hollywood_flood_rescue_1938_5c33e8.mp4,414,50.0,640,480,combined,detect_combined,Flooded,deeplabv3plus,False,False,0,tensorrt,tensorrt,tensorrt,25.22,25.22,39.31,39.65,5.49,14.32,19.810000000000002,1519.8,42.4,0.0,1519.8,42.4,0.0,34.99,32.59,1.08,68.66,0.7285,False,False
1780821196.682073,archive_hollywood_flood_rescue_1938_5c33e8,archive_hollywood_flood_rescue_1938_5c33e8.mp4,415,50.0,640,480,combined,detect_combined,Flooded,deeplabv3plus,False,False,0,tensorrt,tensorrt,tensorrt,24.76,24.76,39.92,40.39,6.89,11.11,18.0,1519.8,44.9,0.0,1519.8,44.9,0.0,34.99,32.59,1.08,68.66,0.7442,False,False
1780821196.7504196,archive_hollywood_flood_rescue_1938_5c33e8,archive_hollywood_flood_rescue_1938_5c33e8.mp4,416,50.0,640,480,combined,detect_combined,Flooded,deeplabv3plus,False,False,0,tensorrt,tensorrt,tensorrt,35.13,35.13,28.16,28.47,3.88,7.32,11.2,1519.8,40.0,0.0,1519.8,40.0,0.0,34.99,32.59,1.08,68.66,0.7173,False,False
1780821196.8215513,archive_hollywood_flood_rescue_1938_5c33e8,archive_hollywood_flood_rescue_1938_5c33e8.mp4,417,50.0,640,480,combined,detect_combined,Flooded,deeplabv3plus,False,False,0,tensorrt,tensorrt,tensorrt,30.12,30.12,32.73,33.21,4.14,8.37,12.509999999999998,1519.8,44.2,0.0,1519.8,44.2,0.0,34.99,32.59,1.08,68.66,0.6904,False,False
1780821196.9067132,archive_hollywood_flood_rescue_1938_5c33e8,archive_hollywood_flood_rescue_1938_5c33e8.mp4,418,50.0,640,480,combined,detect_combined,Flooded,deeplabv3plus,False,False,0,tensorrt,tensorrt,tensorrt,26.07,26.07,38.02,38.36,5.06,14.67,19.73,1519.8,32.0,0.0,1519.8,32.0,0.0,34.99,32.59,1.08,68.66,0.6397,False,False
1780821196.9965382,archive_hollywood_flood_rescue_1938_5c33e8,archive_hollywood_flood_rescue_1938_5c33e8.mp4,419,50.0,640,480,combined,detect_combined,Flooded,deeplabv3plus,False,False,0,tensorrt,tensorrt,tensorrt,28.21,28.21,35.13,35.45,6.97,12.51,19.48,1519.8,31.4,0.0,1519.8,31.4,0.0,34.99,32.59,1.08,68.66,0.602,False,False
1780821197.0874815,archive_hollywood_flood_rescue_1938_5c33e8,archive_hollywood_flood_rescue_1938_5c33e8.mp4,420,50.0,640,480,combined,detect_combined,Flooded,deeplabv3plus,False,False,0,tensorrt,tensorrt,tensorrt,39.21,39.21,25.17,25.5,4.55,11.11,15.66,1519.8,50.0,0.0,1519.8,50.0,0.0,34.99,32.59,1.08,68.66,0.6536,False,False
1780821197.183615,archive_hollywood_flood_rescue_1938_5c33e8,archive_hollywood_flood_rescue_1938_5c33e8.mp4,421,50.0,640,480,combined,detect_combined,Flooded,deeplabv3plus,False,False,0,tensorrt,tensorrt,tensorrt,20.89,20.89,47.37,47.87,5.89,19.46,25.35,1519.8,56.1,0.0,1519.8,56.1,0.0,34.99,32.59,1.08,68.66,0.76,False,False
1780821197.267747,archive_hollywood_flood_rescue_1938_5c33e8,archive_hollywood_flood_rescue_1938_5c33e8.mp4,422,50.0,640,480,combined,detect_combined,Flooded,deeplabv3plus,False,False,0,tensorrt,tensorrt,tensorrt,22.63,22.63,43.76,44.18,6.42,16.3,22.72,1519.8,51.0,0.0,1519.8,51.0,0.0,34.99,32.59,1.08,68.66,0.8,False,False
1780821197.3812146,archive_hollywood_flood_rescue_1938_5c33e8,archive_hollywood_flood_rescue_1938_5c33e8.mp4,423,50.0,640,480,combined,detect_combined,Flooded,deeplabv3plus,False,False,0,tensorrt,tensorrt,tensorrt,15.24,15.24,65.2,65.62,6.34,23.38,29.72,1519.8,55.4,0.0,1519.8,55.4,0.0,34.99,32.59,1.08,68.66,0.7277,False,False
1780821197.4584491,archive_hollywood_flood_rescue_1938_5c33e8,archive_hollywood_flood_rescue_1938_5c33e8.mp4,424,50.0,640,480,combined,detect_combined,Flooded,deeplabv3plus,False,False,0,tensorrt,tensorrt,tensorrt,29.58,29.58,33.44,33.81,7.02,13.22,20.240000000000002,1519.8,50.0,0.0,1519.8,50.0,0.0,34.99,32.59,1.08,68.66,0.7479,False,False
1780821197.5267396,archive_hollywood_flood_rescue_1938_5c33e8,archive_hollywood_flood_rescue_1938_5c33e8.mp4,425,50.0,640,480,combined,detect_combined,Flooded,deeplabv3plus,False,False,0,tensorrt,tensorrt,tensorrt,31.62,31.62,31.2,31.63,4.43,7.95,12.379999999999999,1519.8,35.7,0.0,1519.8,35.7,0.0,34.99,32.59,1.08,68.66,0.6563,False,False
1780821197.6120996,archive_hollywood_flood_rescue_1938_5c33e8,archive_hollywood_flood_rescue_1938_5c33e8.mp4,426,50.0,640,480,combined,detect_combined,Flooded,deeplabv3plus,False,False,0,tensorrt,tensorrt,tensorrt,26.12,26.12,37.72,38.28,5.9,10.98,16.880000000000003,1519.8,31.9,0.0,1519.8,31.9,0.0,34.99,32.59,1.08,68.66,0.6161,False,False
1780821197.6921206,archive_hollywood_flood_rescue_1938_5c33e8,archive_hollywood_flood_rescue_1938_5c33e8.mp4,427,50.0,640,480,combined,detect_combined,Flooded,deeplabv3plus,False,False,0,tensorrt,tensorrt,tensorrt,25.21,25.21,39.24,39.66,6.3,9.65,15.95,1519.8,39.1,0.0,1519.8,39.1,0.0,34.99,32.59,1.08,68.66,0.6712,False,False
1780821197.7675672,archive_hollywood_flood_rescue_1938_5c33e8,archive_hollywood_flood_rescue_1938_5c33e8.mp4,428,50.0,640,480,combined,detect_combined,Flooded,deeplabv3plus,False,False,0,tensorrt,tensorrt,tensorrt,25.08,25.08,39.54,39.87,5.03,15.9,20.93,1519.8,44.2,0.0,1519.8,44.2,0.0,34.99,32.59,1.08,68.66,0.7129,False,False
1780821197.8335614,archive_hollywood_flood_rescue_1938_5c33e8,archive_hollywood_flood_rescue_1938_5c33e8.mp4,429,50.0,640,480,combined,detect_combined,Flooded,deeplabv3plus,False,False,0,tensorrt,tensorrt,tensorrt,35.14,35.14,28.15,28.46,4.8,8.15,12.95,1519.8,47.4,0.0,1519.8,47.4,0.0,34.99,32.59,1.08,68.66,0.7078,False,False
1780821197.9056985,archive_hollywood_flood_rescue_1938_5c33e8,archive_hollywood_flood_rescue_1938_5c33e8.mp4,430,50.0,640,480,combined,detect_combined,Flooded,deeplabv3plus,False,False,0,tensorrt,tensorrt,tensorrt,27.99,27.99,35.39,35.73,6.58,9.03,15.61,1519.8,42.9,0.0,1519.8,42.9,0.0,34.99,32.59,1.08,68.66,0.7076,False,False
1780821197.9830072,archive_hollywood_flood_rescue_1938_5c33e8,archive_hollywood_flood_rescue_1938_5c33e8.mp4,431,50.0,640,480,combined,detect_combined,Flooded,deeplabv3plus,False,False,0,tensorrt,tensorrt,tensorrt,31.78,31.78,31.14,31.47,4.61,11.02,15.629999999999999,1519.8,43.5,0.0,1519.8,43.5,0.0,34.99,32.59,1.08,68.66,0.6907,False,False
1780821198.057011,archive_hollywood_flood_rescue_1938_5c33e8,archive_hollywood_flood_rescue_1938_5c33e8.mp4,432,50.0,640,480,combined,detect_combined,Flooded,deeplabv3plus,False,False,0,tensorrt,tensorrt,tensorrt,31.15,31.15,31.75,32.1,5.08,10.76,15.84,1519.8,40.9,0.0,1519.8,40.9,0.0,34.99,32.59,1.08,68.66,0.7574,False,False
1780821198.1363282,archive_hollywood_flood_rescue_1938_5c33e8,archive_hollywood_flood_rescue_1938_5c33e8.mp4,433,50.0,640,480,combined,detect_combined,Flooded,deeplabv3plus,False,False,0,tensorrt,tensorrt,tensorrt,27.12,27.12,36.55,36.88,4.67,14.7,19.369999999999997,1519.8,34.8,0.0,1519.8,34.8,0.0,34.99,32.59,1.08,68.66,0.6338,False,False
1780821198.2060902,archive_hollywood_flood_rescue_1938_5c33e8,archive_hollywood_flood_rescue_1938_5c33e8.mp4,434,50.0,640,480,combined,detect_combined,Flooded,deeplabv3plus,False,False,0,tensorrt,tensorrt,tensorrt,39.24,39.24,25.14,25.48,4.22,7.43,11.649999999999999,1519.8,50.0,0.0,1519.8,50.0,0.0,34.99,32.59,1.08,68.66,0.6399,False,False
1780821198.2916546,archive_hollywood_flood_rescue_1938_5c33e8,archive_hollywood_flood_rescue_1938_5c33e8.mp4,435,50.0,640,480,combined,detect_combined,Flooded,deeplabv3plus,False,False,0,tensorrt,tensorrt,tensorrt,25.39,25.39,39.04,39.39,5.05,13.82,18.87,1519.8,47.9,0.0,1519.8,47.9,0.0,34.99,32.59,1.08,68.66,0.6111,False,False
1780821198.375115,archive_hollywood_flood_rescue_1938_5c33e8,archive_hollywood_flood_rescue_1938_5c33e8.mp4,436,50.0,640,480,combined,detect_combined,Flooded,deeplabv3plus,False,False,0,tensorrt,tensorrt,tensorrt,26.32,26.32,37.62,38.0,7.28,12.08,19.36,1519.8,51.0,0.0,1519.8,51.0,0.0,34.99,32.59,1.08,68.66,0.6088,False,False
1780821198.4606576,archive_hollywood_flood_rescue_1938_5c33e8,archive_hollywood_flood_rescue_1938_5c33e8.mp4,437,50.0,640,480,combined,detect_combined,Flooded,deeplabv3plus,False,False,0,tensorrt,tensorrt,tensorrt,28.36,28.36,34.89,35.26,5.39,9.88,15.27,1519.8,51.9,0.0,1519.8,51.9,0.0,34.99,32.59,1.08,68.66,0.7161,False,False
1780821198.5406213,archive_hollywood_flood_rescue_1938_5c33e8,archive_hollywood_flood_rescue_1938_5c33e8.mp4,438,50.0,640,480,combined,detect_combined,Flooded,deeplabv3plus,False,False,0,tensorrt,tensorrt,tensorrt,27.53,27.53,35.95,36.33,5.62,11.09,16.71,1519.8,51.0,0.0,1519.8,51.0,0.0,34.99,32.59,1.08,68.66,0.7285,False,False
1780821198.6242187,archive_hollywood_flood_rescue_1938_5c33e8,archive_hollywood_flood_rescue_1938_5c33e8.mp4,439,50.0,640,480,combined,detect_combined,Flooded,deeplabv3plus,False,False,0,tensorrt,tensorrt,tensorrt,25.78,25.78,38.42,38.79,6.35,11.59,17.939999999999998,1519.8,47.9,0.0,1519.8,47.9,0.0,34.99,32.59,1.08,68.66,0.6381,False,False
1780821198.7113187,archive_hollywood_flood_rescue_1938_5c33e8,archive_hollywood_flood_rescue_1938_5c33e8.mp4,440,50.0,640,480,combined,detect_combined,Flooded,deeplabv3plus,False,False,0,tensorrt,tensorrt,tensorrt,25.43,25.43,39.01,39.33,5.81,11.21,17.02,1519.8,51.0,0.0,1519.8,51.0,0.0,34.99,32.59,1.08,68.66,0.6279,False,False
1780821198.783147,archive_hollywood_flood_rescue_1938_5c33e8,archive_hollywood_flood_rescue_1938_5c33e8.mp4,441,50.0,640,480,combined,detect_combined,Flooded,deeplabv3plus,False,False,0,tensorrt,tensorrt,tensorrt,28.93,28.93,34.14,34.57,5.3,9.29,14.59,1519.8,41.5,0.0,1519.8,41.5,0.0,34.99,32.59,1.08,68.66,0.6406,False,False
1780821198.876912,archive_hollywood_flood_rescue_1938_5c33e8,archive_hollywood_flood_rescue_1938_5c33e8.mp4,442,50.0,640,480,combined,detect_combined,Flooded,deeplabv3plus,False,False,0,tensorrt,tensorrt,tensorrt,21.47,21.47,45.24,46.57,5.23,17.58,22.81,1519.8,33.9,0.0,1519.8,33.9,0.0,34.99,32.59,1.08,68.66,0.6806,False,False
1780821198.9576979,archive_hollywood_flood_rescue_1938_5c33e8,archive_hollywood_flood_rescue_1938_5c33e8.mp4,443,50.0,640,480,combined,detect_combined,Flooded,deeplabv3plus,False,False,0,tensorrt,tensorrt,tensorrt,25.72,25.72,38.48,38.87,8.98,12.63,21.61,1519.8,29.8,0.0,1519.8,29.8,0.0,34.99,32.59,1.08,68.66,0.6941,False,False
1780821199.0358598,archive_hollywood_flood_rescue_1938_5c33e8,archive_hollywood_flood_rescue_1938_5c33e8.mp4,444,50.0,640,480,combined,detect_combined,Flooded,deeplabv3plus,False,False,0,tensorrt,tensorrt,tensorrt,25.55,25.55,38.82,39.14,4.89,14.38,19.27,1519.8,33.3,0.0,1519.8,33.3,0.0,34.99,32.59,1.08,68.66,0.715,False,False
1780821199.125962,archive_hollywood_flood_rescue_1938_5c33e8,archive_hollywood_flood_rescue_1938_5c33e8.mp4,445,50.0,640,480,combined,detect_combined,Flooded,deeplabv3plus,False,False,0,tensorrt,tensorrt,tensorrt,20.86,20.86,47.22,47.94,5.41,18.06,23.47,1519.8,28.0,0.0,1519.8,28.0,0.0,34.99,32.59,1.08,68.66,0.7144,False,False
1780821199.2127063,archive_hollywood_flood_rescue_1938_5c33e8,archive_hollywood_flood_rescue_1938_5c33e8.mp4,446,50.0,640,480,combined,detect_combined,Flooded,deeplabv3plus,False,False,0,tensorrt,tensorrt,tensorrt,24.84,24.84,39.89,40.25,6.03,16.55,22.580000000000002,1519.8,32.0,0.0,1519.8,32.0,0.0,34.99,32.59,1.08,68.66,0.7729,False,False
1780821199.3096218,archive_hollywood_flood_rescue_1938_5c33e8,archive_hollywood_flood_rescue_1938_5c33e8.mp4,447,50.0,640,480,combined,detect_combined,Flooded,deeplabv3plus,False,False,0,tensorrt,tensorrt,tensorrt,29.83,29.83,33.18,33.52,4.54,11.88,16.42,1519.8,32.7,0.0,1519.8,32.7,0.0,34.99,32.59,1.08,68.66,0.6933,False,False
1780821199.3966491,archive_hollywood_flood_rescue_1938_5c33e8,archive_hollywood_flood_rescue_1938_5c33e8.mp4,448,50.0,640,480,combined,detect_combined,Flooded,deeplabv3plus,False,False,0,tensorrt,tensorrt,tensorrt,25.35,25.35,39.06,39.45,5.58,14.79,20.369999999999997,1519.8,38.2,0.0,1519.8,38.2,0.0,34.99,32.59,1.08,68.66,0.6513,False,False
1780821199.4903138,archive_hollywood_flood_rescue_1938_5c33e8,archive_hollywood_flood_rescue_1938_5c33e8.mp4,449,50.0,640,480,combined,detect_combined,Flooded,deeplabv3plus,False,False,0,tensorrt,tensorrt,tensorrt,22.13,22.13,44.82,45.19,5.38,17.5,22.88,1519.8,33.3,0.0,1519.8,33.3,0.0,34.99,32.59,1.08,68.66,0.6378,False,False
1780821199.5906892,archive_hollywood_flood_rescue_1938_5c33e8,archive_hollywood_flood_rescue_1938_5c33e8.mp4,450,50.0,640,480,combined,detect_combined,Flooded,deeplabv3plus,False,False,0,tensorrt,tensorrt,tensorrt,23.1,23.1,42.92,43.29,5.44,19.18,24.62,1519.8,47.5,0.0,1519.8,47.5,0.0,34.99,32.59,1.08,68.66,0.6694,False,False
1780821199.692426,archive_hollywood_flood_rescue_1938_5c33e8,archive_hollywood_flood_rescue_1938_5c33e8.mp4,451,50.0,640,480,combined,detect_combined,Flooded,deeplabv3plus,False,False,0,tensorrt,tensorrt,tensorrt,18.97,18.97,52.32,52.71,6.76,18.06,24.82,1519.8,51.7,0.0,1519.8,51.7,0.0,34.99,32.59,1.08,68.66,0.6985,False,False
1780821199.7760584,archive_hollywood_flood_rescue_1938_5c33e8,archive_hollywood_flood_rescue_1938_5c33e8.mp4,452,50.0,640,480,combined,detect_combined,Flooded,deeplabv3plus,False,False,0,tensorrt,tensorrt,tensorrt,26.95,26.95,36.73,37.1,5.84,13.4,19.240000000000002,1519.8,47.9,0.0,1519.8,47.9,0.0,34.99,32.59,1.08,68.66,0.6856,False,False
1780821199.8822243,archive_hollywood_flood_rescue_1938_5c33e8,archive_hollywood_flood_rescue_1938_5c33e8.mp4,453,50.0,640,480,combined,detect_combined,Flooded,deeplabv3plus,False,False,0,tensorrt,tensorrt,tensorrt,17.84,17.84,55.7,56.05,22.32,16.02,38.34,1519.8,55.7,0.0,1519.8,55.7,0.0,34.99,32.59,1.08,68.66,0.6677,False,False
1780821199.9517694,archive_hollywood_flood_rescue_1938_5c33e8,archive_hollywood_flood_rescue_1938_5c33e8.mp4,454,50.0,640,480,combined,detect_combined,Flooded,deeplabv3plus,False,False,0,tensorrt,tensorrt,tensorrt,31.84,31.84,31.01,31.4,4.88,11.2,16.08,1519.8,56.4,0.0,1519.8,56.4,0.0,34.99,32.59,1.08,68.66,0.6837,False,False
1780821200.0318205,archive_hollywood_flood_rescue_1938_5c33e8,archive_hollywood_flood_rescue_1938_5c33e8.mp4,455,50.0,640,480,combined,detect_combined,Flooded,deeplabv3plus,False,False,0,tensorrt,tensorrt,tensorrt,29.19,29.19,33.89,34.25,4.85,10.97,15.82,1519.8,34.8,0.0,1519.8,34.8,0.0,34.99,32.59,1.08,68.66,0.7181,False,False
1780821200.1215022,archive_hollywood_flood_rescue_1938_5c33e8,archive_hollywood_flood_rescue_1938_5c33e8.mp4,456,50.0,640,480,combined,detect_combined,Flooded,deeplabv3plus,False,False,0,tensorrt,tensorrt,tensorrt,25.02,25.02,39.58,39.96,5.57,13.48,19.05,1519.8,32.7,0.0,1519.8,32.7,0.0,34.99,32.59,1.08,68.66,0.6564,False,False
1780821200.2218735,archive_hollywood_flood_rescue_1938_5c33e8,archive_hollywood_flood_rescue_1938_5c33e8.mp4,457,50.0,640,480,combined,detect_combined,Flooded,deeplabv3plus,False,False,0,tensorrt,tensorrt,tensorrt,24.81,24.81,39.91,40.31,5.36,12.16,17.52,1519.8,28.1,0.0,1519.8,28.1,0.0,34.99,32.59,1.08,68.66,0.6937,False,False
1780821200.3252037,archive_hollywood_flood_rescue_1938_5c33e8,archive_hollywood_flood_rescue_1938_5c33e8.mp4,458,50.0,640,480,combined,detect_combined,Flooded,deeplabv3plus,False,False,0,tensorrt,tensorrt,tensorrt,22.37,22.37,44.27,44.71,6.09,16.92,23.01,1519.8,31.1,0.0,1519.8,31.1,0.0,34.99,32.59,1.08,68.66,0.7121,False,False
1780821200.437521,archive_hollywood_flood_rescue_1938_5c33e8,archive_hollywood_flood_rescue_1938_5c33e8.mp4,459,50.0,640,480,combined,detect_combined,Flooded,deeplabv3plus,False,False,0,tensorrt,tensorrt,tensorrt,22.83,22.83,43.38,43.8,6.11,18.86,24.97,1519.8,29.2,0.0,1519.8,29.2,0.0,34.99,32.59,1.08,68.66,0.6958,False,False
1780821200.550251,archive_hollywood_flood_rescue_1938_5c33e8,archive_hollywood_flood_rescue_1938_5c33e8.mp4,460,50.0,640,480,combined,detect_combined,Flooded,deeplabv3plus,False,False,0,tensorrt,tensorrt,tensorrt,22.37,22.37,44.3,44.71,8.76,16.89,25.65,1519.8,31.3,0.0,1519.8,31.3,0.0,34.99,32.59,1.08,68.66,0.6984,False,False
1780821200.6652105,archive_hollywood_flood_rescue_1938_5c33e8,archive_hollywood_flood_rescue_1938_5c33e8.mp4,461,50.0,640,480,combined,detect_combined,Flooded,deeplabv3plus,False,False,0,tensorrt,tensorrt,tensorrt,21.15,21.15,46.87,47.27,6.07,18.1,24.17,1519.8,34.3,0.0,1519.8,34.3,0.0,34.99,32.59,1.08,68.66,0.7097,False,False
1780821200.7930233,archive_hollywood_flood_rescue_1938_5c33e8,archive_hollywood_flood_rescue_1938_5c33e8.mp4,462,50.0,640,480,combined,detect_combined,Flooded,deeplabv3plus,False,False,0,tensorrt,tensorrt,tensorrt,17.23,17.23,57.61,58.03,10.0,21.94,31.94,1519.8,34.7,0.0,1519.8,34.7,0.0,34.99,32.59,1.08,68.66,0.6981,False,False
1780821200.9099495,archive_hollywood_flood_rescue_1938_5c33e8,archive_hollywood_flood_rescue_1938_5c33e8.mp4,463,50.0,640,480,combined,detect_combined,Flooded,deeplabv3plus,False,False,0,tensorrt,tensorrt,tensorrt,20.54,20.54,48.19,48.69,7.82,21.75,29.57,1519.8,44.1,0.0,1519.8,44.1,0.0,34.99,32.59,1.08,68.66,0.7073,False,False
1780821201.0082114,archive_hollywood_flood_rescue_1938_5c33e8,archive_hollywood_flood_rescue_1938_5c33e8.mp4,464,50.0,640,480,combined,detect_combined,Flooded,deeplabv3plus,False,False,0,tensorrt,tensorrt,tensorrt,20.57,20.57,48.21,48.6,6.71,18.67,25.380000000000003,1519.8,50.0,0.0,1519.8,50.0,0.0,34.99,32.59,1.08,68.66,0.6887,False,False
1780821201.095185,archive_hollywood_flood_rescue_1938_5c33e8,archive_hollywood_flood_rescue_1938_5c33e8.mp4,465,50.0,640,480,combined,detect_combined,Flooded,deeplabv3plus,False,False,0,tensorrt,tensorrt,tensorrt,22.56,22.56,43.82,44.33,5.75,11.6,17.35,1519.8,46.0,0.0,1519.8,46.0,0.0,34.99,32.59,1.08,68.66,0.7285,False,False
1780821201.1852345,archive_hollywood_flood_rescue_1938_5c33e8,archive_hollywood_flood_rescue_1938_5c33e8.mp4,466,50.0,640,480,combined,detect_combined,Flooded,deeplabv3plus,False,False,0,tensorrt,tensorrt,tensorrt,21.05,21.05,47.16,47.5,6.04,12.37,18.41,1519.8,49.0,0.0,1519.8,49.0,0.0,34.99,32.59,1.08,68.66,0.7102,False,False
1780821201.2658386,archive_hollywood_flood_rescue_1938_5c33e8,archive_hollywood_flood_rescue_1938_5c33e8.mp4,467,50.0,640,480,combined,detect_combined,Flooded,deeplabv3plus,False,False,0,tensorrt,tensorrt,tensorrt,30.43,30.43,32.53,32.86,5.03,9.8,14.830000000000002,1519.8,47.9,0.0,1519.8,47.9,0.0,34.99,32.59,1.08,68.66,0.7258,False,False
1780821201.355036,archive_hollywood_flood_rescue_1938_5c33e8,archive_hollywood_flood_rescue_1938_5c33e8.mp4,468,50.0,640,480,combined,detect_combined,Flooded,deeplabv3plus,False,False,0,tensorrt,tensorrt,tensorrt,22.68,22.68,43.72,44.09,7.37,18.2,25.57,1519.8,48.0,0.0,1519.8,48.0,0.0,34.99,32.59,1.08,68.66,0.6983,False,False
1780821201.4405296,archive_hollywood_flood_rescue_1938_5c33e8,archive_hollywood_flood_rescue_1938_5c33e8.mp4,469,50.0,640,480,combined,detect_combined,Flooded,deeplabv3plus,False,False,0,tensorrt,tensorrt,tensorrt,27.5,27.5,35.92,36.37,5.35,9.99,15.34,1519.8,45.1,0.0,1519.8,45.1,0.0,34.99,32.59,1.08,68.66,0.7402,False,False
1780821201.5350108,archive_hollywood_flood_rescue_1938_5c33e8,archive_hollywood_flood_rescue_1938_5c33e8.mp4,470,50.0,640,480,combined,detect_combined,Flooded,deeplabv3plus,False,False,0,tensorrt,tensorrt,tensorrt,22.7,22.7,43.65,44.05,6.24,13.88,20.12,1519.8,49.2,0.0,1519.8,49.2,0.0,34.99,32.59,1.08,68.66,0.6345,False,False
1780821201.6333075,archive_hollywood_flood_rescue_1938_5c33e8,archive_hollywood_flood_rescue_1938_5c33e8.mp4,471,50.0,640,480,combined,detect_combined,Flooded,deeplabv3plus,False,False,0,tensorrt,tensorrt,tensorrt,22.47,22.47,44.11,44.5,5.79,16.01,21.8,1519.8,50.0,0.0,1519.8,50.0,0.0,34.99,32.59,1.08,68.66,0.695,False,False
1780821201.730576,archive_hollywood_flood_rescue_1938_5c33e8,archive_hollywood_flood_rescue_1938_5c33e8.mp4,472,50.0,640,480,combined,detect_combined,Flooded,deeplabv3plus,False,False,0,tensorrt,tensorrt,tensorrt,24.85,24.85,39.82,40.24,5.9,14.64,20.54,1519.8,44.8,0.0,1519.8,44.8,0.0,34.99,32.59,1.08,68.66,0.7158,False,False
1780821201.8103178,archive_hollywood_flood_rescue_1938_5c33e8,archive_hollywood_flood_rescue_1938_5c33e8.mp4,473,50.0,640,480,combined,detect_combined,Flooded,deeplabv3plus,False,False,0,tensorrt,tensorrt,tensorrt,25.9,25.9,38.27,38.61,5.96,13.49,19.45,1519.8,32.7,0.0,1519.8,32.7,0.0,34.99,32.59,1.08,68.66,0.7039,False,False
1780821201.9043038,archive_hollywood_flood_rescue_1938_5c33e8,archive_hollywood_flood_rescue_1938_5c33e8.mp4,474,50.0,640,480,combined,detect_combined,Flooded,deeplabv3plus,False,False,0,tensorrt,tensorrt,tensorrt,22.0,22.0,45.14,45.46,5.57,19.98,25.55,1519.8,32.7,0.0,1519.8,32.7,0.0,34.99,32.59,1.08,68.66,0.7301,False,False
1780821201.994425,archive_hollywood_flood_rescue_1938_5c33e8,archive_hollywood_flood_rescue_1938_5c33e8.mp4,475,50.0,640,480,combined,detect_combined,Flooded,deeplabv3plus,False,False,0,tensorrt,tensorrt,tensorrt,22.89,22.89,43.31,43.69,5.91,18.25,24.16,1519.8,30.8,0.0,1519.8,30.8,0.0,34.99,32.59,1.08,68.66,0.7755,False,False
1780821202.0725057,archive_hollywood_flood_rescue_1938_5c33e8,archive_hollywood_flood_rescue_1938_5c33e8.mp4,476,50.0,640,480,combined,detect_combined,Flooded,deeplabv3plus,False,False,0,tensorrt,tensorrt,tensorrt,31.53,31.53,31.31,31.72,5.34,10.55,15.89,1519.8,32.6,0.0,1519.8,32.6,0.0,34.99,32.59,1.08,68.66,0.7751,False,False
1780821202.1593177,archive_hollywood_flood_rescue_1938_5c33e8,archive_hollywood_flood_rescue_1938_5c33e8.mp4,477,50.0,640,480,combined,detect_combined,Flooded,deeplabv3plus,False,False,0,tensorrt,tensorrt,tensorrt,25.27,25.27,39.23,39.57,5.82,13.83,19.65,1519.8,35.3,0.0,1519.8,35.3,0.0,34.99,32.59,1.08,68.66,0.7886,False,False
1780821202.2471538,archive_hollywood_flood_rescue_1938_5c33e8,archive_hollywood_flood_rescue_1938_5c33e8.mp4,478,50.0,640,480,combined,detect_combined,Flooded,deeplabv3plus,False,False,0,tensorrt,tensorrt,tensorrt,26.68,26.68,37.15,37.47,4.94,15.53,20.47,1519.8,53.8,0.0,1519.8,53.8,0.0,34.99,32.59,1.08,68.66,0.7894,False,False
1780821202.3286972,archive_hollywood_flood_rescue_1938_5c33e8,archive_hollywood_flood_rescue_1938_5c33e8.mp4,479,50.0,640,480,combined,detect_combined,Flooded,deeplabv3plus,False,False,0,tensorrt,tensorrt,tensorrt,27.54,27.54,35.94,36.31,5.15,11.64,16.79,1519.8,52.2,0.0,1519.8,52.2,0.0,34.99,32.59,1.08,68.66,0.767,False,False
1780821202.4302866,archive_hollywood_flood_rescue_1938_5c33e8,archive_hollywood_flood_rescue_1938_5c33e8.mp4,480,50.0,640,480,combined,detect_combined,Flooded,deeplabv3plus,False,False,0,tensorrt,tensorrt,tensorrt,20.39,20.39,48.48,49.04,7.26,21.28,28.54,1519.8,41.9,0.0,1519.8,41.9,0.0,34.99,32.59,1.08,68.66,0.7663,False,False
1780821202.5070908,archive_hollywood_flood_rescue_1938_5c33e8,archive_hollywood_flood_rescue_1938_5c33e8.mp4,481,50.0,640,480,combined,detect_combined,Flooded,deeplabv3plus,False,False,0,tensorrt,tensorrt,tensorrt,29.69,29.69,33.23,33.68,5.23,7.79,13.02,1519.8,61.0,0.0,1519.8,61.0,0.0,34.99,32.59,1.08,68.66,0.7798,False,False
1780821202.5879452,archive_hollywood_flood_rescue_1938_5c33e8,archive_hollywood_flood_rescue_1938_5c33e8.mp4,482,50.0,640,480,combined,detect_combined,Flooded,deeplabv3plus,False,False,0,tensorrt,tensorrt,tensorrt,26.08,26.08,38.02,38.34,4.67,12.08,16.75,1519.8,54.3,0.0,1519.8,54.3,0.0,34.99,32.59,1.08,68.66,0.7609,False,False
1780821202.6485994,archive_hollywood_flood_rescue_1938_5c33e8,archive_hollywood_flood_rescue_1938_5c33e8.mp4,483,50.0,640,480,combined,detect_combined,Flooded,deeplabv3plus,False,False,0,tensorrt,tensorrt,tensorrt,36.23,36.23,27.3,27.6,4.86,7.89,12.75,1519.8,60.5,0.0,1519.8,60.5,0.0,34.99,32.59,1.08,68.66,0.788,False,False
1780821202.7180061,archive_hollywood_flood_rescue_1938_5c33e8,archive_hollywood_flood_rescue_1938_5c33e8.mp4,484,50.0,640,480,combined,detect_combined,Flooded,deeplabv3plus,False,False,0,tensorrt,tensorrt,tensorrt,30.89,30.89,32.07,32.37,4.44,8.56,13.0,1519.8,45.0,0.0,1519.8,45.0,0.0,34.99,32.59,1.08,68.66,0.7472,False,False
1780821202.7877624,archive_hollywood_flood_rescue_1938_5c33e8,archive_hollywood_flood_rescue_1938_5c33e8.mp4,485,50.0,640,480,combined,detect_combined,Flooded,deeplabv3plus,False,False,0,tensorrt,tensorrt,tensorrt,31.04,31.04,31.92,32.22,4.56,7.78,12.34,1519.8,42.5,0.0,1519.8,42.5,0.0,34.99,32.59,1.08,68.66,0.7232,False,False
1780821202.8580728,archive_hollywood_flood_rescue_1938_5c33e8,archive_hollywood_flood_rescue_1938_5c33e8.mp4,486,50.0,640,480,combined,detect_combined,Flooded,deeplabv3plus,False,False,0,tensorrt,tensorrt,tensorrt,33.05,33.05,29.94,30.26,4.66,10.04,14.7,1519.8,35.0,0.0,1519.8,35.0,0.0,34.99,32.59,1.08,68.66,0.7524,False,False
1780821202.9324162,archive_hollywood_flood_rescue_1938_5c33e8,archive_hollywood_flood_rescue_1938_5c33e8.mp4,487,50.0,640,480,combined,detect_combined,Flooded,deeplabv3plus,False,False,0,tensorrt,tensorrt,tensorrt,27.33,27.33,36.24,36.59,4.9,13.06,17.96,1519.8,31.0,0.0,1519.8,31.0,0.0,34.99,32.59,1.08,68.66,0.7907,False,False
1780821203.0132349,archive_hollywood_flood_rescue_1938_5c33e8,archive_hollywood_flood_rescue_1938_5c33e8.mp4,488,50.0,640,480,combined,detect_combined,Flooded,deeplabv3plus,False,False,0,tensorrt,tensorrt,tensorrt,26.35,26.35,37.6,37.96,5.97,12.58,18.55,1519.8,31.2,0.0,1519.8,31.2,0.0,34.99,32.59,1.08,68.66,0.7988,False,False
1780821203.1081529,archive_hollywood_flood_rescue_1938_5c33e8,archive_hollywood_flood_rescue_1938_5c33e8.mp4,489,50.0,640,480,combined,detect_combined,Flooded,deeplabv3plus,False,False,0,tensorrt,tensorrt,tensorrt,27.85,27.85,35.53,35.91,7.34,16.17,23.51,1519.8,37.3,0.0,1519.8,37.3,0.0,34.99,32.59,1.08,68.66,0.7413,False,False
1780821203.2160697,archive_hollywood_flood_rescue_1938_5c33e8,archive_hollywood_flood_rescue_1938_5c33e8.mp4,490,50.0,640,480,combined,detect_combined,Flooded,deeplabv3plus,False,False,0,tensorrt,tensorrt,tensorrt,20.59,20.59,48.17,48.56,9.25,22.08,31.33,1519.8,29.7,0.0,1519.8,29.7,0.0,34.99,32.59,1.08,68.66,0.7195,False,False
1780821203.3295686,archive_hollywood_flood_rescue_1938_5c33e8,archive_hollywood_flood_rescue_1938_5c33e8.mp4,491,50.0,640,480,combined,detect_combined,Flooded,deeplabv3plus,False,False,0,tensorrt,tensorrt,tensorrt,21.37,21.37,46.34,46.79,7.4,18.04,25.439999999999998,1519.8,31.8,0.0,1519.8,31.8,0.0,34.99,32.59,1.08,68.66,0.7089,False,False
1780821203.441836,archive_hollywood_flood_rescue_1938_5c33e8,archive_hollywood_flood_rescue_1938_5c33e8.mp4,492,50.0,640,480,combined,detect_combined,Flooded,deeplabv3plus,False,False,0,tensorrt,tensorrt,tensorrt,18.63,18.63,53.24,53.68,6.75,20.65,27.4,1519.8,35.3,0.0,1519.8,35.3,0.0,34.99,32.59,1.08,68.66,0.7428,False,False
1780821203.5403247,archive_hollywood_flood_rescue_1938_5c33e8,archive_hollywood_flood_rescue_1938_5c33e8.mp4,493,50.0,640,480,combined,detect_combined,Flooded,deeplabv3plus,False,False,0,tensorrt,tensorrt,tensorrt,23.54,23.54,42.09,42.47,5.69,12.88,18.57,1519.8,44.8,0.0,1519.8,44.8,0.0,34.99,32.59,1.08,68.66,0.7557,False,False
1780821203.6200612,archive_hollywood_flood_rescue_1938_5c33e8,archive_hollywood_flood_rescue_1938_5c33e8.mp4,494,50.0,640,480,combined,detect_combined,Flooded,deeplabv3plus,False,False,0,tensorrt,tensorrt,tensorrt,24.23,24.23,40.91,41.27,5.39,11.6,16.99,1519.8,50.0,0.0,1519.8,50.0,0.0,34.99,32.59,1.08,68.66,0.7498,False,False
1780821203.7051618,archive_hollywood_flood_rescue_1938_5c33e8,archive_hollywood_flood_rescue_1938_5c33e8.mp4,495,50.0,640,480,combined,detect_combined,Flooded,deeplabv3plus,False,False,0,tensorrt,tensorrt,tensorrt,24.88,24.88,39.81,40.19,5.42,15.24,20.66,1519.8,59.2,0.0,1519.8,59.2,0.0,34.99,32.59,1.08,68.66,0.7427,False,False
1780821203.7808304,archive_hollywood_flood_rescue_1938_5c33e8,archive_hollywood_flood_rescue_1938_5c33e8.mp4,496,50.0,640,480,combined,detect_combined,Flooded,deeplabv3plus,False,False,0,tensorrt,tensorrt,tensorrt,27.07,27.07,36.37,36.94,4.26,14.11,18.369999999999997,1519.8,52.3,0.0,1519.8,52.3,0.0,34.99,32.59,1.08,68.66,0.7235,False,False
1780821203.845565,archive_hollywood_flood_rescue_1938_5c33e8,archive_hollywood_flood_rescue_1938_5c33e8.mp4,497,50.0,640,480,combined,detect_combined,Flooded,deeplabv3plus,False,False,0,tensorrt,tensorrt,tensorrt,30.22,30.22,32.76,33.09,5.2,9.43,14.629999999999999,1519.8,45.9,0.0,1519.8,45.9,0.0,34.99,32.59,1.08,68.66,0.7328,False,False
1780821203.9254642,archive_hollywood_flood_rescue_1938_5c33e8,archive_hollywood_flood_rescue_1938_5c33e8.mp4,498,50.0,640,480,combined,detect_combined,Flooded,deeplabv3plus,False,False,0,tensorrt,tensorrt,tensorrt,23.98,23.98,41.2,41.7,9.14,14.74,23.880000000000003,1519.8,53.1,0.0,1519.8,53.1,0.0,34.99,32.59,1.08,68.66,0.7743,False,False
1780821204.0058053,archive_hollywood_flood_rescue_1938_5c33e8,archive_hollywood_flood_rescue_1938_5c33e8.mp4,499,50.0,640,480,combined,detect_combined,Flooded,deeplabv3plus,False,False,0,tensorrt,tensorrt,tensorrt,28.21,28.21,35.1,35.45,5.5,12.71,18.21,1519.8,34.7,0.0,1519.8,34.7,0.0,34.99,32.59,1.08,68.66,0.7703,False,False
1780821204.1000552,archive_hollywood_flood_rescue_1938_5c33e8,archive_hollywood_flood_rescue_1938_5c33e8.mp4,500,50.0,640,480,combined,detect_combined,Flooded,deeplabv3plus,False,False,0,tensorrt,tensorrt,tensorrt,21.41,21.41,46.25,46.7,6.57,20.33,26.9,1519.8,32.7,0.0,1519.8,32.7,0.0,34.99,32.59,1.08,68.66,0.7805,False,False
1780821204.2076185,archive_hollywood_flood_rescue_1938_5c33e8,archive_hollywood_flood_rescue_1938_5c33e8.mp4,501,50.0,640,480,combined,detect_combined,Flooded,deeplabv3plus,False,False,0,tensorrt,tensorrt,tensorrt,20.99,20.99,47.21,47.64,6.22,17.51,23.73,1519.8,32.3,0.0,1519.8,32.3,0.0,34.99,32.59,1.08,68.66,0.801,False,False
1780821204.3265638,archive_hollywood_flood_rescue_1938_5c33e8,archive_hollywood_flood_rescue_1938_5c33e8.mp4,502,50.0,640,480,combined,detect_combined,Flooded,deeplabv3plus,False,False,0,tensorrt,tensorrt,tensorrt,19.38,19.38,51.21,51.6,9.62,18.92,28.54,1519.8,34.3,0.0,1519.8,34.3,0.0,34.99,32.59,1.08,68.66,0.7749,False,False
1780821204.4192204,archive_hollywood_flood_rescue_1938_5c33e8,archive_hollywood_flood_rescue_1938_5c33e8.mp4,503,50.0,640,480,combined,detect_combined,Flooded,deeplabv3plus,False,False,0,tensorrt,tensorrt,tensorrt,24.39,24.39,40.64,41.01,6.86,13.16,20.02,1519.8,37.5,0.0,1519.8,37.5,0.0,34.99,32.59,1.08,68.66,0.7917,False,False
1780821204.5075343,archive_hollywood_flood_rescue_1938_5c33e8,archive_hollywood_flood_rescue_1938_5c33e8.mp4,504,50.0,640,480,combined,detect_combined,Flooded,deeplabv3plus,False,False,0,tensorrt,tensorrt,tensorrt,24.78,24.78,39.95,40.35,6.89,16.14,23.03,1519.8,40.7,0.0,1519.8,40.7,0.0,34.99,32.59,1.08,68.66,0.7877,False,False
1780821204.5863645,archive_hollywood_flood_rescue_1938_5c33e8,archive_hollywood_flood_rescue_1938_5c33e8.mp4,505,50.0,640,480,combined,detect_combined,Flooded,deeplabv3plus,False,False,0,tensorrt,tensorrt,tensorrt,26.29,26.29,37.61,38.04,6.69,10.84,17.53,1519.8,47.8,0.0,1519.8,47.8,0.0,34.99,32.59,1.08,68.66,0.7237,False,False
1780821204.6605747,archive_hollywood_flood_rescue_1938_5c33e8,archive_hollywood_flood_rescue_1938_5c33e8.mp4,506,50.0,640,480,combined,detect_combined,Flooded,deeplabv3plus,False,False,0,tensorrt,tensorrt,tensorrt,31.12,31.12,31.77,32.14,5.59,9.29,14.879999999999999,1519.8,51.1,0.0,1519.8,51.1,0.0,34.99,32.59,1.08,68.66,0.796,False,False
1780821204.7466946,archive_hollywood_flood_rescue_1938_5c33e8,archive_hollywood_flood_rescue_1938_5c33e8.mp4,507,50.0,640,480,combined,detect_combined,Flooded,deeplabv3plus,False,False,0,tensorrt,tensorrt,tensorrt,26.28,26.28,37.69,38.05,4.99,12.3,17.29,1519.8,52.0,0.0,1519.8,52.0,0.0,34.99,32.59,1.08,68.66,0.7571,False,False
1780821204.8430538,archive_hollywood_flood_rescue_1938_5c33e8,archive_hollywood_flood_rescue_1938_5c33e8.mp4,508,50.0,640,480,combined,detect_combined,Flooded,deeplabv3plus,False,False,0,tensorrt,tensorrt,tensorrt,20.12,20.12,49.16,49.7,5.06,18.09,23.15,1519.8,56.6,0.0,1519.8,56.6,0.0,34.99,32.59,1.08,68.66,0.806,False,False
1780821204.9362667,archive_hollywood_flood_rescue_1938_5c33e8,archive_hollywood_flood_rescue_1938_5c33e8.mp4,509,50.0,640,480,combined,detect_combined,Flooded,deeplabv3plus,False,False,0,tensorrt,tensorrt,tensorrt,27.04,27.04,36.65,36.99,7.01,10.86,17.869999999999997,1519.8,69.6,0.0,1519.8,69.6,0.0,34.99,32.59,1.08,68.66,0.7612,False,False
1780821205.0124235,archive_hollywood_flood_rescue_1938_5c33e8,archive_hollywood_flood_rescue_1938_5c33e8.mp4,510,50.0,640,480,combined,detect_combined,Flooded,deeplabv3plus,False,False,0,tensorrt,tensorrt,tensorrt,27.68,27.68,35.44,36.12,5.23,12.06,17.29,1519.8,51.1,0.0,1519.8,51.1,0.0,34.99,32.59,1.08,68.66,0.7513,False,False
1780821205.0821145,archive_hollywood_flood_rescue_1938_5c33e8,archive_hollywood_flood_rescue_1938_5c33e8.mp4,511,50.0,640,480,combined,detect_combined,Flooded,deeplabv3plus,False,False,0,tensorrt,tensorrt,tensorrt,28.75,28.75,34.44,34.79,6.5,8.61,15.11,1519.8,58.5,0.0,1519.8,58.5,0.0,34.99,32.59,1.08,68.66,0.8829,False,False
1780821205.1607816,archive_hollywood_flood_rescue_1938_5c33e8,archive_hollywood_flood_rescue_1938_5c33e8.mp4,512,50.0,640,480,combined,detect_combined,Flooded,deeplabv3plus,False,False,0,tensorrt,tensorrt,tensorrt,26.21,26.21,37.84,38.15,4.42,14.59,19.009999999999998,1519.8,52.3,0.0,1519.8,52.3,0.0,34.99,32.59,1.08,68.66,0.7392,False,False
1780821205.2215464,archive_hollywood_flood_rescue_1938_5c33e8,archive_hollywood_flood_rescue_1938_5c33e8.mp4,513,50.0,640,480,combined,detect_combined,Flooded,deeplabv3plus,False,False,0,tensorrt,tensorrt,tensorrt,40.23,40.23,24.53,24.85,4.23,7.98,12.21,1519.8,53.1,0.0,1519.8,53.1,0.0,34.99,32.59,1.08,68.66,0.809,False,False
1780821205.2923388,archive_hollywood_flood_rescue_1938_5c33e8,archive_hollywood_flood_rescue_1938_5c33e8.mp4,514,50.0,640,480,combined,detect_combined,Flooded,deeplabv3plus,False,False,0,tensorrt,tensorrt,tensorrt,30.77,30.77,32.16,32.5,4.95,9.51,14.46,1519.8,54.5,0.0,1519.8,54.5,0.0,34.99,32.59,1.08,68.66,0.8238,False,False
1780821205.3647976,archive_hollywood_flood_rescue_1938_5c33e8,archive_hollywood_flood_rescue_1938_5c33e8.mp4,515,50.0,640,480,combined,detect_combined,Flooded,deeplabv3plus,False,False,0,tensorrt,tensorrt,tensorrt,28.11,28.11,35.23,35.58,6.32,10.38,16.700000000000003,1519.8,52.5,0.0,1519.8,52.5,0.0,34.99,32.59,1.08,68.66,0.7325,False,False
1780821205.4413292,archive_hollywood_flood_rescue_1938_5c33e8,archive_hollywood_flood_rescue_1938_5c33e8.mp4,516,50.0,640,480,combined,detect_combined,Flooded,deeplabv3plus,False,False,0,tensorrt,tensorrt,tensorrt,29.27,29.27,33.84,34.17,5.32,10.03,15.35,1519.8,44.2,0.0,1519.8,44.2,0.0,34.99,32.59,1.08,68.66,0.6938,False,False
1780821205.5256727,archive_hollywood_flood_rescue_1938_5c33e8,archive_hollywood_flood_rescue_1938_5c33e8.mp4,517,50.0,640,480,combined,detect_combined,Flooded,deeplabv3plus,False,False,0,tensorrt,tensorrt,tensorrt,27.36,27.36,36.17,36.55,5.23,10.91,16.14,1519.8,34.7,0.0,1519.8,34.7,0.0,34.99,32.59,1.08,68.66,0.7563,False,False
1780821205.6143808,archive_hollywood_flood_rescue_1938_5c33e8,archive_hollywood_flood_rescue_1938_5c33e8.mp4,518,50.0,640,480,combined,detect_combined,Flooded,deeplabv3plus,False,False,0,tensorrt,tensorrt,tensorrt,25.23,25.23,39.25,39.63,5.79,13.14,18.93,1519.8,35.8,0.0,1519.8,35.8,0.0,34.99,32.59,1.08,68.66,0.7333,False,False
1780821205.718275,archive_hollywood_flood_rescue_1938_5c33e8,archive_hollywood_flood_rescue_1938_5c33e8.mp4,519,50.0,640,480,combined,detect_combined,Flooded,deeplabv3plus,False,False,0,tensorrt,tensorrt,tensorrt,21.51,21.51,46.09,46.49,6.08,16.04,22.119999999999997,1519.8,37.1,0.0,1519.8,37.1,0.0,34.99,32.59,1.08,68.66,0.7076,False,False
1780821205.8250637,archive_hollywood_flood_rescue_1938_5c33e8,archive_hollywood_flood_rescue_1938_5c33e8.mp4,520,50.0,640,480,combined,detect_combined,Flooded,deeplabv3plus,False,False,0,tensorrt,tensorrt,tensorrt,22.79,22.79,43.48,43.89,7.17,21.44,28.61,1519.8,33.8,0.0,1519.8,33.8,0.0,34.99,32.59,1.08,68.66,0.7019,False,False
1780821205.9362135,archive_hollywood_flood_rescue_1938_5c33e8,archive_hollywood_flood_rescue_1938_5c33e8.mp4,521,50.0,640,480,combined,detect_combined,Flooded,deeplabv3plus,False,False,0,tensorrt,tensorrt,tensorrt,21.09,21.09,47.01,47.41,6.05,17.18,23.23,1519.8,31.8,0.0,1519.8,31.8,0.0,34.99,32.59,1.08,68.66,0.7885,False,False
1780821206.037615,archive_hollywood_flood_rescue_1938_5c33e8,archive_hollywood_flood_rescue_1938_5c33e8.mp4,522,50.0,640,480,combined,detect_combined,Flooded,deeplabv3plus,False,False,0,tensorrt,tensorrt,tensorrt,24.77,24.77,39.98,40.38,5.66,15.41,21.07,1519.8,33.9,0.0,1519.8,33.9,0.0,34.99,32.59,1.08,68.66,0.7724,False,False
1780821206.1380248,archive_hollywood_flood_rescue_1938_5c33e8,archive_hollywood_flood_rescue_1938_5c33e8.mp4,523,50.0,640,480,combined,detect_combined,Flooded,deeplabv3plus,False,False,0,tensorrt,tensorrt,tensorrt,23.63,23.63,41.91,42.32,6.6,15.6,22.2,1519.8,37.3,0.0,1519.8,37.3,0.0,34.99,32.59,1.08,68.66,0.7957,False,False
1780821206.2555566,archive_hollywood_flood_rescue_1938_5c33e8,archive_hollywood_flood_rescue_1938_5c33e8.mp4,524,50.0,640,480,combined,detect_combined,Flooded,deeplabv3plus,False,False,0,tensorrt,tensorrt,tensorrt,25.8,25.8,38.36,38.76,6.8,18.26,25.060000000000002,1519.8,35.3,0.0,1519.8,35.3,0.0,34.99,32.59,1.08,68.66,0.7965,False,False
1780821206.366504,archive_hollywood_flood_rescue_1938_5c33e8,archive_hollywood_flood_rescue_1938_5c33e8.mp4,525,50.0,640,480,combined,detect_combined,Flooded,deeplabv3plus,False,False,0,tensorrt,tensorrt,tensorrt,17.52,17.52,56.69,57.08,10.81,22.6,33.410000000000004,1519.8,50.8,0.0,1519.8,50.8,0.0,34.99,32.59,1.08,68.66,0.7996,False,False
1780821206.4741101,archive_hollywood_flood_rescue_1938_5c33e8,archive_hollywood_flood_rescue_1938_5c33e8.mp4,526,50.0,640,480,combined,detect_combined,Flooded,deeplabv3plus,False,False,0,tensorrt,tensorrt,tensorrt,18.52,18.52,53.59,53.99,7.52,21.63,29.15,1519.8,51.6,0.0,1519.8,51.6,0.0,34.99,32.59,1.08,68.66,0.8026,False,False
1780821206.55406,archive_hollywood_flood_rescue_1938_5c33e8,archive_hollywood_flood_rescue_1938_5c33e8.mp4,527,50.0,640,480,combined,detect_combined,Flooded,deeplabv3plus,False,False,0,tensorrt,tensorrt,tensorrt,31.34,31.34,31.56,31.91,4.9,9.48,14.38,1519.8,53.2,0.0,1519.8,53.2,0.0,34.99,32.59,1.08,68.66,0.7773,False,False
1780821206.6464238,archive_hollywood_flood_rescue_1938_5c33e8,archive_hollywood_flood_rescue_1938_5c33e8.mp4,528,50.0,640,480,combined,detect_combined,Flooded,deeplabv3plus,False,False,0,tensorrt,tensorrt,tensorrt,23.57,23.57,42.09,42.43,5.35,15.92,21.27,1519.8,50.0,0.0,1519.8,50.0,0.0,34.99,32.59,1.08,68.66,0.7862,False,False
1780821206.7169302,archive_hollywood_flood_rescue_1938_5c33e8,archive_hollywood_flood_rescue_1938_5c33e8.mp4,529,50.0,640,480,combined,detect_combined,Flooded,deeplabv3plus,False,False,0,tensorrt,tensorrt,tensorrt,33.88,33.88,29.16,29.52,4.81,8.94,13.75,1519.8,42.9,0.0,1519.8,42.9,0.0,34.99,32.59,1.08,68.66,0.7606,False,False
1780821206.8171017,archive_hollywood_flood_rescue_1938_5c33e8,archive_hollywood_flood_rescue_1938_5c33e8.mp4,530,50.0,640,480,combined,detect_combined,Flooded,deeplabv3plus,False,False,0,tensorrt,tensorrt,tensorrt,22.7,22.7,43.66,44.06,5.64,15.67,21.31,1519.8,33.9,0.0,1519.8,33.9,0.0,34.99,32.59,1.08,68.66,0.722,False,False
1780821206.905926,archive_hollywood_flood_rescue_1938_5c33e8,archive_hollywood_flood_rescue_1938_5c33e8.mp4,531,50.0,640,480,combined,detect_combined,Flooded,deeplabv3plus,False,False,0,tensorrt,tensorrt,tensorrt,28.09,28.09,35.24,35.6,4.16,8.57,12.73,1519.8,23.5,0.0,1519.8,23.5,0.0,34.99,32.59,1.08,68.66,0.7309,False,False
1780821207.0058515,archive_hollywood_flood_rescue_1938_5c33e8,archive_hollywood_flood_rescue_1938_5c33e8.mp4,532,50.0,640,480,combined,detect_combined,Flooded,deeplabv3plus,False,False,0,tensorrt,tensorrt,tensorrt,21.94,21.94,45.18,45.58,8.83,21.54,30.369999999999997,1519.8,35.1,0.0,1519.8,35.1,0.0,34.99,32.59,1.08,68.66,0.72,False,False
1780821207.104157,archive_hollywood_flood_rescue_1938_5c33e8,archive_hollywood_flood_rescue_1938_5c33e8.mp4,533,50.0,640,480,combined,detect_combined,Flooded,deeplabv3plus,False,False,0,tensorrt,tensorrt,tensorrt,22.05,22.05,44.79,45.35,5.95,18.05,24.0,1519.8,37.9,0.0,1519.8,37.9,0.0,34.99,32.59,1.08,68.66,0.7695,False,False
1780821207.2031794,archive_hollywood_flood_rescue_1938_5c33e8,archive_hollywood_flood_rescue_1938_5c33e8.mp4,534,50.0,640,480,combined,detect_combined,Flooded,deeplabv3plus,False,False,0,tensorrt,tensorrt,tensorrt,19.52,19.52,50.8,51.22,7.68,17.24,24.919999999999998,1519.8,38.9,0.0,1519.8,38.9,0.0,34.99,32.59,1.08,68.66,0.854,False,False
1780821207.3035848,archive_hollywood_flood_rescue_1938_5c33e8,archive_hollywood_flood_rescue_1938_5c33e8.mp4,535,50.0,640,480,combined,detect_combined,Flooded,deeplabv3plus,False,False,0,tensorrt,tensorrt,tensorrt,23.12,23.12,42.85,43.25,4.96,13.2,18.16,1519.8,44.1,0.0,1519.8,44.1,0.0,34.99,32.59,1.08,68.66,0.7976,False,False
1780821207.4190984,archive_hollywood_flood_rescue_1938_5c33e8,archive_hollywood_flood_rescue_1938_5c33e8.mp4,536,50.0,640,480,combined,detect_combined,Flooded,deeplabv3plus,False,False,0,tensorrt,tensorrt,tensorrt,16.94,16.94,58.22,59.02,6.86,25.02,31.88,1519.8,43.3,0.0,1519.8,43.3,0.0,34.99,32.59,1.08,68.66,0.788,False,False
1780821207.5185935,archive_hollywood_flood_rescue_1938_5c33e8,archive_hollywood_flood_rescue_1938_5c33e8.mp4,537,50.0,640,480,combined,detect_combined,Flooded,deeplabv3plus,False,False,0,tensorrt,tensorrt,tensorrt,23.44,23.44,42.15,42.66,6.29,22.63,28.919999999999998,1519.8,41.4,0.0,1519.8,41.4,0.0,34.99,32.59,1.08,68.66,0.7867,False,False
1780821207.595162,archive_hollywood_flood_rescue_1938_5c33e8,archive_hollywood_flood_rescue_1938_5c33e8.mp4,538,50.0,640,480,combined,detect_combined,Flooded,deeplabv3plus,False,False,0,tensorrt,tensorrt,tensorrt,28.21,28.21,35.03,35.45,5.71,10.7,16.41,1519.79,54.3,0.0,1519.79,54.3,0.0,34.99,32.59,1.08,68.66,0.7216,False,False
1780821207.6807246,archive_hollywood_flood_rescue_1938_5c33e8,archive_hollywood_flood_rescue_1938_5c33e8.mp4,539,50.0,640,480,combined,detect_combined,Flooded,deeplabv3plus,False,False,0,tensorrt,tensorrt,tensorrt,24.91,24.91,39.8,40.15,6.26,12.76,19.02,1519.79,66.0,0.0,1519.79,66.0,0.0,34.99,32.59,1.08,68.66,0.7796,False,False
1780821207.750206,archive_hollywood_flood_rescue_1938_5c33e8,archive_hollywood_flood_rescue_1938_5c33e8.mp4,540,50.0,640,480,combined,detect_combined,Flooded,deeplabv3plus,False,False,0,tensorrt,tensorrt,tensorrt,28.47,28.47,34.79,35.12,5.38,12.88,18.26,1519.79,72.5,0.0,1519.79,72.5,0.0,34.99,32.59,1.08,68.66,0.8407,False,False
1780821207.8299067,archive_hollywood_flood_rescue_1938_5c33e8,archive_hollywood_flood_rescue_1938_5c33e8.mp4,541,50.0,640,480,combined,detect_combined,Flooded,deeplabv3plus,False,False,0,tensorrt,tensorrt,tensorrt,27.48,27.48,36.07,36.4,5.04,15.21,20.25,1519.79,63.0,0.0,1519.79,63.0,0.0,34.99,32.59,1.08,68.66,0.7597,False,False
1780821207.9053504,archive_hollywood_flood_rescue_1938_5c33e8,archive_hollywood_flood_rescue_1938_5c33e8.mp4,542,50.0,640,480,combined,detect_combined,Flooded,deeplabv3plus,False,False,0,tensorrt,tensorrt,tensorrt,27.83,27.83,35.55,35.93,4.25,11.31,15.56,1519.79,59.6,0.0,1519.79,59.6,0.0,34.99,32.59,1.08,68.66,0.7639,False,False
1780821207.9673986,archive_hollywood_flood_rescue_1938_5c33e8,archive_hollywood_flood_rescue_1938_5c33e8.mp4,543,50.0,640,480,combined,detect_combined,Flooded,deeplabv3plus,False,False,0,tensorrt,tensorrt,tensorrt,38.43,38.43,25.73,26.02,4.06,7.01,11.07,1519.79,54.1,0.0,1519.79,54.1,0.0,34.99,32.59,1.08,68.66,0.7382,False,False
1780821208.0396683,archive_hollywood_flood_rescue_1938_5c33e8,archive_hollywood_flood_rescue_1938_5c33e8.mp4,544,50.0,640,480,combined,detect_combined,Flooded,deeplabv3plus,False,False,0,tensorrt,tensorrt,tensorrt,32.42,32.42,30.54,30.84,4.04,7.81,11.85,1519.79,52.4,0.0,1519.79,52.4,0.0,34.99,32.59,1.08,68.66,0.6922,False,False
1780821208.1086836,archive_hollywood_flood_rescue_1938_5c33e8,archive_hollywood_flood_rescue_1938_5c33e8.mp4,545,50.0,640,480,combined,detect_combined,Flooded,deeplabv3plus,False,False,0,tensorrt,tensorrt,tensorrt,33.42,33.42,29.62,29.92,4.17,9.43,13.6,1519.79,48.8,0.0,1519.79,48.8,0.0,34.99,32.59,1.08,68.66,0.6568,False,False
1780821208.1784396,archive_hollywood_flood_rescue_1938_5c33e8,archive_hollywood_flood_rescue_1938_5c33e8.mp4,546,50.0,640,480,combined,detect_combined,Flooded,deeplabv3plus,False,False,0,tensorrt,tensorrt,tensorrt,33.91,33.91,29.17,29.49,4.83,9.48,14.31,1519.79,32.4,0.0,1519.79,32.4,0.0,34.99,32.59,1.08,68.66,0.7282,False,False
1780821208.2541738,archive_hollywood_flood_rescue_1938_5c33e8,archive_hollywood_flood_rescue_1938_5c33e8.mp4,547,50.0,640,480,combined,detect_combined,Flooded,deeplabv3plus,False,False,0,tensorrt,tensorrt,tensorrt,27.76,27.76,35.69,36.03,4.92,11.6,16.52,1519.79,50.0,0.0,1519.79,50.0,0.0,34.99,32.59,1.08,68.66,0.7186,False,False
1780821208.333137,archive_hollywood_flood_rescue_1938_5c33e8,archive_hollywood_flood_rescue_1938_5c33e8.mp4,548,50.0,640,480,combined,detect_combined,Flooded,deeplabv3plus,False,False,0,tensorrt,tensorrt,tensorrt,31.24,31.24,31.67,32.01,4.55,9.58,14.129999999999999,1519.79,39.6,0.0,1519.79,39.6,0.0,34.99,32.59,1.08,68.66,0.6484,False,False
1780821208.4193435,archive_hollywood_flood_rescue_1938_5c33e8,archive_hollywood_flood_rescue_1938_5c33e8.mp4,549,50.0,640,480,combined,detect_combined,Flooded,deeplabv3plus,False,False,0,tensorrt,tensorrt,tensorrt,29.12,29.12,33.96,34.34,4.85,12.48,17.33,1519.79,42.9,0.0,1519.79,42.9,0.0,34.99,32.59,1.08,68.66,0.6883,False,False
1780821208.5101328,archive_hollywood_flood_rescue_1938_5c33e8,archive_hollywood_flood_rescue_1938_5c33e8.mp4,550,50.0,640,480,combined,detect_combined,Flooded,deeplabv3plus,False,False,0,tensorrt,tensorrt,tensorrt,26.94,26.94,36.71,37.11,5.55,13.06,18.61,1519.79,39.6,0.0,1519.79,39.6,0.0,34.99,32.59,1.08,68.66,0.6939,False,False
1780821208.6070528,archive_hollywood_flood_rescue_1938_5c33e8,archive_hollywood_flood_rescue_1938_5c33e8.mp4,551,50.0,640,480,combined,detect_combined,Flooded,deeplabv3plus,False,False,0,tensorrt,tensorrt,tensorrt,22.83,22.83,43.4,43.8,6.39,19.16,25.55,1519.79,40.7,0.0,1519.79,40.7,0.0,34.99,32.59,1.08,68.66,0.7056,False,False
1780821208.6888773,archive_hollywood_flood_rescue_1938_5c33e8,archive_hollywood_flood_rescue_1938_5c33e8.mp4,552,50.0,640,480,combined,detect_combined,Flooded,deeplabv3plus,False,False,0,tensorrt,tensorrt,tensorrt,25.34,25.34,39.04,39.46,5.27,10.74,16.009999999999998,1519.79,32.6,0.0,1519.79,32.6,0.0,34.99,32.59,1.08,68.66,0.6885,False,False
1780821208.774984,archive_hollywood_flood_rescue_1938_5c33e8,archive_hollywood_flood_rescue_1938_5c33e8.mp4,553,50.0,640,480,combined,detect_combined,Flooded,deeplabv3plus,False,False,0,tensorrt,tensorrt,tensorrt,26.86,26.86,36.9,37.23,5.4,12.14,17.54,1519.79,35.8,0.0,1519.79,35.8,0.0,34.99,32.59,1.08,68.66,0.7149,False,False
1780821208.8545816,archive_hollywood_flood_rescue_1938_5c33e8,archive_hollywood_flood_rescue_1938_5c33e8.mp4,554,50.0,640,480,combined,detect_combined,Flooded,deeplabv3plus,False,False,0,tensorrt,tensorrt,tensorrt,29.25,29.25,33.87,34.18,6.25,18.18,24.43,1519.79,40.4,0.0,1519.79,40.4,0.0,34.99,32.59,1.08,68.66,0.6783,False,False
1780821208.9515383,archive_hollywood_flood_rescue_1938_5c33e8,archive_hollywood_flood_rescue_1938_5c33e8.mp4,555,50.0,640,480,combined,detect_combined,Flooded,deeplabv3plus,False,False,0,tensorrt,tensorrt,tensorrt,23.62,23.62,41.99,42.34,5.5,19.34,24.84,1519.79,29.8,0.0,1519.79,29.8,0.0,34.99,32.59,1.08,68.66,0.6976,False,False
1780821209.0567467,archive_hollywood_flood_rescue_1938_5c33e8,archive_hollywood_flood_rescue_1938_5c33e8.mp4,556,50.0,640,480,combined,detect_combined,Flooded,deeplabv3plus,False,False,0,tensorrt,tensorrt,tensorrt,21.65,21.65,45.76,46.18,6.07,20.54,26.61,1519.79,44.4,0.0,1519.79,44.4,0.0,34.99,32.59,1.08,68.66,0.7813,False,False
1780821209.1657512,archive_hollywood_flood_rescue_1938_5c33e8,archive_hollywood_flood_rescue_1938_5c33e8.mp4,557,50.0,640,480,combined,detect_combined,Flooded,deeplabv3plus,False,False,0,tensorrt,tensorrt,tensorrt,24.67,24.67,40.0,40.53,6.27,21.08,27.349999999999998,1519.79,48.4,0.0,1519.79,48.4,0.0,34.99,32.59,1.08,68.66,0.7073,False,False
1780821209.2608378,archive_hollywood_flood_rescue_1938_5c33e8,archive_hollywood_flood_rescue_1938_5c33e8.mp4,558,50.0,640,480,combined,detect_combined,Flooded,deeplabv3plus,False,False,0,tensorrt,tensorrt,tensorrt,20.87,20.87,47.57,47.91,4.87,16.6,21.470000000000002,1519.79,49.1,0.0,1519.79,49.1,0.0,34.99,32.59,1.08,68.66,0.7261,False,False
1780821209.3560576,archive_hollywood_flood_rescue_1938_5c33e8,archive_hollywood_flood_rescue_1938_5c33e8.mp4,559,50.0,640,480,combined,detect_combined,Flooded,deeplabv3plus,False,False,0,tensorrt,tensorrt,tensorrt,21.4,21.4,46.27,46.74,5.84,17.94,23.78,1519.79,55.4,0.0,1519.79,55.4,0.0,34.99,32.59,1.08,68.66,0.7159,False,False
1780821209.442153,archive_hollywood_flood_rescue_1938_5c33e8,archive_hollywood_flood_rescue_1938_5c33e8.mp4,560,50.0,640,480,combined,detect_combined,Flooded,deeplabv3plus,False,False,0,tensorrt,tensorrt,tensorrt,28.49,28.49,34.62,35.1,5.34,13.43,18.77,1519.79,54.9,0.0,1519.79,54.9,0.0,34.99,32.59,1.08,68.66,0.697,False,False
1780821209.5240822,archive_hollywood_flood_rescue_1938_5c33e8,archive_hollywood_flood_rescue_1938_5c33e8.mp4,561,50.0,640,480,combined,detect_combined,Flooded,deeplabv3plus,False,False,0,tensorrt,tensorrt,tensorrt,27.22,27.22,36.26,36.73,5.45,12.84,18.29,1519.79,33.3,0.0,1519.79,33.3,0.0,34.99,32.59,1.08,68.66,0.7305,False,False
1780821209.6286278,archive_hollywood_flood_rescue_1938_5c33e8,archive_hollywood_flood_rescue_1938_5c33e8.mp4,562,50.0,640,480,combined,detect_combined,Flooded,deeplabv3plus,False,False,0,tensorrt,tensorrt,tensorrt,18.92,18.92,52.41,52.87,5.44,23.13,28.57,1519.79,32.8,0.0,1519.79,32.8,0.0,34.99,32.59,1.08,68.66,0.7118,False,False
