timestamp,video_id,video_name,frame_idx,sim_altitude_m,input_width,input_height,mode,active_tool,classification_label,primary_model,model_switch_occurred,segmentation_skipped,human_count,clf_backend,seg_backend,human_backend,fps,instant_fps,total_inference_ms,total_latency_ms,classification_ms,segmentation_ms,model_switch_latency_ms,memory_mb,cpu_percent,power_w,peak_memory_mb,peak_cpu_percent,peak_power_w,clf_load_ms,seg_load_ms,human_load_ms,model_load_total_ms,flood_ratio,warmup,session_first_frame
1780821651.6324615,youtube_cumbria_flood_rescue_1dc5ca,youtube_cumbria_flood_rescue_1dc5ca.mp4,0,50.0,640,480,combined,detect_combined,Flooded,deeplabv3plus,True,False,0,tensorrt,tensorrt,tensorrt,2.43,2.43,409.83,411.62,34.82,55.75,90.57,1186.13,0.0,0.0,1186.13,0.0,0.0,115.34,54.52,3.4,173.26,0.2793,False,True
1780821651.722017,youtube_cumbria_flood_rescue_1dc5ca,youtube_cumbria_flood_rescue_1dc5ca.mp4,1,50.0,640,480,combined,detect_combined,Flooded,deeplabv3plus,False,False,0,tensorrt,tensorrt,tensorrt,18.28,18.28,54.33,54.69,6.21,21.27,27.48,1195.08,36.5,0.0,1195.08,36.5,0.0,115.34,54.52,3.4,173.26,0.2793,False,False
1780821651.769796,youtube_cumbria_flood_rescue_1dc5ca,youtube_cumbria_flood_rescue_1dc5ca.mp4,2,50.0,640,480,combined,detect_combined,Flooded,deeplabv3plus,False,False,0,tensorrt,tensorrt,tensorrt,42.13,42.13,23.41,23.74,4.27,8.34,12.61,1196.88,45.5,0.0,1196.88,45.5,0.0,115.34,54.52,3.4,173.26,0.6769,False,False
1780821651.8856528,youtube_cumbria_flood_rescue_1dc5ca,youtube_cumbria_flood_rescue_1dc5ca.mp4,3,50.0,640,480,combined,detect_combined,Flooded,deeplabv3plus,False,False,3,tensorrt,tensorrt,tensorrt,11.64,11.64,83.96,85.91,5.23,10.88,16.11,1247.63,40.0,0.0,1247.63,40.0,0.0,115.34,54.52,3.4,173.26,0.3041,False,False
1780821651.9711144,youtube_cumbria_flood_rescue_1dc5ca,youtube_cumbria_flood_rescue_1dc5ca.mp4,4,50.0,640,480,combined,detect_combined,Flooded,deeplabv3plus,False,False,3,tensorrt,tensorrt,tensorrt,18.33,18.33,52.71,54.55,5.78,11.54,17.32,1250.11,37.7,0.0,1250.11,37.7,0.0,115.34,54.52,3.4,173.26,0.5,False,False
1780821652.0728345,youtube_cumbria_flood_rescue_1dc5ca,youtube_cumbria_flood_rescue_1dc5ca.mp4,5,50.0,640,480,combined,detect_combined,Non-Flooded,resnet18,True,False,3,tensorrt,tensorrt,tensorrt,17.11,17.11,55.98,58.46,9.52,17.64,27.16,1251.02,31.7,0.0,1251.02,31.7,0.0,115.34,54.52,3.4,173.26,0.1273,False,False
1780821652.1757185,youtube_cumbria_flood_rescue_1dc5ca,youtube_cumbria_flood_rescue_1dc5ca.mp4,6,50.0,640,480,combined,detect_combined,Non-Flooded,resnet18,False,False,3,tensorrt,tensorrt,tensorrt,20.38,20.38,46.62,49.08,6.59,22.03,28.62,1250.95,41.0,0.0,1250.95,41.0,0.0,115.34,54.52,3.4,173.26,0.0324,False,False
1780821652.2822876,youtube_cumbria_flood_rescue_1dc5ca,youtube_cumbria_flood_rescue_1dc5ca.mp4,7,50.0,640,480,combined,detect_combined,Non-Flooded,resnet18,False,False,4,tensorrt,tensorrt,tensorrt,17.47,17.47,54.55,57.26,12.64,26.66,39.3,1250.89,52.3,0.0,1250.89,52.3,0.0,115.34,54.52,3.4,173.26,0.0545,False,False
1780821652.3589869,youtube_cumbria_flood_rescue_1dc5ca,youtube_cumbria_flood_rescue_1dc5ca.mp4,8,50.0,640,480,combined,detect_combined,Non-Flooded,resnet18,False,False,3,tensorrt,tensorrt,tensorrt,22.58,22.58,41.71,44.28,4.82,8.95,13.77,1251.24,48.9,0.0,1251.24,48.9,0.0,115.34,54.52,3.4,173.26,0.0667,False,False
1780821652.4633632,youtube_cumbria_flood_rescue_1dc5ca,youtube_cumbria_flood_rescue_1dc5ca.mp4,9,50.0,640,480,combined,detect_combined,Non-Flooded,resnet18,False,False,4,tensorrt,tensorrt,tensorrt,15.42,15.42,62.39,64.83,15.26,25.76,41.02,1251.18,54.7,0.0,1251.18,54.7,0.0,115.34,54.52,3.4,173.26,0.0121,False,False
1780821652.5374157,youtube_cumbria_flood_rescue_1dc5ca,youtube_cumbria_flood_rescue_1dc5ca.mp4,10,50.0,640,480,combined,detect_combined,Non-Flooded,resnet18,False,False,4,tensorrt,tensorrt,tensorrt,24.91,24.91,38.25,40.14,5.54,9.23,14.77,1251.1,45.2,0.0,1251.1,45.2,0.0,115.34,54.52,3.4,173.26,0.032,False,False
1780821652.6253228,youtube_cumbria_flood_rescue_1dc5ca,youtube_cumbria_flood_rescue_1dc5ca.mp4,11,50.0,640,480,combined,detect_combined,Non-Flooded,resnet18,False,False,4,tensorrt,tensorrt,tensorrt,19.54,19.54,48.73,51.18,5.44,12.23,17.67,1251.29,35.3,0.0,1251.29,35.3,0.0,115.34,54.52,3.4,173.26,0.0554,False,False
1780821652.7268658,youtube_cumbria_flood_rescue_1dc5ca,youtube_cumbria_flood_rescue_1dc5ca.mp4,12,50.0,640,480,combined,detect_combined,Non-Flooded,resnet18,False,False,4,tensorrt,tensorrt,tensorrt,15.28,15.28,62.67,65.43,6.16,25.86,32.019999999999996,1251.22,34.4,0.0,1251.22,34.4,0.0,115.34,54.52,3.4,173.26,0.0445,False,False
1780821652.8100345,youtube_cumbria_flood_rescue_1dc5ca,youtube_cumbria_flood_rescue_1dc5ca.mp4,13,50.0,640,480,combined,detect_combined,Non-Flooded,resnet18,False,False,5,tensorrt,tensorrt,tensorrt,22.23,22.23,42.2,44.98,5.09,12.81,17.9,1251.42,31.3,0.0,1251.42,31.3,0.0,115.34,54.52,3.4,173.26,0.0481,False,False
1780821652.910341,youtube_cumbria_flood_rescue_1dc5ca,youtube_cumbria_flood_rescue_1dc5ca.mp4,14,50.0,640,480,combined,detect_combined,Non-Flooded,resnet18,False,False,3,tensorrt,tensorrt,tensorrt,15.6,15.6,62.57,64.09,6.61,21.62,28.23,1251.35,29.8,0.0,1251.35,29.8,0.0,115.34,54.52,3.4,173.26,0.0673,False,False
1780821653.0121493,youtube_cumbria_flood_rescue_1dc5ca,youtube_cumbria_flood_rescue_1dc5ca.mp4,15,50.0,640,480,combined,detect_combined,Non-Flooded,resnet18,False,False,4,tensorrt,tensorrt,tensorrt,14.96,14.96,64.48,66.85,6.85,23.96,30.810000000000002,1251.56,30.5,0.0,1251.56,30.5,0.0,115.34,54.52,3.4,173.26,0.0549,False,False
1780821653.0962057,youtube_cumbria_flood_rescue_1dc5ca,youtube_cumbria_flood_rescue_1dc5ca.mp4,16,50.0,640,480,combined,detect_combined,Non-Flooded,resnet18,False,False,4,tensorrt,tensorrt,tensorrt,25.37,25.37,36.95,39.42,6.16,16.12,22.28,1251.82,34.6,0.0,1251.82,34.6,0.0,115.34,54.52,3.4,173.26,0.0654,False,False
1780821653.1960416,youtube_cumbria_flood_rescue_1dc5ca,youtube_cumbria_flood_rescue_1dc5ca.mp4,17,50.0,640,480,combined,detect_combined,Non-Flooded,resnet18,False,False,5,tensorrt,tensorrt,tensorrt,14.96,14.96,63.31,66.86,5.81,21.26,27.07,1251.81,29.3,0.0,1251.81,29.3,0.0,115.34,54.52,3.4,173.26,0.0835,False,False
1780821653.2926433,youtube_cumbria_flood_rescue_1dc5ca,youtube_cumbria_flood_rescue_1dc5ca.mp4,18,50.0,640,480,combined,detect_combined,Non-Flooded,resnet18,False,False,5,tensorrt,tensorrt,tensorrt,18.86,18.86,49.93,53.02,12.34,23.32,35.66,1251.8,32.8,0.0,1251.8,32.8,0.0,115.34,54.52,3.4,173.26,0.0632,False,False
1780821653.3934813,youtube_cumbria_flood_rescue_1dc5ca,youtube_cumbria_flood_rescue_1dc5ca.mp4,19,50.0,640,480,combined,detect_combined,Non-Flooded,resnet18,False,False,3,tensorrt,tensorrt,tensorrt,15.64,15.64,52.09,63.96,5.66,16.15,21.81,1296.58,35.6,0.0,1296.58,35.6,0.0,115.34,54.52,3.4,173.26,0.0554,False,False
1780821653.497855,youtube_cumbria_flood_rescue_1dc5ca,youtube_cumbria_flood_rescue_1dc5ca.mp4,20,50.0,640,480,combined,detect_combined,Non-Flooded,resnet18,False,False,2,tensorrt,tensorrt,tensorrt,16.53,16.53,57.8,60.49,26.66,15.4,42.06,1331.32,39.3,0.0,1331.32,39.3,0.0,115.34,54.52,3.4,173.26,0.0702,False,False
1780821653.600856,youtube_cumbria_flood_rescue_1dc5ca,youtube_cumbria_flood_rescue_1dc5ca.mp4,21,50.0,640,480,combined,detect_combined,Non-Flooded,resnet18,False,False,2,tensorrt,tensorrt,tensorrt,14.38,14.38,64.33,69.54,8.67,23.05,31.72,1362.2,65.6,0.0,1362.2,65.6,0.0,115.34,54.52,3.4,173.26,0.0336,False,False
1780821653.6842713,youtube_cumbria_flood_rescue_1dc5ca,youtube_cumbria_flood_rescue_1dc5ca.mp4,22,50.0,640,480,combined,detect_combined,Non-Flooded,resnet18,False,False,4,tensorrt,tensorrt,tensorrt,23.36,23.36,40.99,42.8,4.95,14.26,19.21,1301.61,68.8,0.0,1301.61,68.8,0.0,115.34,54.52,3.4,173.26,0.0645,False,False
1780821653.767322,youtube_cumbria_flood_rescue_1dc5ca,youtube_cumbria_flood_rescue_1dc5ca.mp4,23,50.0,640,480,combined,detect_combined,Non-Flooded,resnet18,False,False,3,tensorrt,tensorrt,tensorrt,17.58,17.58,53.68,56.87,6.39,15.97,22.36,1301.8,56.0,0.0,1301.8,56.0,0.0,115.34,54.52,3.4,173.26,0.0683,False,False
1780821653.8461044,youtube_cumbria_flood_rescue_1dc5ca,youtube_cumbria_flood_rescue_1dc5ca.mp4,24,50.0,640,480,combined,detect_combined,Non-Flooded,resnet18,False,False,6,tensorrt,tensorrt,tensorrt,20.42,20.42,45.82,48.96,7.27,13.89,21.16,1301.74,58.7,0.0,1301.74,58.7,0.0,115.34,54.52,3.4,173.26,0.0173,False,False
1780821653.9227552,youtube_cumbria_flood_rescue_1dc5ca,youtube_cumbria_flood_rescue_1dc5ca.mp4,25,50.0,640,480,combined,detect_combined,Non-Flooded,resnet18,False,False,4,tensorrt,tensorrt,tensorrt,23.55,23.55,40.73,42.46,4.89,7.71,12.6,1301.72,58.7,0.0,1301.72,58.7,0.0,115.34,54.52,3.4,173.26,0.024,False,False
1780821653.9927454,youtube_cumbria_flood_rescue_1dc5ca,youtube_cumbria_flood_rescue_1dc5ca.mp4,26,50.0,640,480,combined,detect_combined,Non-Flooded,resnet18,False,False,3,tensorrt,tensorrt,tensorrt,26.38,26.38,36.35,37.91,4.36,9.07,13.43,1301.66,45.9,0.0,1301.66,45.9,0.0,115.34,54.52,3.4,173.26,0.0216,False,False
1780821654.0726707,youtube_cumbria_flood_rescue_1dc5ca,youtube_cumbria_flood_rescue_1dc5ca.mp4,27,50.0,640,480,combined,detect_combined,Non-Flooded,resnet18,False,False,5,tensorrt,tensorrt,tensorrt,23.03,23.03,40.62,43.41,5.0,12.17,17.17,1301.85,34.0,0.0,1301.85,34.0,0.0,115.34,54.52,3.4,173.26,0.007,False,False
1780821654.1626637,youtube_cumbria_flood_rescue_1dc5ca,youtube_cumbria_flood_rescue_1dc5ca.mp4,28,50.0,640,480,combined,detect_combined,Non-Flooded,resnet18,False,False,4,tensorrt,tensorrt,tensorrt,20.63,20.63,45.7,48.48,5.51,14.91,20.42,1301.78,29.4,0.0,1301.78,29.4,0.0,115.34,54.52,3.4,173.26,0.0364,False,False
1780821654.2596564,youtube_cumbria_flood_rescue_1dc5ca,youtube_cumbria_flood_rescue_1dc5ca.mp4,29,50.0,640,480,combined,detect_combined,Non-Flooded,resnet18,False,False,5,tensorrt,tensorrt,tensorrt,19.54,19.54,47.54,51.19,6.45,18.53,24.98,1301.71,31.6,0.0,1301.71,31.6,0.0,115.34,54.52,3.4,173.26,0.0178,False,False
1780821654.3689854,youtube_cumbria_flood_rescue_1dc5ca,youtube_cumbria_flood_rescue_1dc5ca.mp4,30,50.0,640,480,combined,detect_combined,Non-Flooded,resnet18,False,False,5,tensorrt,tensorrt,tensorrt,16.31,16.31,57.29,61.31,7.69,19.62,27.310000000000002,1302.38,33.8,0.0,1302.38,33.8,0.0,115.34,54.52,3.4,173.26,0.033,False,False
1780821654.4567761,youtube_cumbria_flood_rescue_1dc5ca,youtube_cumbria_flood_rescue_1dc5ca.mp4,31,50.0,640,480,combined,detect_combined,Non-Flooded,resnet18,False,False,4,tensorrt,tensorrt,tensorrt,19.88,19.88,48.11,50.31,8.12,18.43,26.549999999999997,1302.57,47.2,0.0,1302.57,47.2,0.0,115.34,54.52,3.4,173.26,0.0245,False,False
1780821654.5458355,youtube_cumbria_flood_rescue_1dc5ca,youtube_cumbria_flood_rescue_1dc5ca.mp4,32,50.0,640,480,combined,detect_combined,Non-Flooded,resnet18,False,False,4,tensorrt,tensorrt,tensorrt,19.26,19.26,49.36,51.92,6.74,19.5,26.240000000000002,1302.51,46.0,0.0,1302.51,46.0,0.0,115.34,54.52,3.4,173.26,0.0248,False,False
1780821654.6336427,youtube_cumbria_flood_rescue_1dc5ca,youtube_cumbria_flood_rescue_1dc5ca.mp4,33,50.0,640,480,combined,detect_combined,Non-Flooded,resnet18,False,False,4,tensorrt,tensorrt,tensorrt,20.63,20.63,46.21,48.47,6.23,18.87,25.1,1302.47,44.2,0.0,1302.47,44.2,0.0,115.34,54.52,3.4,173.26,0.0275,False,False
1780821654.7195191,youtube_cumbria_flood_rescue_1dc5ca,youtube_cumbria_flood_rescue_1dc5ca.mp4,34,50.0,640,480,combined,detect_combined,Non-Flooded,resnet18,False,False,4,tensorrt,tensorrt,tensorrt,22.14,22.14,42.19,45.16,5.73,13.0,18.73,1302.46,30.0,0.0,1302.46,30.0,0.0,115.34,54.52,3.4,173.26,0.0553,False,False
1780821654.817712,youtube_cumbria_flood_rescue_1dc5ca,youtube_cumbria_flood_rescue_1dc5ca.mp4,35,50.0,640,480,combined,detect_combined,Non-Flooded,resnet18,False,False,4,tensorrt,tensorrt,tensorrt,19.24,19.24,49.06,51.96,7.75,17.56,25.31,1302.46,32.8,0.0,1302.46,32.8,0.0,115.34,54.52,3.4,173.26,0.0203,False,False
1780821654.9155023,youtube_cumbria_flood_rescue_1dc5ca,youtube_cumbria_flood_rescue_1dc5ca.mp4,36,50.0,640,480,combined,detect_combined,Non-Flooded,resnet18,False,False,4,tensorrt,tensorrt,tensorrt,18.22,18.22,51.86,54.87,9.95,18.62,28.57,1302.46,47.4,0.0,1302.46,47.4,0.0,115.34,54.52,3.4,173.26,0.0795,False,False
1780821655.0270073,youtube_cumbria_flood_rescue_1dc5ca,youtube_cumbria_flood_rescue_1dc5ca.mp4,37,50.0,640,480,combined,detect_combined,Non-Flooded,resnet18,False,False,4,tensorrt,tensorrt,tensorrt,14.92,14.92,64.48,67.02,14.99,21.53,36.52,1302.46,50.0,0.0,1302.46,50.0,0.0,115.34,54.52,3.4,173.26,0.0623,False,False
1780821655.1017094,youtube_cumbria_flood_rescue_1dc5ca,youtube_cumbria_flood_rescue_1dc5ca.mp4,38,50.0,640,480,combined,detect_combined,Non-Flooded,resnet18,False,False,5,tensorrt,tensorrt,tensorrt,23.58,23.58,39.38,42.41,5.37,13.05,18.42,1302.46,44.2,0.0,1302.46,44.2,0.0,115.34,54.52,3.4,173.26,0.1056,False,False
1780821655.193431,youtube_cumbria_flood_rescue_1dc5ca,youtube_cumbria_flood_rescue_1dc5ca.mp4,39,50.0,640,480,combined,detect_combined,Non-Flooded,resnet18,False,False,5,tensorrt,tensorrt,tensorrt,18.27,18.27,51.75,54.74,5.79,19.42,25.21,1302.45,48.2,0.0,1302.45,48.2,0.0,115.34,54.52,3.4,173.26,0.1509,False,False
1780821655.2754703,youtube_cumbria_flood_rescue_1dc5ca,youtube_cumbria_flood_rescue_1dc5ca.mp4,40,50.0,640,480,combined,detect_combined,Non-Flooded,resnet18,False,False,4,tensorrt,tensorrt,tensorrt,23.69,23.69,39.67,42.21,5.99,10.38,16.37,1302.45,50.0,0.0,1302.45,50.0,0.0,115.34,54.52,3.4,173.26,0.113,False,False
1780821655.3662775,youtube_cumbria_flood_rescue_1dc5ca,youtube_cumbria_flood_rescue_1dc5ca.mp4,41,50.0,640,480,combined,detect_combined,Non-Flooded,resnet18,False,False,4,tensorrt,tensorrt,tensorrt,18.95,18.95,49.89,52.76,7.92,19.72,27.64,1302.45,35.2,0.0,1302.45,35.2,0.0,115.34,54.52,3.4,173.26,0.0779,False,False
1780821655.4762182,youtube_cumbria_flood_rescue_1dc5ca,youtube_cumbria_flood_rescue_1dc5ca.mp4,42,50.0,640,480,combined,detect_combined,Non-Flooded,resnet18,False,False,3,tensorrt,tensorrt,tensorrt,15.71,15.71,61.2,63.64,17.1,23.59,40.69,1302.45,33.8,0.0,1302.45,33.8,0.0,115.34,54.52,3.4,173.26,0.1875,False,False
1780821655.591046,youtube_cumbria_flood_rescue_1dc5ca,youtube_cumbria_flood_rescue_1dc5ca.mp4,43,50.0,640,480,combined,detect_combined,Non-Flooded,resnet18,False,False,3,tensorrt,tensorrt,tensorrt,15.84,15.84,60.66,63.14,14.3,19.09,33.39,1302.45,31.3,0.0,1302.45,31.3,0.0,115.34,54.52,3.4,173.26,0.1684,False,False
1780821655.6920667,youtube_cumbria_flood_rescue_1dc5ca,youtube_cumbria_flood_rescue_1dc5ca.mp4,44,50.0,640,480,combined,detect_combined,Non-Flooded,resnet18,False,False,3,tensorrt,tensorrt,tensorrt,19.67,19.67,48.49,50.85,6.15,17.76,23.910000000000004,1302.45,32.2,0.0,1302.45,32.2,0.0,115.34,54.52,3.4,173.26,0.0493,False,False
1780821655.80342,youtube_cumbria_flood_rescue_1dc5ca,youtube_cumbria_flood_rescue_1dc5ca.mp4,45,50.0,640,480,combined,detect_combined,Non-Flooded,resnet18,False,False,3,tensorrt,tensorrt,tensorrt,16.42,16.42,58.45,60.89,14.47,25.49,39.96,1302.45,26.6,0.0,1302.45,26.6,0.0,115.34,54.52,3.4,173.26,0.0607,False,False
1780821655.9247992,youtube_cumbria_flood_rescue_1dc5ca,youtube_cumbria_flood_rescue_1dc5ca.mp4,46,50.0,640,480,combined,detect_combined,Non-Flooded,resnet18,False,False,3,tensorrt,tensorrt,tensorrt,14.35,14.35,67.23,69.68,14.24,15.56,29.8,1304.45,38.9,0.0,1304.45,38.9,0.0,115.34,54.52,3.4,173.26,0.0892,False,False
1780821656.0417216,youtube_cumbria_flood_rescue_1dc5ca,youtube_cumbria_flood_rescue_1dc5ca.mp4,47,50.0,640,480,combined,detect_combined,Non-Flooded,resnet18,False,False,4,tensorrt,tensorrt,tensorrt,14.4,14.4,64.99,69.42,6.5,14.97,21.47,1350.33,34.8,0.0,1350.33,34.8,0.0,115.34,54.52,3.4,173.26,0.1756,False,False
1780821656.171309,youtube_cumbria_flood_rescue_1dc5ca,youtube_cumbria_flood_rescue_1dc5ca.mp4,48,50.0,640,480,combined,detect_combined,Flooded,deeplabv3plus,True,False,3,tensorrt,tensorrt,tensorrt,17.43,17.43,54.09,57.38,9.07,22.21,31.28,1351.52,38.5,0.0,1351.52,38.5,0.0,115.34,54.52,3.4,173.26,0.2043,False,False
1780821656.2769306,youtube_cumbria_flood_rescue_1dc5ca,youtube_cumbria_flood_rescue_1dc5ca.mp4,49,50.0,640,480,combined,detect_combined,Non-Flooded,resnet18,True,False,4,tensorrt,tensorrt,tensorrt,17.76,17.76,53.1,56.31,6.42,18.43,24.85,1351.51,45.9,0.0,1351.51,45.9,0.0,115.34,54.52,3.4,173.26,0.1001,False,False
1780821656.3644402,youtube_cumbria_flood_rescue_1dc5ca,youtube_cumbria_flood_rescue_1dc5ca.mp4,50,50.0,640,480,combined,detect_combined,Non-Flooded,resnet18,False,False,5,tensorrt,tensorrt,tensorrt,22.13,22.13,41.82,45.18,5.89,15.65,21.54,1351.51,50.0,0.0,1351.51,50.0,0.0,115.34,54.52,3.4,173.26,0.156,False,False
1780821656.456113,youtube_cumbria_flood_rescue_1dc5ca,youtube_cumbria_flood_rescue_1dc5ca.mp4,51,50.0,640,480,combined,detect_combined,Non-Flooded,resnet18,False,False,4,tensorrt,tensorrt,tensorrt,19.15,19.15,49.89,52.23,5.62,17.26,22.880000000000003,1351.51,46.2,0.0,1351.51,46.2,0.0,115.34,54.52,3.4,173.26,0.1942,False,False
1780821656.5390296,youtube_cumbria_flood_rescue_1dc5ca,youtube_cumbria_flood_rescue_1dc5ca.mp4,52,50.0,640,480,combined,detect_combined,Non-Flooded,resnet18,False,False,4,tensorrt,tensorrt,tensorrt,19.09,19.09,50.43,52.37,5.71,18.69,24.400000000000002,1351.51,50.0,0.0,1351.51,50.0,0.0,115.34,54.52,3.4,173.26,0.1722,False,False
1780821656.6151106,youtube_cumbria_flood_rescue_1dc5ca,youtube_cumbria_flood_rescue_1dc5ca.mp4,53,50.0,640,480,combined,detect_combined,Non-Flooded,resnet18,False,False,2,tensorrt,tensorrt,tensorrt,24.65,24.65,38.81,40.57,6.1,13.85,19.95,1351.51,42.9,0.0,1351.51,42.9,0.0,115.34,54.52,3.4,173.26,0.141,False,False
1780821656.7031357,youtube_cumbria_flood_rescue_1dc5ca,youtube_cumbria_flood_rescue_1dc5ca.mp4,54,50.0,640,480,combined,detect_combined,Non-Flooded,resnet18,False,False,2,tensorrt,tensorrt,tensorrt,19.64,19.64,49.25,50.92,5.65,15.83,21.48,1351.51,36.0,0.0,1351.51,36.0,0.0,115.34,54.52,3.4,173.26,0.1628,False,False
1780821656.797459,youtube_cumbria_flood_rescue_1dc5ca,youtube_cumbria_flood_rescue_1dc5ca.mp4,55,50.0,640,480,combined,detect_combined,Non-Flooded,resnet18,False,False,5,tensorrt,tensorrt,tensorrt,19.98,19.98,46.58,50.04,7.64,21.49,29.13,1351.51,33.3,0.0,1351.51,33.3,0.0,115.34,54.52,3.4,173.26,0.0883,False,False
1780821656.8955617,youtube_cumbria_flood_rescue_1dc5ca,youtube_cumbria_flood_rescue_1dc5ca.mp4,56,50.0,640,480,combined,detect_combined,Non-Flooded,resnet18,False,False,4,tensorrt,tensorrt,tensorrt,20.04,20.04,46.97,49.89,7.21,20.04,27.25,1351.51,29.3,0.0,1351.51,29.3,0.0,115.34,54.52,3.4,173.26,0.0431,False,False
1780821656.9965785,youtube_cumbria_flood_rescue_1dc5ca,youtube_cumbria_flood_rescue_1dc5ca.mp4,57,50.0,640,480,combined,detect_combined,Non-Flooded,resnet18,False,False,4,tensorrt,tensorrt,tensorrt,19.49,19.49,48.28,51.32,6.97,21.44,28.41,1351.51,35.5,0.0,1351.51,35.5,0.0,115.34,54.52,3.4,173.26,0.0238,False,False
1780821657.1067688,youtube_cumbria_flood_rescue_1dc5ca,youtube_cumbria_flood_rescue_1dc5ca.mp4,58,50.0,640,480,combined,detect_combined,Non-Flooded,resnet18,False,False,2,tensorrt,tensorrt,tensorrt,16.43,16.43,59.02,60.87,11.21,24.42,35.63,1351.51,30.2,0.0,1351.51,30.2,0.0,115.34,54.52,3.4,173.26,0.0249,False,False
1780821657.2227569,youtube_cumbria_flood_rescue_1dc5ca,youtube_cumbria_flood_rescue_1dc5ca.mp4,59,50.0,640,480,combined,detect_combined,Non-Flooded,resnet18,False,False,5,tensorrt,tensorrt,tensorrt,15.02,15.02,62.94,66.56,15.68,20.18,35.86,1351.51,34.3,0.0,1351.51,34.3,0.0,115.34,54.52,3.4,173.26,0.0296,False,False
1780821657.327891,youtube_cumbria_flood_rescue_1dc5ca,youtube_cumbria_flood_rescue_1dc5ca.mp4,60,50.0,640,480,combined,detect_combined,Non-Flooded,resnet18,False,False,4,tensorrt,tensorrt,tensorrt,18.57,18.57,50.84,53.84,7.72,19.73,27.45,1351.51,29.3,0.0,1351.51,29.3,0.0,115.34,54.52,3.4,173.26,0.0235,False,False
1780821657.4456713,youtube_cumbria_flood_rescue_1dc5ca,youtube_cumbria_flood_rescue_1dc5ca.mp4,61,50.0,640,480,combined,detect_combined,Non-Flooded,resnet18,False,False,4,tensorrt,tensorrt,tensorrt,15.61,15.61,61.06,64.08,7.17,19.28,26.450000000000003,1351.51,37.3,0.0,1351.51,37.3,0.0,115.34,54.52,3.4,173.26,0.0194,False,False
1780821657.5473585,youtube_cumbria_flood_rescue_1dc5ca,youtube_cumbria_flood_rescue_1dc5ca.mp4,62,50.0,640,480,combined,detect_combined,Non-Flooded,resnet18,False,False,4,tensorrt,tensorrt,tensorrt,19.73,19.73,47.71,50.68,6.48,22.2,28.68,1351.51,42.6,0.0,1351.51,42.6,0.0,115.34,54.52,3.4,173.26,0.0324,False,False
1780821657.6467445,youtube_cumbria_flood_rescue_1dc5ca,youtube_cumbria_flood_rescue_1dc5ca.mp4,63,50.0,640,480,combined,detect_combined,Non-Flooded,resnet18,False,False,4,tensorrt,tensorrt,tensorrt,16.36,16.36,58.2,61.11,7.31,22.95,30.259999999999998,1351.51,52.5,0.0,1351.51,52.5,0.0,115.34,54.52,3.4,173.26,0.0088,False,False
1780821657.739663,youtube_cumbria_flood_rescue_1dc5ca,youtube_cumbria_flood_rescue_1dc5ca.mp4,64,50.0,640,480,combined,detect_combined,Non-Flooded,resnet18,False,False,5,tensorrt,tensorrt,tensorrt,18.87,18.87,49.65,52.99,5.16,12.77,17.93,1351.51,45.3,0.0,1351.51,45.3,0.0,115.34,54.52,3.4,173.26,0.0494,False,False
1780821657.8411329,youtube_cumbria_flood_rescue_1dc5ca,youtube_cumbria_flood_rescue_1dc5ca.mp4,65,50.0,640,480,combined,detect_combined,Non-Flooded,resnet18,False,False,4,tensorrt,tensorrt,tensorrt,16.48,16.48,58.75,60.68,10.14,20.76,30.900000000000002,1351.5,49.2,0.0,1351.5,49.2,0.0,115.34,54.52,3.4,173.26,0.065,False,False
1780821657.938788,youtube_cumbria_flood_rescue_1dc5ca,youtube_cumbria_flood_rescue_1dc5ca.mp4,66,50.0,640,480,combined,detect_combined,Non-Flooded,resnet18,False,False,4,tensorrt,tensorrt,tensorrt,17.43,17.43,54.43,57.37,5.78,16.34,22.12,1351.5,44.6,0.0,1351.5,44.6,0.0,115.34,54.52,3.4,173.26,0.0672,False,False
1780821658.058204,youtube_cumbria_flood_rescue_1dc5ca,youtube_cumbria_flood_rescue_1dc5ca.mp4,67,50.0,640,480,combined,detect_combined,Non-Flooded,resnet18,False,False,5,tensorrt,tensorrt,tensorrt,14.61,14.61,64.9,68.43,12.61,25.68,38.29,1351.5,31.5,0.0,1351.5,31.5,0.0,115.34,54.52,3.4,173.26,0.0794,False,False
1780821658.170838,youtube_cumbria_flood_rescue_1dc5ca,youtube_cumbria_flood_rescue_1dc5ca.mp4,68,50.0,640,480,combined,detect_combined,Non-Flooded,resnet18,False,False,6,tensorrt,tensorrt,tensorrt,16.43,16.43,57.02,60.85,13.67,22.59,36.26,1351.5,31.3,0.0,1351.5,31.3,0.0,115.34,54.52,3.4,173.26,0.0971,False,False
1780821658.2775116,youtube_cumbria_flood_rescue_1dc5ca,youtube_cumbria_flood_rescue_1dc5ca.mp4,69,50.0,640,480,combined,detect_combined,Non-Flooded,resnet18,False,False,6,tensorrt,tensorrt,tensorrt,17.83,17.83,52.0,56.1,7.53,20.95,28.48,1351.5,30.6,0.0,1351.5,30.6,0.0,115.34,54.52,3.4,173.26,0.0984,False,False
1780821658.4137683,youtube_cumbria_flood_rescue_1dc5ca,youtube_cumbria_flood_rescue_1dc5ca.mp4,70,50.0,640,480,combined,detect_combined,Non-Flooded,resnet18,False,False,7,tensorrt,tensorrt,tensorrt,11.71,11.71,79.31,85.43,9.6,23.81,33.41,1351.53,35.8,0.0,1351.53,35.8,0.0,115.34,54.52,3.4,173.26,0.1024,False,False
1780821658.5252368,youtube_cumbria_flood_rescue_1dc5ca,youtube_cumbria_flood_rescue_1dc5ca.mp4,71,50.0,640,480,combined,detect_combined,Non-Flooded,resnet18,False,False,8,tensorrt,tensorrt,tensorrt,16.16,16.16,56.4,61.9,6.3,19.65,25.95,1351.53,47.8,0.0,1351.53,47.8,0.0,115.34,54.52,3.4,173.26,0.1084,False,False
1780821658.6430845,youtube_cumbria_flood_rescue_1dc5ca,youtube_cumbria_flood_rescue_1dc5ca.mp4,72,50.0,640,480,combined,detect_combined,Non-Flooded,resnet18,False,False,7,tensorrt,tensorrt,tensorrt,15.98,15.98,57.92,62.58,8.4,20.41,28.810000000000002,1351.53,27.9,0.0,1351.53,27.9,0.0,115.34,54.52,3.4,173.26,0.0869,False,False
1780821658.7652185,youtube_cumbria_flood_rescue_1dc5ca,youtube_cumbria_flood_rescue_1dc5ca.mp4,73,50.0,640,480,combined,detect_combined,Non-Flooded,resnet18,False,False,5,tensorrt,tensorrt,tensorrt,14.68,14.68,64.63,68.12,7.16,22.49,29.65,1351.53,33.8,0.0,1351.53,33.8,0.0,115.34,54.52,3.4,173.26,0.1122,False,False
1780821658.8721204,youtube_cumbria_flood_rescue_1dc5ca,youtube_cumbria_flood_rescue_1dc5ca.mp4,74,50.0,640,480,combined,detect_combined,Non-Flooded,resnet18,False,False,5,tensorrt,tensorrt,tensorrt,17.59,17.59,53.46,56.84,7.39,18.75,26.14,1351.53,48.4,0.0,1351.53,48.4,0.0,115.34,54.52,3.4,173.26,0.0861,False,False
1780821658.9868267,youtube_cumbria_flood_rescue_1dc5ca,youtube_cumbria_flood_rescue_1dc5ca.mp4,75,50.0,640,480,combined,detect_combined,Non-Flooded,resnet18,False,False,5,tensorrt,tensorrt,tensorrt,15.42,15.42,61.4,64.85,13.16,25.16,38.32,1351.53,47.0,0.0,1351.53,47.0,0.0,115.34,54.52,3.4,173.26,0.0833,False,False
1780821659.0991979,youtube_cumbria_flood_rescue_1dc5ca,youtube_cumbria_flood_rescue_1dc5ca.mp4,76,50.0,640,480,combined,detect_combined,Non-Flooded,resnet18,False,False,4,tensorrt,tensorrt,tensorrt,14.9,14.9,64.25,67.09,17.49,24.54,42.03,1351.53,42.6,0.0,1351.53,42.6,0.0,115.34,54.52,3.4,173.26,0.0679,False,False
1780821659.2151914,youtube_cumbria_flood_rescue_1dc5ca,youtube_cumbria_flood_rescue_1dc5ca.mp4,77,50.0,640,480,combined,detect_combined,Non-Flooded,resnet18,False,False,5,tensorrt,tensorrt,tensorrt,14.21,14.21,68.14,70.4,6.4,24.02,30.42,1351.52,47.8,0.0,1351.52,47.8,0.0,115.34,54.52,3.4,173.26,0.1139,False,False
1780821659.3067944,youtube_cumbria_flood_rescue_1dc5ca,youtube_cumbria_flood_rescue_1dc5ca.mp4,78,50.0,640,480,combined,detect_combined,Non-Flooded,resnet18,False,False,2,tensorrt,tensorrt,tensorrt,18.63,18.63,52.31,53.69,15.43,23.59,39.019999999999996,1351.52,40.0,0.0,1351.52,40.0,0.0,115.34,54.52,3.4,173.26,0.1041,False,False
1780821659.380974,youtube_cumbria_flood_rescue_1dc5ca,youtube_cumbria_flood_rescue_1dc5ca.mp4,79,50.0,640,480,combined,detect_combined,Non-Flooded,resnet18,False,False,2,tensorrt,tensorrt,tensorrt,23.57,23.57,41.02,42.43,5.41,9.45,14.86,1351.52,38.6,0.0,1351.52,38.6,0.0,115.34,54.52,3.4,173.26,0.1179,False,False
1780821659.4832551,youtube_cumbria_flood_rescue_1dc5ca,youtube_cumbria_flood_rescue_1dc5ca.mp4,80,50.0,640,480,combined,detect_combined,Non-Flooded,resnet18,False,False,4,tensorrt,tensorrt,tensorrt,15.34,15.34,63.63,65.2,15.57,21.27,36.84,1351.52,28.8,0.0,1351.52,28.8,0.0,115.34,54.52,3.4,173.26,0.1111,False,False
1780821659.5748503,youtube_cumbria_flood_rescue_1dc5ca,youtube_cumbria_flood_rescue_1dc5ca.mp4,81,50.0,640,480,combined,detect_combined,Non-Flooded,resnet18,False,False,3,tensorrt,tensorrt,tensorrt,17.34,17.34,55.85,57.67,17.83,21.95,39.78,1351.51,26.9,0.0,1351.51,26.9,0.0,115.34,54.52,3.4,173.26,0.0683,False,False
1780821659.6680748,youtube_cumbria_flood_rescue_1dc5ca,youtube_cumbria_flood_rescue_1dc5ca.mp4,82,50.0,640,480,combined,detect_combined,Non-Flooded,resnet18,False,False,4,tensorrt,tensorrt,tensorrt,19.61,19.61,48.43,51.01,6.1,16.86,22.96,1351.51,32.1,0.0,1351.51,32.1,0.0,115.34,54.52,3.4,173.26,0.075,False,False
1780821659.7682161,youtube_cumbria_flood_rescue_1dc5ca,youtube_cumbria_flood_rescue_1dc5ca.mp4,83,50.0,640,480,combined,detect_combined,Non-Flooded,resnet18,False,False,3,tensorrt,tensorrt,tensorrt,17.64,17.64,55.33,56.7,6.56,20.52,27.08,1351.51,29.3,0.0,1351.51,29.3,0.0,115.34,54.52,3.4,173.26,0.0683,False,False
1780821659.872772,youtube_cumbria_flood_rescue_1dc5ca,youtube_cumbria_flood_rescue_1dc5ca.mp4,84,50.0,640,480,combined,detect_combined,Non-Flooded,resnet18,False,False,4,tensorrt,tensorrt,tensorrt,15.8,15.8,61.62,63.3,7.69,21.36,29.05,1351.5,33.3,0.0,1351.5,33.3,0.0,115.34,54.52,3.4,173.26,0.0305,False,False
1780821659.9758978,youtube_cumbria_flood_rescue_1dc5ca,youtube_cumbria_flood_rescue_1dc5ca.mp4,85,50.0,640,480,combined,detect_combined,Non-Flooded,resnet18,False,False,4,tensorrt,tensorrt,tensorrt,15.71,15.71,61.38,63.64,14.75,18.42,33.17,1351.5,30.0,0.0,1351.5,30.0,0.0,115.34,54.52,3.4,173.26,0.0585,False,False
1780821660.054636,youtube_cumbria_flood_rescue_1dc5ca,youtube_cumbria_flood_rescue_1dc5ca.mp4,86,50.0,640,480,combined,detect_combined,Non-Flooded,resnet18,False,False,4,tensorrt,tensorrt,tensorrt,24.02,24.02,39.97,41.63,4.28,12.79,17.07,1351.5,34.8,0.0,1351.5,34.8,0.0,115.34,54.52,3.4,173.26,0.0592,False,False
1780821660.1482494,youtube_cumbria_flood_rescue_1dc5ca,youtube_cumbria_flood_rescue_1dc5ca.mp4,87,50.0,640,480,combined,detect_combined,Non-Flooded,resnet18,False,False,3,tensorrt,tensorrt,tensorrt,17.92,17.92,53.96,55.8,6.17,17.47,23.64,1351.5,37.5,0.0,1351.5,37.5,0.0,115.34,54.52,3.4,173.26,0.1058,False,False
1780821660.2218306,youtube_cumbria_flood_rescue_1dc5ca,youtube_cumbria_flood_rescue_1dc5ca.mp4,88,50.0,640,480,combined,detect_combined,Non-Flooded,resnet18,False,False,1,tensorrt,tensorrt,tensorrt,27.27,27.27,35.76,36.68,5.02,8.97,13.99,1351.5,48.8,0.0,1351.5,48.8,0.0,115.34,54.52,3.4,173.26,0.0929,False,False
1780821660.3083763,youtube_cumbria_flood_rescue_1dc5ca,youtube_cumbria_flood_rescue_1dc5ca.mp4,89,50.0,640,480,combined,detect_combined,Non-Flooded,resnet18,False,False,2,tensorrt,tensorrt,tensorrt,19.78,19.78,49.16,50.57,5.28,18.4,23.68,1351.75,52.9,0.0,1351.75,52.9,0.0,115.34,54.52,3.4,173.26,0.0762,False,False
1780821660.398669,youtube_cumbria_flood_rescue_1dc5ca,youtube_cumbria_flood_rescue_1dc5ca.mp4,90,50.0,640,480,combined,detect_combined,Non-Flooded,resnet18,False,False,1,tensorrt,tensorrt,tensorrt,18.93,18.93,51.7,52.83,5.05,18.18,23.23,1351.75,51.8,0.0,1351.75,51.8,0.0,115.34,54.52,3.4,173.26,0.0791,False,False
1780821660.477411,youtube_cumbria_flood_rescue_1dc5ca,youtube_cumbria_flood_rescue_1dc5ca.mp4,91,50.0,640,480,combined,detect_combined,Non-Flooded,resnet18,False,False,2,tensorrt,tensorrt,tensorrt,20.46,20.46,47.33,48.87,5.02,18.27,23.29,1352.01,51.1,0.0,1352.01,51.1,0.0,115.34,54.52,3.4,173.26,0.0781,False,False
1780821660.5449529,youtube_cumbria_flood_rescue_1dc5ca,youtube_cumbria_flood_rescue_1dc5ca.mp4,92,50.0,640,480,combined,detect_combined,Non-Flooded,resnet18,False,False,2,tensorrt,tensorrt,tensorrt,26.04,26.04,37.05,38.4,4.75,13.7,18.45,1352.01,46.2,0.0,1352.01,46.2,0.0,115.34,54.52,3.4,173.26,0.0663,False,False
1780821660.6285791,youtube_cumbria_flood_rescue_1dc5ca,youtube_cumbria_flood_rescue_1dc5ca.mp4,93,50.0,640,480,combined,detect_combined,Non-Flooded,resnet18,False,False,3,tensorrt,tensorrt,tensorrt,20.47,20.47,47.39,48.86,8.47,14.85,23.32,1352.01,50.0,0.0,1352.01,50.0,0.0,115.34,54.52,3.4,173.26,0.0836,False,False
1780821660.6862435,youtube_cumbria_flood_rescue_1dc5ca,youtube_cumbria_flood_rescue_1dc5ca.mp4,94,50.0,640,480,combined,detect_combined,Non-Flooded,resnet18,False,False,3,tensorrt,tensorrt,tensorrt,34.07,34.07,27.85,29.35,3.9,7.08,10.98,1352.01,52.8,0.0,1352.01,52.8,0.0,115.34,54.52,3.4,173.26,0.1175,False,False
1780821660.7608743,youtube_cumbria_flood_rescue_1dc5ca,youtube_cumbria_flood_rescue_1dc5ca.mp4,95,50.0,640,480,combined,detect_combined,Non-Flooded,resnet18,False,False,4,tensorrt,tensorrt,tensorrt,25.07,25.07,36.56,39.88,5.79,8.65,14.440000000000001,1352.01,54.3,0.0,1352.01,54.3,0.0,115.34,54.52,3.4,173.26,0.111,False,False
1780821660.8454475,youtube_cumbria_flood_rescue_1dc5ca,youtube_cumbria_flood_rescue_1dc5ca.mp4,96,50.0,640,480,combined,detect_combined,Non-Flooded,resnet18,False,False,5,tensorrt,tensorrt,tensorrt,19.03,19.03,50.45,52.54,5.27,17.64,22.91,1352.0,48.0,0.0,1352.0,48.0,0.0,115.34,54.52,3.4,173.26,0.0751,False,False
1780821660.9266486,youtube_cumbria_flood_rescue_1dc5ca,youtube_cumbria_flood_rescue_1dc5ca.mp4,97,50.0,640,480,combined,detect_combined,Non-Flooded,resnet18,False,False,5,tensorrt,tensorrt,tensorrt,20.5,20.5,46.65,48.78,5.44,16.25,21.69,1352.65,0.0,0.0,1352.65,0.0,0.0,115.34,54.52,3.4,173.26,0.0567,False,False
1780821660.995401,youtube_cumbria_flood_rescue_1dc5ca,youtube_cumbria_flood_rescue_1dc5ca.mp4,98,50.0,640,480,combined,detect_combined,Non-Flooded,resnet18,False,False,3,tensorrt,tensorrt,tensorrt,26.78,26.78,36.01,37.34,4.4,11.41,15.81,1352.9,42.1,0.0,1352.9,42.1,0.0,115.34,54.52,3.4,173.26,0.065,False,False
1780821661.07243,youtube_cumbria_flood_rescue_1dc5ca,youtube_cumbria_flood_rescue_1dc5ca.mp4,99,50.0,640,480,combined,detect_combined,Non-Flooded,resnet18,False,False,6,tensorrt,tensorrt,tensorrt,21.08,21.08,44.56,47.44,5.29,13.92,19.21,1352.9,33.3,0.0,1352.9,33.3,0.0,115.34,54.52,3.4,173.26,0.0772,False,False
1780821661.156937,youtube_cumbria_flood_rescue_1dc5ca,youtube_cumbria_flood_rescue_1dc5ca.mp4,100,50.0,640,480,combined,detect_combined,Non-Flooded,resnet18,False,False,4,tensorrt,tensorrt,tensorrt,22.8,22.8,41.75,43.86,9.43,13.76,23.189999999999998,1352.9,30.6,0.0,1352.9,30.6,0.0,115.34,54.52,3.4,173.26,0.096,False,False
1780821661.2387784,youtube_cumbria_flood_rescue_1dc5ca,youtube_cumbria_flood_rescue_1dc5ca.mp4,101,50.0,640,480,combined,detect_combined,Non-Flooded,resnet18,False,False,3,tensorrt,tensorrt,tensorrt,20.8,20.8,45.95,48.07,5.34,14.48,19.82,1352.9,35.4,0.0,1352.9,35.4,0.0,115.34,54.52,3.4,173.26,0.0995,False,False
1780821661.3369591,youtube_cumbria_flood_rescue_1dc5ca,youtube_cumbria_flood_rescue_1dc5ca.mp4,102,50.0,640,480,combined,detect_combined,Non-Flooded,resnet18,False,False,7,tensorrt,tensorrt,tensorrt,18.25,18.25,50.09,54.79,6.71,20.75,27.46,1352.89,35.0,0.0,1352.89,35.0,0.0,115.34,54.52,3.4,173.26,0.0897,False,False
1780821661.4416037,youtube_cumbria_flood_rescue_1dc5ca,youtube_cumbria_flood_rescue_1dc5ca.mp4,103,50.0,640,480,combined,detect_combined,Non-Flooded,resnet18,False,False,6,tensorrt,tensorrt,tensorrt,20.14,20.14,45.61,49.65,7.08,19.46,26.54,1352.89,32.3,0.0,1352.89,32.3,0.0,115.34,54.52,3.4,173.26,0.0889,False,False
1780821661.5400972,youtube_cumbria_flood_rescue_1dc5ca,youtube_cumbria_flood_rescue_1dc5ca.mp4,104,50.0,640,480,combined,detect_combined,Non-Flooded,resnet18,False,False,4,tensorrt,tensorrt,tensorrt,18.4,18.4,51.35,54.35,6.45,16.78,23.23,1352.88,47.4,0.0,1352.88,47.4,0.0,115.34,54.52,3.4,173.26,0.1208,False,False
1780821661.6387608,youtube_cumbria_flood_rescue_1dc5ca,youtube_cumbria_flood_rescue_1dc5ca.mp4,105,50.0,640,480,combined,detect_combined,Non-Flooded,resnet18,False,False,4,tensorrt,tensorrt,tensorrt,18.59,18.59,50.95,53.78,6.28,21.42,27.700000000000003,1352.88,47.4,0.0,1352.88,47.4,0.0,115.34,54.52,3.4,173.26,0.0916,False,False
1780821661.7454655,youtube_cumbria_flood_rescue_1dc5ca,youtube_cumbria_flood_rescue_1dc5ca.mp4,106,50.0,640,480,combined,detect_combined,Non-Flooded,resnet18,False,False,5,tensorrt,tensorrt,tensorrt,17.86,17.86,52.6,55.98,7.25,18.42,25.67,1352.88,46.9,0.0,1352.88,46.9,0.0,115.34,54.52,3.4,173.26,0.1512,False,False
1780821661.8521452,youtube_cumbria_flood_rescue_1dc5ca,youtube_cumbria_flood_rescue_1dc5ca.mp4,107,50.0,640,480,combined,detect_combined,Non-Flooded,resnet18,False,False,5,tensorrt,tensorrt,tensorrt,15.92,15.92,60.18,62.82,6.85,18.86,25.71,1352.88,55.6,0.0,1352.88,55.6,0.0,115.34,54.52,3.4,173.26,0.1614,False,False
1780821661.9339,youtube_cumbria_flood_rescue_1dc5ca,youtube_cumbria_flood_rescue_1dc5ca.mp4,108,50.0,640,480,combined,detect_combined,Non-Flooded,resnet18,False,False,6,tensorrt,tensorrt,tensorrt,19.54,19.54,48.66,51.17,5.19,16.71,21.900000000000002,1352.88,59.2,0.0,1352.88,59.2,0.0,115.34,54.52,3.4,173.26,0.1172,False,False
1780821661.9992971,youtube_cumbria_flood_rescue_1dc5ca,youtube_cumbria_flood_rescue_1dc5ca.mp4,109,50.0,640,480,combined,detect_combined,Non-Flooded,resnet18,False,False,5,tensorrt,tensorrt,tensorrt,26.38,26.38,35.44,37.91,4.85,8.21,13.06,1352.87,41.7,0.0,1352.87,41.7,0.0,115.34,54.52,3.4,173.26,0.1519,False,False
1780821662.0807269,youtube_cumbria_flood_rescue_1dc5ca,youtube_cumbria_flood_rescue_1dc5ca.mp4,110,50.0,640,480,combined,detect_combined,Non-Flooded,resnet18,False,False,5,tensorrt,tensorrt,tensorrt,20.1,20.1,47.18,49.75,5.77,10.63,16.4,1352.87,41.7,0.0,1352.87,41.7,0.0,115.34,54.52,3.4,173.26,0.1391,False,False
1780821662.157646,youtube_cumbria_flood_rescue_1dc5ca,youtube_cumbria_flood_rescue_1dc5ca.mp4,111,50.0,640,480,combined,detect_combined,Non-Flooded,resnet18,False,False,4,tensorrt,tensorrt,tensorrt,24.07,24.07,38.95,41.55,5.11,10.74,15.850000000000001,1352.86,44.2,0.0,1352.86,44.2,0.0,115.34,54.52,3.4,173.26,0.1334,False,False
1780821662.2331,youtube_cumbria_flood_rescue_1dc5ca,youtube_cumbria_flood_rescue_1dc5ca.mp4,112,50.0,640,480,combined,detect_combined,Flooded,deeplabv3plus,True,False,5,tensorrt,tensorrt,tensorrt,24.17,24.17,39.02,41.37,4.84,9.43,14.27,1352.86,33.3,0.0,1352.86,33.3,0.0,115.34,54.52,3.4,173.26,0.252,False,False
1780821662.3250124,youtube_cumbria_flood_rescue_1dc5ca,youtube_cumbria_flood_rescue_1dc5ca.mp4,113,50.0,640,480,combined,detect_combined,Non-Flooded,resnet18,True,False,6,tensorrt,tensorrt,tensorrt,20.84,20.84,44.73,47.98,7.17,11.69,18.86,1352.86,34.5,0.0,1352.86,34.5,0.0,115.34,54.52,3.4,173.26,0.1219,False,False
1780821662.4223595,youtube_cumbria_flood_rescue_1dc5ca,youtube_cumbria_flood_rescue_1dc5ca.mp4,114,50.0,640,480,combined,detect_combined,Non-Flooded,resnet18,False,False,7,tensorrt,tensorrt,tensorrt,18.9,18.9,49.19,52.91,5.33,15.26,20.59,1352.85,29.8,0.0,1352.85,29.8,0.0,115.34,54.52,3.4,173.26,0.1013,False,False
1780821662.5144293,youtube_cumbria_flood_rescue_1dc5ca,youtube_cumbria_flood_rescue_1dc5ca.mp4,115,50.0,640,480,combined,detect_combined,Non-Flooded,resnet18,False,False,6,tensorrt,tensorrt,tensorrt,21.28,21.28,43.5,46.99,7.39,18.31,25.7,1352.85,37.7,0.0,1352.85,37.7,0.0,115.34,54.52,3.4,173.26,0.0909,False,False
1780821662.6083004,youtube_cumbria_flood_rescue_1dc5ca,youtube_cumbria_flood_rescue_1dc5ca.mp4,116,50.0,640,480,combined,detect_combined,Non-Flooded,resnet18,False,False,5,tensorrt,tensorrt,tensorrt,20.26,20.26,46.3,49.36,6.8,14.07,20.87,1352.84,36.4,0.0,1352.84,36.4,0.0,115.34,54.52,3.4,173.26,0.0965,False,False
1780821662.7037363,youtube_cumbria_flood_rescue_1dc5ca,youtube_cumbria_flood_rescue_1dc5ca.mp4,117,50.0,640,480,combined,detect_combined,Non-Flooded,resnet18,False,False,5,tensorrt,tensorrt,tensorrt,20.32,20.32,45.78,49.21,5.37,15.39,20.76,1352.84,33.3,0.0,1352.84,33.3,0.0,115.34,54.52,3.4,173.26,0.1006,False,False
1780821662.7982929,youtube_cumbria_flood_rescue_1dc5ca,youtube_cumbria_flood_rescue_1dc5ca.mp4,118,50.0,640,480,combined,detect_combined,Non-Flooded,resnet18,False,False,5,tensorrt,tensorrt,tensorrt,19.07,19.07,48.77,52.44,5.96,16.17,22.130000000000003,1352.84,49.1,0.0,1352.84,49.1,0.0,115.34,54.52,3.4,173.26,0.0314,False,False
1780821662.8960736,youtube_cumbria_flood_rescue_1dc5ca,youtube_cumbria_flood_rescue_1dc5ca.mp4,119,50.0,640,480,combined,detect_combined,Non-Flooded,resnet18,False,False,4,tensorrt,tensorrt,tensorrt,18.2,18.2,52.1,54.95,5.93,13.85,19.78,1352.84,57.9,0.0,1352.84,57.9,0.0,115.34,54.52,3.4,173.26,0.0366,False,False
1780821662.9638424,youtube_cumbria_flood_rescue_1dc5ca,youtube_cumbria_flood_rescue_1dc5ca.mp4,120,50.0,640,480,combined,detect_combined,Non-Flooded,resnet18,False,False,6,tensorrt,tensorrt,tensorrt,30.45,30.45,29.48,32.84,5.53,10.19,15.719999999999999,1352.84,50.0,0.0,1352.84,50.0,0.0,115.34,54.52,3.4,173.26,0.0675,False,False
1780821663.0359912,youtube_cumbria_flood_rescue_1dc5ca,youtube_cumbria_flood_rescue_1dc5ca.mp4,121,50.0,640,480,combined,detect_combined,Non-Flooded,resnet18,False,False,3,tensorrt,tensorrt,tensorrt,24.18,24.18,39.46,41.35,5.03,10.31,15.34,1352.84,50.0,0.0,1352.84,50.0,0.0,115.34,54.52,3.4,173.26,0.1177,False,False
1780821663.120077,youtube_cumbria_flood_rescue_1dc5ca,youtube_cumbria_flood_rescue_1dc5ca.mp4,122,50.0,640,480,combined,detect_combined,Non-Flooded,resnet18,False,False,6,tensorrt,tensorrt,tensorrt,21.31,21.31,43.55,46.92,7.13,13.84,20.97,1352.83,51.0,0.0,1352.83,51.0,0.0,115.34,54.52,3.4,173.26,0.0826,False,False
1780821663.216686,youtube_cumbria_flood_rescue_1dc5ca,youtube_cumbria_flood_rescue_1dc5ca.mp4,123,50.0,640,480,combined,detect_combined,Non-Flooded,resnet18,False,False,5,tensorrt,tensorrt,tensorrt,19.35,19.35,48.43,51.69,6.12,20.13,26.25,1352.83,47.4,0.0,1352.83,47.4,0.0,115.34,54.52,3.4,173.26,0.0575,False,False
1780821663.3136642,youtube_cumbria_flood_rescue_1dc5ca,youtube_cumbria_flood_rescue_1dc5ca.mp4,124,50.0,640,480,combined,detect_combined,Non-Flooded,resnet18,False,False,4,tensorrt,tensorrt,tensorrt,18.04,18.04,52.5,55.42,6.61,19.32,25.93,1352.83,32.1,0.0,1352.83,32.1,0.0,115.34,54.52,3.4,173.26,0.0386,False,False
1780821663.4431262,youtube_cumbria_flood_rescue_1dc5ca,youtube_cumbria_flood_rescue_1dc5ca.mp4,125,50.0,640,480,combined,detect_combined,Non-Flooded,resnet18,False,False,3,tensorrt,tensorrt,tensorrt,13.07,13.07,73.23,76.49,13.24,26.23,39.47,1352.83,39.0,0.0,1352.83,39.0,0.0,115.34,54.52,3.4,173.26,0.0548,False,False
1780821663.5369005,youtube_cumbria_flood_rescue_1dc5ca,youtube_cumbria_flood_rescue_1dc5ca.mp4,126,50.0,640,480,combined,detect_combined,Non-Flooded,resnet18,False,False,3,tensorrt,tensorrt,tensorrt,24.03,24.03,40.12,41.61,6.93,11.53,18.46,1352.82,38.9,0.0,1352.82,38.9,0.0,115.34,54.52,3.4,173.26,0.0433,False,False
1780821663.6207445,youtube_cumbria_flood_rescue_1dc5ca,youtube_cumbria_flood_rescue_1dc5ca.mp4,127,50.0,640,480,combined,detect_combined,Non-Flooded,resnet18,False,False,3,tensorrt,tensorrt,tensorrt,19.16,19.16,50.35,52.19,5.1,18.24,23.339999999999996,1352.82,36.0,0.0,1352.82,36.0,0.0,115.34,54.52,3.4,173.26,0.0295,False,False
1780821663.7020893,youtube_cumbria_flood_rescue_1dc5ca,youtube_cumbria_flood_rescue_1dc5ca.mp4,128,50.0,640,480,combined,detect_combined,Non-Flooded,resnet18,False,False,3,tensorrt,tensorrt,tensorrt,21.57,21.57,43.96,46.35,6.07,12.13,18.200000000000003,1352.82,55.1,0.0,1352.82,55.1,0.0,115.34,54.52,3.4,173.26,0.0388,False,False
1780821663.7631562,youtube_cumbria_flood_rescue_1dc5ca,youtube_cumbria_flood_rescue_1dc5ca.mp4,129,50.0,640,480,combined,detect_combined,Non-Flooded,resnet18,False,False,3,tensorrt,tensorrt,tensorrt,29.49,29.49,32.48,33.91,4.0,7.66,11.66,1352.81,68.6,0.0,1352.81,68.6,0.0,115.34,54.52,3.4,173.26,0.0661,False,False
1780821663.8324833,youtube_cumbria_flood_rescue_1dc5ca,youtube_cumbria_flood_rescue_1dc5ca.mp4,130,50.0,640,480,combined,detect_combined,Non-Flooded,resnet18,False,False,4,tensorrt,tensorrt,tensorrt,24.09,24.09,38.36,41.51,5.19,8.28,13.469999999999999,1352.81,35.7,0.0,1352.81,35.7,0.0,115.34,54.52,3.4,173.26,0.1012,False,False
1780821663.9053605,youtube_cumbria_flood_rescue_1dc5ca,youtube_cumbria_flood_rescue_1dc5ca.mp4,131,50.0,640,480,combined,detect_combined,Non-Flooded,resnet18,False,False,3,tensorrt,tensorrt,tensorrt,23.62,23.62,40.93,42.33,4.32,8.35,12.67,1352.81,29.3,0.0,1352.81,29.3,0.0,115.34,54.52,3.4,173.26,0.1028,False,False
1780821663.9899,youtube_cumbria_flood_rescue_1dc5ca,youtube_cumbria_flood_rescue_1dc5ca.mp4,132,50.0,640,480,combined,detect_combined,Non-Flooded,resnet18,False,False,3,tensorrt,tensorrt,tensorrt,18.83,18.83,51.29,53.11,5.66,18.57,24.23,1352.81,29.8,0.0,1352.81,29.8,0.0,115.34,54.52,3.4,173.26,0.0805,False,False
1780821664.0737493,youtube_cumbria_flood_rescue_1dc5ca,youtube_cumbria_flood_rescue_1dc5ca.mp4,133,50.0,640,480,combined,detect_combined,Non-Flooded,resnet18,False,False,3,tensorrt,tensorrt,tensorrt,20.46,20.46,47.55,48.88,5.69,17.52,23.21,1352.81,34.7,0.0,1352.81,34.7,0.0,115.34,54.52,3.4,173.26,0.0525,False,False
1780821664.1441236,youtube_cumbria_flood_rescue_1dc5ca,youtube_cumbria_flood_rescue_1dc5ca.mp4,134,50.0,640,480,combined,detect_combined,Non-Flooded,resnet18,False,False,4,tensorrt,tensorrt,tensorrt,25.15,25.15,37.94,39.76,4.98,9.89,14.870000000000001,1352.81,37.5,0.0,1352.81,37.5,0.0,115.34,54.52,3.4,173.26,0.0955,False,False
1780821664.2227335,youtube_cumbria_flood_rescue_1dc5ca,youtube_cumbria_flood_rescue_1dc5ca.mp4,135,50.0,640,480,combined,detect_combined,Non-Flooded,resnet18,False,False,4,tensorrt,tensorrt,tensorrt,23.73,23.73,39.94,42.13,4.72,10.11,14.829999999999998,1352.8,42.6,0.0,1352.8,42.6,0.0,115.34,54.52,3.4,173.26,0.0953,False,False
1780821664.296291,youtube_cumbria_flood_rescue_1dc5ca,youtube_cumbria_flood_rescue_1dc5ca.mp4,136,50.0,640,480,combined,detect_combined,Non-Flooded,resnet18,False,False,5,tensorrt,tensorrt,tensorrt,22.67,22.67,41.55,44.1,4.89,10.3,15.190000000000001,1352.8,57.8,0.0,1352.8,57.8,0.0,115.34,54.52,3.4,173.26,0.0787,False,False
1780821664.3671997,youtube_cumbria_flood_rescue_1dc5ca,youtube_cumbria_flood_rescue_1dc5ca.mp4,137,50.0,640,480,combined,detect_combined,Non-Flooded,resnet18,False,False,6,tensorrt,tensorrt,tensorrt,28.05,28.05,33.51,35.65,4.77,10.82,15.59,1352.8,51.3,0.0,1352.8,51.3,0.0,115.34,54.52,3.4,173.26,0.1026,False,False
1780821664.4343894,youtube_cumbria_flood_rescue_1dc5ca,youtube_cumbria_flood_rescue_1dc5ca.mp4,138,50.0,640,480,combined,detect_combined,Non-Flooded,resnet18,False,False,5,tensorrt,tensorrt,tensorrt,25.16,25.16,36.52,39.74,4.56,9.14,13.7,1352.8,55.0,0.0,1352.8,55.0,0.0,115.34,54.52,3.4,173.26,0.1248,False,False
1780821664.5064402,youtube_cumbria_flood_rescue_1dc5ca,youtube_cumbria_flood_rescue_1dc5ca.mp4,139,50.0,640,480,combined,detect_combined,Non-Flooded,resnet18,False,False,5,tensorrt,tensorrt,tensorrt,24.37,24.37,38.73,41.04,5.49,9.6,15.09,1352.8,53.7,0.0,1352.8,53.7,0.0,115.34,54.52,3.4,173.26,0.1749,False,False
1780821664.5834477,youtube_cumbria_flood_rescue_1dc5ca,youtube_cumbria_flood_rescue_1dc5ca.mp4,140,50.0,640,480,combined,detect_combined,Non-Flooded,resnet18,False,False,5,tensorrt,tensorrt,tensorrt,21.47,21.47,44.1,46.57,5.61,11.24,16.85,1353.05,50.0,0.0,1353.05,50.0,0.0,115.34,54.52,3.4,173.26,0.1777,False,False
1780821664.6687803,youtube_cumbria_flood_rescue_1dc5ca,youtube_cumbria_flood_rescue_1dc5ca.mp4,141,50.0,640,480,combined,detect_combined,Non-Flooded,resnet18,False,False,4,tensorrt,tensorrt,tensorrt,19.95,19.95,47.95,50.13,5.39,17.79,23.18,1353.05,46.2,0.0,1353.05,46.2,0.0,115.34,54.52,3.4,173.26,0.0961,False,False
1780821664.741843,youtube_cumbria_flood_rescue_1dc5ca,youtube_cumbria_flood_rescue_1dc5ca.mp4,142,50.0,640,480,combined,detect_combined,Non-Flooded,resnet18,False,False,5,tensorrt,tensorrt,tensorrt,23.65,23.65,39.28,42.29,5.4,9.36,14.76,1353.05,31.0,0.0,1353.05,31.0,0.0,115.34,54.52,3.4,173.26,0.0994,False,False
1780821664.842414,youtube_cumbria_flood_rescue_1dc5ca,youtube_cumbria_flood_rescue_1dc5ca.mp4,143,50.0,640,480,combined,detect_combined,Non-Flooded,resnet18,False,False,1,tensorrt,tensorrt,tensorrt,18.66,18.66,52.68,53.6,7.92,11.65,19.57,1353.05,45.0,0.0,1353.05,45.0,0.0,115.34,54.52,3.4,173.26,0.0964,False,False
1780821664.937979,youtube_cumbria_flood_rescue_1dc5ca,youtube_cumbria_flood_rescue_1dc5ca.mp4,144,50.0,640,480,combined,detect_combined,Non-Flooded,resnet18,False,False,1,tensorrt,tensorrt,tensorrt,17.87,17.87,54.69,55.97,5.0,17.91,22.91,1353.05,44.6,0.0,1353.05,44.6,0.0,115.34,54.52,3.4,173.26,0.1012,False,False
1780821665.011829,youtube_cumbria_flood_rescue_1dc5ca,youtube_cumbria_flood_rescue_1dc5ca.mp4,145,50.0,640,480,combined,detect_combined,Non-Flooded,resnet18,False,False,1,tensorrt,tensorrt,tensorrt,26.91,26.91,36.11,37.16,5.18,13.52,18.7,1353.05,45.2,0.0,1353.05,45.2,0.0,115.34,54.52,3.4,173.26,0.0918,False,False
1780821665.095485,youtube_cumbria_flood_rescue_1dc5ca,youtube_cumbria_flood_rescue_1dc5ca.mp4,146,50.0,640,480,combined,detect_combined,Non-Flooded,resnet18,False,False,1,tensorrt,tensorrt,tensorrt,20.16,20.16,48.34,49.59,6.2,14.91,21.11,1353.05,30.6,0.0,1353.05,30.6,0.0,115.34,54.52,3.4,173.26,0.0342,False,False
1780821665.193055,youtube_cumbria_flood_rescue_1dc5ca,youtube_cumbria_flood_rescue_1dc5ca.mp4,147,50.0,640,480,combined,detect_combined,Non-Flooded,resnet18,False,False,2,tensorrt,tensorrt,tensorrt,19.76,19.76,48.87,50.61,6.25,23.0,29.25,1353.05,32.8,0.0,1353.05,32.8,0.0,115.34,54.52,3.4,173.26,0.03,False,False
1780821665.286048,youtube_cumbria_flood_rescue_1dc5ca,youtube_cumbria_flood_rescue_1dc5ca.mp4,148,50.0,640,480,combined,detect_combined,Non-Flooded,resnet18,False,False,1,tensorrt,tensorrt,tensorrt,19.74,19.74,49.58,50.66,8.58,17.75,26.33,1353.05,36.8,0.0,1353.05,36.8,0.0,115.34,54.52,3.4,173.26,0.0,False,False
1780821665.3620827,youtube_cumbria_flood_rescue_1dc5ca,youtube_cumbria_flood_rescue_1dc5ca.mp4,149,50.0,640,480,combined,detect_combined,Non-Flooded,resnet18,False,False,0,tensorrt,tensorrt,tensorrt,27.18,27.18,36.4,36.79,6.71,13.16,19.87,1353.05,35.6,0.0,1353.05,35.6,0.0,115.34,54.52,3.4,173.26,0.0002,False,False
1780821665.449951,youtube_cumbria_flood_rescue_1dc5ca,youtube_cumbria_flood_rescue_1dc5ca.mp4,150,50.0,640,480,combined,detect_combined,Non-Flooded,resnet18,False,False,1,tensorrt,tensorrt,tensorrt,19.1,19.1,51.16,52.36,5.73,17.21,22.94,1353.04,36.5,0.0,1353.04,36.5,0.0,115.34,54.52,3.4,173.26,0.0091,False,False
1780821665.537267,youtube_cumbria_flood_rescue_1dc5ca,youtube_cumbria_flood_rescue_1dc5ca.mp4,151,50.0,640,480,combined,detect_combined,Non-Flooded,resnet18,False,False,1,tensorrt,tensorrt,tensorrt,19.01,19.01,51.16,52.6,8.4,16.94,25.340000000000003,1353.04,44.2,0.0,1353.04,44.2,0.0,115.34,54.52,3.4,173.26,0.0577,False,False
1780821665.6085472,youtube_cumbria_flood_rescue_1dc5ca,youtube_cumbria_flood_rescue_1dc5ca.mp4,152,50.0,640,480,combined,detect_combined,Non-Flooded,resnet18,False,False,1,tensorrt,tensorrt,tensorrt,26.62,26.62,36.5,37.57,8.35,11.45,19.799999999999997,1353.04,51.2,0.0,1353.04,51.2,0.0,115.34,54.52,3.4,173.26,0.0456,False,False
1780821665.6967728,youtube_cumbria_flood_rescue_1dc5ca,youtube_cumbria_flood_rescue_1dc5ca.mp4,153,50.0,640,480,combined,detect_combined,Non-Flooded,resnet18,False,False,1,tensorrt,tensorrt,tensorrt,19.32,19.32,50.49,51.75,5.25,16.63,21.88,1353.04,57.4,0.0,1353.04,57.4,0.0,115.34,54.52,3.4,173.26,0.0938,False,False
1780821665.782606,youtube_cumbria_flood_rescue_1dc5ca,youtube_cumbria_flood_rescue_1dc5ca.mp4,154,50.0,640,480,combined,detect_combined,Non-Flooded,resnet18,False,False,1,tensorrt,tensorrt,tensorrt,19.56,19.56,50.06,51.13,9.51,14.34,23.85,1353.04,60.8,0.0,1353.04,60.8,0.0,115.34,54.52,3.4,173.26,0.0255,False,False
1780821665.8667936,youtube_cumbria_flood_rescue_1dc5ca,youtube_cumbria_flood_rescue_1dc5ca.mp4,155,50.0,640,480,combined,detect_combined,Non-Flooded,resnet18,False,False,1,tensorrt,tensorrt,tensorrt,19.03,19.03,50.07,52.54,5.07,16.18,21.25,1351.18,56.3,0.0,1351.18,56.3,0.0,115.34,54.52,3.4,173.26,0.0481,False,False
1780821665.947189,youtube_cumbria_flood_rescue_1dc5ca,youtube_cumbria_flood_rescue_1dc5ca.mp4,156,50.0,640,480,combined,detect_combined,Non-Flooded,resnet18,False,False,3,tensorrt,tensorrt,tensorrt,26.5,26.5,35.52,37.74,5.65,8.94,14.59,1352.36,43.3,0.0,1352.36,43.3,0.0,115.34,54.52,3.4,173.26,0.0803,False,False
1780821666.0529413,youtube_cumbria_flood_rescue_1dc5ca,youtube_cumbria_flood_rescue_1dc5ca.mp4,157,50.0,640,480,combined,detect_combined,Non-Flooded,resnet18,False,False,1,tensorrt,tensorrt,tensorrt,17.39,17.39,56.1,57.51,7.53,19.01,26.540000000000003,1352.36,33.8,0.0,1352.36,33.8,0.0,115.34,54.52,3.4,173.26,0.1175,False,False
1780821666.1513977,youtube_cumbria_flood_rescue_1dc5ca,youtube_cumbria_flood_rescue_1dc5ca.mp4,158,50.0,640,480,combined,detect_combined,Non-Flooded,resnet18,False,False,2,tensorrt,tensorrt,tensorrt,21.23,21.23,46.03,47.1,7.14,16.47,23.61,1352.61,35.6,0.0,1352.61,35.6,0.0,115.34,54.52,3.4,173.26,0.0916,False,False
1780821666.2499156,youtube_cumbria_flood_rescue_1dc5ca,youtube_cumbria_flood_rescue_1dc5ca.mp4,159,50.0,640,480,combined,detect_combined,Non-Flooded,resnet18,False,False,2,tensorrt,tensorrt,tensorrt,18.87,18.87,51.17,53.0,5.93,16.91,22.84,1352.61,40.7,0.0,1352.61,40.7,0.0,115.34,54.52,3.4,173.26,0.1055,False,False
1780821666.3563864,youtube_cumbria_flood_rescue_1dc5ca,youtube_cumbria_flood_rescue_1dc5ca.mp4,160,50.0,640,480,combined,detect_combined,Non-Flooded,resnet18,False,False,2,tensorrt,tensorrt,tensorrt,18.06,18.06,53.43,55.36,9.58,20.89,30.47,1352.61,32.3,0.0,1352.61,32.3,0.0,115.34,54.52,3.4,173.26,0.1249,False,False
1780821666.4670646,youtube_cumbria_flood_rescue_1dc5ca,youtube_cumbria_flood_rescue_1dc5ca.mp4,161,50.0,640,480,combined,detect_combined,Non-Flooded,resnet18,False,False,2,tensorrt,tensorrt,tensorrt,17.36,17.36,55.71,57.61,8.75,17.0,25.75,1352.61,28.6,0.0,1352.61,28.6,0.0,115.34,54.52,3.4,173.26,0.1112,False,False
1780821666.5727122,youtube_cumbria_flood_rescue_1dc5ca,youtube_cumbria_flood_rescue_1dc5ca.mp4,162,50.0,640,480,combined,detect_combined,Non-Flooded,resnet18,False,False,1,tensorrt,tensorrt,tensorrt,18.4,18.4,52.93,54.35,7.2,22.98,30.18,1352.61,31.0,0.0,1352.61,31.0,0.0,115.34,54.52,3.4,173.26,0.1436,False,False
1780821666.6738827,youtube_cumbria_flood_rescue_1dc5ca,youtube_cumbria_flood_rescue_1dc5ca.mp4,163,50.0,640,480,combined,detect_combined,Non-Flooded,resnet18,False,False,1,tensorrt,tensorrt,tensorrt,20.29,20.29,47.96,49.29,7.31,17.31,24.619999999999997,1352.61,30.0,0.0,1352.61,30.0,0.0,115.34,54.52,3.4,173.26,0.1221,False,False
1780821666.7753541,youtube_cumbria_flood_rescue_1dc5ca,youtube_cumbria_flood_rescue_1dc5ca.mp4,164,50.0,640,480,combined,detect_combined,Non-Flooded,resnet18,False,False,1,tensorrt,tensorrt,tensorrt,19.74,19.74,49.29,50.65,5.79,16.73,22.52,1352.61,30.0,0.0,1352.61,30.0,0.0,115.34,54.52,3.4,173.26,0.1234,False,False
1780821666.8724833,youtube_cumbria_flood_rescue_1dc5ca,youtube_cumbria_flood_rescue_1dc5ca.mp4,165,50.0,640,480,combined,detect_combined,Non-Flooded,resnet18,False,False,1,tensorrt,tensorrt,tensorrt,18.78,18.78,52.35,53.25,8.38,20.26,28.64,1352.61,60.7,0.0,1352.61,60.7,0.0,115.34,54.52,3.4,173.26,0.1297,False,False
1780821666.9360678,youtube_cumbria_flood_rescue_1dc5ca,youtube_cumbria_flood_rescue_1dc5ca.mp4,166,50.0,640,480,combined,detect_combined,Non-Flooded,resnet18,False,False,2,tensorrt,tensorrt,tensorrt,28.04,28.04,34.46,35.66,4.0,8.0,12.0,1352.61,71.8,0.0,1352.61,71.8,0.0,115.34,54.52,3.4,173.26,0.058,False,False
1780821667.01512,youtube_cumbria_flood_rescue_1dc5ca,youtube_cumbria_flood_rescue_1dc5ca.mp4,167,50.0,640,480,combined,detect_combined,Non-Flooded,resnet18,False,False,3,tensorrt,tensorrt,tensorrt,19.37,19.37,50.0,51.63,5.64,9.15,14.79,1352.61,61.4,0.0,1352.61,61.4,0.0,115.34,54.52,3.4,173.26,0.0281,False,False
1780821667.092136,youtube_cumbria_flood_rescue_1dc5ca,youtube_cumbria_flood_rescue_1dc5ca.mp4,168,50.0,640,480,combined,detect_combined,Non-Flooded,resnet18,False,False,3,tensorrt,tensorrt,tensorrt,20.87,20.87,45.24,47.91,4.91,11.95,16.86,1352.61,63.3,0.0,1352.61,63.3,0.0,115.34,54.52,3.4,173.26,0.0569,False,False
1780821667.159471,youtube_cumbria_flood_rescue_1dc5ca,youtube_cumbria_flood_rescue_1dc5ca.mp4,169,50.0,640,480,combined,detect_combined,Non-Flooded,resnet18,False,False,2,tensorrt,tensorrt,tensorrt,27.34,27.34,35.45,36.58,4.57,10.66,15.23,1352.61,53.8,0.0,1352.61,53.8,0.0,115.34,54.52,3.4,173.26,0.0447,False,False
1780821667.2234135,youtube_cumbria_flood_rescue_1dc5ca,youtube_cumbria_flood_rescue_1dc5ca.mp4,170,50.0,640,480,combined,detect_combined,Non-Flooded,resnet18,False,False,2,tensorrt,tensorrt,tensorrt,25.57,25.57,38.0,39.11,5.73,9.57,15.3,1352.86,51.4,0.0,1352.86,51.4,0.0,115.34,54.52,3.4,173.26,0.0466,False,False
1780821667.2935014,youtube_cumbria_flood_rescue_1dc5ca,youtube_cumbria_flood_rescue_1dc5ca.mp4,171,50.0,640,480,combined,detect_combined,Non-Flooded,resnet18,False,False,2,tensorrt,tensorrt,tensorrt,25.93,25.93,37.4,38.56,4.47,8.77,13.239999999999998,1353.12,51.2,0.0,1353.12,51.2,0.0,115.34,54.52,3.4,173.26,0.0907,False,False
1780821667.3714032,youtube_cumbria_flood_rescue_1dc5ca,youtube_cumbria_flood_rescue_1dc5ca.mp4,172,50.0,640,480,combined,detect_combined,Non-Flooded,resnet18,False,False,2,tensorrt,tensorrt,tensorrt,22.31,22.31,43.59,44.82,5.31,13.95,19.259999999999998,1353.12,48.9,0.0,1353.12,48.9,0.0,115.34,54.52,3.4,173.26,0.0792,False,False
1780821667.4345672,youtube_cumbria_flood_rescue_1dc5ca,youtube_cumbria_flood_rescue_1dc5ca.mp4,173,50.0,640,480,combined,detect_combined,Non-Flooded,resnet18,False,False,1,tensorrt,tensorrt,tensorrt,26.99,26.99,35.69,37.05,7.16,8.1,15.26,1353.11,40.5,0.0,1353.11,40.5,0.0,115.34,54.52,3.4,173.26,0.1051,False,False
1780821667.5072393,youtube_cumbria_flood_rescue_1dc5ca,youtube_cumbria_flood_rescue_1dc5ca.mp4,174,50.0,640,480,combined,detect_combined,Non-Flooded,resnet18,False,False,1,tensorrt,tensorrt,tensorrt,23.27,23.27,41.86,42.98,7.27,10.97,18.240000000000002,1353.11,33.3,0.0,1353.11,33.3,0.0,115.34,54.52,3.4,173.26,0.1164,False,False
1780821667.595384,youtube_cumbria_flood_rescue_1dc5ca,youtube_cumbria_flood_rescue_1dc5ca.mp4,175,50.0,640,480,combined,detect_combined,Non-Flooded,resnet18,False,False,2,tensorrt,tensorrt,tensorrt,21.93,21.93,44.4,45.6,7.6,13.66,21.259999999999998,1353.11,32.7,0.0,1353.11,32.7,0.0,115.34,54.52,3.4,173.26,0.1746,False,False
1780821667.6699195,youtube_cumbria_flood_rescue_1dc5ca,youtube_cumbria_flood_rescue_1dc5ca.mp4,176,50.0,640,480,combined,detect_combined,Non-Flooded,resnet18,False,False,2,tensorrt,tensorrt,tensorrt,24.12,24.12,40.34,41.47,5.01,11.64,16.65,1353.11,33.3,0.0,1353.11,33.3,0.0,115.34,54.52,3.4,173.26,0.1574,False,False
1780821667.7472904,youtube_cumbria_flood_rescue_1dc5ca,youtube_cumbria_flood_rescue_1dc5ca.mp4,177,50.0,640,480,combined,detect_combined,Non-Flooded,resnet18,False,False,2,tensorrt,tensorrt,tensorrt,21.7,21.7,44.55,46.07,5.49,10.39,15.88,1353.11,33.3,0.0,1353.11,33.3,0.0,115.34,54.52,3.4,173.26,0.1389,False,False
1780821667.8198082,youtube_cumbria_flood_rescue_1dc5ca,youtube_cumbria_flood_rescue_1dc5ca.mp4,178,50.0,640,480,combined,detect_combined,Non-Flooded,resnet18,False,False,2,tensorrt,tensorrt,tensorrt,22.9,22.9,42.3,43.66,4.83,12.78,17.61,1353.11,29.3,0.0,1353.11,29.3,0.0,115.34,54.52,3.4,173.26,0.1139,False,False
1780821667.886166,youtube_cumbria_flood_rescue_1dc5ca,youtube_cumbria_flood_rescue_1dc5ca.mp4,179,50.0,640,480,combined,detect_combined,Non-Flooded,resnet18,False,False,2,tensorrt,tensorrt,tensorrt,30.7,30.7,31.04,32.57,5.04,8.91,13.95,1353.11,33.3,0.0,1353.11,33.3,0.0,115.34,54.52,3.4,173.26,0.1042,False,False
1780821667.9622617,youtube_cumbria_flood_rescue_1dc5ca,youtube_cumbria_flood_rescue_1dc5ca.mp4,180,50.0,640,480,combined,detect_combined,Non-Flooded,resnet18,False,False,3,tensorrt,tensorrt,tensorrt,23.55,23.55,40.82,42.46,6.19,8.85,15.04,1353.11,28.9,0.0,1353.11,28.9,0.0,115.34,54.52,3.4,173.26,0.1266,False,False
1780821668.0413384,youtube_cumbria_flood_rescue_1dc5ca,youtube_cumbria_flood_rescue_1dc5ca.mp4,181,50.0,640,480,combined,detect_combined,Non-Flooded,resnet18,False,False,3,tensorrt,tensorrt,tensorrt,23.37,23.37,40.69,42.79,6.9,11.71,18.61,1353.1,31.1,0.0,1353.1,31.1,0.0,115.34,54.52,3.4,173.26,0.1357,False,False
1780821668.1298912,youtube_cumbria_flood_rescue_1dc5ca,youtube_cumbria_flood_rescue_1dc5ca.mp4,182,50.0,640,480,combined,detect_combined,Non-Flooded,resnet18,False,False,2,tensorrt,tensorrt,tensorrt,25.93,25.93,37.01,38.56,5.49,14.8,20.29,1353.1,30.8,0.0,1353.1,30.8,0.0,115.34,54.52,3.4,173.26,0.1543,False,False
1780821668.2237666,youtube_cumbria_flood_rescue_1dc5ca,youtube_cumbria_flood_rescue_1dc5ca.mp4,183,50.0,640,480,combined,detect_combined,Non-Flooded,resnet18,False,False,3,tensorrt,tensorrt,tensorrt,17.7,17.7,54.57,56.48,7.06,18.63,25.689999999999998,1353.1,43.4,0.0,1353.1,43.4,0.0,115.34,54.52,3.4,173.26,0.1857,False,False
1780821668.3026235,youtube_cumbria_flood_rescue_1dc5ca,youtube_cumbria_flood_rescue_1dc5ca.mp4,184,50.0,640,480,combined,detect_combined,Non-Flooded,resnet18,False,False,2,tensorrt,tensorrt,tensorrt,22.74,22.74,42.39,43.97,6.48,17.33,23.81,1353.1,51.1,0.0,1353.1,51.1,0.0,115.34,54.52,3.4,173.26,0.1483,False,False
1780821668.4004216,youtube_cumbria_flood_rescue_1dc5ca,youtube_cumbria_flood_rescue_1dc5ca.mp4,185,50.0,640,480,combined,detect_combined,Non-Flooded,resnet18,False,False,2,tensorrt,tensorrt,tensorrt,18.17,18.17,53.56,55.05,5.22,13.87,19.09,1353.1,64.9,0.0,1353.1,64.9,0.0,115.34,54.52,3.4,173.26,0.1213,False,False
1780821668.480205,youtube_cumbria_flood_rescue_1dc5ca,youtube_cumbria_flood_rescue_1dc5ca.mp4,186,50.0,640,480,combined,detect_combined,Non-Flooded,resnet18,False,False,2,tensorrt,tensorrt,tensorrt,25.76,25.76,37.52,38.82,6.24,10.5,16.740000000000002,1353.11,42.1,0.0,1353.11,42.1,0.0,115.34,54.52,3.4,173.26,0.0769,False,False
1780821668.5493512,youtube_cumbria_flood_rescue_1dc5ca,youtube_cumbria_flood_rescue_1dc5ca.mp4,187,50.0,640,480,combined,detect_combined,Non-Flooded,resnet18,False,False,2,tensorrt,tensorrt,tensorrt,23.84,23.84,40.61,41.94,4.58,11.49,16.07,1353.11,61.0,0.0,1353.11,61.0,0.0,115.34,54.52,3.4,173.26,0.1378,False,False
1780821668.6138515,youtube_cumbria_flood_rescue_1dc5ca,youtube_cumbria_flood_rescue_1dc5ca.mp4,188,50.0,640,480,combined,detect_combined,Non-Flooded,resnet18,False,False,2,tensorrt,tensorrt,tensorrt,27.8,27.8,34.71,35.97,4.1,7.45,11.55,1353.1,60.5,0.0,1353.1,60.5,0.0,115.34,54.52,3.4,173.26,0.1099,False,False
1780821668.6780555,youtube_cumbria_flood_rescue_1dc5ca,youtube_cumbria_flood_rescue_1dc5ca.mp4,189,50.0,640,480,combined,detect_combined,Non-Flooded,resnet18,False,False,3,tensorrt,tensorrt,tensorrt,26.76,26.76,35.91,37.36,4.23,9.64,13.870000000000001,1353.1,44.7,0.0,1353.1,44.7,0.0,115.34,54.52,3.4,173.26,0.103,False,False
1780821668.7475638,youtube_cumbria_flood_rescue_1dc5ca,youtube_cumbria_flood_rescue_1dc5ca.mp4,190,50.0,640,480,combined,detect_combined,Non-Flooded,resnet18,False,False,3,tensorrt,tensorrt,tensorrt,24.74,24.74,38.93,40.42,4.2,10.78,14.98,1353.1,39.0,0.0,1353.1,39.0,0.0,115.34,54.52,3.4,173.26,0.0676,False,False
1780821668.8204806,youtube_cumbria_flood_rescue_1dc5ca,youtube_cumbria_flood_rescue_1dc5ca.mp4,191,50.0,640,480,combined,detect_combined,Non-Flooded,resnet18,False,False,5,tensorrt,tensorrt,tensorrt,24.71,24.71,38.47,40.48,4.85,10.88,15.73,1353.1,32.6,0.0,1353.1,32.6,0.0,115.34,54.52,3.4,173.26,0.0983,False,False
1780821668.8952045,youtube_cumbria_flood_rescue_1dc5ca,youtube_cumbria_flood_rescue_1dc5ca.mp4,192,50.0,640,480,combined,detect_combined,Non-Flooded,resnet18,False,False,5,tensorrt,tensorrt,tensorrt,24.7,24.7,38.31,40.49,5.12,13.26,18.38,1353.1,36.2,0.0,1353.1,36.2,0.0,115.34,54.52,3.4,173.26,0.041,False,False
1780821668.9695454,youtube_cumbria_flood_rescue_1dc5ca,youtube_cumbria_flood_rescue_1dc5ca.mp4,193,50.0,640,480,combined,detect_combined,Non-Flooded,resnet18,False,False,5,tensorrt,tensorrt,tensorrt,23.99,23.99,39.11,41.68,5.37,10.89,16.26,1353.1,26.2,0.0,1353.1,26.2,0.0,115.34,54.52,3.4,173.26,0.0426,False,False
1780821669.052016,youtube_cumbria_flood_rescue_1dc5ca,youtube_cumbria_flood_rescue_1dc5ca.mp4,194,50.0,640,480,combined,detect_combined,Non-Flooded,resnet18,False,False,5,tensorrt,tensorrt,tensorrt,24.02,24.02,39.17,41.64,5.37,12.87,18.24,1353.1,32.6,0.0,1353.1,32.6,0.0,115.34,54.52,3.4,173.26,0.0591,False,False
1780821669.131773,youtube_cumbria_flood_rescue_1dc5ca,youtube_cumbria_flood_rescue_1dc5ca.mp4,195,50.0,640,480,combined,detect_combined,Non-Flooded,resnet18,False,False,5,tensorrt,tensorrt,tensorrt,23.54,23.54,40.16,42.49,5.23,12.84,18.07,1353.1,28.9,0.0,1353.1,28.9,0.0,115.34,54.52,3.4,173.26,0.0656,False,False
1780821669.2204633,youtube_cumbria_flood_rescue_1dc5ca,youtube_cumbria_flood_rescue_1dc5ca.mp4,196,50.0,640,480,combined,detect_combined,Non-Flooded,resnet18,False,False,5,tensorrt,tensorrt,tensorrt,21.02,21.02,44.78,47.57,5.62,12.33,17.95,1353.1,32.7,0.0,1353.1,32.7,0.0,115.34,54.52,3.4,173.26,0.0772,False,False
1780821669.310997,youtube_cumbria_flood_rescue_1dc5ca,youtube_cumbria_flood_rescue_1dc5ca.mp4,197,50.0,640,480,combined,detect_combined,Non-Flooded,resnet18,False,False,4,tensorrt,tensorrt,tensorrt,26.92,26.92,34.72,37.14,7.42,12.21,19.630000000000003,1353.1,29.4,0.0,1353.1,29.4,0.0,115.34,54.52,3.4,173.26,0.1278,False,False
1780821669.398858,youtube_cumbria_flood_rescue_1dc5ca,youtube_cumbria_flood_rescue_1dc5ca.mp4,198,50.0,640,480,combined,detect_combined,Non-Flooded,resnet18,False,False,4,tensorrt,tensorrt,tensorrt,21.03,21.03,45.61,47.55,5.07,13.36,18.43,1353.1,33.3,0.0,1353.1,33.3,0.0,115.34,54.52,3.4,173.26,0.0387,False,False
1780821669.500037,youtube_cumbria_flood_rescue_1dc5ca,youtube_cumbria_flood_rescue_1dc5ca.mp4,199,50.0,640,480,combined,detect_combined,Non-Flooded,resnet18,False,False,4,tensorrt,tensorrt,tensorrt,17.42,17.42,54.97,57.42,6.38,17.66,24.04,1353.1,48.3,0.0,1353.1,48.3,0.0,115.34,54.52,3.4,173.26,0.0524,False,False
1780821669.5955698,youtube_cumbria_flood_rescue_1dc5ca,youtube_cumbria_flood_rescue_1dc5ca.mp4,200,50.0,640,480,combined,detect_combined,Non-Flooded,resnet18,False,False,4,tensorrt,tensorrt,tensorrt,17.72,17.72,54.57,56.43,6.19,21.18,27.37,1353.09,66.7,0.0,1353.09,66.7,0.0,115.34,54.52,3.4,173.26,0.0392,False,False
1780821669.6709807,youtube_cumbria_flood_rescue_1dc5ca,youtube_cumbria_flood_rescue_1dc5ca.mp4,201,50.0,640,480,combined,detect_combined,Non-Flooded,resnet18,False,False,4,tensorrt,tensorrt,tensorrt,22.39,22.39,42.56,44.67,5.46,10.24,15.7,1353.09,64.4,0.0,1353.09,64.4,0.0,115.34,54.52,3.4,173.26,0.0703,False,False
1780821669.7444522,youtube_cumbria_flood_rescue_1dc5ca,youtube_cumbria_flood_rescue_1dc5ca.mp4,202,50.0,640,480,combined,detect_combined,Non-Flooded,resnet18,False,False,3,tensorrt,tensorrt,tensorrt,23.04,23.04,40.66,43.4,5.89,8.3,14.190000000000001,1353.09,60.0,0.0,1353.09,60.0,0.0,115.34,54.52,3.4,173.26,0.1112,False,False
1780821669.8176215,youtube_cumbria_flood_rescue_1dc5ca,youtube_cumbria_flood_rescue_1dc5ca.mp4,203,50.0,640,480,combined,detect_combined,Non-Flooded,resnet18,False,False,2,tensorrt,tensorrt,tensorrt,25.1,25.1,38.65,39.84,6.56,9.76,16.32,1353.08,54.8,0.0,1353.08,54.8,0.0,115.34,54.52,3.4,173.26,0.082,False,False
1780821669.8844156,youtube_cumbria_flood_rescue_1dc5ca,youtube_cumbria_flood_rescue_1dc5ca.mp4,204,50.0,640,480,combined,detect_combined,Non-Flooded,resnet18,False,False,3,tensorrt,tensorrt,tensorrt,25.67,25.67,37.42,38.95,4.55,9.8,14.350000000000001,1353.08,61.0,0.0,1353.08,61.0,0.0,115.34,54.52,3.4,173.26,0.1241,False,False
1780821669.966464,youtube_cumbria_flood_rescue_1dc5ca,youtube_cumbria_flood_rescue_1dc5ca.mp4,205,50.0,640,480,combined,detect_combined,Non-Flooded,resnet18,False,False,2,tensorrt,tensorrt,tensorrt,20.18,20.18,48.36,49.55,7.46,11.84,19.3,1353.08,47.9,0.0,1353.08,47.9,0.0,115.34,54.52,3.4,173.26,0.1275,False,False
1780821670.027845,youtube_cumbria_flood_rescue_1dc5ca,youtube_cumbria_flood_rescue_1dc5ca.mp4,206,50.0,640,480,combined,detect_combined,Non-Flooded,resnet18,False,False,3,tensorrt,tensorrt,tensorrt,26.86,26.86,35.92,37.23,4.44,8.31,12.75,1353.08,38.9,0.0,1353.08,38.9,0.0,115.34,54.52,3.4,173.26,0.0986,False,False
1780821670.0905757,youtube_cumbria_flood_rescue_1dc5ca,youtube_cumbria_flood_rescue_1dc5ca.mp4,207,50.0,640,480,combined,detect_combined,Non-Flooded,resnet18,False,False,4,tensorrt,tensorrt,tensorrt,29.28,29.28,32.61,34.16,4.63,7.81,12.44,1353.08,36.1,0.0,1353.08,36.1,0.0,115.34,54.52,3.4,173.26,0.0935,False,False
1780821670.1631787,youtube_cumbria_flood_rescue_1dc5ca,youtube_cumbria_flood_rescue_1dc5ca.mp4,208,50.0,640,480,combined,detect_combined,Non-Flooded,resnet18,False,False,4,tensorrt,tensorrt,tensorrt,23.64,23.64,40.3,42.29,4.45,14.42,18.87,1353.08,35.6,0.0,1353.08,35.6,0.0,115.34,54.52,3.4,173.26,0.1205,False,False
1780821670.2462094,youtube_cumbria_flood_rescue_1dc5ca,youtube_cumbria_flood_rescue_1dc5ca.mp4,209,50.0,640,480,combined,detect_combined,Non-Flooded,resnet18,False,False,3,tensorrt,tensorrt,tensorrt,25.85,25.85,36.76,38.68,6.59,12.0,18.59,1353.08,31.9,0.0,1353.08,31.9,0.0,115.34,54.52,3.4,173.26,0.1112,False,False
1780821670.336224,youtube_cumbria_flood_rescue_1dc5ca,youtube_cumbria_flood_rescue_1dc5ca.mp4,210,50.0,640,480,combined,detect_combined,Non-Flooded,resnet18,False,False,3,tensorrt,tensorrt,tensorrt,21.75,21.75,43.87,45.98,6.58,14.3,20.880000000000003,1353.08,33.3,0.0,1353.08,33.3,0.0,115.34,54.52,3.4,173.26,0.1372,False,False
1780821670.416352,youtube_cumbria_flood_rescue_1dc5ca,youtube_cumbria_flood_rescue_1dc5ca.mp4,211,50.0,640,480,combined,detect_combined,Non-Flooded,resnet18,False,False,3,tensorrt,tensorrt,tensorrt,22.56,22.56,42.49,44.34,6.49,11.91,18.4,1353.08,39.6,0.0,1353.08,39.6,0.0,115.34,54.52,3.4,173.26,0.1566,False,False
1780821670.4995441,youtube_cumbria_flood_rescue_1dc5ca,youtube_cumbria_flood_rescue_1dc5ca.mp4,212,50.0,640,480,combined,detect_combined,Non-Flooded,resnet18,False,False,3,tensorrt,tensorrt,tensorrt,21.02,21.02,45.63,47.58,5.44,13.26,18.7,1353.08,31.9,0.0,1353.08,31.9,0.0,115.34,54.52,3.4,173.26,0.0932,False,False
1780821670.5784009,youtube_cumbria_flood_rescue_1dc5ca,youtube_cumbria_flood_rescue_1dc5ca.mp4,213,50.0,640,480,combined,detect_combined,Non-Flooded,resnet18,False,False,2,tensorrt,tensorrt,tensorrt,25.26,25.26,38.04,39.6,7.16,13.0,20.16,1353.08,34.0,0.0,1353.08,34.0,0.0,115.34,54.52,3.4,173.26,0.1429,False,False
1780821670.6606526,youtube_cumbria_flood_rescue_1dc5ca,youtube_cumbria_flood_rescue_1dc5ca.mp4,214,50.0,640,480,combined,detect_combined,Non-Flooded,resnet18,False,False,1,tensorrt,tensorrt,tensorrt,22.14,22.14,44.02,45.18,5.4,13.69,19.09,1353.08,40.0,0.0,1353.08,40.0,0.0,115.34,54.52,3.4,173.26,0.0874,False,False
1780821670.737947,youtube_cumbria_flood_rescue_1dc5ca,youtube_cumbria_flood_rescue_1dc5ca.mp4,215,50.0,640,480,combined,detect_combined,Non-Flooded,resnet18,False,False,2,tensorrt,tensorrt,tensorrt,25.82,25.82,37.49,38.73,4.24,11.26,15.5,1353.08,37.8,0.0,1353.08,37.8,0.0,115.34,54.52,3.4,173.26,0.1015,False,False
1780821670.821941,youtube_cumbria_flood_rescue_1dc5ca,youtube_cumbria_flood_rescue_1dc5ca.mp4,216,50.0,640,480,combined,detect_combined,Non-Flooded,resnet18,False,False,2,tensorrt,tensorrt,tensorrt,20.3,20.3,47.55,49.26,6.43,15.79,22.22,1353.08,39.6,0.0,1353.08,39.6,0.0,115.34,54.52,3.4,173.26,0.0549,False,False
1780821670.9245942,youtube_cumbria_flood_rescue_1dc5ca,youtube_cumbria_flood_rescue_1dc5ca.mp4,217,50.0,640,480,combined,detect_combined,Non-Flooded,resnet18,False,False,1,tensorrt,tensorrt,tensorrt,18.08,18.08,53.12,55.31,9.61,13.93,23.54,1353.07,60.7,0.0,1353.07,60.7,0.0,115.34,54.52,3.4,173.26,0.087,False,False
1780821670.9999335,youtube_cumbria_flood_rescue_1dc5ca,youtube_cumbria_flood_rescue_1dc5ca.mp4,218,50.0,640,480,combined,detect_combined,Non-Flooded,resnet18,False,False,1,tensorrt,tensorrt,tensorrt,24.19,24.19,40.32,41.34,6.15,11.98,18.130000000000003,1353.07,55.8,0.0,1353.07,55.8,0.0,115.34,54.52,3.4,173.26,0.0725,False,False
1780821671.0764072,youtube_cumbria_flood_rescue_1dc5ca,youtube_cumbria_flood_rescue_1dc5ca.mp4,219,50.0,640,480,combined,detect_combined,Non-Flooded,resnet18,False,False,1,tensorrt,tensorrt,tensorrt,21.14,21.14,46.32,47.31,5.02,15.14,20.16,1353.07,46.7,0.0,1353.07,46.7,0.0,115.34,54.52,3.4,173.26,0.0503,False,False
1780821671.1479285,youtube_cumbria_flood_rescue_1dc5ca,youtube_cumbria_flood_rescue_1dc5ca.mp4,220,50.0,640,480,combined,detect_combined,Non-Flooded,resnet18,False,False,1,tensorrt,tensorrt,tensorrt,25.93,25.93,37.52,38.57,5.53,8.26,13.79,1353.07,43.6,0.0,1353.07,43.6,0.0,115.34,54.52,3.4,173.26,0.1508,False,False
1780821671.2235096,youtube_cumbria_flood_rescue_1dc5ca,youtube_cumbria_flood_rescue_1dc5ca.mp4,221,50.0,640,480,combined,detect_combined,Non-Flooded,resnet18,False,False,2,tensorrt,tensorrt,tensorrt,22.51,22.51,43.21,44.43,4.35,11.7,16.049999999999997,1353.07,47.7,0.0,1353.07,47.7,0.0,115.34,54.52,3.4,173.26,0.1333,False,False
1780821671.2938378,youtube_cumbria_flood_rescue_1dc5ca,youtube_cumbria_flood_rescue_1dc5ca.mp4,222,50.0,640,480,combined,detect_combined,Flooded,deeplabv3plus,True,False,2,tensorrt,tensorrt,tensorrt,33.32,33.32,28.7,30.01,6.04,11.31,17.35,1353.07,47.6,0.0,1353.07,47.6,0.0,115.34,54.52,3.4,173.26,0.2137,False,False
1780821671.36755,youtube_cumbria_flood_rescue_1dc5ca,youtube_cumbria_flood_rescue_1dc5ca.mp4,223,50.0,640,480,combined,detect_combined,Flooded,deeplabv3plus,False,False,2,tensorrt,tensorrt,tensorrt,24.39,24.39,39.91,40.99,5.48,11.36,16.84,1353.07,40.0,0.0,1353.07,40.0,0.0,115.34,54.52,3.4,173.26,0.2145,False,False
1780821671.443228,youtube_cumbria_flood_rescue_1dc5ca,youtube_cumbria_flood_rescue_1dc5ca.mp4,224,50.0,640,480,combined,detect_combined,Flooded,deeplabv3plus,False,False,2,tensorrt,tensorrt,tensorrt,22.89,22.89,42.17,43.7,4.71,12.97,17.68,1353.07,26.2,0.0,1353.07,26.2,0.0,115.34,54.52,3.4,173.26,0.3161,False,False
1780821671.5289462,youtube_cumbria_flood_rescue_1dc5ca,youtube_cumbria_flood_rescue_1dc5ca.mp4,225,50.0,640,480,combined,detect_combined,Flooded,deeplabv3plus,False,False,1,tensorrt,tensorrt,tensorrt,22.34,22.34,43.67,44.76,6.71,15.6,22.31,1353.07,33.3,0.0,1353.07,33.3,0.0,115.34,54.52,3.4,173.26,0.2891,False,False
1780821671.6041124,youtube_cumbria_flood_rescue_1dc5ca,youtube_cumbria_flood_rescue_1dc5ca.mp4,226,50.0,640,480,combined,detect_combined,Flooded,deeplabv3plus,False,False,1,tensorrt,tensorrt,tensorrt,22.96,22.96,42.42,43.56,4.88,12.22,17.1,1353.07,37.0,0.0,1353.07,37.0,0.0,115.34,54.52,3.4,173.26,0.288,False,False
1780821671.6965735,youtube_cumbria_flood_rescue_1dc5ca,youtube_cumbria_flood_rescue_1dc5ca.mp4,227,50.0,640,480,combined,detect_combined,Flooded,deeplabv3plus,False,False,1,tensorrt,tensorrt,tensorrt,20.93,20.93,46.33,47.78,5.7,15.12,20.82,1353.07,35.2,0.0,1353.07,35.2,0.0,115.34,54.52,3.4,173.26,0.3159,False,False
1780821671.8044457,youtube_cumbria_flood_rescue_1dc5ca,youtube_cumbria_flood_rescue_1dc5ca.mp4,228,50.0,640,480,combined,detect_combined,Flooded,deeplabv3plus,False,False,1,tensorrt,tensorrt,tensorrt,16.95,16.95,57.63,58.99,8.44,18.97,27.409999999999997,1353.07,31.3,0.0,1353.07,31.3,0.0,115.34,54.52,3.4,173.26,0.2974,False,False
1780821671.9087849,youtube_cumbria_flood_rescue_1dc5ca,youtube_cumbria_flood_rescue_1dc5ca.mp4,229,50.0,640,480,combined,detect_combined,Flooded,deeplabv3plus,False,False,1,tensorrt,tensorrt,tensorrt,19.4,19.4,50.11,51.54,7.37,21.76,29.130000000000003,1353.07,29.5,0.0,1353.07,29.5,0.0,115.34,54.52,3.4,173.26,0.2474,False,False
1780821672.018771,youtube_cumbria_flood_rescue_1dc5ca,youtube_cumbria_flood_rescue_1dc5ca.mp4,230,50.0,640,480,combined,detect_combined,Flooded,deeplabv3plus,False,False,1,tensorrt,tensorrt,tensorrt,16.29,16.29,60.0,61.4,6.77,21.99,28.759999999999998,1353.07,38.8,0.0,1353.07,38.8,0.0,115.34,54.52,3.4,173.26,0.276,False,False
1780821672.119849,youtube_cumbria_flood_rescue_1dc5ca,youtube_cumbria_flood_rescue_1dc5ca.mp4,231,50.0,640,480,combined,detect_combined,Flooded,deeplabv3plus,False,False,1,tensorrt,tensorrt,tensorrt,17.95,17.95,54.37,55.7,7.2,17.41,24.61,1353.06,44.1,0.0,1353.06,44.1,0.0,115.34,54.52,3.4,173.26,0.238,False,False
1780821672.2261634,youtube_cumbria_flood_rescue_1dc5ca,youtube_cumbria_flood_rescue_1dc5ca.mp4,232,50.0,640,480,combined,detect_combined,Flooded,deeplabv3plus,False,False,1,tensorrt,tensorrt,tensorrt,16.7,16.7,58.54,59.88,7.15,20.74,27.89,1353.06,53.2,0.0,1353.06,53.2,0.0,115.34,54.52,3.4,173.26,0.2531,False,False
1780821672.3116267,youtube_cumbria_flood_rescue_1dc5ca,youtube_cumbria_flood_rescue_1dc5ca.mp4,233,50.0,640,480,combined,detect_combined,Flooded,deeplabv3plus,False,False,1,tensorrt,tensorrt,tensorrt,22.99,22.99,42.32,43.49,7.71,10.79,18.5,1353.06,61.2,0.0,1353.06,61.2,0.0,115.34,54.52,3.4,173.26,0.2525,False,False
1780821672.401574,youtube_cumbria_flood_rescue_1dc5ca,youtube_cumbria_flood_rescue_1dc5ca.mp4,234,50.0,640,480,combined,detect_combined,Flooded,deeplabv3plus,False,False,1,tensorrt,tensorrt,tensorrt,23.84,23.84,40.82,41.95,6.78,14.6,21.38,1353.05,53.1,0.0,1353.05,53.1,0.0,115.34,54.52,3.4,173.26,0.2773,False,False
1780821672.4958236,youtube_cumbria_flood_rescue_1dc5ca,youtube_cumbria_flood_rescue_1dc5ca.mp4,235,50.0,640,480,combined,detect_combined,Flooded,deeplabv3plus,False,False,1,tensorrt,tensorrt,tensorrt,18.65,18.65,52.3,53.62,6.0,18.86,24.86,1353.05,50.0,0.0,1353.05,50.0,0.0,115.34,54.52,3.4,173.26,0.2786,False,False
1780821672.5908737,youtube_cumbria_flood_rescue_1dc5ca,youtube_cumbria_flood_rescue_1dc5ca.mp4,236,50.0,640,480,combined,detect_combined,Flooded,deeplabv3plus,False,False,1,tensorrt,tensorrt,tensorrt,19.67,19.67,49.74,50.84,6.36,16.84,23.2,1353.05,46.4,0.0,1353.05,46.4,0.0,115.34,54.52,3.4,173.26,0.2381,False,False
1780821672.6891844,youtube_cumbria_flood_rescue_1dc5ca,youtube_cumbria_flood_rescue_1dc5ca.mp4,237,50.0,640,480,combined,detect_combined,Flooded,deeplabv3plus,False,False,1,tensorrt,tensorrt,tensorrt,19.12,19.12,50.88,52.31,6.71,21.73,28.44,1353.05,32.8,0.0,1353.05,32.8,0.0,115.34,54.52,3.4,173.26,0.2645,False,False
1780821672.7891746,youtube_cumbria_flood_rescue_1dc5ca,youtube_cumbria_flood_rescue_1dc5ca.mp4,238,50.0,640,480,combined,detect_combined,Flooded,deeplabv3plus,False,False,1,tensorrt,tensorrt,tensorrt,19.69,19.69,49.39,50.78,6.82,21.86,28.68,1353.05,33.3,0.0,1353.05,33.3,0.0,115.34,54.52,3.4,173.26,0.2523,False,False
1780821672.8929355,youtube_cumbria_flood_rescue_1dc5ca,youtube_cumbria_flood_rescue_1dc5ca.mp4,239,50.0,640,480,combined,detect_combined,Flooded,deeplabv3plus,False,False,1,tensorrt,tensorrt,tensorrt,19.14,19.14,50.82,52.24,10.05,19.74,29.79,1353.05,32.8,0.0,1353.05,32.8,0.0,115.34,54.52,3.4,173.26,0.2542,False,False
1780821672.9973638,youtube_cumbria_flood_rescue_1dc5ca,youtube_cumbria_flood_rescue_1dc5ca.mp4,240,50.0,640,480,combined,detect_combined,Flooded,deeplabv3plus,False,False,1,tensorrt,tensorrt,tensorrt,18.07,18.07,54.0,55.35,6.83,18.77,25.6,1353.05,32.8,0.0,1353.05,32.8,0.0,115.34,54.52,3.4,173.26,0.2496,False,False
1780821673.1011553,youtube_cumbria_flood_rescue_1dc5ca,youtube_cumbria_flood_rescue_1dc5ca.mp4,241,50.0,640,480,combined,detect_combined,Flooded,deeplabv3plus,False,False,1,tensorrt,tensorrt,tensorrt,19.36,19.36,50.28,51.65,8.97,21.17,30.14,1353.05,30.0,0.0,1353.05,30.0,0.0,115.34,54.52,3.4,173.26,0.2692,False,False
1780821673.2176223,youtube_cumbria_flood_rescue_1dc5ca,youtube_cumbria_flood_rescue_1dc5ca.mp4,242,50.0,640,480,combined,detect_combined,Flooded,deeplabv3plus,False,False,2,tensorrt,tensorrt,tensorrt,15.34,15.34,63.18,65.18,10.62,24.28,34.9,1353.04,32.4,0.0,1353.04,32.4,0.0,115.34,54.52,3.4,173.26,0.2774,False,False
1780821673.3334138,youtube_cumbria_flood_rescue_1dc5ca,youtube_cumbria_flood_rescue_1dc5ca.mp4,243,50.0,640,480,combined,detect_combined,Flooded,deeplabv3plus,False,False,2,tensorrt,tensorrt,tensorrt,15.68,15.68,61.82,63.78,11.36,24.31,35.67,1353.04,31.4,0.0,1353.04,31.4,0.0,115.34,54.52,3.4,173.26,0.2574,False,False
1780821673.4722993,youtube_cumbria_flood_rescue_1dc5ca,youtube_cumbria_flood_rescue_1dc5ca.mp4,244,50.0,640,480,combined,detect_combined,Flooded,deeplabv3plus,False,False,2,tensorrt,tensorrt,tensorrt,11.86,11.86,82.16,84.33,12.25,19.66,31.91,1404.84,41.9,0.0,1404.84,41.9,0.0,115.34,54.52,3.4,173.26,0.2556,False,False
1780821673.58354,youtube_cumbria_flood_rescue_1dc5ca,youtube_cumbria_flood_rescue_1dc5ca.mp4,245,50.0,640,480,combined,detect_combined,Flooded,deeplabv3plus,False,False,1,tensorrt,tensorrt,tensorrt,18.53,18.53,52.81,53.96,7.09,16.83,23.919999999999998,1404.86,56.3,0.0,1404.86,56.3,0.0,115.34,54.52,3.4,173.26,0.2338,False,False
1780821673.6588094,youtube_cumbria_flood_rescue_1dc5ca,youtube_cumbria_flood_rescue_1dc5ca.mp4,246,50.0,640,480,combined,detect_combined,Flooded,deeplabv3plus,False,False,1,tensorrt,tensorrt,tensorrt,22.39,22.39,43.36,44.66,6.0,11.11,17.11,1404.86,48.8,0.0,1404.86,48.8,0.0,115.34,54.52,3.4,173.26,0.2189,False,False
1780821673.72617,youtube_cumbria_flood_rescue_1dc5ca,youtube_cumbria_flood_rescue_1dc5ca.mp4,247,50.0,640,480,combined,detect_combined,Flooded,deeplabv3plus,False,False,1,tensorrt,tensorrt,tensorrt,26.81,26.81,36.28,37.3,4.59,8.89,13.48,1404.86,50.0,0.0,1404.86,50.0,0.0,115.34,54.52,3.4,173.26,0.2344,False,False
1780821673.7982225,youtube_cumbria_flood_rescue_1dc5ca,youtube_cumbria_flood_rescue_1dc5ca.mp4,248,50.0,640,480,combined,detect_combined,Flooded,deeplabv3plus,False,False,1,tensorrt,tensorrt,tensorrt,24.33,24.33,39.44,41.11,4.87,9.34,14.21,1404.85,51.2,0.0,1404.85,51.2,0.0,115.34,54.52,3.4,173.26,0.2164,False,False
1780821673.8713777,youtube_cumbria_flood_rescue_1dc5ca,youtube_cumbria_flood_rescue_1dc5ca.mp4,249,50.0,640,480,combined,detect_combined,Flooded,deeplabv3plus,False,False,1,tensorrt,tensorrt,tensorrt,23.09,23.09,42.38,43.31,5.43,10.33,15.76,1404.85,45.0,0.0,1404.85,45.0,0.0,115.34,54.52,3.4,173.26,0.2221,False,False
1780821673.9604938,youtube_cumbria_flood_rescue_1dc5ca,youtube_cumbria_flood_rescue_1dc5ca.mp4,250,50.0,640,480,combined,detect_combined,Non-Flooded,resnet18,True,False,2,tensorrt,tensorrt,tensorrt,19.44,19.44,49.12,51.45,5.76,16.49,22.25,1404.85,51.9,0.0,1404.85,51.9,0.0,115.34,54.52,3.4,173.26,0.1726,False,False
1780821674.0336063,youtube_cumbria_flood_rescue_1dc5ca,youtube_cumbria_flood_rescue_1dc5ca.mp4,251,50.0,640,480,combined,detect_combined,Non-Flooded,resnet18,False,False,1,tensorrt,tensorrt,tensorrt,26.45,26.45,36.92,37.81,8.02,13.56,21.58,1404.85,50.0,0.0,1404.85,50.0,0.0,115.34,54.52,3.4,173.26,0.167,False,False
1780821674.1086571,youtube_cumbria_flood_rescue_1dc5ca,youtube_cumbria_flood_rescue_1dc5ca.mp4,252,50.0,640,480,combined,detect_combined,Non-Flooded,resnet18,False,False,1,tensorrt,tensorrt,tensorrt,24.67,24.67,39.54,40.54,5.58,12.3,17.880000000000003,1404.85,44.2,0.0,1404.85,44.2,0.0,115.34,54.52,3.4,173.26,0.1503,False,False
1780821674.1988618,youtube_cumbria_flood_rescue_1dc5ca,youtube_cumbria_flood_rescue_1dc5ca.mp4,253,50.0,640,480,combined,detect_combined,Non-Flooded,resnet18,False,False,1,tensorrt,tensorrt,tensorrt,20.08,20.08,48.55,49.8,6.75,20.01,26.76,1404.85,32.7,0.0,1404.85,32.7,0.0,115.34,54.52,3.4,173.26,0.14,False,False
1780821674.297285,youtube_cumbria_flood_rescue_1dc5ca,youtube_cumbria_flood_rescue_1dc5ca.mp4,254,50.0,640,480,combined,detect_combined,Non-Flooded,resnet18,False,False,1,tensorrt,tensorrt,tensorrt,19.49,19.49,49.89,51.3,5.7,23.36,29.06,1404.85,29.8,0.0,1404.85,29.8,0.0,115.34,54.52,3.4,173.26,0.1503,False,False
1780821674.3971477,youtube_cumbria_flood_rescue_1dc5ca,youtube_cumbria_flood_rescue_1dc5ca.mp4,255,50.0,640,480,combined,detect_combined,Non-Flooded,resnet18,False,False,1,tensorrt,tensorrt,tensorrt,19.28,19.28,50.56,51.86,9.83,16.2,26.03,1404.85,32.8,0.0,1404.85,32.8,0.0,115.34,54.52,3.4,173.26,0.134,False,False
1780821674.4876451,youtube_cumbria_flood_rescue_1dc5ca,youtube_cumbria_flood_rescue_1dc5ca.mp4,256,50.0,640,480,combined,detect_combined,Non-Flooded,resnet18,False,False,1,tensorrt,tensorrt,tensorrt,20.9,20.9,46.48,47.86,5.86,14.49,20.35,1404.85,32.7,0.0,1404.85,32.7,0.0,115.34,54.52,3.4,173.26,0.1516,False,False
1780821674.5769305,youtube_cumbria_flood_rescue_1dc5ca,youtube_cumbria_flood_rescue_1dc5ca.mp4,257,50.0,640,480,combined,detect_combined,Non-Flooded,resnet18,False,False,1,tensorrt,tensorrt,tensorrt,20.75,20.75,46.77,48.19,6.56,13.59,20.15,1404.85,32.0,0.0,1404.85,32.0,0.0,115.34,54.52,3.4,173.26,0.1202,False,False
1780821674.6721282,youtube_cumbria_flood_rescue_1dc5ca,youtube_cumbria_flood_rescue_1dc5ca.mp4,258,50.0,640,480,combined,detect_combined,Non-Flooded,resnet18,False,False,1,tensorrt,tensorrt,tensorrt,19.72,19.72,49.38,50.71,6.81,19.69,26.5,1404.84,32.8,0.0,1404.84,32.8,0.0,115.34,54.52,3.4,173.26,0.0819,False,False
1780821674.7627437,youtube_cumbria_flood_rescue_1dc5ca,youtube_cumbria_flood_rescue_1dc5ca.mp4,259,50.0,640,480,combined,detect_combined,Non-Flooded,resnet18,False,False,1,tensorrt,tensorrt,tensorrt,21.28,21.28,45.64,46.99,5.56,12.69,18.25,1404.84,39.6,0.0,1404.84,39.6,0.0,115.34,54.52,3.4,173.26,0.1243,False,False
1780821674.8593612,youtube_cumbria_flood_rescue_1dc5ca,youtube_cumbria_flood_rescue_1dc5ca.mp4,260,50.0,640,480,combined,detect_combined,Non-Flooded,resnet18,False,False,1,tensorrt,tensorrt,tensorrt,18.54,18.54,52.43,53.95,6.82,18.61,25.43,1404.84,52.6,0.0,1404.84,52.6,0.0,115.34,54.52,3.4,173.26,0.1298,False,False
1780821674.9588437,youtube_cumbria_flood_rescue_1dc5ca,youtube_cumbria_flood_rescue_1dc5ca.mp4,261,50.0,640,480,combined,detect_combined,Non-Flooded,resnet18,False,False,2,tensorrt,tensorrt,tensorrt,19.08,19.08,50.79,52.4,6.5,18.69,25.19,1404.84,45.5,0.0,1404.84,45.5,0.0,115.34,54.52,3.4,173.26,0.1467,False,False
1780821675.0569792,youtube_cumbria_flood_rescue_1dc5ca,youtube_cumbria_flood_rescue_1dc5ca.mp4,262,50.0,640,480,combined,detect_combined,Flooded,deeplabv3plus,True,False,2,tensorrt,tensorrt,tensorrt,17.76,17.76,54.36,56.32,6.61,19.46,26.07,1404.84,47.4,0.0,1404.84,47.4,0.0,115.34,54.52,3.4,173.26,0.202,False,False
1780821675.1506941,youtube_cumbria_flood_rescue_1dc5ca,youtube_cumbria_flood_rescue_1dc5ca.mp4,263,50.0,640,480,combined,detect_combined,Flooded,deeplabv3plus,False,False,2,tensorrt,tensorrt,tensorrt,20.29,20.29,47.4,49.29,6.56,15.55,22.11,1404.84,42.6,0.0,1404.84,42.6,0.0,115.34,54.52,3.4,173.26,0.2078,False,False
1780821675.2447555,youtube_cumbria_flood_rescue_1dc5ca,youtube_cumbria_flood_rescue_1dc5ca.mp4,264,50.0,640,480,combined,detect_combined,Non-Flooded,resnet18,True,False,2,tensorrt,tensorrt,tensorrt,19.94,19.94,48.75,50.15,7.35,15.33,22.68,1404.84,38.2,0.0,1404.84,38.2,0.0,115.34,54.52,3.4,173.26,0.1918,False,False
1780821675.3150795,youtube_cumbria_flood_rescue_1dc5ca,youtube_cumbria_flood_rescue_1dc5ca.mp4,265,50.0,640,480,combined,detect_combined,Non-Flooded,resnet18,False,False,2,tensorrt,tensorrt,tensorrt,29.5,29.5,32.36,33.9,5.28,13.38,18.66,1404.84,37.2,0.0,1404.84,37.2,0.0,115.34,54.52,3.4,173.26,0.1202,False,False
1780821675.3906505,youtube_cumbria_flood_rescue_1dc5ca,youtube_cumbria_flood_rescue_1dc5ca.mp4,266,50.0,640,480,combined,detect_combined,Non-Flooded,resnet18,False,False,2,tensorrt,tensorrt,tensorrt,24.12,24.12,40.1,41.46,5.46,11.91,17.37,1404.83,28.6,0.0,1404.83,28.6,0.0,115.34,54.52,3.4,173.26,0.1508,False,False
1780821675.4862154,youtube_cumbria_flood_rescue_1dc5ca,youtube_cumbria_flood_rescue_1dc5ca.mp4,267,50.0,640,480,combined,detect_combined,Flooded,deeplabv3plus,True,False,2,tensorrt,tensorrt,tensorrt,18.68,18.68,51.43,53.53,6.06,21.46,27.52,1404.83,32.8,0.0,1404.83,32.8,0.0,115.34,54.52,3.4,173.26,0.3801,False,False
1780821675.5962052,youtube_cumbria_flood_rescue_1dc5ca,youtube_cumbria_flood_rescue_1dc5ca.mp4,268,50.0,640,480,combined,detect_combined,Non-Flooded,resnet18,True,False,2,tensorrt,tensorrt,tensorrt,16.27,16.27,59.45,61.45,6.94,20.26,27.200000000000003,1404.82,33.8,0.0,1404.82,33.8,0.0,115.34,54.52,3.4,173.26,0.1823,False,False
1780821675.7077708,youtube_cumbria_flood_rescue_1dc5ca,youtube_cumbria_flood_rescue_1dc5ca.mp4,269,50.0,640,480,combined,detect_combined,Flooded,deeplabv3plus,True,False,2,tensorrt,tensorrt,tensorrt,17.42,17.42,55.48,57.39,6.86,18.3,25.16,1404.82,25.0,0.0,1404.82,25.0,0.0,115.34,54.52,3.4,173.26,0.2335,False,False
1780821675.8093803,youtube_cumbria_flood_rescue_1dc5ca,youtube_cumbria_flood_rescue_1dc5ca.mp4,270,50.0,640,480,combined,detect_combined,Flooded,deeplabv3plus,False,False,1,tensorrt,tensorrt,tensorrt,19.58,19.58,49.94,51.07,6.94,17.95,24.89,1404.82,31.7,0.0,1404.82,31.7,0.0,115.34,54.52,3.4,173.26,0.314,False,False
1780821675.9118278,youtube_cumbria_flood_rescue_1dc5ca,youtube_cumbria_flood_rescue_1dc5ca.mp4,271,50.0,640,480,combined,detect_combined,Flooded,deeplabv3plus,False,False,1,tensorrt,tensorrt,tensorrt,16.79,16.79,58.47,59.56,5.76,18.93,24.689999999999998,1404.82,37.7,0.0,1404.82,37.7,0.0,115.34,54.52,3.4,173.26,0.2785,False,False
1780821675.9916701,youtube_cumbria_flood_rescue_1dc5ca,youtube_cumbria_flood_rescue_1dc5ca.mp4,272,50.0,640,480,combined,detect_combined,Flooded,deeplabv3plus,False,False,1,tensorrt,tensorrt,tensorrt,26.44,26.44,36.87,37.82,5.01,11.86,16.869999999999997,1404.82,46.8,0.0,1404.82,46.8,0.0,115.34,54.52,3.4,173.26,0.2077,False,False
1780821676.064571,youtube_cumbria_flood_rescue_1dc5ca,youtube_cumbria_flood_rescue_1dc5ca.mp4,273,50.0,640,480,combined,detect_combined,Non-Flooded,resnet18,True,False,0,tensorrt,tensorrt,tensorrt,23.61,23.61,41.61,42.36,5.38,12.2,17.58,1404.82,48.8,0.0,1404.82,48.8,0.0,115.34,54.52,3.4,173.26,0.1918,False,False
1780821676.1449242,youtube_cumbria_flood_rescue_1dc5ca,youtube_cumbria_flood_rescue_1dc5ca.mp4,274,50.0,640,480,combined,detect_combined,Flooded,deeplabv3plus,True,False,0,tensorrt,tensorrt,tensorrt,23.84,23.84,41.48,41.95,5.35,17.86,23.21,1404.82,47.8,0.0,1404.82,47.8,0.0,115.34,54.52,3.4,173.26,0.2096,False,False
1780821676.1927671,youtube_cumbria_flood_rescue_1dc5ca,youtube_cumbria_flood_rescue_1dc5ca.mp4,275,50.0,640,480,combined,detect_combined,Flooded,deeplabv3plus,False,False,0,tensorrt,tensorrt,tensorrt,47.73,47.73,20.62,20.95,4.18,8.09,12.27,1404.82,55.2,0.0,1404.82,55.2,0.0,115.34,54.52,3.4,173.26,0.2103,False,False
1780821676.2400374,youtube_cumbria_flood_rescue_1dc5ca,youtube_cumbria_flood_rescue_1dc5ca.mp4,276,50.0,640,480,combined,detect_combined,Flooded,deeplabv3plus,False,False,0,tensorrt,tensorrt,tensorrt,45.06,45.06,21.88,22.19,4.72,8.69,13.41,1404.82,44.0,0.0,1404.82,44.0,0.0,115.34,54.52,3.4,173.26,0.2678,False,False
1780821676.3002048,youtube_cumbria_flood_rescue_1dc5ca,youtube_cumbria_flood_rescue_1dc5ca.mp4,277,50.0,640,480,combined,detect_combined,Flooded,deeplabv3plus,False,False,0,tensorrt,tensorrt,tensorrt,34.87,34.87,28.36,28.68,4.53,8.8,13.330000000000002,1404.82,48.6,0.0,1404.82,48.6,0.0,115.34,54.52,3.4,173.26,0.2522,False,False
1780821676.3727233,youtube_cumbria_flood_rescue_1dc5ca,youtube_cumbria_flood_rescue_1dc5ca.mp4,278,50.0,640,480,combined,detect_combined,Non-Flooded,resnet18,True,False,0,tensorrt,tensorrt,tensorrt,24.41,24.41,40.27,40.97,4.41,15.02,19.43,1404.82,51.2,0.0,1404.82,51.2,0.0,115.34,54.52,3.4,173.26,0.1785,False,False
1780821676.4437995,youtube_cumbria_flood_rescue_1dc5ca,youtube_cumbria_flood_rescue_1dc5ca.mp4,279,50.0,640,480,combined,detect_combined,Non-Flooded,resnet18,False,False,0,tensorrt,tensorrt,tensorrt,25.65,25.65,38.34,38.99,7.15,12.95,20.1,1404.82,45.2,0.0,1404.82,45.2,0.0,115.34,54.52,3.4,173.26,0.1705,False,False
1780821676.5101378,youtube_cumbria_flood_rescue_1dc5ca,youtube_cumbria_flood_rescue_1dc5ca.mp4,280,50.0,640,480,combined,detect_combined,Flooded,deeplabv3plus,True,False,0,tensorrt,tensorrt,tensorrt,25.77,25.77,38.27,38.8,5.69,10.4,16.09,1404.82,42.1,0.0,1404.82,42.1,0.0,115.34,54.52,3.4,173.26,0.2225,False,False
1780821676.5733008,youtube_cumbria_flood_rescue_1dc5ca,youtube_cumbria_flood_rescue_1dc5ca.mp4,281,50.0,640,480,combined,detect_combined,Non-Flooded,resnet18,True,False,0,tensorrt,tensorrt,tensorrt,30.3,30.3,32.59,33.01,4.53,11.56,16.09,1404.82,34.2,0.0,1404.82,34.2,0.0,115.34,54.52,3.4,173.26,0.1725,False,False
1780821676.6375167,youtube_cumbria_flood_rescue_1dc5ca,youtube_cumbria_flood_rescue_1dc5ca.mp4,282,50.0,640,480,combined,detect_combined,Flooded,deeplabv3plus,True,False,0,tensorrt,tensorrt,tensorrt,33.36,33.36,29.58,29.98,6.26,11.78,18.04,1404.82,37.8,0.0,1404.82,37.8,0.0,115.34,54.52,3.4,173.26,0.2075,False,False
1780821676.7049088,youtube_cumbria_flood_rescue_1dc5ca,youtube_cumbria_flood_rescue_1dc5ca.mp4,283,50.0,640,480,combined,detect_combined,Flooded,deeplabv3plus,False,False,0,tensorrt,tensorrt,tensorrt,27.85,27.85,35.54,35.9,4.89,11.37,16.259999999999998,1404.82,35.7,0.0,1404.82,35.7,0.0,115.34,54.52,3.4,173.26,0.2161,False,False
1780821676.7770562,youtube_cumbria_flood_rescue_1dc5ca,youtube_cumbria_flood_rescue_1dc5ca.mp4,284,50.0,640,480,combined,detect_combined,Non-Flooded,resnet18,True,False,0,tensorrt,tensorrt,tensorrt,24.66,24.66,40.01,40.55,4.94,16.26,21.200000000000003,1404.82,31.7,0.0,1404.82,31.7,0.0,115.34,54.52,3.4,173.26,0.1858,False,False
1780821676.841631,youtube_cumbria_flood_rescue_1dc5ca,youtube_cumbria_flood_rescue_1dc5ca.mp4,285,50.0,640,480,combined,detect_combined,Non-Flooded,resnet18,False,False,0,tensorrt,tensorrt,tensorrt,33.62,33.62,29.41,29.75,4.64,8.69,13.329999999999998,1404.82,31.6,0.0,1404.82,31.6,0.0,115.34,54.52,3.4,173.26,0.1634,False,False
1780821676.9097736,youtube_cumbria_flood_rescue_1dc5ca,youtube_cumbria_flood_rescue_1dc5ca.mp4,286,50.0,640,480,combined,detect_combined,Non-Flooded,resnet18,False,False,0,tensorrt,tensorrt,tensorrt,31.63,31.63,31.28,31.61,5.06,11.81,16.87,1404.82,31.6,0.0,1404.82,31.6,0.0,115.34,54.52,3.4,173.26,0.1618,False,False
1780821676.977432,youtube_cumbria_flood_rescue_1dc5ca,youtube_cumbria_flood_rescue_1dc5ca.mp4,287,50.0,640,480,combined,detect_combined,Non-Flooded,resnet18,False,False,0,tensorrt,tensorrt,tensorrt,30.75,30.75,32.18,32.52,6.1,10.24,16.34,1404.82,36.6,0.0,1404.82,36.6,0.0,115.34,54.52,3.4,173.26,0.1912,False,False
1780821677.0387118,youtube_cumbria_flood_rescue_1dc5ca,youtube_cumbria_flood_rescue_1dc5ca.mp4,288,50.0,640,480,combined,detect_combined,Non-Flooded,resnet18,False,False,0,tensorrt,tensorrt,tensorrt,28.47,28.47,34.79,35.13,5.19,10.27,15.46,1404.82,28.6,0.0,1404.82,28.6,0.0,115.34,54.52,3.4,173.26,0.1918,False,False
1780821677.1021836,youtube_cumbria_flood_rescue_1dc5ca,youtube_cumbria_flood_rescue_1dc5ca.mp4,289,50.0,640,480,combined,detect_combined,Flooded,deeplabv3plus,True,False,0,tensorrt,tensorrt,tensorrt,29.44,29.44,33.55,33.97,5.26,10.01,15.27,1404.82,32.4,0.0,1404.82,32.4,0.0,115.34,54.52,3.4,173.26,0.2341,False,False
1780821677.166227,youtube_cumbria_flood_rescue_1dc5ca,youtube_cumbria_flood_rescue_1dc5ca.mp4,290,50.0,640,480,combined,detect_combined,Flooded,deeplabv3plus,False,False,0,tensorrt,tensorrt,tensorrt,29.94,29.94,33.09,33.4,4.96,9.79,14.75,1404.82,36.8,0.0,1404.82,36.8,0.0,115.34,54.52,3.4,173.26,0.2799,False,False
1780821677.2371218,youtube_cumbria_flood_rescue_1dc5ca,youtube_cumbria_flood_rescue_1dc5ca.mp4,291,50.0,640,480,combined,detect_combined,Flooded,deeplabv3plus,False,False,0,tensorrt,tensorrt,tensorrt,26.46,26.46,37.44,37.8,5.86,13.72,19.580000000000002,1404.81,34.1,0.0,1404.81,34.1,0.0,115.34,54.52,3.4,173.26,0.2417,False,False
1780821677.300864,youtube_cumbria_flood_rescue_1dc5ca,youtube_cumbria_flood_rescue_1dc5ca.mp4,292,50.0,640,480,combined,detect_combined,Flooded,deeplabv3plus,False,False,0,tensorrt,tensorrt,tensorrt,29.0,29.0,34.15,34.48,5.11,10.65,15.760000000000002,1404.81,29.7,0.0,1404.81,29.7,0.0,115.34,54.52,3.4,173.26,0.2596,False,False
1780821677.3653235,youtube_cumbria_flood_rescue_1dc5ca,youtube_cumbria_flood_rescue_1dc5ca.mp4,293,50.0,640,480,combined,detect_combined,Non-Flooded,resnet18,True,False,0,tensorrt,tensorrt,tensorrt,29.67,29.67,33.24,33.7,5.15,9.81,14.96,1404.81,34.1,0.0,1404.81,34.1,0.0,115.34,54.52,3.4,173.26,0.1947,False,False
1780821677.4373393,youtube_cumbria_flood_rescue_1dc5ca,youtube_cumbria_flood_rescue_1dc5ca.mp4,294,50.0,640,480,combined,detect_combined,Non-Flooded,resnet18,False,False,0,tensorrt,tensorrt,tensorrt,26.74,26.74,37.01,37.4,5.62,11.37,16.99,1404.81,52.4,0.0,1404.81,52.4,0.0,115.34,54.52,3.4,173.26,0.1937,False,False
1780821677.5096989,youtube_cumbria_flood_rescue_1dc5ca,youtube_cumbria_flood_rescue_1dc5ca.mp4,295,50.0,640,480,combined,detect_combined,Flooded,deeplabv3plus,True,False,0,tensorrt,tensorrt,tensorrt,29.43,29.43,33.52,33.97,5.39,12.31,17.7,1404.81,51.2,0.0,1404.81,51.2,0.0,115.34,54.52,3.4,173.26,0.231,False,False
1780821677.596694,youtube_cumbria_flood_rescue_1dc5ca,youtube_cumbria_flood_rescue_1dc5ca.mp4,296,50.0,640,480,combined,detect_combined,Non-Flooded,resnet18,True,False,0,tensorrt,tensorrt,tensorrt,21.68,21.68,45.54,46.12,11.69,14.46,26.15,1404.81,51.9,0.0,1404.81,51.9,0.0,115.34,54.52,3.4,173.26,0.1808,False,False
1780821677.677474,youtube_cumbria_flood_rescue_1dc5ca,youtube_cumbria_flood_rescue_1dc5ca.mp4,297,50.0,640,480,combined,detect_combined,Non-Flooded,resnet18,False,False,0,tensorrt,tensorrt,tensorrt,26.33,26.33,37.58,37.99,5.93,13.9,19.83,1404.81,52.1,0.0,1404.81,52.1,0.0,115.34,54.52,3.4,173.26,0.163,False,False
1780821677.7599244,youtube_cumbria_flood_rescue_1dc5ca,youtube_cumbria_flood_rescue_1dc5ca.mp4,298,50.0,640,480,combined,detect_combined,Flooded,deeplabv3plus,True,False,0,tensorrt,tensorrt,tensorrt,26.0,26.0,37.95,38.46,6.69,14.58,21.27,1404.81,48.9,0.0,1404.81,48.9,0.0,115.34,54.52,3.4,173.26,0.2011,False,False
1780821677.8455033,youtube_cumbria_flood_rescue_1dc5ca,youtube_cumbria_flood_rescue_1dc5ca.mp4,299,50.0,640,480,combined,detect_combined,Non-Flooded,resnet18,True,False,0,tensorrt,tensorrt,tensorrt,25.39,25.39,38.88,39.39,8.8,14.46,23.26,1404.81,42.9,0.0,1404.81,42.9,0.0,115.34,54.52,3.4,173.26,0.1973,False,False
1780821677.9250045,youtube_cumbria_flood_rescue_1dc5ca,youtube_cumbria_flood_rescue_1dc5ca.mp4,300,50.0,640,480,combined,detect_combined,Flooded,deeplabv3plus,True,False,0,tensorrt,tensorrt,tensorrt,26.07,26.07,37.96,38.36,8.59,12.07,20.66,1404.81,33.3,0.0,1404.81,33.3,0.0,115.34,54.52,3.4,173.26,0.2328,False,False
1780821677.988252,youtube_cumbria_flood_rescue_1dc5ca,youtube_cumbria_flood_rescue_1dc5ca.mp4,301,50.0,640,480,combined,detect_combined,Flooded,deeplabv3plus,False,False,0,tensorrt,tensorrt,tensorrt,35.89,35.89,27.45,27.86,4.95,10.98,15.93,1404.81,35.1,0.0,1404.81,35.1,0.0,115.34,54.52,3.4,173.26,0.2807,False,False
1780821678.0556498,youtube_cumbria_flood_rescue_1dc5ca,youtube_cumbria_flood_rescue_1dc5ca.mp4,302,50.0,640,480,combined,detect_combined,Flooded,deeplabv3plus,False,False,0,tensorrt,tensorrt,tensorrt,30.84,30.84,32.05,32.42,5.63,11.29,16.919999999999998,1404.81,36.6,0.0,1404.81,36.6,0.0,115.34,54.52,3.4,173.26,0.2926,False,False
1780821678.126483,youtube_cumbria_flood_rescue_1dc5ca,youtube_cumbria_flood_rescue_1dc5ca.mp4,303,50.0,640,480,combined,detect_combined,Flooded,deeplabv3plus,False,False,0,tensorrt,tensorrt,tensorrt,28.94,28.94,34.23,34.55,4.99,10.08,15.07,1404.81,32.5,0.0,1404.81,32.5,0.0,115.34,54.52,3.4,173.26,0.3282,False,False
1780821678.1947477,youtube_cumbria_flood_rescue_1dc5ca,youtube_cumbria_flood_rescue_1dc5ca.mp4,304,50.0,640,480,combined,detect_combined,Flooded,deeplabv3plus,False,False,0,tensorrt,tensorrt,tensorrt,29.24,29.24,33.85,34.2,4.87,10.53,15.399999999999999,1404.8,35.0,0.0,1404.8,35.0,0.0,115.34,54.52,3.4,173.26,0.3604,False,False
1780821678.2628534,youtube_cumbria_flood_rescue_1dc5ca,youtube_cumbria_flood_rescue_1dc5ca.mp4,305,50.0,640,480,combined,detect_combined,Flooded,deeplabv3plus,False,False,0,tensorrt,tensorrt,tensorrt,25.55,25.55,38.6,39.13,6.38,14.44,20.82,1404.8,28.2,0.0,1404.8,28.2,0.0,115.34,54.52,3.4,173.26,0.2739,False,False
1780821678.3407898,youtube_cumbria_flood_rescue_1dc5ca,youtube_cumbria_flood_rescue_1dc5ca.mp4,306,50.0,640,480,combined,detect_combined,Flooded,deeplabv3plus,False,False,0,tensorrt,tensorrt,tensorrt,21.89,21.89,45.26,45.68,5.46,19.66,25.12,1404.8,29.5,0.0,1404.8,29.5,0.0,115.34,54.52,3.4,173.26,0.2355,False,False
1780821678.4212258,youtube_cumbria_flood_rescue_1dc5ca,youtube_cumbria_flood_rescue_1dc5ca.mp4,307,50.0,640,480,combined,detect_combined,Flooded,deeplabv3plus,False,False,0,tensorrt,tensorrt,tensorrt,21.02,21.02,47.13,47.58,17.67,15.9,33.57,1404.8,42.6,0.0,1404.8,42.6,0.0,115.34,54.52,3.4,173.26,0.2673,False,False
1780821678.482174,youtube_cumbria_flood_rescue_1dc5ca,youtube_cumbria_flood_rescue_1dc5ca.mp4,308,50.0,640,480,combined,detect_combined,Flooded,deeplabv3plus,False,False,0,tensorrt,tensorrt,tensorrt,35.59,35.59,27.73,28.1,5.63,11.72,17.35,1404.8,39.4,0.0,1404.8,39.4,0.0,115.34,54.52,3.4,173.26,0.2874,False,False
1780821678.552974,youtube_cumbria_flood_rescue_1dc5ca,youtube_cumbria_flood_rescue_1dc5ca.mp4,309,50.0,640,480,combined,detect_combined,Flooded,deeplabv3plus,False,False,0,tensorrt,tensorrt,tensorrt,24.66,24.66,40.12,40.55,5.12,10.25,15.370000000000001,1404.8,41.5,0.0,1404.8,41.5,0.0,115.34,54.52,3.4,173.26,0.2955,False,False
1780821678.6101215,youtube_cumbria_flood_rescue_1dc5ca,youtube_cumbria_flood_rescue_1dc5ca.mp4,310,50.0,640,480,combined,detect_combined,Flooded,deeplabv3plus,False,False,0,tensorrt,tensorrt,tensorrt,29.67,29.67,33.1,33.7,5.05,9.48,14.530000000000001,1404.79,33.3,0.0,1404.79,33.3,0.0,115.34,54.52,3.4,173.26,0.3065,False,False
1780821678.6796076,youtube_cumbria_flood_rescue_1dc5ca,youtube_cumbria_flood_rescue_1dc5ca.mp4,311,50.0,640,480,combined,detect_combined,Flooded,deeplabv3plus,False,False,0,tensorrt,tensorrt,tensorrt,26.94,26.94,36.69,37.12,4.93,12.06,16.990000000000002,1404.79,35.9,0.0,1404.79,35.9,0.0,115.34,54.52,3.4,173.26,0.2881,False,False
1780821678.7454205,youtube_cumbria_flood_rescue_1dc5ca,youtube_cumbria_flood_rescue_1dc5ca.mp4,312,50.0,640,480,combined,detect_combined,Flooded,deeplabv3plus,False,False,0,tensorrt,tensorrt,tensorrt,30.34,30.34,32.63,32.96,4.58,13.4,17.98,1404.79,45.9,0.0,1404.79,45.9,0.0,115.34,54.52,3.4,173.26,0.2884,False,False
1780821678.811771,youtube_cumbria_flood_rescue_1dc5ca,youtube_cumbria_flood_rescue_1dc5ca.mp4,313,50.0,640,480,combined,detect_combined,Flooded,deeplabv3plus,False,False,0,tensorrt,tensorrt,tensorrt,28.02,28.02,35.36,35.69,4.6,13.75,18.35,1404.79,51.3,0.0,1404.79,51.3,0.0,115.34,54.52,3.4,173.26,0.3267,False,False
1780821678.867424,youtube_cumbria_flood_rescue_1dc5ca,youtube_cumbria_flood_rescue_1dc5ca.mp4,314,50.0,640,480,combined,detect_combined,Flooded,deeplabv3plus,False,False,0,tensorrt,tensorrt,tensorrt,32.75,32.75,30.2,30.54,4.56,8.48,13.04,1404.79,52.9,0.0,1404.79,52.9,0.0,115.34,54.52,3.4,173.26,0.3327,False,False
1780821678.9311333,youtube_cumbria_flood_rescue_1dc5ca,youtube_cumbria_flood_rescue_1dc5ca.mp4,315,50.0,640,480,combined,detect_combined,Flooded,deeplabv3plus,False,False,0,tensorrt,tensorrt,tensorrt,28.73,28.73,34.49,34.81,4.89,12.25,17.14,1404.79,50.0,0.0,1404.79,50.0,0.0,115.34,54.52,3.4,173.26,0.3312,False,False
1780821679.001158,youtube_cumbria_flood_rescue_1dc5ca,youtube_cumbria_flood_rescue_1dc5ca.mp4,316,50.0,640,480,combined,detect_combined,Flooded,deeplabv3plus,False,False,0,tensorrt,tensorrt,tensorrt,25.38,25.38,38.81,39.4,5.01,14.49,19.5,1404.79,52.4,0.0,1404.79,52.4,0.0,115.34,54.52,3.4,173.26,0.3338,False,False
1780821679.0627923,youtube_cumbria_flood_rescue_1dc5ca,youtube_cumbria_flood_rescue_1dc5ca.mp4,317,50.0,640,480,combined,detect_combined,Flooded,deeplabv3plus,False,False,0,tensorrt,tensorrt,tensorrt,29.49,29.49,33.58,33.91,5.08,10.76,15.84,1404.79,40.5,0.0,1404.79,40.5,0.0,115.34,54.52,3.4,173.26,0.3527,False,False
1780821679.1256154,youtube_cumbria_flood_rescue_1dc5ca,youtube_cumbria_flood_rescue_1dc5ca.mp4,318,50.0,640,480,combined,detect_combined,Flooded,deeplabv3plus,False,False,0,tensorrt,tensorrt,tensorrt,31.77,31.77,31.12,31.48,5.25,11.21,16.46,1404.79,28.6,0.0,1404.79,28.6,0.0,115.34,54.52,3.4,173.26,0.3462,False,False
1780821679.2032475,youtube_cumbria_flood_rescue_1dc5ca,youtube_cumbria_flood_rescue_1dc5ca.mp4,319,50.0,640,480,combined,detect_combined,Flooded,deeplabv3plus,False,False,0,tensorrt,tensorrt,tensorrt,24.35,24.35,40.68,41.06,6.56,12.75,19.31,1404.79,31.8,0.0,1404.79,31.8,0.0,115.34,54.52,3.4,173.26,0.3463,False,False
1780821679.270276,youtube_cumbria_flood_rescue_1dc5ca,youtube_cumbria_flood_rescue_1dc5ca.mp4,320,50.0,640,480,combined,detect_combined,Flooded,deeplabv3plus,False,False,0,tensorrt,tensorrt,tensorrt,32.69,32.69,30.27,30.59,4.84,11.12,15.959999999999999,1404.79,34.1,0.0,1404.79,34.1,0.0,115.34,54.52,3.4,173.26,0.3388,False,False
1780821679.3350143,youtube_cumbria_flood_rescue_1dc5ca,youtube_cumbria_flood_rescue_1dc5ca.mp4,321,50.0,640,480,combined,detect_combined,Flooded,deeplabv3plus,False,False,0,tensorrt,tensorrt,tensorrt,29.37,29.37,33.71,34.05,5.89,12.7,18.59,1404.79,28.6,0.0,1404.79,28.6,0.0,115.34,54.52,3.4,173.26,0.3124,False,False
1780821679.4007812,youtube_cumbria_flood_rescue_1dc5ca,youtube_cumbria_flood_rescue_1dc5ca.mp4,322,50.0,640,480,combined,detect_combined,Flooded,deeplabv3plus,False,False,0,tensorrt,tensorrt,tensorrt,27.71,27.71,35.73,36.09,7.76,10.34,18.1,1404.79,35.9,0.0,1404.79,35.9,0.0,115.34,54.52,3.4,173.26,0.3191,False,False
1780821679.469207,youtube_cumbria_flood_rescue_1dc5ca,youtube_cumbria_flood_rescue_1dc5ca.mp4,323,50.0,640,480,combined,detect_combined,Flooded,deeplabv3plus,False,False,0,tensorrt,tensorrt,tensorrt,28.08,28.08,35.27,35.62,5.54,12.52,18.06,1404.79,34.2,0.0,1404.79,34.2,0.0,115.34,54.52,3.4,173.26,0.3027,False,False
1780821679.5463483,youtube_cumbria_flood_rescue_1dc5ca,youtube_cumbria_flood_rescue_1dc5ca.mp4,324,50.0,640,480,combined,detect_combined,Flooded,deeplabv3plus,False,False,0,tensorrt,tensorrt,tensorrt,23.7,23.7,41.79,42.2,6.88,18.93,25.81,1404.79,42.0,0.0,1404.79,42.0,0.0,115.34,54.52,3.4,173.26,0.3029,False,False
1780821679.6137362,youtube_cumbria_flood_rescue_1dc5ca,youtube_cumbria_flood_rescue_1dc5ca.mp4,325,50.0,640,480,combined,detect_combined,Flooded,deeplabv3plus,False,False,0,tensorrt,tensorrt,tensorrt,27.48,27.48,35.72,36.39,5.52,9.91,15.43,1404.79,32.5,0.0,1404.79,32.5,0.0,115.34,54.52,3.4,173.26,0.2905,False,False
1780821679.6750276,youtube_cumbria_flood_rescue_1dc5ca,youtube_cumbria_flood_rescue_1dc5ca.mp4,326,50.0,640,480,combined,detect_combined,Flooded,deeplabv3plus,False,False,0,tensorrt,tensorrt,tensorrt,30.23,30.23,32.73,33.08,5.3,9.93,15.23,1404.79,26.5,0.0,1404.79,26.5,0.0,115.34,54.52,3.4,173.26,0.3276,False,False
1780821679.752459,youtube_cumbria_flood_rescue_1dc5ca,youtube_cumbria_flood_rescue_1dc5ca.mp4,327,50.0,640,480,combined,detect_combined,Flooded,deeplabv3plus,False,False,0,tensorrt,tensorrt,tensorrt,24.65,24.65,40.08,40.57,5.69,19.2,24.89,1404.79,26.7,0.0,1404.79,26.7,0.0,115.34,54.52,3.4,173.26,0.3138,False,False
1780821679.8185995,youtube_cumbria_flood_rescue_1dc5ca,youtube_cumbria_flood_rescue_1dc5ca.mp4,328,50.0,640,480,combined,detect_combined,Flooded,deeplabv3plus,False,False,0,tensorrt,tensorrt,tensorrt,27.49,27.49,36.03,36.38,6.22,11.35,17.57,1404.79,37.5,0.0,1404.79,37.5,0.0,115.34,54.52,3.4,173.26,0.2946,False,False
1780821679.8857355,youtube_cumbria_flood_rescue_1dc5ca,youtube_cumbria_flood_rescue_1dc5ca.mp4,329,50.0,640,480,combined,detect_combined,Flooded,deeplabv3plus,False,False,0,tensorrt,tensorrt,tensorrt,26.89,26.89,36.86,37.18,5.22,10.67,15.89,1404.79,55.0,0.0,1404.79,55.0,0.0,115.34,54.52,3.4,173.26,0.2495,False,False
1780821679.9525502,youtube_cumbria_flood_rescue_1dc5ca,youtube_cumbria_flood_rescue_1dc5ca.mp4,330,50.0,640,480,combined,detect_combined,Flooded,deeplabv3plus,False,False,0,tensorrt,tensorrt,tensorrt,26.1,26.1,37.93,38.31,5.78,10.22,16.0,1404.79,48.7,0.0,1404.79,48.7,0.0,115.34,54.52,3.4,173.26,0.3209,False,False
1780821680.0356376,youtube_cumbria_flood_rescue_1dc5ca,youtube_cumbria_flood_rescue_1dc5ca.mp4,331,50.0,640,480,combined,detect_combined,Flooded,deeplabv3plus,False,False,1,tensorrt,tensorrt,tensorrt,21.27,21.27,46.15,47.02,4.65,16.59,21.240000000000002,1404.78,51.1,0.0,1404.78,51.1,0.0,115.34,54.52,3.4,173.26,0.2397,False,False
1780821680.0985177,youtube_cumbria_flood_rescue_1dc5ca,youtube_cumbria_flood_rescue_1dc5ca.mp4,332,50.0,640,480,combined,detect_combined,Flooded,deeplabv3plus,False,False,1,tensorrt,tensorrt,tensorrt,28.21,28.21,34.47,35.45,5.72,7.42,13.14,1404.78,51.4,0.0,1404.78,51.4,0.0,115.34,54.52,3.4,173.26,0.2769,False,False
1780821680.1695392,youtube_cumbria_flood_rescue_1dc5ca,youtube_cumbria_flood_rescue_1dc5ca.mp4,333,50.0,640,480,combined,detect_combined,Flooded,deeplabv3plus,False,False,1,tensorrt,tensorrt,tensorrt,22.91,22.91,42.7,43.64,4.39,14.15,18.54,1404.78,59.5,0.0,1404.78,59.5,0.0,115.34,54.52,3.4,173.26,0.2726,False,False
1780821680.246045,youtube_cumbria_flood_rescue_1dc5ca,youtube_cumbria_flood_rescue_1dc5ca.mp4,334,50.0,640,480,combined,detect_combined,Flooded,deeplabv3plus,False,False,1,tensorrt,tensorrt,tensorrt,21.11,21.11,45.82,47.37,5.13,14.11,19.24,1404.78,51.1,0.0,1404.78,51.1,0.0,115.34,54.52,3.4,173.26,0.2336,False,False
1780821680.3246505,youtube_cumbria_flood_rescue_1dc5ca,youtube_cumbria_flood_rescue_1dc5ca.mp4,335,50.0,640,480,combined,detect_combined,Flooded,deeplabv3plus,False,False,1,tensorrt,tensorrt,tensorrt,22.57,22.57,43.1,44.31,5.06,14.03,19.09,1404.78,48.9,0.0,1404.78,48.9,0.0,115.34,54.52,3.4,173.26,0.2252,False,False
1780821680.4109926,youtube_cumbria_flood_rescue_1dc5ca,youtube_cumbria_flood_rescue_1dc5ca.mp4,336,50.0,640,480,combined,detect_combined,Flooded,deeplabv3plus,False,False,1,tensorrt,tensorrt,tensorrt,19.29,19.29,50.55,51.84,6.56,18.19,24.75,1404.78,50.0,0.0,1404.78,50.0,0.0,115.34,54.52,3.4,173.26,0.2125,False,False
1780821680.4868684,youtube_cumbria_flood_rescue_1dc5ca,youtube_cumbria_flood_rescue_1dc5ca.mp4,337,50.0,640,480,combined,detect_combined,Flooded,deeplabv3plus,False,False,1,tensorrt,tensorrt,tensorrt,28.68,28.68,33.69,34.86,4.5,9.5,14.0,1404.78,51.1,0.0,1404.78,51.1,0.0,115.34,54.52,3.4,173.26,0.2156,False,False
1780821680.5771477,youtube_cumbria_flood_rescue_1dc5ca,youtube_cumbria_flood_rescue_1dc5ca.mp4,338,50.0,640,480,combined,detect_combined,Flooded,deeplabv3plus,False,False,1,tensorrt,tensorrt,tensorrt,19.33,19.33,50.36,51.73,7.81,15.35,23.16,1404.78,30.8,0.0,1404.78,30.8,0.0,115.34,54.52,3.4,173.26,0.2343,False,False
1780821680.679507,youtube_cumbria_flood_rescue_1dc5ca,youtube_cumbria_flood_rescue_1dc5ca.mp4,339,50.0,640,480,combined,detect_combined,Flooded,deeplabv3plus,False,False,1,tensorrt,tensorrt,tensorrt,18.03,18.03,54.07,55.46,7.16,18.9,26.06,1404.78,33.9,0.0,1404.78,33.9,0.0,115.34,54.52,3.4,173.26,0.2169,False,False
1780821680.781418,youtube_cumbria_flood_rescue_1dc5ca,youtube_cumbria_flood_rescue_1dc5ca.mp4,340,50.0,640,480,combined,detect_combined,Non-Flooded,resnet18,True,False,0,tensorrt,tensorrt,tensorrt,18.6,18.6,53.22,53.75,10.4,21.36,31.759999999999998,1404.78,37.7,0.0,1404.78,37.7,0.0,115.34,54.52,3.4,173.26,0.1995,False,False
1780821680.8809288,youtube_cumbria_flood_rescue_1dc5ca,youtube_cumbria_flood_rescue_1dc5ca.mp4,341,50.0,640,480,combined,detect_combined,Flooded,deeplabv3plus,True,False,0,tensorrt,tensorrt,tensorrt,19.41,19.41,50.97,51.52,6.72,18.12,24.84,1404.77,41.3,0.0,1404.77,41.3,0.0,115.34,54.52,3.4,173.26,0.2585,False,False
1780821680.9927623,youtube_cumbria_flood_rescue_1dc5ca,youtube_cumbria_flood_rescue_1dc5ca.mp4,342,50.0,640,480,combined,detect_combined,Flooded,deeplabv3plus,False,False,0,tensorrt,tensorrt,tensorrt,23.0,23.0,43.04,43.48,8.1,22.48,30.58,1404.78,35.9,0.0,1404.78,35.9,0.0,115.34,54.52,3.4,173.26,0.2198,False,False
1780821681.0931456,youtube_cumbria_flood_rescue_1dc5ca,youtube_cumbria_flood_rescue_1dc5ca.mp4,343,50.0,640,480,combined,detect_combined,Flooded,deeplabv3plus,False,False,1,tensorrt,tensorrt,tensorrt,18.25,18.25,53.36,54.79,6.63,19.24,25.869999999999997,1404.78,31.0,0.0,1404.78,31.0,0.0,115.34,54.52,3.4,173.26,0.2096,False,False
1780821681.1903574,youtube_cumbria_flood_rescue_1dc5ca,youtube_cumbria_flood_rescue_1dc5ca.mp4,344,50.0,640,480,combined,detect_combined,Flooded,deeplabv3plus,False,False,0,tensorrt,tensorrt,tensorrt,20.54,20.54,47.48,48.67,8.66,19.19,27.85,1404.78,31.6,0.0,1404.78,31.6,0.0,115.34,54.52,3.4,173.26,0.2148,False,False
1780821681.2536252,youtube_cumbria_flood_rescue_1dc5ca,youtube_cumbria_flood_rescue_1dc5ca.mp4,345,50.0,640,480,combined,detect_combined,Flooded,deeplabv3plus,False,False,0,tensorrt,tensorrt,tensorrt,30.98,30.98,31.93,32.28,5.61,9.92,15.530000000000001,1404.78,40.5,0.0,1404.78,40.5,0.0,115.34,54.52,3.4,173.26,0.2177,False,False
1780821681.3306744,youtube_cumbria_flood_rescue_1dc5ca,youtube_cumbria_flood_rescue_1dc5ca.mp4,346,50.0,640,480,combined,detect_combined,Non-Flooded,resnet18,True,False,1,tensorrt,tensorrt,tensorrt,23.83,23.83,40.84,41.96,4.96,13.77,18.73,1404.78,50.0,0.0,1404.78,50.0,0.0,115.34,54.52,3.4,173.26,0.1727,False,False
1780821681.405688,youtube_cumbria_flood_rescue_1dc5ca,youtube_cumbria_flood_rescue_1dc5ca.mp4,347,50.0,640,480,combined,detect_combined,Non-Flooded,resnet18,False,False,1,tensorrt,tensorrt,tensorrt,21.18,21.18,46.23,47.22,4.84,14.6,19.439999999999998,1404.78,46.5,0.0,1404.78,46.5,0.0,115.34,54.52,3.4,173.26,0.1957,False,False
1780821681.475392,youtube_cumbria_flood_rescue_1dc5ca,youtube_cumbria_flood_rescue_1dc5ca.mp4,348,50.0,640,480,combined,detect_combined,Flooded,deeplabv3plus,True,False,1,tensorrt,tensorrt,tensorrt,23.32,23.32,41.92,42.89,6.53,9.72,16.25,1404.78,47.6,0.0,1404.78,47.6,0.0,115.34,54.52,3.4,173.26,0.2016,False,False
1780821681.5448735,youtube_cumbria_flood_rescue_1dc5ca,youtube_cumbria_flood_rescue_1dc5ca.mp4,349,50.0,640,480,combined,detect_combined,Flooded,deeplabv3plus,False,False,1,tensorrt,tensorrt,tensorrt,27.54,27.54,35.33,36.31,7.52,10.99,18.509999999999998,1404.77,51.2,0.0,1404.77,51.2,0.0,115.34,54.52,3.4,173.26,0.2596,False,False
1780821681.619295,youtube_cumbria_flood_rescue_1dc5ca,youtube_cumbria_flood_rescue_1dc5ca.mp4,350,50.0,640,480,combined,detect_combined,Flooded,deeplabv3plus,False,False,1,tensorrt,tensorrt,tensorrt,21.53,21.53,44.73,46.44,4.79,11.33,16.12,1404.77,51.1,0.0,1404.77,51.1,0.0,115.34,54.52,3.4,173.26,0.2351,False,False
1780821681.6911933,youtube_cumbria_flood_rescue_1dc5ca,youtube_cumbria_flood_rescue_1dc5ca.mp4,351,50.0,640,480,combined,detect_combined,Flooded,deeplabv3plus,False,False,1,tensorrt,tensorrt,tensorrt,23.8,23.8,40.98,42.01,4.97,9.68,14.649999999999999,1404.77,31.7,0.0,1404.77,31.7,0.0,115.34,54.52,3.4,173.26,0.2247,False,False
1780821681.771202,youtube_cumbria_flood_rescue_1dc5ca,youtube_cumbria_flood_rescue_1dc5ca.mp4,352,50.0,640,480,combined,detect_combined,Flooded,deeplabv3plus,False,False,1,tensorrt,tensorrt,tensorrt,22.98,22.98,42.36,43.52,6.19,14.74,20.93,1404.77,36.2,0.0,1404.77,36.2,0.0,115.34,54.52,3.4,173.26,0.2573,False,False
1780821681.8623266,youtube_cumbria_flood_rescue_1dc5ca,youtube_cumbria_flood_rescue_1dc5ca.mp4,353,50.0,640,480,combined,detect_combined,Flooded,deeplabv3plus,False,False,1,tensorrt,tensorrt,tensorrt,20.33,20.33,47.86,49.2,6.78,21.55,28.330000000000002,1404.77,28.8,0.0,1404.77,28.8,0.0,115.34,54.52,3.4,173.26,0.2361,False,False
1780821681.9608552,youtube_cumbria_flood_rescue_1dc5ca,youtube_cumbria_flood_rescue_1dc5ca.mp4,354,50.0,640,480,combined,detect_combined,Flooded,deeplabv3plus,False,False,1,tensorrt,tensorrt,tensorrt,19.72,19.72,49.42,50.72,8.1,23.31,31.409999999999997,1404.77,37.1,0.0,1404.77,37.1,0.0,115.34,54.52,3.4,173.26,0.2356,False,False
1780821682.0334966,youtube_cumbria_flood_rescue_1dc5ca,youtube_cumbria_flood_rescue_1dc5ca.mp4,355,50.0,640,480,combined,detect_combined,Flooded,deeplabv3plus,False,False,1,tensorrt,tensorrt,tensorrt,24.09,24.09,40.63,41.52,5.37,10.24,15.61,1404.77,26.8,0.0,1404.77,26.8,0.0,115.34,54.52,3.4,173.26,0.2347,False,False
1780821682.123451,youtube_cumbria_flood_rescue_1dc5ca,youtube_cumbria_flood_rescue_1dc5ca.mp4,356,50.0,640,480,combined,detect_combined,Flooded,deeplabv3plus,False,False,1,tensorrt,tensorrt,tensorrt,20.08,20.08,48.68,49.79,7.29,15.44,22.73,1404.77,35.2,0.0,1404.77,35.2,0.0,115.34,54.52,3.4,173.26,0.3058,False,False
1780821682.2079926,youtube_cumbria_flood_rescue_1dc5ca,youtube_cumbria_flood_rescue_1dc5ca.mp4,357,50.0,640,480,combined,detect_combined,Flooded,deeplabv3plus,False,False,1,tensorrt,tensorrt,tensorrt,20.17,20.17,48.67,49.59,6.36,14.87,21.23,1404.77,32.7,0.0,1404.77,32.7,0.0,115.34,54.52,3.4,173.26,0.3261,False,False
1780821682.269136,youtube_cumbria_flood_rescue_1dc5ca,youtube_cumbria_flood_rescue_1dc5ca.mp4,358,50.0,640,480,combined,detect_combined,Flooded,deeplabv3plus,False,False,1,tensorrt,tensorrt,tensorrt,27.27,27.27,35.59,36.67,4.68,8.59,13.27,1404.77,33.3,0.0,1404.77,33.3,0.0,115.34,54.52,3.4,173.26,0.3427,False,False
1780821682.3374152,youtube_cumbria_flood_rescue_1dc5ca,youtube_cumbria_flood_rescue_1dc5ca.mp4,359,50.0,640,480,combined,detect_combined,Flooded,deeplabv3plus,False,False,1,tensorrt,tensorrt,tensorrt,22.84,22.84,42.47,43.78,4.96,9.99,14.95,1404.77,32.5,0.0,1404.77,32.5,0.0,115.34,54.52,3.4,173.26,0.2724,False,False
1780821682.4084072,youtube_cumbria_flood_rescue_1dc5ca,youtube_cumbria_flood_rescue_1dc5ca.mp4,360,50.0,640,480,combined,detect_combined,Flooded,deeplabv3plus,False,False,1,tensorrt,tensorrt,tensorrt,23.04,23.04,42.3,43.4,5.69,9.93,15.620000000000001,1404.77,36.4,0.0,1404.77,36.4,0.0,115.34,54.52,3.4,173.26,0.2337,False,False
1780821682.4852648,youtube_cumbria_flood_rescue_1dc5ca,youtube_cumbria_flood_rescue_1dc5ca.mp4,361,50.0,640,480,combined,detect_combined,Flooded,deeplabv3plus,False,False,1,tensorrt,tensorrt,tensorrt,21.05,21.05,46.65,47.51,5.16,16.99,22.15,1404.77,40.8,0.0,1404.77,40.8,0.0,115.34,54.52,3.4,173.26,0.2159,False,False
1780821682.5588844,youtube_cumbria_flood_rescue_1dc5ca,youtube_cumbria_flood_rescue_1dc5ca.mp4,362,50.0,640,480,combined,detect_combined,Flooded,deeplabv3plus,False,False,1,tensorrt,tensorrt,tensorrt,23.5,23.5,41.29,42.56,4.59,15.36,19.95,1404.77,27.9,0.0,1404.77,27.9,0.0,115.34,54.52,3.4,173.26,0.2563,False,False
1780821682.6396828,youtube_cumbria_flood_rescue_1dc5ca,youtube_cumbria_flood_rescue_1dc5ca.mp4,363,50.0,640,480,combined,detect_combined,Flooded,deeplabv3plus,False,False,1,tensorrt,tensorrt,tensorrt,21.07,21.07,46.32,47.46,6.34,12.69,19.03,1404.77,38.3,0.0,1404.77,38.3,0.0,115.34,54.52,3.4,173.26,0.2628,False,False
1780821682.7226286,youtube_cumbria_flood_rescue_1dc5ca,youtube_cumbria_flood_rescue_1dc5ca.mp4,364,50.0,640,480,combined,detect_combined,Flooded,deeplabv3plus,False,False,1,tensorrt,tensorrt,tensorrt,21.95,21.95,44.34,45.56,6.62,16.48,23.1,1404.77,54.0,0.0,1404.77,54.0,0.0,115.34,54.52,3.4,173.26,0.2725,False,False
1780821682.7980058,youtube_cumbria_flood_rescue_1dc5ca,youtube_cumbria_flood_rescue_1dc5ca.mp4,365,50.0,640,480,combined,detect_combined,Flooded,deeplabv3plus,False,False,1,tensorrt,tensorrt,tensorrt,25.91,25.91,37.43,38.6,5.68,10.65,16.33,1404.77,53.5,0.0,1404.77,53.5,0.0,115.34,54.52,3.4,173.26,0.2803,False,False
1780821682.8781867,youtube_cumbria_flood_rescue_1dc5ca,youtube_cumbria_flood_rescue_1dc5ca.mp4,366,50.0,640,480,combined,detect_combined,Flooded,deeplabv3plus,False,False,1,tensorrt,tensorrt,tensorrt,20.66,20.66,47.44,48.41,6.76,16.26,23.020000000000003,1404.77,46.7,0.0,1404.77,46.7,0.0,115.34,54.52,3.4,173.26,0.2478,False,False
1780821682.9625385,youtube_cumbria_flood_rescue_1dc5ca,youtube_cumbria_flood_rescue_1dc5ca.mp4,367,50.0,640,480,combined,detect_combined,Flooded,deeplabv3plus,False,False,1,tensorrt,tensorrt,tensorrt,20.0,20.0,48.71,50.01,6.43,15.64,22.07,1404.77,46.9,0.0,1404.77,46.9,0.0,115.34,54.52,3.4,173.26,0.2289,False,False
1780821683.054499,youtube_cumbria_flood_rescue_1dc5ca,youtube_cumbria_flood_rescue_1dc5ca.mp4,368,50.0,640,480,combined,detect_combined,Flooded,deeplabv3plus,False,False,1,tensorrt,tensorrt,tensorrt,18.24,18.24,53.49,54.83,6.8,19.84,26.64,1404.77,48.1,0.0,1404.77,48.1,0.0,115.34,54.52,3.4,173.26,0.2454,False,False
1780821683.1564753,youtube_cumbria_flood_rescue_1dc5ca,youtube_cumbria_flood_rescue_1dc5ca.mp4,369,50.0,640,480,combined,detect_combined,Non-Flooded,resnet18,True,False,1,tensorrt,tensorrt,tensorrt,17.61,17.61,55.3,56.79,8.72,18.74,27.46,1404.77,33.3,0.0,1404.77,33.3,0.0,115.34,54.52,3.4,173.26,0.1904,False,False
1780821683.2659514,youtube_cumbria_flood_rescue_1dc5ca,youtube_cumbria_flood_rescue_1dc5ca.mp4,370,50.0,640,480,combined,detect_combined,Flooded,deeplabv3plus,True,False,1,tensorrt,tensorrt,tensorrt,16.18,16.18,60.34,61.81,11.17,22.3,33.47,1404.77,33.3,0.0,1404.77,33.3,0.0,115.34,54.52,3.4,173.26,0.245,False,False
1780821683.363021,youtube_cumbria_flood_rescue_1dc5ca,youtube_cumbria_flood_rescue_1dc5ca.mp4,371,50.0,640,480,combined,detect_combined,Flooded,deeplabv3plus,False,False,1,tensorrt,tensorrt,tensorrt,20.33,20.33,47.79,49.18,6.46,14.41,20.87,1404.77,25.9,0.0,1404.77,25.9,0.0,115.34,54.52,3.4,173.26,0.2601,False,False
1780821683.45384,youtube_cumbria_flood_rescue_1dc5ca,youtube_cumbria_flood_rescue_1dc5ca.mp4,372,50.0,640,480,combined,detect_combined,Flooded,deeplabv3plus,False,False,1,tensorrt,tensorrt,tensorrt,18.83,18.83,51.9,53.11,8.88,18.92,27.800000000000004,1404.85,40.2,0.0,1404.85,40.2,0.0,115.34,54.52,3.4,173.26,0.2634,False,False
1780821683.5578663,youtube_cumbria_flood_rescue_1dc5ca,youtube_cumbria_flood_rescue_1dc5ca.mp4,373,50.0,640,480,combined,detect_combined,Flooded,deeplabv3plus,False,False,1,tensorrt,tensorrt,tensorrt,17.34,17.34,56.31,57.67,7.2,18.48,25.68,1404.84,37.5,0.0,1404.84,37.5,0.0,115.34,54.52,3.4,173.26,0.2396,False,False
1780821683.647732,youtube_cumbria_flood_rescue_1dc5ca,youtube_cumbria_flood_rescue_1dc5ca.mp4,374,50.0,640,480,combined,detect_combined,Flooded,deeplabv3plus,False,False,1,tensorrt,tensorrt,tensorrt,21.15,21.15,45.9,47.28,6.91,16.45,23.36,1404.84,33.3,0.0,1404.84,33.3,0.0,115.34,54.52,3.4,173.26,0.2257,False,False
1780821683.7374501,youtube_cumbria_flood_rescue_1dc5ca,youtube_cumbria_flood_rescue_1dc5ca.mp4,375,50.0,640,480,combined,detect_combined,Flooded,deeplabv3plus,False,False,1,tensorrt,tensorrt,tensorrt,19.2,19.2,50.68,52.08,6.71,16.83,23.54,1404.84,32.7,0.0,1404.84,32.7,0.0,115.34,54.52,3.4,173.26,0.2198,False,False
1780821683.837586,youtube_cumbria_flood_rescue_1dc5ca,youtube_cumbria_flood_rescue_1dc5ca.mp4,376,50.0,640,480,combined,detect_combined,Flooded,deeplabv3plus,False,False,1,tensorrt,tensorrt,tensorrt,18.78,18.78,51.63,53.24,8.06,19.06,27.119999999999997,1404.84,36.1,0.0,1404.84,36.1,0.0,115.34,54.52,3.4,173.26,0.2509,False,False
1780821683.9389482,youtube_cumbria_flood_rescue_1dc5ca,youtube_cumbria_flood_rescue_1dc5ca.mp4,377,50.0,640,480,combined,detect_combined,Flooded,deeplabv3plus,False,False,1,tensorrt,tensorrt,tensorrt,18.6,18.6,52.46,53.77,6.92,21.15,28.07,1404.84,45.8,0.0,1404.84,45.8,0.0,115.34,54.52,3.4,173.26,0.248,False,False
1780821684.0316324,youtube_cumbria_flood_rescue_1dc5ca,youtube_cumbria_flood_rescue_1dc5ca.mp4,378,50.0,640,480,combined,detect_combined,Flooded,deeplabv3plus,False,False,1,tensorrt,tensorrt,tensorrt,20.29,20.29,47.96,49.28,7.14,14.45,21.59,1404.84,51.8,0.0,1404.84,51.8,0.0,115.34,54.52,3.4,173.26,0.2134,False,False
1780821684.1266358,youtube_cumbria_flood_rescue_1dc5ca,youtube_cumbria_flood_rescue_1dc5ca.mp4,379,50.0,640,480,combined,detect_combined,Flooded,deeplabv3plus,False,False,1,tensorrt,tensorrt,tensorrt,18.65,18.65,52.31,53.61,10.75,19.83,30.58,1404.84,57.1,0.0,1404.84,57.1,0.0,115.34,54.52,3.4,173.26,0.2616,False,False
1780821684.2169797,youtube_cumbria_flood_rescue_1dc5ca,youtube_cumbria_flood_rescue_1dc5ca.mp4,380,50.0,640,480,combined,detect_combined,Non-Flooded,resnet18,True,False,1,tensorrt,tensorrt,tensorrt,19.09,19.09,51.25,52.39,4.94,18.15,23.09,1404.84,48.1,0.0,1404.84,48.1,0.0,115.34,54.52,3.4,173.26,0.1905,False,False
1780821684.2829614,youtube_cumbria_flood_rescue_1dc5ca,youtube_cumbria_flood_rescue_1dc5ca.mp4,381,50.0,640,480,combined,detect_combined,Non-Flooded,resnet18,False,False,1,tensorrt,tensorrt,tensorrt,30.57,30.57,31.84,32.71,5.95,8.26,14.21,1404.84,52.5,0.0,1404.84,52.5,0.0,115.34,54.52,3.4,173.26,0.1661,False,False
1780821684.3585246,youtube_cumbria_flood_rescue_1dc5ca,youtube_cumbria_flood_rescue_1dc5ca.mp4,382,50.0,640,480,combined,detect_combined,Non-Flooded,resnet18,False,False,1,tensorrt,tensorrt,tensorrt,22.47,22.47,43.65,44.51,5.24,14.55,19.79,1404.84,43.2,0.0,1404.84,43.2,0.0,115.34,54.52,3.4,173.26,0.1995,False,False
1780821684.4463274,youtube_cumbria_flood_rescue_1dc5ca,youtube_cumbria_flood_rescue_1dc5ca.mp4,383,50.0,640,480,combined,detect_combined,Non-Flooded,resnet18,False,False,1,tensorrt,tensorrt,tensorrt,19.18,19.18,51.04,52.14,5.43,17.64,23.07,1404.84,41.8,0.0,1404.84,41.8,0.0,115.34,54.52,3.4,173.26,0.184,False,False
1780821684.525376,youtube_cumbria_flood_rescue_1dc5ca,youtube_cumbria_flood_rescue_1dc5ca.mp4,384,50.0,640,480,combined,detect_combined,Non-Flooded,resnet18,False,False,1,tensorrt,tensorrt,tensorrt,21.48,21.48,45.28,46.55,6.32,12.11,18.43,1404.84,41.7,0.0,1404.84,41.7,0.0,115.34,54.52,3.4,173.26,0.1899,False,False
1780821684.600145,youtube_cumbria_flood_rescue_1dc5ca,youtube_cumbria_flood_rescue_1dc5ca.mp4,385,50.0,640,480,combined,detect_combined,Non-Flooded,resnet18,False,False,1,tensorrt,tensorrt,tensorrt,24.87,24.87,38.97,40.21,5.15,10.55,15.700000000000001,1404.84,26.8,0.0,1404.84,26.8,0.0,115.34,54.52,3.4,173.26,0.1763,False,False
1780821684.6833913,youtube_cumbria_flood_rescue_1dc5ca,youtube_cumbria_flood_rescue_1dc5ca.mp4,386,50.0,640,480,combined,detect_combined,Flooded,deeplabv3plus,True,False,2,tensorrt,tensorrt,tensorrt,21.58,21.58,44.34,46.33,5.81,11.6,17.41,1404.84,34.7,0.0,1404.84,34.7,0.0,115.34,54.52,3.4,173.26,0.2053,False,False
1780821684.7787144,youtube_cumbria_flood_rescue_1dc5ca,youtube_cumbria_flood_rescue_1dc5ca.mp4,387,50.0,640,480,combined,detect_combined,Non-Flooded,resnet18,True,False,1,tensorrt,tensorrt,tensorrt,18.08,18.08,53.82,55.31,6.61,22.12,28.73,1404.84,31.6,0.0,1404.84,31.6,0.0,115.34,54.52,3.4,173.26,0.1631,False,False
1780821684.8673728,youtube_cumbria_flood_rescue_1dc5ca,youtube_cumbria_flood_rescue_1dc5ca.mp4,388,50.0,640,480,combined,detect_combined,Non-Flooded,resnet18,False,False,1,tensorrt,tensorrt,tensorrt,20.25,20.25,48.02,49.38,6.81,14.63,21.44,1404.84,32.7,0.0,1404.84,32.7,0.0,115.34,54.52,3.4,173.26,0.1829,False,False
1780821684.968126,youtube_cumbria_flood_rescue_1dc5ca,youtube_cumbria_flood_rescue_1dc5ca.mp4,389,50.0,640,480,combined,detect_combined,Non-Flooded,resnet18,False,False,1,tensorrt,tensorrt,tensorrt,18.97,18.97,51.32,52.7,7.58,18.0,25.58,1404.84,42.9,0.0,1404.84,42.9,0.0,115.34,54.52,3.4,173.26,0.1643,False,False
1780821685.0739622,youtube_cumbria_flood_rescue_1dc5ca,youtube_cumbria_flood_rescue_1dc5ca.mp4,390,50.0,640,480,combined,detect_combined,Flooded,deeplabv3plus,True,False,1,tensorrt,tensorrt,tensorrt,16.15,16.15,60.45,61.93,6.41,21.49,27.9,1404.84,44.3,0.0,1404.84,44.3,0.0,115.34,54.52,3.4,173.26,0.2059,False,False
1780821685.1594598,youtube_cumbria_flood_rescue_1dc5ca,youtube_cumbria_flood_rescue_1dc5ca.mp4,391,50.0,640,480,combined,detect_combined,Flooded,deeplabv3plus,False,False,1,tensorrt,tensorrt,tensorrt,21.0,21.0,46.25,47.61,7.73,17.1,24.830000000000002,1404.84,46.0,0.0,1404.84,46.0,0.0,115.34,54.52,3.4,173.26,0.204,False,False
1780821685.2538025,youtube_cumbria_flood_rescue_1dc5ca,youtube_cumbria_flood_rescue_1dc5ca.mp4,392,50.0,640,480,combined,detect_combined,Non-Flooded,resnet18,True,False,1,tensorrt,tensorrt,tensorrt,17.34,17.34,55.38,57.67,7.12,15.07,22.19,1404.84,56.4,0.0,1404.84,56.4,0.0,115.34,54.52,3.4,173.26,0.1636,False,False
1780821685.3268008,youtube_cumbria_flood_rescue_1dc5ca,youtube_cumbria_flood_rescue_1dc5ca.mp4,393,50.0,640,480,combined,detect_combined,Non-Flooded,resnet18,False,False,1,tensorrt,tensorrt,tensorrt,25.71,25.71,37.83,38.9,5.11,9.22,14.330000000000002,1404.84,57.8,0.0,1404.84,57.8,0.0,115.34,54.52,3.4,173.26,0.1937,False,False
1780821685.394119,youtube_cumbria_flood_rescue_1dc5ca,youtube_cumbria_flood_rescue_1dc5ca.mp4,394,50.0,640,480,combined,detect_combined,Non-Flooded,resnet18,False,False,1,tensorrt,tensorrt,tensorrt,24.39,24.39,40.04,41.01,4.99,9.53,14.52,1404.84,50.0,0.0,1404.84,50.0,0.0,115.34,54.52,3.4,173.26,0.1936,False,False
1780821685.4623682,youtube_cumbria_flood_rescue_1dc5ca,youtube_cumbria_flood_rescue_1dc5ca.mp4,395,50.0,640,480,combined,detect_combined,Non-Flooded,resnet18,False,False,1,tensorrt,tensorrt,tensorrt,25.08,25.08,38.76,39.87,4.5,8.82,13.32,1404.84,51.2,0.0,1404.84,51.2,0.0,115.34,54.52,3.4,173.26,0.1901,False,False
1780821685.538975,youtube_cumbria_flood_rescue_1dc5ca,youtube_cumbria_flood_rescue_1dc5ca.mp4,396,50.0,640,480,combined,detect_combined,Flooded,deeplabv3plus,True,False,1,tensorrt,tensorrt,tensorrt,21.58,21.58,45.27,46.33,4.76,13.81,18.57,1404.84,46.5,0.0,1404.84,46.5,0.0,115.34,54.52,3.4,173.26,0.2108,False,False
1780821685.6068516,youtube_cumbria_flood_rescue_1dc5ca,youtube_cumbria_flood_rescue_1dc5ca.mp4,397,50.0,640,480,combined,detect_combined,Flooded,deeplabv3plus,False,False,1,tensorrt,tensorrt,tensorrt,28.69,28.69,33.75,34.86,4.47,14.47,18.94,1404.84,50.0,0.0,1404.84,50.0,0.0,115.34,54.52,3.4,173.26,0.2349,False,False
1780821685.6748867,youtube_cumbria_flood_rescue_1dc5ca,youtube_cumbria_flood_rescue_1dc5ca.mp4,398,50.0,640,480,combined,detect_combined,Flooded,deeplabv3plus,False,False,1,tensorrt,tensorrt,tensorrt,26.06,26.06,37.43,38.37,6.03,9.3,15.330000000000002,1404.84,35.9,0.0,1404.84,35.9,0.0,115.34,54.52,3.4,173.26,0.2022,False,False
1780821685.740705,youtube_cumbria_flood_rescue_1dc5ca,youtube_cumbria_flood_rescue_1dc5ca.mp4,399,50.0,640,480,combined,detect_combined,Non-Flooded,resnet18,True,False,1,tensorrt,tensorrt,tensorrt,30.56,30.56,31.76,32.72,4.18,11.0,15.18,1404.83,33.3,0.0,1404.83,33.3,0.0,115.34,54.52,3.4,173.26,0.1936,False,False
1780821685.8252273,youtube_cumbria_flood_rescue_1dc5ca,youtube_cumbria_flood_rescue_1dc5ca.mp4,400,50.0,640,480,combined,detect_combined,Flooded,deeplabv3plus,True,False,1,tensorrt,tensorrt,tensorrt,23.41,23.41,40.45,42.72,6.03,10.04,16.07,1404.83,39.6,0.0,1404.83,39.6,0.0,115.34,54.52,3.4,173.26,0.2117,False,False
1780821685.9228885,youtube_cumbria_flood_rescue_1dc5ca,youtube_cumbria_flood_rescue_1dc5ca.mp4,401,50.0,640,480,combined,detect_combined,Non-Flooded,resnet18,True,False,1,tensorrt,tensorrt,tensorrt,14.91,14.91,64.14,67.08,5.68,14.73,20.41,1404.83,41.4,0.0,1404.83,41.4,0.0,115.34,54.52,3.4,173.26,0.1801,False,False
1780821686.0049877,youtube_cumbria_flood_rescue_1dc5ca,youtube_cumbria_flood_rescue_1dc5ca.mp4,402,50.0,640,480,combined,detect_combined,Flooded,deeplabv3plus,True,False,1,tensorrt,tensorrt,tensorrt,22.54,22.54,42.84,44.37,7.46,13.37,20.83,1404.83,50.0,0.0,1404.83,50.0,0.0,115.34,54.52,3.4,173.26,0.2112,False,False
1780821686.082621,youtube_cumbria_flood_rescue_1dc5ca,youtube_cumbria_flood_rescue_1dc5ca.mp4,403,50.0,640,480,combined,detect_combined,Flooded,deeplabv3plus,False,False,1,tensorrt,tensorrt,tensorrt,27.02,27.02,35.95,37.01,4.79,10.27,15.059999999999999,1404.83,31.8,0.0,1404.83,31.8,0.0,115.34,54.52,3.4,173.26,0.254,False,False
1780821686.1494966,youtube_cumbria_flood_rescue_1dc5ca,youtube_cumbria_flood_rescue_1dc5ca.mp4,404,50.0,640,480,combined,detect_combined,Flooded,deeplabv3plus,False,False,1,tensorrt,tensorrt,tensorrt,25.63,25.63,38.09,39.02,4.55,10.25,14.8,1404.83,30.8,0.0,1404.83,30.8,0.0,115.34,54.52,3.4,173.26,0.2212,False,False
1780821686.219061,youtube_cumbria_flood_rescue_1dc5ca,youtube_cumbria_flood_rescue_1dc5ca.mp4,405,50.0,640,480,combined,detect_combined,Non-Flooded,resnet18,True,False,1,tensorrt,tensorrt,tensorrt,22.73,22.73,42.89,44.0,5.08,9.91,14.99,1404.83,30.0,0.0,1404.83,30.0,0.0,115.34,54.52,3.4,173.26,0.1745,False,False
1780821686.29207,youtube_cumbria_flood_rescue_1dc5ca,youtube_cumbria_flood_rescue_1dc5ca.mp4,406,50.0,640,480,combined,detect_combined,Flooded,deeplabv3plus,True,False,1,tensorrt,tensorrt,tensorrt,23.81,23.81,40.14,42.0,5.43,9.71,15.14,1404.83,31.8,0.0,1404.83,31.8,0.0,115.34,54.52,3.4,173.26,0.2486,False,False
1780821686.3727977,youtube_cumbria_flood_rescue_1dc5ca,youtube_cumbria_flood_rescue_1dc5ca.mp4,407,50.0,640,480,combined,detect_combined,Flooded,deeplabv3plus,False,False,1,tensorrt,tensorrt,tensorrt,19.69,19.69,49.68,50.78,5.01,16.13,21.14,1404.83,30.6,0.0,1404.83,30.6,0.0,115.34,54.52,3.4,173.26,0.2939,False,False
1780821686.4499052,youtube_cumbria_flood_rescue_1dc5ca,youtube_cumbria_flood_rescue_1dc5ca.mp4,408,50.0,640,480,combined,detect_combined,Flooded,deeplabv3plus,False,False,1,tensorrt,tensorrt,tensorrt,21.93,21.93,44.25,45.6,5.01,16.79,21.799999999999997,1404.83,33.3,0.0,1404.83,33.3,0.0,115.34,54.52,3.4,173.26,0.3318,False,False
1780821686.514667,youtube_cumbria_flood_rescue_1dc5ca,youtube_cumbria_flood_rescue_1dc5ca.mp4,409,50.0,640,480,combined,detect_combined,Flooded,deeplabv3plus,False,False,1,tensorrt,tensorrt,tensorrt,29.47,29.47,33.06,33.93,4.51,8.42,12.93,1404.83,53.8,0.0,1404.83,53.8,0.0,115.34,54.52,3.4,173.26,0.3524,False,False
1780821686.5860004,youtube_cumbria_flood_rescue_1dc5ca,youtube_cumbria_flood_rescue_1dc5ca.mp4,410,50.0,640,480,combined,detect_combined,Flooded,deeplabv3plus,False,False,1,tensorrt,tensorrt,tensorrt,23.79,23.79,41.16,42.04,5.15,11.88,17.03,1404.83,48.8,0.0,1404.83,48.8,0.0,115.34,54.52,3.4,173.26,0.3253,False,False
1780821686.6576817,youtube_cumbria_flood_rescue_1dc5ca,youtube_cumbria_flood_rescue_1dc5ca.mp4,411,50.0,640,480,combined,detect_combined,Flooded,deeplabv3plus,False,False,1,tensorrt,tensorrt,tensorrt,23.38,23.38,41.52,42.77,5.7,10.54,16.24,1404.83,51.2,0.0,1404.83,51.2,0.0,115.34,54.52,3.4,173.26,0.3529,False,False
1780821686.733688,youtube_cumbria_flood_rescue_1dc5ca,youtube_cumbria_flood_rescue_1dc5ca.mp4,412,50.0,640,480,combined,detect_combined,Flooded,deeplabv3plus,False,False,1,tensorrt,tensorrt,tensorrt,22.41,22.41,43.61,44.63,4.44,9.25,13.690000000000001,1404.83,52.2,0.0,1404.83,52.2,0.0,115.34,54.52,3.4,173.26,0.3185,False,False
1780821686.8107715,youtube_cumbria_flood_rescue_1dc5ca,youtube_cumbria_flood_rescue_1dc5ca.mp4,413,50.0,640,480,combined,detect_combined,Flooded,deeplabv3plus,False,False,1,tensorrt,tensorrt,tensorrt,25.86,25.86,37.67,38.66,4.8,16.7,21.5,1404.82,47.8,0.0,1404.82,47.8,0.0,115.34,54.52,3.4,173.26,0.3333,False,False
1780821686.8813448,youtube_cumbria_flood_rescue_1dc5ca,youtube_cumbria_flood_rescue_1dc5ca.mp4,414,50.0,640,480,combined,detect_combined,Flooded,deeplabv3plus,False,False,1,tensorrt,tensorrt,tensorrt,23.09,23.09,42.35,43.3,4.36,11.07,15.43,1404.82,48.7,0.0,1404.82,48.7,0.0,115.34,54.52,3.4,173.26,0.3353,False,False
1780821686.952165,youtube_cumbria_flood_rescue_1dc5ca,youtube_cumbria_flood_rescue_1dc5ca.mp4,415,50.0,640,480,combined,detect_combined,Flooded,deeplabv3plus,False,False,1,tensorrt,tensorrt,tensorrt,23.16,23.16,41.62,43.18,4.73,8.42,13.15,1404.82,55.8,0.0,1404.82,55.8,0.0,115.34,54.52,3.4,173.26,0.3315,False,False
1780821687.0151296,youtube_cumbria_flood_rescue_1dc5ca,youtube_cumbria_flood_rescue_1dc5ca.mp4,416,50.0,640,480,combined,detect_combined,Flooded,deeplabv3plus,False,False,1,tensorrt,tensorrt,tensorrt,27.11,27.11,35.97,36.89,4.92,8.44,13.36,1404.82,64.9,0.0,1404.82,64.9,0.0,115.34,54.52,3.4,173.26,0.2927,False,False
1780821687.0799959,youtube_cumbria_flood_rescue_1dc5ca,youtube_cumbria_flood_rescue_1dc5ca.mp4,417,50.0,640,480,combined,detect_combined,Flooded,deeplabv3plus,False,False,1,tensorrt,tensorrt,tensorrt,23.97,23.97,40.81,41.72,5.6,8.62,14.219999999999999,1404.82,56.4,0.0,1404.82,56.4,0.0,115.34,54.52,3.4,173.26,0.2873,False,False
1780821687.1515088,youtube_cumbria_flood_rescue_1dc5ca,youtube_cumbria_flood_rescue_1dc5ca.mp4,418,50.0,640,480,combined,detect_combined,Flooded,deeplabv3plus,False,False,1,tensorrt,tensorrt,tensorrt,21.56,21.56,44.86,46.38,7.57,8.39,15.96,1404.82,52.5,0.0,1404.82,52.5,0.0,115.34,54.52,3.4,173.26,0.2784,False,False
1780821687.2130656,youtube_cumbria_flood_rescue_1dc5ca,youtube_cumbria_flood_rescue_1dc5ca.mp4,419,50.0,640,480,combined,detect_combined,Flooded,deeplabv3plus,False,False,1,tensorrt,tensorrt,tensorrt,26.51,26.51,36.81,37.72,5.53,8.51,14.04,1404.82,50.0,0.0,1404.82,50.0,0.0,115.34,54.52,3.4,173.26,0.2581,False,False
1780821687.2849088,youtube_cumbria_flood_rescue_1dc5ca,youtube_cumbria_flood_rescue_1dc5ca.mp4,420,50.0,640,480,combined,detect_combined,Flooded,deeplabv3plus,False,False,1,tensorrt,tensorrt,tensorrt,21.37,21.37,45.68,46.8,6.22,8.67,14.89,1404.82,43.9,0.0,1404.82,43.9,0.0,115.34,54.52,3.4,173.26,0.2458,False,False
1780821687.3569255,youtube_cumbria_flood_rescue_1dc5ca,youtube_cumbria_flood_rescue_1dc5ca.mp4,421,50.0,640,480,combined,detect_combined,Flooded,deeplabv3plus,False,False,1,tensorrt,tensorrt,tensorrt,21.89,21.89,44.71,45.69,5.01,14.43,19.439999999999998,1404.82,46.5,0.0,1404.82,46.5,0.0,115.34,54.52,3.4,173.26,0.2764,False,False
1780821687.4208765,youtube_cumbria_flood_rescue_1dc5ca,youtube_cumbria_flood_rescue_1dc5ca.mp4,422,50.0,640,480,combined,detect_combined,Flooded,deeplabv3plus,False,False,1,tensorrt,tensorrt,tensorrt,26.42,26.42,37.01,37.86,4.59,10.86,15.45,1404.82,34.2,0.0,1404.82,34.2,0.0,115.34,54.52,3.4,173.26,0.241,False,False
1780821687.4880517,youtube_cumbria_flood_rescue_1dc5ca,youtube_cumbria_flood_rescue_1dc5ca.mp4,423,50.0,640,480,combined,detect_combined,Flooded,deeplabv3plus,False,False,1,tensorrt,tensorrt,tensorrt,26.11,26.11,37.42,38.3,5.11,8.0,13.11,1404.82,33.3,0.0,1404.82,33.3,0.0,115.34,54.52,3.4,173.26,0.2487,False,False
1780821687.5561595,youtube_cumbria_flood_rescue_1dc5ca,youtube_cumbria_flood_rescue_1dc5ca.mp4,424,50.0,640,480,combined,detect_combined,Flooded,deeplabv3plus,False,False,1,tensorrt,tensorrt,tensorrt,24.53,24.53,39.75,40.76,6.78,8.82,15.600000000000001,1404.82,41.0,0.0,1404.82,41.0,0.0,115.34,54.52,3.4,173.26,0.2548,False,False
1780821687.6259904,youtube_cumbria_flood_rescue_1dc5ca,youtube_cumbria_flood_rescue_1dc5ca.mp4,425,50.0,640,480,combined,detect_combined,Flooded,deeplabv3plus,False,False,1,tensorrt,tensorrt,tensorrt,23.9,23.9,40.76,41.84,4.97,9.48,14.45,1404.82,31.7,0.0,1404.82,31.7,0.0,115.34,54.52,3.4,173.26,0.2593,False,False
1780821687.6913884,youtube_cumbria_flood_rescue_1dc5ca,youtube_cumbria_flood_rescue_1dc5ca.mp4,426,50.0,640,480,combined,detect_combined,Flooded,deeplabv3plus,False,False,1,tensorrt,tensorrt,tensorrt,27.6,27.6,35.42,36.24,4.76,12.58,17.34,1404.82,33.3,0.0,1404.82,33.3,0.0,115.34,54.52,3.4,173.26,0.29,False,False
1780821687.767583,youtube_cumbria_flood_rescue_1dc5ca,youtube_cumbria_flood_rescue_1dc5ca.mp4,427,50.0,640,480,combined,detect_combined,Flooded,deeplabv3plus,False,False,1,tensorrt,tensorrt,tensorrt,24.52,24.52,39.82,40.78,5.51,10.34,15.85,1404.82,36.4,0.0,1404.82,36.4,0.0,115.34,54.52,3.4,173.26,0.3219,False,False
1780821687.850585,youtube_cumbria_flood_rescue_1dc5ca,youtube_cumbria_flood_rescue_1dc5ca.mp4,428,50.0,640,480,combined,detect_combined,Flooded,deeplabv3plus,False,False,1,tensorrt,tensorrt,tensorrt,22.82,22.82,42.77,43.83,5.68,13.74,19.42,1404.82,34.7,0.0,1404.82,34.7,0.0,115.34,54.52,3.4,173.26,0.3171,False,False
1780821687.9334838,youtube_cumbria_flood_rescue_1dc5ca,youtube_cumbria_flood_rescue_1dc5ca.mp4,429,50.0,640,480,combined,detect_combined,Flooded,deeplabv3plus,False,False,1,tensorrt,tensorrt,tensorrt,21.42,21.42,45.47,46.69,5.71,15.68,21.39,1404.82,34.0,0.0,1404.82,34.0,0.0,115.34,54.52,3.4,173.26,0.3083,False,False
1780821688.0184233,youtube_cumbria_flood_rescue_1dc5ca,youtube_cumbria_flood_rescue_1dc5ca.mp4,430,50.0,640,480,combined,detect_combined,Flooded,deeplabv3plus,False,False,1,tensorrt,tensorrt,tensorrt,22.38,22.38,43.41,44.68,6.74,15.63,22.37,1404.82,41.7,0.0,1404.82,41.7,0.0,115.34,54.52,3.4,173.26,0.3103,False,False
1780821688.1101487,youtube_cumbria_flood_rescue_1dc5ca,youtube_cumbria_flood_rescue_1dc5ca.mp4,431,50.0,640,480,combined,detect_combined,Flooded,deeplabv3plus,False,False,1,tensorrt,tensorrt,tensorrt,18.25,18.25,53.69,54.79,10.42,16.43,26.85,1404.82,52.6,0.0,1404.82,52.6,0.0,115.34,54.52,3.4,173.26,0.3291,False,False
1780821688.1978552,youtube_cumbria_flood_rescue_1dc5ca,youtube_cumbria_flood_rescue_1dc5ca.mp4,432,50.0,640,480,combined,detect_combined,Flooded,deeplabv3plus,False,False,1,tensorrt,tensorrt,tensorrt,18.97,18.97,51.37,52.7,6.14,19.74,25.88,1404.82,48.1,0.0,1404.82,48.1,0.0,115.34,54.52,3.4,173.26,0.3358,False,False
1780821688.2824092,youtube_cumbria_flood_rescue_1dc5ca,youtube_cumbria_flood_rescue_1dc5ca.mp4,433,50.0,640,480,combined,detect_combined,Flooded,deeplabv3plus,False,False,1,tensorrt,tensorrt,tensorrt,24.32,24.32,40.22,41.12,5.55,14.86,20.41,1404.82,52.9,0.0,1404.82,52.9,0.0,115.34,54.52,3.4,173.26,0.363,False,False
1780821688.3555813,youtube_cumbria_flood_rescue_1dc5ca,youtube_cumbria_flood_rescue_1dc5ca.mp4,434,50.0,640,480,combined,detect_combined,Flooded,deeplabv3plus,False,False,1,tensorrt,tensorrt,tensorrt,23.9,23.9,40.91,41.84,4.56,9.35,13.91,1404.82,42.9,0.0,1404.82,42.9,0.0,115.34,54.52,3.4,173.26,0.3901,False,False
1780821688.460094,youtube_cumbria_flood_rescue_1dc5ca,youtube_cumbria_flood_rescue_1dc5ca.mp4,435,50.0,640,480,combined,detect_combined,Flooded,deeplabv3plus,False,False,1,tensorrt,tensorrt,tensorrt,15.01,15.01,65.56,66.62,6.34,20.04,26.38,1404.82,43.1,0.0,1404.82,43.1,0.0,115.34,54.52,3.4,173.26,0.3584,False,False
1780821688.5409846,youtube_cumbria_flood_rescue_1dc5ca,youtube_cumbria_flood_rescue_1dc5ca.mp4,436,50.0,640,480,combined,detect_combined,Flooded,deeplabv3plus,False,False,1,tensorrt,tensorrt,tensorrt,25.4,25.4,37.93,39.37,7.1,12.83,19.93,1404.82,46.8,0.0,1404.82,46.8,0.0,115.34,54.52,3.4,173.26,0.3529,False,False
1780821688.621794,youtube_cumbria_flood_rescue_1dc5ca,youtube_cumbria_flood_rescue_1dc5ca.mp4,437,50.0,640,480,combined,detect_combined,Flooded,deeplabv3plus,False,False,1,tensorrt,tensorrt,tensorrt,21.83,21.83,44.72,45.8,8.09,12.54,20.63,1404.82,37.5,0.0,1404.82,37.5,0.0,115.34,54.52,3.4,173.26,0.3264,False,False
1780821688.698064,youtube_cumbria_flood_rescue_1dc5ca,youtube_cumbria_flood_rescue_1dc5ca.mp4,438,50.0,640,480,combined,detect_combined,Flooded,deeplabv3plus,False,False,1,tensorrt,tensorrt,tensorrt,21.74,21.74,44.79,46.01,5.83,11.64,17.47,1404.82,33.3,0.0,1404.82,33.3,0.0,115.34,54.52,3.4,173.26,0.3253,False,False
1780821688.7839031,youtube_cumbria_flood_rescue_1dc5ca,youtube_cumbria_flood_rescue_1dc5ca.mp4,439,50.0,640,480,combined,detect_combined,Flooded,deeplabv3plus,False,False,1,tensorrt,tensorrt,tensorrt,20.35,20.35,47.87,49.14,6.32,12.96,19.28,1404.82,30.6,0.0,1404.82,30.6,0.0,115.34,54.52,3.4,173.26,0.3492,False,False
1780821688.871927,youtube_cumbria_flood_rescue_1dc5ca,youtube_cumbria_flood_rescue_1dc5ca.mp4,440,50.0,640,480,combined,detect_combined,Flooded,deeplabv3plus,False,False,1,tensorrt,tensorrt,tensorrt,19.28,19.28,50.58,51.87,6.22,14.46,20.68,1404.82,33.3,0.0,1404.82,33.3,0.0,115.34,54.52,3.4,173.26,0.339,False,False
1780821688.9743848,youtube_cumbria_flood_rescue_1dc5ca,youtube_cumbria_flood_rescue_1dc5ca.mp4,441,50.0,640,480,combined,detect_combined,Flooded,deeplabv3plus,False,False,1,tensorrt,tensorrt,tensorrt,17.46,17.46,55.94,57.28,7.05,20.01,27.060000000000002,1404.82,35.0,0.0,1404.82,35.0,0.0,115.34,54.52,3.4,173.26,0.3385,False,False
1780821689.0763617,youtube_cumbria_flood_rescue_1dc5ca,youtube_cumbria_flood_rescue_1dc5ca.mp4,442,50.0,640,480,combined,detect_combined,Flooded,deeplabv3plus,False,False,1,tensorrt,tensorrt,tensorrt,19.0,19.0,51.31,52.64,10.14,23.18,33.32,1404.82,32.8,0.0,1404.82,32.8,0.0,115.34,54.52,3.4,173.26,0.3364,False,False
1780821689.1792521,youtube_cumbria_flood_rescue_1dc5ca,youtube_cumbria_flood_rescue_1dc5ca.mp4,443,50.0,640,480,combined,detect_combined,Flooded,deeplabv3plus,False,False,1,tensorrt,tensorrt,tensorrt,18.31,18.31,53.26,54.63,8.21,21.17,29.380000000000003,1404.82,31.1,0.0,1404.82,31.1,0.0,115.34,54.52,3.4,173.26,0.3389,False,False
1780821689.279522,youtube_cumbria_flood_rescue_1dc5ca,youtube_cumbria_flood_rescue_1dc5ca.mp4,444,50.0,640,480,combined,detect_combined,Flooded,deeplabv3plus,False,False,1,tensorrt,tensorrt,tensorrt,18.66,18.66,52.25,53.59,7.38,22.87,30.25,1404.82,33.3,0.0,1404.82,33.3,0.0,115.34,54.52,3.4,173.26,0.3582,False,False
1780821689.3827488,youtube_cumbria_flood_rescue_1dc5ca,youtube_cumbria_flood_rescue_1dc5ca.mp4,445,50.0,640,480,combined,detect_combined,Flooded,deeplabv3plus,False,False,1,tensorrt,tensorrt,tensorrt,18.42,18.42,52.85,54.28,6.98,22.54,29.52,1404.82,49.2,0.0,1404.82,49.2,0.0,115.34,54.52,3.4,173.26,0.3248,False,False
1780821689.4914162,youtube_cumbria_flood_rescue_1dc5ca,youtube_cumbria_flood_rescue_1dc5ca.mp4,446,50.0,640,480,combined,detect_combined,Flooded,deeplabv3plus,False,False,1,tensorrt,tensorrt,tensorrt,15.92,15.92,61.49,62.81,9.14,23.87,33.010000000000005,1404.82,49.3,0.0,1404.82,49.3,0.0,115.34,54.52,3.4,173.26,0.3442,False,False
1780821689.5865748,youtube_cumbria_flood_rescue_1dc5ca,youtube_cumbria_flood_rescue_1dc5ca.mp4,447,50.0,640,480,combined,detect_combined,Flooded,deeplabv3plus,False,False,1,tensorrt,tensorrt,tensorrt,18.98,18.98,51.31,52.68,6.31,15.82,22.13,1404.82,50.0,0.0,1404.82,50.0,0.0,115.34,54.52,3.4,173.26,0.3577,False,False
1780821689.6747913,youtube_cumbria_flood_rescue_1dc5ca,youtube_cumbria_flood_rescue_1dc5ca.mp4,448,50.0,640,480,combined,detect_combined,Flooded,deeplabv3plus,False,False,1,tensorrt,tensorrt,tensorrt,19.72,19.72,49.84,50.72,6.93,14.36,21.29,1404.82,42.0,0.0,1404.82,42.0,0.0,115.34,54.52,3.4,173.26,0.3303,False,False
1780821689.7569451,youtube_cumbria_flood_rescue_1dc5ca,youtube_cumbria_flood_rescue_1dc5ca.mp4,449,50.0,640,480,combined,detect_combined,Flooded,deeplabv3plus,False,False,1,tensorrt,tensorrt,tensorrt,18.84,18.84,52.21,53.08,5.34,13.16,18.5,1404.81,32.7,0.0,1404.81,32.7,0.0,115.34,54.52,3.4,173.26,0.3357,False,False
1780821689.8443675,youtube_cumbria_flood_rescue_1dc5ca,youtube_cumbria_flood_rescue_1dc5ca.mp4,450,50.0,640,480,combined,detect_combined,Flooded,deeplabv3plus,False,False,1,tensorrt,tensorrt,tensorrt,17.77,17.77,54.03,56.26,6.05,13.07,19.12,1404.81,34.0,0.0,1404.81,34.0,0.0,115.34,54.52,3.4,173.26,0.3196,False,False
1780821689.9248521,youtube_cumbria_flood_rescue_1dc5ca,youtube_cumbria_flood_rescue_1dc5ca.mp4,451,50.0,640,480,combined,detect_combined,Flooded,deeplabv3plus,False,False,1,tensorrt,tensorrt,tensorrt,22.74,22.74,42.78,43.97,4.78,15.26,20.04,1404.81,31.9,0.0,1404.81,31.9,0.0,115.34,54.52,3.4,173.26,0.3245,False,False
1780821689.9993348,youtube_cumbria_flood_rescue_1dc5ca,youtube_cumbria_flood_rescue_1dc5ca.mp4,452,50.0,640,480,combined,detect_combined,Flooded,deeplabv3plus,False,False,1,tensorrt,tensorrt,tensorrt,23.04,23.04,42.42,43.41,5.64,10.73,16.37,1404.81,31.7,0.0,1404.81,31.7,0.0,115.34,54.52,3.4,173.26,0.2952,False,False
1780821690.0832992,youtube_cumbria_flood_rescue_1dc5ca,youtube_cumbria_flood_rescue_1dc5ca.mp4,453,50.0,640,480,combined,detect_combined,Flooded,deeplabv3plus,False,False,1,tensorrt,tensorrt,tensorrt,21.29,21.29,46.0,46.96,6.24,17.82,24.060000000000002,1404.81,36.7,0.0,1404.81,36.7,0.0,115.34,54.52,3.4,173.26,0.2914,False,False
1780821690.1544833,youtube_cumbria_flood_rescue_1dc5ca,youtube_cumbria_flood_rescue_1dc5ca.mp4,454,50.0,640,480,combined,detect_combined,Flooded,deeplabv3plus,False,False,1,tensorrt,tensorrt,tensorrt,27.02,27.02,36.08,37.01,4.92,10.11,15.03,1404.81,31.0,0.0,1404.81,31.0,0.0,115.34,54.52,3.4,173.26,0.3122,False,False
1780821690.2327075,youtube_cumbria_flood_rescue_1dc5ca,youtube_cumbria_flood_rescue_1dc5ca.mp4,455,50.0,640,480,combined,detect_combined,Flooded,deeplabv3plus,False,False,2,tensorrt,tensorrt,tensorrt,19.97,19.97,48.59,50.08,5.72,17.04,22.759999999999998,1404.81,36.7,0.0,1404.81,36.7,0.0,115.34,54.52,3.4,173.26,0.3493,False,False
1780821690.3248122,youtube_cumbria_flood_rescue_1dc5ca,youtube_cumbria_flood_rescue_1dc5ca.mp4,456,50.0,640,480,combined,detect_combined,Flooded,deeplabv3plus,False,False,1,tensorrt,tensorrt,tensorrt,24.47,24.47,39.66,40.87,7.67,16.39,24.060000000000002,1404.81,28.3,0.0,1404.81,28.3,0.0,115.34,54.52,3.4,173.26,0.3226,False,False
1780821690.4178314,youtube_cumbria_flood_rescue_1dc5ca,youtube_cumbria_flood_rescue_1dc5ca.mp4,457,50.0,640,480,combined,detect_combined,Flooded,deeplabv3plus,False,False,2,tensorrt,tensorrt,tensorrt,19.69,19.69,49.57,50.78,5.47,17.37,22.84,1404.81,35.1,0.0,1404.81,35.1,0.0,115.34,54.52,3.4,173.26,0.3305,False,False
1780821690.4998012,youtube_cumbria_flood_rescue_1dc5ca,youtube_cumbria_flood_rescue_1dc5ca.mp4,458,50.0,640,480,combined,detect_combined,Flooded,deeplabv3plus,False,False,1,tensorrt,tensorrt,tensorrt,21.36,21.36,45.61,46.82,6.38,16.75,23.13,1404.81,34.0,0.0,1404.81,34.0,0.0,115.34,54.52,3.4,173.26,0.3407,False,False
1780821690.5818691,youtube_cumbria_flood_rescue_1dc5ca,youtube_cumbria_flood_rescue_1dc5ca.mp4,459,50.0,640,480,combined,detect_combined,Flooded,deeplabv3plus,False,False,2,tensorrt,tensorrt,tensorrt,21.76,21.76,44.81,45.97,6.32,15.98,22.3,1404.81,48.0,0.0,1404.81,48.0,0.0,115.34,54.52,3.4,173.26,0.3407,False,False
1780821690.6476574,youtube_cumbria_flood_rescue_1dc5ca,youtube_cumbria_flood_rescue_1dc5ca.mp4,460,50.0,640,480,combined,detect_combined,Flooded,deeplabv3plus,False,False,1,tensorrt,tensorrt,tensorrt,26.9,26.9,36.07,37.18,4.14,8.42,12.559999999999999,1404.81,55.3,0.0,1404.81,55.3,0.0,115.34,54.52,3.4,173.26,0.3396,False,False
1780821690.726122,youtube_cumbria_flood_rescue_1dc5ca,youtube_cumbria_flood_rescue_1dc5ca.mp4,461,50.0,640,480,combined,detect_combined,Flooded,deeplabv3plus,False,False,1,tensorrt,tensorrt,tensorrt,21.62,21.62,45.2,46.26,5.08,13.63,18.71,1404.81,46.7,0.0,1404.81,46.7,0.0,115.34,54.52,3.4,173.26,0.3452,False,False
1780821690.8093166,youtube_cumbria_flood_rescue_1dc5ca,youtube_cumbria_flood_rescue_1dc5ca.mp4,462,50.0,640,480,combined,detect_combined,Flooded,deeplabv3plus,False,False,1,tensorrt,tensorrt,tensorrt,21.79,21.79,44.75,45.9,5.75,18.05,23.8,1404.81,44.7,0.0,1404.81,44.7,0.0,115.34,54.52,3.4,173.26,0.32,False,False
1780821690.901331,youtube_cumbria_flood_rescue_1dc5ca,youtube_cumbria_flood_rescue_1dc5ca.mp4,463,50.0,640,480,combined,detect_combined,Flooded,deeplabv3plus,False,False,1,tensorrt,tensorrt,tensorrt,17.77,17.77,54.9,56.28,5.95,19.4,25.349999999999998,1404.81,51.8,0.0,1404.81,51.8,0.0,115.34,54.52,3.4,173.26,0.319,False,False
1780821690.9941196,youtube_cumbria_flood_rescue_1dc5ca,youtube_cumbria_flood_rescue_1dc5ca.mp4,464,50.0,640,480,combined,detect_combined,Flooded,deeplabv3plus,False,False,1,tensorrt,tensorrt,tensorrt,20.04,20.04,48.54,49.91,11.47,17.92,29.39,1404.81,40.0,0.0,1404.81,40.0,0.0,115.34,54.52,3.4,173.26,0.308,False,False
1780821691.0736916,youtube_cumbria_flood_rescue_1dc5ca,youtube_cumbria_flood_rescue_1dc5ca.mp4,465,50.0,640,480,combined,detect_combined,Flooded,deeplabv3plus,False,False,2,tensorrt,tensorrt,tensorrt,21.43,21.43,43.25,46.66,6.02,11.82,17.84,1404.8,48.9,0.0,1404.8,48.9,0.0,115.34,54.52,3.4,173.26,0.3204,False,False
1780821691.1620598,youtube_cumbria_flood_rescue_1dc5ca,youtube_cumbria_flood_rescue_1dc5ca.mp4,466,50.0,640,480,combined,detect_combined,Flooded,deeplabv3plus,False,False,2,tensorrt,tensorrt,tensorrt,19.89,19.89,48.47,50.27,6.31,13.51,19.82,1404.8,49.1,0.0,1404.8,49.1,0.0,115.34,54.52,3.4,173.26,0.3194,False,False
1780821691.2464986,youtube_cumbria_flood_rescue_1dc5ca,youtube_cumbria_flood_rescue_1dc5ca.mp4,467,50.0,640,480,combined,detect_combined,Flooded,deeplabv3plus,False,False,2,tensorrt,tensorrt,tensorrt,20.28,20.28,47.43,49.31,7.46,12.3,19.76,1404.8,50.0,0.0,1404.8,50.0,0.0,115.34,54.52,3.4,173.26,0.3318,False,False
1780821691.3298488,youtube_cumbria_flood_rescue_1dc5ca,youtube_cumbria_flood_rescue_1dc5ca.mp4,468,50.0,640,480,combined,detect_combined,Flooded,deeplabv3plus,False,False,2,tensorrt,tensorrt,tensorrt,20.64,20.64,46.88,48.45,6.56,16.62,23.18,1404.8,44.9,0.0,1404.8,44.9,0.0,115.34,54.52,3.4,173.26,0.3503,False,False
1780821691.4060867,youtube_cumbria_flood_rescue_1dc5ca,youtube_cumbria_flood_rescue_1dc5ca.mp4,469,50.0,640,480,combined,detect_combined,Flooded,deeplabv3plus,False,False,2,tensorrt,tensorrt,tensorrt,21.73,21.73,44.67,46.02,5.83,13.57,19.4,1404.8,39.5,0.0,1404.8,39.5,0.0,115.34,54.52,3.4,173.26,0.3263,False,False
1780821691.4722078,youtube_cumbria_flood_rescue_1dc5ca,youtube_cumbria_flood_rescue_1dc5ca.mp4,470,50.0,640,480,combined,detect_combined,Flooded,deeplabv3plus,False,False,2,tensorrt,tensorrt,tensorrt,26.83,26.83,36.12,37.26,5.02,7.85,12.87,1404.8,46.5,0.0,1404.8,46.5,0.0,115.34,54.52,3.4,173.26,0.324,False,False
1780821691.5442624,youtube_cumbria_flood_rescue_1dc5ca,youtube_cumbria_flood_rescue_1dc5ca.mp4,471,50.0,640,480,combined,detect_combined,Flooded,deeplabv3plus,False,False,2,tensorrt,tensorrt,tensorrt,23.78,23.78,40.77,42.05,4.81,10.47,15.280000000000001,1404.8,33.3,0.0,1404.8,33.3,0.0,115.34,54.52,3.4,173.26,0.3371,False,False
1780821691.6136441,youtube_cumbria_flood_rescue_1dc5ca,youtube_cumbria_flood_rescue_1dc5ca.mp4,472,50.0,640,480,combined,detect_combined,Flooded,deeplabv3plus,False,False,1,tensorrt,tensorrt,tensorrt,23.43,23.43,41.77,42.68,6.52,9.07,15.59,1404.8,25.6,0.0,1404.8,25.6,0.0,115.34,54.52,3.4,173.26,0.3375,False,False
1780821691.6859882,youtube_cumbria_flood_rescue_1dc5ca,youtube_cumbria_flood_rescue_1dc5ca.mp4,473,50.0,640,480,combined,detect_combined,Flooded,deeplabv3plus,False,False,2,tensorrt,tensorrt,tensorrt,22.12,22.12,44.1,45.21,4.81,14.43,19.24,1404.8,29.5,0.0,1404.8,29.5,0.0,115.34,54.52,3.4,173.26,0.3382,False,False
1780821691.7527258,youtube_cumbria_flood_rescue_1dc5ca,youtube_cumbria_flood_rescue_1dc5ca.mp4,474,50.0,640,480,combined,detect_combined,Flooded,deeplabv3plus,False,False,2,tensorrt,tensorrt,tensorrt,27.18,27.18,35.56,36.79,4.84,8.46,13.3,1405.06,33.3,0.0,1405.06,33.3,0.0,115.34,54.52,3.4,173.26,0.3317,False,False
1780821691.8241525,youtube_cumbria_flood_rescue_1dc5ca,youtube_cumbria_flood_rescue_1dc5ca.mp4,475,50.0,640,480,combined,detect_combined,Flooded,deeplabv3plus,False,False,2,tensorrt,tensorrt,tensorrt,22.85,22.85,42.18,43.77,5.75,10.38,16.130000000000003,1405.06,37.2,0.0,1405.06,37.2,0.0,115.34,54.52,3.4,173.26,0.3033,False,False
1780821691.8908942,youtube_cumbria_flood_rescue_1dc5ca,youtube_cumbria_flood_rescue_1dc5ca.mp4,476,50.0,640,480,combined,detect_combined,Flooded,deeplabv3plus,False,False,2,tensorrt,tensorrt,tensorrt,28.71,28.71,33.28,34.84,4.75,9.47,14.22,1405.06,29.7,0.0,1405.06,29.7,0.0,115.34,54.52,3.4,173.26,0.3064,False,False
1780821691.9709756,youtube_cumbria_flood_rescue_1dc5ca,youtube_cumbria_flood_rescue_1dc5ca.mp4,477,50.0,640,480,combined,detect_combined,Flooded,deeplabv3plus,False,False,2,tensorrt,tensorrt,tensorrt,21.53,21.53,45.0,46.44,5.22,12.67,17.89,1405.06,42.6,0.0,1405.06,42.6,0.0,115.34,54.52,3.4,173.26,0.2988,False,False
1780821692.0444503,youtube_cumbria_flood_rescue_1dc5ca,youtube_cumbria_flood_rescue_1dc5ca.mp4,478,50.0,640,480,combined,detect_combined,Flooded,deeplabv3plus,False,False,1,tensorrt,tensorrt,tensorrt,22.23,22.23,43.37,44.98,4.94,8.95,13.89,1405.06,55.6,0.0,1405.06,55.6,0.0,115.34,54.52,3.4,173.26,0.3092,False,False
1780821692.1099274,youtube_cumbria_flood_rescue_1dc5ca,youtube_cumbria_flood_rescue_1dc5ca.mp4,479,50.0,640,480,combined,detect_combined,Flooded,deeplabv3plus,False,False,2,tensorrt,tensorrt,tensorrt,26.29,26.29,36.76,38.03,4.4,11.49,15.89,1405.06,55.3,0.0,1405.06,55.3,0.0,115.34,54.52,3.4,173.26,0.3002,False,False
1780821692.1876113,youtube_cumbria_flood_rescue_1dc5ca,youtube_cumbria_flood_rescue_1dc5ca.mp4,480,50.0,640,480,combined,detect_combined,Flooded,deeplabv3plus,False,False,2,tensorrt,tensorrt,tensorrt,22.89,22.89,42.17,43.69,5.69,9.06,14.75,1405.05,56.8,0.0,1405.05,56.8,0.0,115.34,54.52,3.4,173.26,0.3141,False,False
1780821692.2505457,youtube_cumbria_flood_rescue_1dc5ca,youtube_cumbria_flood_rescue_1dc5ca.mp4,481,50.0,640,480,combined,detect_combined,Flooded,deeplabv3plus,False,False,2,tensorrt,tensorrt,tensorrt,27.8,27.8,34.77,35.97,5.05,8.33,13.379999999999999,1405.05,63.9,0.0,1405.05,63.9,0.0,115.34,54.52,3.4,173.26,0.3073,False,False
1780821692.3168478,youtube_cumbria_flood_rescue_1dc5ca,youtube_cumbria_flood_rescue_1dc5ca.mp4,482,50.0,640,480,combined,detect_combined,Flooded,deeplabv3plus,False,False,2,tensorrt,tensorrt,tensorrt,24.81,24.81,39.06,40.31,5.67,8.45,14.12,1405.05,64.3,0.0,1405.05,64.3,0.0,115.34,54.52,3.4,173.26,0.2951,False,False
1780821692.3791583,youtube_cumbria_flood_rescue_1dc5ca,youtube_cumbria_flood_rescue_1dc5ca.mp4,483,50.0,640,480,combined,detect_combined,Flooded,deeplabv3plus,False,False,2,tensorrt,tensorrt,tensorrt,25.67,25.67,37.75,38.95,6.03,7.95,13.98,1405.05,38.2,0.0,1405.05,38.2,0.0,115.34,54.52,3.4,173.26,0.2902,False,False
1780821692.450137,youtube_cumbria_flood_rescue_1dc5ca,youtube_cumbria_flood_rescue_1dc5ca.mp4,484,50.0,640,480,combined,detect_combined,Flooded,deeplabv3plus,False,False,2,tensorrt,tensorrt,tensorrt,22.87,22.87,42.52,43.72,4.48,13.38,17.86,1405.05,34.1,0.0,1405.05,34.1,0.0,115.34,54.52,3.4,173.26,0.3097,False,False
1780821692.5164087,youtube_cumbria_flood_rescue_1dc5ca,youtube_cumbria_flood_rescue_1dc5ca.mp4,485,50.0,640,480,combined,detect_combined,Flooded,deeplabv3plus,False,False,2,tensorrt,tensorrt,tensorrt,25.07,25.07,38.44,39.88,4.43,11.24,15.67,1405.05,38.1,0.0,1405.05,38.1,0.0,115.34,54.52,3.4,173.26,0.302,False,False
1780821692.594809,youtube_cumbria_flood_rescue_1dc5ca,youtube_cumbria_flood_rescue_1dc5ca.mp4,486,50.0,640,480,combined,detect_combined,Flooded,deeplabv3plus,False,False,2,tensorrt,tensorrt,tensorrt,23.34,23.34,41.52,42.85,5.25,12.65,17.9,1405.05,29.5,0.0,1405.05,29.5,0.0,115.34,54.52,3.4,173.26,0.3138,False,False
1780821692.667403,youtube_cumbria_flood_rescue_1dc5ca,youtube_cumbria_flood_rescue_1dc5ca.mp4,487,50.0,640,480,combined,detect_combined,Flooded,deeplabv3plus,False,False,2,tensorrt,tensorrt,tensorrt,23.03,23.03,41.71,43.41,5.04,13.93,18.97,1405.05,34.9,0.0,1405.05,34.9,0.0,115.34,54.52,3.4,173.26,0.3198,False,False
1780821692.7409008,youtube_cumbria_flood_rescue_1dc5ca,youtube_cumbria_flood_rescue_1dc5ca.mp4,488,50.0,640,480,combined,detect_combined,Flooded,deeplabv3plus,False,False,2,tensorrt,tensorrt,tensorrt,25.59,25.59,37.51,39.07,4.81,8.91,13.719999999999999,1405.05,36.4,0.0,1405.05,36.4,0.0,115.34,54.52,3.4,173.26,0.3607,False,False
1780821692.814322,youtube_cumbria_flood_rescue_1dc5ca,youtube_cumbria_flood_rescue_1dc5ca.mp4,489,50.0,640,480,combined,detect_combined,Flooded,deeplabv3plus,False,False,2,tensorrt,tensorrt,tensorrt,22.26,22.26,43.02,44.91,4.84,9.81,14.65,1405.05,31.8,0.0,1405.05,31.8,0.0,115.34,54.52,3.4,173.26,0.3728,False,False
1780821692.8800447,youtube_cumbria_flood_rescue_1dc5ca,youtube_cumbria_flood_rescue_1dc5ca.mp4,490,50.0,640,480,combined,detect_combined,Flooded,deeplabv3plus,False,False,2,tensorrt,tensorrt,tensorrt,26.26,26.26,36.93,38.09,4.21,11.85,16.06,1405.05,28.9,0.0,1405.05,28.9,0.0,115.34,54.52,3.4,173.26,0.3245,False,False
1780821692.9526799,youtube_cumbria_flood_rescue_1dc5ca,youtube_cumbria_flood_rescue_1dc5ca.mp4,491,50.0,640,480,combined,detect_combined,Flooded,deeplabv3plus,False,False,2,tensorrt,tensorrt,tensorrt,22.52,22.52,42.87,44.41,4.88,13.4,18.28,1405.05,35.6,0.0,1405.05,35.6,0.0,115.34,54.52,3.4,173.26,0.306,False,False
1780821693.0188317,youtube_cumbria_flood_rescue_1dc5ca,youtube_cumbria_flood_rescue_1dc5ca.mp4,492,50.0,640,480,combined,detect_combined,Flooded,deeplabv3plus,False,False,2,tensorrt,tensorrt,tensorrt,27.2,27.2,35.53,36.77,7.73,8.65,16.380000000000003,1405.05,33.3,0.0,1405.05,33.3,0.0,115.34,54.52,3.4,173.26,0.3089,False,False
1780821693.0980825,youtube_cumbria_flood_rescue_1dc5ca,youtube_cumbria_flood_rescue_1dc5ca.mp4,493,50.0,640,480,combined,detect_combined,Flooded,deeplabv3plus,False,False,2,tensorrt,tensorrt,tensorrt,21.42,21.42,44.97,46.68,5.62,9.19,14.809999999999999,1405.05,32.6,0.0,1405.05,32.6,0.0,115.34,54.52,3.4,173.26,0.3188,False,False
1780821693.1766012,youtube_cumbria_flood_rescue_1dc5ca,youtube_cumbria_flood_rescue_1dc5ca.mp4,494,50.0,640,480,combined,detect_combined,Flooded,deeplabv3plus,False,False,2,tensorrt,tensorrt,tensorrt,25.13,25.13,38.61,39.79,5.24,12.28,17.52,1405.05,41.7,0.0,1405.05,41.7,0.0,115.34,54.52,3.4,173.26,0.3228,False,False
1780821693.245655,youtube_cumbria_flood_rescue_1dc5ca,youtube_cumbria_flood_rescue_1dc5ca.mp4,495,50.0,640,480,combined,detect_combined,Flooded,deeplabv3plus,False,False,2,tensorrt,tensorrt,tensorrt,24.02,24.02,39.57,41.64,4.35,12.53,16.88,1405.05,59.0,0.0,1405.05,59.0,0.0,115.34,54.52,3.4,173.26,0.3306,False,False
1780821693.3132257,youtube_cumbria_flood_rescue_1dc5ca,youtube_cumbria_flood_rescue_1dc5ca.mp4,496,50.0,640,480,combined,detect_combined,Flooded,deeplabv3plus,False,False,2,tensorrt,tensorrt,tensorrt,25.31,25.31,37.75,39.51,3.99,10.47,14.46,1405.05,62.8,0.0,1405.05,62.8,0.0,115.34,54.52,3.4,173.26,0.3101,False,False
1780821693.385511,youtube_cumbria_flood_rescue_1dc5ca,youtube_cumbria_flood_rescue_1dc5ca.mp4,497,50.0,640,480,combined,detect_combined,Flooded,deeplabv3plus,False,False,2,tensorrt,tensorrt,tensorrt,23.15,23.15,41.85,43.2,5.36,16.02,21.38,1405.05,62.8,0.0,1405.05,62.8,0.0,115.34,54.52,3.4,173.26,0.3181,False,False
1780821693.4987814,youtube_cumbria_flood_rescue_1dc5ca,youtube_cumbria_flood_rescue_1dc5ca.mp4,498,50.0,640,480,combined,detect_combined,Flooded,deeplabv3plus,False,False,2,tensorrt,tensorrt,tensorrt,15.72,15.72,58.86,63.62,7.14,23.27,30.41,1406.4,69.1,0.0,1406.4,69.1,0.0,115.34,54.52,3.4,173.26,0.2958,False,False
1780821693.568592,youtube_cumbria_flood_rescue_1dc5ca,youtube_cumbria_flood_rescue_1dc5ca.mp4,499,50.0,640,480,combined,detect_combined,Flooded,deeplabv3plus,False,False,2,tensorrt,tensorrt,tensorrt,22.68,22.68,41.84,44.1,4.34,9.38,13.72,1406.4,65.2,0.0,1406.4,65.2,0.0,115.34,54.52,3.4,173.26,0.2987,False,False
1780821693.632659,youtube_cumbria_flood_rescue_1dc5ca,youtube_cumbria_flood_rescue_1dc5ca.mp4,500,50.0,640,480,combined,detect_combined,Flooded,deeplabv3plus,False,False,2,tensorrt,tensorrt,tensorrt,26.59,26.59,36.28,37.6,4.19,9.23,13.420000000000002,1406.4,61.1,0.0,1406.4,61.1,0.0,115.34,54.52,3.4,173.26,0.3015,False,False
1780821693.707396,youtube_cumbria_flood_rescue_1dc5ca,youtube_cumbria_flood_rescue_1dc5ca.mp4,501,50.0,640,480,combined,detect_combined,Flooded,deeplabv3plus,False,False,2,tensorrt,tensorrt,tensorrt,20.32,20.32,47.44,49.22,5.62,15.12,20.74,1406.4,61.7,0.0,1406.4,61.7,0.0,115.34,54.52,3.4,173.26,0.2536,False,False
1780821693.7857492,youtube_cumbria_flood_rescue_1dc5ca,youtube_cumbria_flood_rescue_1dc5ca.mp4,502,50.0,640,480,combined,detect_combined,Flooded,deeplabv3plus,False,False,2,tensorrt,tensorrt,tensorrt,22.88,22.88,42.34,43.71,4.99,14.89,19.880000000000003,1406.4,53.3,0.0,1406.4,53.3,0.0,115.34,54.52,3.4,173.26,0.3075,False,False
1780821693.8519,youtube_cumbria_flood_rescue_1dc5ca,youtube_cumbria_flood_rescue_1dc5ca.mp4,503,50.0,640,480,combined,detect_combined,Flooded,deeplabv3plus,False,False,2,tensorrt,tensorrt,tensorrt,27.71,27.71,34.8,36.09,5.43,8.81,14.24,1406.4,45.9,0.0,1406.4,45.9,0.0,115.34,54.52,3.4,173.26,0.3126,False,False
1780821693.918911,youtube_cumbria_flood_rescue_1dc5ca,youtube_cumbria_flood_rescue_1dc5ca.mp4,504,50.0,640,480,combined,detect_combined,Flooded,deeplabv3plus,False,False,2,tensorrt,tensorrt,tensorrt,25.78,25.78,37.34,38.79,4.85,10.23,15.08,1406.4,39.5,0.0,1406.4,39.5,0.0,115.34,54.52,3.4,173.26,0.287,False,False
1780821693.9961238,youtube_cumbria_flood_rescue_1dc5ca,youtube_cumbria_flood_rescue_1dc5ca.mp4,505,50.0,640,480,combined,detect_combined,Flooded,deeplabv3plus,False,False,2,tensorrt,tensorrt,tensorrt,25.27,25.27,37.95,39.57,4.91,12.3,17.21,1406.4,29.5,0.0,1406.4,29.5,0.0,115.34,54.52,3.4,173.26,0.3095,False,False
1780821694.082826,youtube_cumbria_flood_rescue_1dc5ca,youtube_cumbria_flood_rescue_1dc5ca.mp4,506,50.0,640,480,combined,detect_combined,Flooded,deeplabv3plus,False,False,2,tensorrt,tensorrt,tensorrt,20.56,20.56,46.92,48.63,5.72,15.75,21.47,1406.4,36.4,0.0,1406.4,36.4,0.0,115.34,54.52,3.4,173.26,0.3071,False,False
1780821694.1700487,youtube_cumbria_flood_rescue_1dc5ca,youtube_cumbria_flood_rescue_1dc5ca.mp4,507,50.0,640,480,combined,detect_combined,Flooded,deeplabv3plus,False,False,1,tensorrt,tensorrt,tensorrt,22.16,22.16,43.87,45.12,6.28,13.68,19.96,1406.4,33.3,0.0,1406.4,33.3,0.0,115.34,54.52,3.4,173.26,0.281,False,False
1780821694.2455695,youtube_cumbria_flood_rescue_1dc5ca,youtube_cumbria_flood_rescue_1dc5ca.mp4,508,50.0,640,480,combined,detect_combined,Flooded,deeplabv3plus,False,False,1,tensorrt,tensorrt,tensorrt,26.17,26.17,36.98,38.21,6.42,15.93,22.35,1406.4,31.1,0.0,1406.4,31.1,0.0,115.34,54.52,3.4,173.26,0.2641,False,False
1780821694.3241408,youtube_cumbria_flood_rescue_1dc5ca,youtube_cumbria_flood_rescue_1dc5ca.mp4,509,50.0,640,480,combined,detect_combined,Flooded,deeplabv3plus,False,False,1,tensorrt,tensorrt,tensorrt,21.74,21.74,44.76,45.99,9.02,13.94,22.96,1406.4,32.6,0.0,1406.4,32.6,0.0,115.34,54.52,3.4,173.26,0.2509,False,False
1780821694.4123683,youtube_cumbria_flood_rescue_1dc5ca,youtube_cumbria_flood_rescue_1dc5ca.mp4,510,50.0,640,480,combined,detect_combined,Flooded,deeplabv3plus,False,False,1,tensorrt,tensorrt,tensorrt,22.23,22.23,43.6,44.99,7.31,15.78,23.09,1406.4,32.7,0.0,1406.4,32.7,0.0,115.34,54.52,3.4,173.26,0.2477,False,False
1780821694.5066297,youtube_cumbria_flood_rescue_1dc5ca,youtube_cumbria_flood_rescue_1dc5ca.mp4,511,50.0,640,480,combined,detect_combined,Flooded,deeplabv3plus,False,False,1,tensorrt,tensorrt,tensorrt,22.67,22.67,42.87,44.11,7.61,15.05,22.66,1406.4,34.5,0.0,1406.4,34.5,0.0,115.34,54.52,3.4,173.26,0.2943,False,False
1780821694.6151562,youtube_cumbria_flood_rescue_1dc5ca,youtube_cumbria_flood_rescue_1dc5ca.mp4,512,50.0,640,480,combined,detect_combined,Flooded,deeplabv3plus,False,False,1,tensorrt,tensorrt,tensorrt,16.41,16.41,59.41,60.93,7.19,18.76,25.950000000000003,1406.4,33.3,0.0,1406.4,33.3,0.0,115.34,54.52,3.4,173.26,0.2933,False,False
1780821694.7188282,youtube_cumbria_flood_rescue_1dc5ca,youtube_cumbria_flood_rescue_1dc5ca.mp4,513,50.0,640,480,combined,detect_combined,Flooded,deeplabv3plus,False,False,1,tensorrt,tensorrt,tensorrt,16.38,16.38,59.74,61.07,7.9,19.3,27.200000000000003,1406.4,60.0,0.0,1406.4,60.0,0.0,115.34,54.52,3.4,173.26,0.2632,False,False
1780821694.7983148,youtube_cumbria_flood_rescue_1dc5ca,youtube_cumbria_flood_rescue_1dc5ca.mp4,514,50.0,640,480,combined,detect_combined,Flooded,deeplabv3plus,False,False,1,tensorrt,tensorrt,tensorrt,22.79,22.79,42.73,43.89,5.9,12.35,18.25,1406.4,57.4,0.0,1406.4,57.4,0.0,115.34,54.52,3.4,173.26,0.2569,False,False
1780821694.8715165,youtube_cumbria_flood_rescue_1dc5ca,youtube_cumbria_flood_rescue_1dc5ca.mp4,515,50.0,640,480,combined,detect_combined,Flooded,deeplabv3plus,False,False,1,tensorrt,tensorrt,tensorrt,24.31,24.31,39.51,41.13,5.72,10.83,16.55,1406.4,61.4,0.0,1406.4,61.4,0.0,115.34,54.52,3.4,173.26,0.2644,False,False
1780821694.937026,youtube_cumbria_flood_rescue_1dc5ca,youtube_cumbria_flood_rescue_1dc5ca.mp4,516,50.0,640,480,combined,detect_combined,Flooded,deeplabv3plus,False,False,1,tensorrt,tensorrt,tensorrt,27.1,27.1,35.94,36.9,4.85,8.73,13.58,1406.4,52.8,0.0,1406.4,52.8,0.0,115.34,54.52,3.4,173.26,0.2485,False,False
1780821695.0155187,youtube_cumbria_flood_rescue_1dc5ca,youtube_cumbria_flood_rescue_1dc5ca.mp4,517,50.0,640,480,combined,detect_combined,Flooded,deeplabv3plus,False,False,2,tensorrt,tensorrt,tensorrt,21.91,21.91,44.46,45.65,6.06,11.48,17.54,1406.4,59.6,0.0,1406.4,59.6,0.0,115.34,54.52,3.4,173.26,0.2635,False,False
1780821695.0791965,youtube_cumbria_flood_rescue_1dc5ca,youtube_cumbria_flood_rescue_1dc5ca.mp4,518,50.0,640,480,combined,detect_combined,Flooded,deeplabv3plus,False,False,2,tensorrt,tensorrt,tensorrt,28.41,28.41,33.89,35.2,5.8,8.97,14.77,1406.4,37.1,0.0,1406.4,37.1,0.0,115.34,54.52,3.4,173.26,0.2489,False,False
1780821695.1529574,youtube_cumbria_flood_rescue_1dc5ca,youtube_cumbria_flood_rescue_1dc5ca.mp4,519,50.0,640,480,combined,detect_combined,Flooded,deeplabv3plus,False,False,2,tensorrt,tensorrt,tensorrt,28.29,28.29,33.9,35.35,4.62,12.79,17.41,1406.4,31.8,0.0,1406.4,31.8,0.0,115.34,54.52,3.4,173.26,0.2802,False,False
1780821695.2308276,youtube_cumbria_flood_rescue_1dc5ca,youtube_cumbria_flood_rescue_1dc5ca.mp4,520,50.0,640,480,combined,detect_combined,Flooded,deeplabv3plus,False,False,2,tensorrt,tensorrt,tensorrt,24.21,24.21,40.18,41.3,8.62,13.8,22.42,1406.4,31.9,0.0,1406.4,31.9,0.0,115.34,54.52,3.4,173.26,0.2757,False,False
1780821695.3136737,youtube_cumbria_flood_rescue_1dc5ca,youtube_cumbria_flood_rescue_1dc5ca.mp4,521,50.0,640,480,combined,detect_combined,Flooded,deeplabv3plus,False,False,1,tensorrt,tensorrt,tensorrt,21.01,21.01,46.46,47.6,5.87,15.74,21.61,1406.4,32.7,0.0,1406.4,32.7,0.0,115.34,54.52,3.4,173.26,0.253,False,False
1780821695.3959682,youtube_cumbria_flood_rescue_1dc5ca,youtube_cumbria_flood_rescue_1dc5ca.mp4,522,50.0,640,480,combined,detect_combined,Flooded,deeplabv3plus,False,False,1,tensorrt,tensorrt,tensorrt,21.31,21.31,45.71,46.93,5.49,16.35,21.840000000000003,1406.4,32.7,0.0,1406.4,32.7,0.0,115.34,54.52,3.4,173.26,0.2825,False,False
1780821695.4879189,youtube_cumbria_flood_rescue_1dc5ca,youtube_cumbria_flood_rescue_1dc5ca.mp4,523,50.0,640,480,combined,detect_combined,Flooded,deeplabv3plus,False,False,1,tensorrt,tensorrt,tensorrt,19.24,19.24,50.71,51.99,5.45,16.43,21.88,1406.4,32.1,0.0,1406.4,32.1,0.0,115.34,54.52,3.4,173.26,0.2759,False,False
1780821695.5869436,youtube_cumbria_flood_rescue_1dc5ca,youtube_cumbria_flood_rescue_1dc5ca.mp4,524,50.0,640,480,combined,detect_combined,Flooded,deeplabv3plus,False,False,1,tensorrt,tensorrt,tensorrt,18.56,18.56,52.5,53.88,6.48,18.28,24.76,1406.4,30.4,0.0,1406.4,30.4,0.0,115.34,54.52,3.4,173.26,0.2494,False,False
1780821695.6801438,youtube_cumbria_flood_rescue_1dc5ca,youtube_cumbria_flood_rescue_1dc5ca.mp4,525,50.0,640,480,combined,detect_combined,Flooded,deeplabv3plus,False,False,1,tensorrt,tensorrt,tensorrt,21.04,21.04,46.08,47.53,4.84,13.77,18.61,1406.4,32.1,0.0,1406.4,32.1,0.0,115.34,54.52,3.4,173.26,0.2479,False,False
1780821695.7766173,youtube_cumbria_flood_rescue_1dc5ca,youtube_cumbria_flood_rescue_1dc5ca.mp4,526,50.0,640,480,combined,detect_combined,Flooded,deeplabv3plus,False,False,1,tensorrt,tensorrt,tensorrt,20.24,20.24,48.02,49.4,6.71,21.42,28.130000000000003,1406.4,32.8,0.0,1406.4,32.8,0.0,115.34,54.52,3.4,173.26,0.2546,False,False
1780821695.8719726,youtube_cumbria_flood_rescue_1dc5ca,youtube_cumbria_flood_rescue_1dc5ca.mp4,527,50.0,640,480,combined,detect_combined,Flooded,deeplabv3plus,False,False,1,tensorrt,tensorrt,tensorrt,21.2,21.2,45.84,47.16,6.25,20.83,27.08,1406.4,33.3,0.0,1406.4,33.3,0.0,115.34,54.52,3.4,173.26,0.2626,False,False
1780821695.9884806,youtube_cumbria_flood_rescue_1dc5ca,youtube_cumbria_flood_rescue_1dc5ca.mp4,528,50.0,640,480,combined,detect_combined,Flooded,deeplabv3plus,False,False,1,tensorrt,tensorrt,tensorrt,14.19,14.19,69.33,70.45,15.45,30.17,45.620000000000005,1406.4,61.8,0.0,1406.4,61.8,0.0,115.34,54.52,3.4,173.26,0.2559,False,False
1780821696.0654738,youtube_cumbria_flood_rescue_1dc5ca,youtube_cumbria_flood_rescue_1dc5ca.mp4,529,50.0,640,480,combined,detect_combined,Flooded,deeplabv3plus,False,False,1,tensorrt,tensorrt,tensorrt,22.57,22.57,43.38,44.31,4.7,10.57,15.27,1406.4,60.0,0.0,1406.4,60.0,0.0,115.34,54.52,3.4,173.26,0.2427,False,False
1780821696.1463575,youtube_cumbria_flood_rescue_1dc5ca,youtube_cumbria_flood_rescue_1dc5ca.mp4,530,50.0,640,480,combined,detect_combined,Flooded,deeplabv3plus,False,False,1,tensorrt,tensorrt,tensorrt,21.64,21.64,45.02,46.2,4.56,15.89,20.45,1406.4,52.0,0.0,1406.4,52.0,0.0,115.34,54.52,3.4,173.26,0.2388,False,False
1780821696.23357,youtube_cumbria_flood_rescue_1dc5ca,youtube_cumbria_flood_rescue_1dc5ca.mp4,531,50.0,640,480,combined,detect_combined,Flooded,deeplabv3plus,False,False,1,tensorrt,tensorrt,tensorrt,24.54,24.54,39.78,40.75,6.61,12.91,19.52,1406.4,57.7,0.0,1406.4,57.7,0.0,115.34,54.52,3.4,173.26,0.2314,False,False
1780821696.2996788,youtube_cumbria_flood_rescue_1dc5ca,youtube_cumbria_flood_rescue_1dc5ca.mp4,532,50.0,640,480,combined,detect_combined,Flooded,deeplabv3plus,False,False,1,tensorrt,tensorrt,tensorrt,25.78,25.78,37.12,38.79,4.65,9.8,14.450000000000001,1406.4,56.4,0.0,1406.4,56.4,0.0,115.34,54.52,3.4,173.26,0.244,False,False
1780821696.3789823,youtube_cumbria_flood_rescue_1dc5ca,youtube_cumbria_flood_rescue_1dc5ca.mp4,533,50.0,640,480,combined,detect_combined,Flooded,deeplabv3plus,False,False,1,tensorrt,tensorrt,tensorrt,20.02,20.02,48.43,49.94,7.15,12.64,19.79,1406.4,53.1,0.0,1406.4,53.1,0.0,115.34,54.52,3.4,173.26,0.2404,False,False
1780821696.458792,youtube_cumbria_flood_rescue_1dc5ca,youtube_cumbria_flood_rescue_1dc5ca.mp4,534,50.0,640,480,combined,detect_combined,Flooded,deeplabv3plus,False,False,1,tensorrt,tensorrt,tensorrt,22.3,22.3,43.96,44.84,5.97,13.54,19.509999999999998,1406.39,30.4,0.0,1406.39,30.4,0.0,115.34,54.52,3.4,173.26,0.2401,False,False
1780821696.5312088,youtube_cumbria_flood_rescue_1dc5ca,youtube_cumbria_flood_rescue_1dc5ca.mp4,535,50.0,640,480,combined,detect_combined,Flooded,deeplabv3plus,False,False,1,tensorrt,tensorrt,tensorrt,29.28,29.28,32.98,34.16,5.07,17.15,22.22,1406.39,34.9,0.0,1406.39,34.9,0.0,115.34,54.52,3.4,173.26,0.2293,False,False
1780821696.6094482,youtube_cumbria_flood_rescue_1dc5ca,youtube_cumbria_flood_rescue_1dc5ca.mp4,536,50.0,640,480,combined,detect_combined,Flooded,deeplabv3plus,False,False,1,tensorrt,tensorrt,tensorrt,20.77,20.77,47.01,48.16,5.15,16.47,21.619999999999997,1406.39,34.0,0.0,1406.39,34.0,0.0,115.34,54.52,3.4,173.26,0.228,False,False
1780821696.6828341,youtube_cumbria_flood_rescue_1dc5ca,youtube_cumbria_flood_rescue_1dc5ca.mp4,537,50.0,640,480,combined,detect_combined,Flooded,deeplabv3plus,False,False,1,tensorrt,tensorrt,tensorrt,23.29,23.29,41.4,42.94,5.94,12.65,18.59,1406.39,32.6,0.0,1406.39,32.6,0.0,115.34,54.52,3.4,173.26,0.2449,False,False
1780821696.756975,youtube_cumbria_flood_rescue_1dc5ca,youtube_cumbria_flood_rescue_1dc5ca.mp4,538,50.0,640,480,combined,detect_combined,Flooded,deeplabv3plus,False,False,2,tensorrt,tensorrt,tensorrt,22.71,22.71,42.46,44.03,5.15,13.48,18.630000000000003,1406.39,30.2,0.0,1406.39,30.2,0.0,115.34,54.52,3.4,173.26,0.2492,False,False
1780821696.834829,youtube_cumbria_flood_rescue_1dc5ca,youtube_cumbria_flood_rescue_1dc5ca.mp4,539,50.0,640,480,combined,detect_combined,Flooded,deeplabv3plus,False,False,2,tensorrt,tensorrt,tensorrt,25.01,25.01,38.39,39.98,5.18,12.78,17.96,1406.39,34.8,0.0,1406.39,34.8,0.0,115.34,54.52,3.4,173.26,0.2346,False,False
1780821696.9271524,youtube_cumbria_flood_rescue_1dc5ca,youtube_cumbria_flood_rescue_1dc5ca.mp4,540,50.0,640,480,combined,detect_combined,Flooded,deeplabv3plus,False,False,2,tensorrt,tensorrt,tensorrt,20.62,20.62,46.63,48.49,6.66,15.14,21.8,1406.39,34.5,0.0,1406.39,34.5,0.0,115.34,54.52,3.4,173.26,0.244,False,False
1780821697.0131536,youtube_cumbria_flood_rescue_1dc5ca,youtube_cumbria_flood_rescue_1dc5ca.mp4,541,50.0,640,480,combined,detect_combined,Flooded,deeplabv3plus,False,False,2,tensorrt,tensorrt,tensorrt,22.96,22.96,41.75,43.55,6.4,11.3,17.700000000000003,1406.39,40.0,0.0,1406.39,40.0,0.0,115.34,54.52,3.4,173.26,0.2512,False,False
1780821697.1028633,youtube_cumbria_flood_rescue_1dc5ca,youtube_cumbria_flood_rescue_1dc5ca.mp4,542,50.0,640,480,combined,detect_combined,Flooded,deeplabv3plus,False,False,2,tensorrt,tensorrt,tensorrt,18.56,18.56,51.99,53.88,7.26,17.34,24.6,1406.39,48.1,0.0,1406.39,48.1,0.0,115.34,54.52,3.4,173.26,0.2282,False,False
1780821697.1790154,youtube_cumbria_flood_rescue_1dc5ca,youtube_cumbria_flood_rescue_1dc5ca.mp4,543,50.0,640,480,combined,detect_combined,Flooded,deeplabv3plus,False,False,2,tensorrt,tensorrt,tensorrt,25.45,25.45,37.75,39.29,5.23,13.04,18.27,1406.39,48.9,0.0,1406.39,48.9,0.0,115.34,54.52,3.4,173.26,0.2391,False,False
1780821697.2600985,youtube_cumbria_flood_rescue_1dc5ca,youtube_cumbria_flood_rescue_1dc5ca.mp4,544,50.0,640,480,combined,detect_combined,Flooded,deeplabv3plus,False,False,2,tensorrt,tensorrt,tensorrt,21.4,21.4,45.04,46.72,6.32,11.2,17.52,1406.39,65.3,0.0,1406.39,65.3,0.0,115.34,54.52,3.4,173.26,0.2339,False,False
1780821697.3465376,youtube_cumbria_flood_rescue_1dc5ca,youtube_cumbria_flood_rescue_1dc5ca.mp4,545,50.0,640,480,combined,detect_combined,Flooded,deeplabv3plus,False,False,2,tensorrt,tensorrt,tensorrt,21.96,21.96,43.87,45.53,6.69,15.38,22.07,1406.39,62.0,0.0,1406.39,62.0,0.0,115.34,54.52,3.4,173.26,0.2399,False,False
1780821697.4108057,youtube_cumbria_flood_rescue_1dc5ca,youtube_cumbria_flood_rescue_1dc5ca.mp4,546,50.0,640,480,combined,detect_combined,Flooded,deeplabv3plus,False,False,1,tensorrt,tensorrt,tensorrt,29.57,29.57,32.74,33.81,6.25,7.61,13.86,1406.39,60.0,0.0,1406.39,60.0,0.0,115.34,54.52,3.4,173.26,0.2422,False,False
1780821697.4875817,youtube_cumbria_flood_rescue_1dc5ca,youtube_cumbria_flood_rescue_1dc5ca.mp4,547,50.0,640,480,combined,detect_combined,Flooded,deeplabv3plus,False,False,1,tensorrt,tensorrt,tensorrt,22.66,22.66,42.99,44.13,5.5,14.66,20.16,1406.39,45.5,0.0,1406.39,45.5,0.0,115.34,54.52,3.4,173.26,0.2546,False,False
1780821697.5648966,youtube_cumbria_flood_rescue_1dc5ca,youtube_cumbria_flood_rescue_1dc5ca.mp4,548,50.0,640,480,combined,detect_combined,Flooded,deeplabv3plus,False,False,1,tensorrt,tensorrt,tensorrt,23.01,23.01,42.25,43.47,5.78,13.73,19.51,1406.39,46.7,0.0,1406.39,46.7,0.0,115.34,54.52,3.4,173.26,0.2832,False,False
1780821697.6439629,youtube_cumbria_flood_rescue_1dc5ca,youtube_cumbria_flood_rescue_1dc5ca.mp4,549,50.0,640,480,combined,detect_combined,Flooded,deeplabv3plus,False,False,1,tensorrt,tensorrt,tensorrt,21.69,21.69,45.03,46.1,6.71,16.6,23.310000000000002,1406.39,38.3,0.0,1406.39,38.3,0.0,115.34,54.52,3.4,173.26,0.2877,False,False
1780821697.7101579,youtube_cumbria_flood_rescue_1dc5ca,youtube_cumbria_flood_rescue_1dc5ca.mp4,550,50.0,640,480,combined,detect_combined,Flooded,deeplabv3plus,False,False,2,tensorrt,tensorrt,tensorrt,26.95,26.95,35.86,37.11,4.28,8.46,12.740000000000002,1406.39,34.9,0.0,1406.39,34.9,0.0,115.34,54.52,3.4,173.26,0.2777,False,False
1780821697.7808082,youtube_cumbria_flood_rescue_1dc5ca,youtube_cumbria_flood_rescue_1dc5ca.mp4,551,50.0,640,480,combined,detect_combined,Flooded,deeplabv3plus,False,False,2,tensorrt,tensorrt,tensorrt,23.67,23.67,41.09,42.24,5.79,9.09,14.879999999999999,1406.39,31.0,0.0,1406.39,31.0,0.0,115.34,54.52,3.4,173.26,0.2671,False,False
1780821697.8551104,youtube_cumbria_flood_rescue_1dc5ca,youtube_cumbria_flood_rescue_1dc5ca.mp4,552,50.0,640,480,combined,detect_combined,Flooded,deeplabv3plus,False,False,2,tensorrt,tensorrt,tensorrt,24.33,24.33,39.77,41.09,6.44,9.5,15.940000000000001,1406.39,32.6,0.0,1406.39,32.6,0.0,115.34,54.52,3.4,173.26,0.2639,False,False
1780821697.9252923,youtube_cumbria_flood_rescue_1dc5ca,youtube_cumbria_flood_rescue_1dc5ca.mp4,553,50.0,640,480,combined,detect_combined,Flooded,deeplabv3plus,False,False,2,tensorrt,tensorrt,tensorrt,25.18,25.18,38.3,39.72,7.29,8.72,16.01,1406.39,30.8,0.0,1406.39,30.8,0.0,115.34,54.52,3.4,173.26,0.2615,False,False
1780821698.0040035,youtube_cumbria_flood_rescue_1dc5ca,youtube_cumbria_flood_rescue_1dc5ca.mp4,554,50.0,640,480,combined,detect_combined,Flooded,deeplabv3plus,False,False,2,tensorrt,tensorrt,tensorrt,21.97,21.97,43.98,45.52,6.39,14.49,20.88,1406.39,28.9,0.0,1406.39,28.9,0.0,115.34,54.52,3.4,173.26,0.2678,False,False
1780821698.0721529,youtube_cumbria_flood_rescue_1dc5ca,youtube_cumbria_flood_rescue_1dc5ca.mp4,555,50.0,640,480,combined,detect_combined,Flooded,deeplabv3plus,False,False,2,tensorrt,tensorrt,tensorrt,26.48,26.48,36.1,37.76,6.3,12.81,19.11,1406.39,35.7,0.0,1406.39,35.7,0.0,115.34,54.52,3.4,173.26,0.2739,False,False
1780821698.1458898,youtube_cumbria_flood_rescue_1dc5ca,youtube_cumbria_flood_rescue_1dc5ca.mp4,556,50.0,640,480,combined,detect_combined,Flooded,deeplabv3plus,False,False,2,tensorrt,tensorrt,tensorrt,22.95,22.95,41.74,43.58,6.64,12.38,19.02,1406.39,30.2,0.0,1406.39,30.2,0.0,115.34,54.52,3.4,173.26,0.2653,False,False
1780821698.223533,youtube_cumbria_flood_rescue_1dc5ca,youtube_cumbria_flood_rescue_1dc5ca.mp4,557,50.0,640,480,combined,detect_combined,Flooded,deeplabv3plus,False,False,2,tensorrt,tensorrt,tensorrt,22.91,22.91,42.23,43.66,5.16,13.23,18.39,1406.39,36.2,0.0,1406.39,36.2,0.0,115.34,54.52,3.4,173.26,0.2497,False,False
1780821698.305411,youtube_cumbria_flood_rescue_1dc5ca,youtube_cumbria_flood_rescue_1dc5ca.mp4,558,50.0,640,480,combined,detect_combined,Flooded,deeplabv3plus,False,False,2,tensorrt,tensorrt,tensorrt,21.38,21.38,45.27,46.77,5.34,14.12,19.46,1406.39,34.7,0.0,1406.39,34.7,0.0,115.34,54.52,3.4,173.26,0.2414,False,False
1780821698.3865416,youtube_cumbria_flood_rescue_1dc5ca,youtube_cumbria_flood_rescue_1dc5ca.mp4,559,50.0,640,480,combined,detect_combined,Flooded,deeplabv3plus,False,False,2,tensorrt,tensorrt,tensorrt,22.11,22.11,42.84,45.22,4.52,13.71,18.23,1406.39,40.4,0.0,1406.39,40.4,0.0,115.34,54.52,3.4,173.26,0.2296,False,False
1780821698.4602013,youtube_cumbria_flood_rescue_1dc5ca,youtube_cumbria_flood_rescue_1dc5ca.mp4,560,50.0,640,480,combined,detect_combined,Flooded,deeplabv3plus,False,False,1,tensorrt,tensorrt,tensorrt,25.18,25.18,38.76,39.71,4.59,10.46,15.05,1406.39,43.1,0.0,1406.39,43.1,0.0,115.34,54.52,3.4,173.26,0.272,False,False
1780821698.5274343,youtube_cumbria_flood_rescue_1dc5ca,youtube_cumbria_flood_rescue_1dc5ca.mp4,561,50.0,640,480,combined,detect_combined,Flooded,deeplabv3plus,False,False,1,tensorrt,tensorrt,tensorrt,25.83,25.83,37.75,38.72,4.48,12.08,16.560000000000002,1406.39,60.5,0.0,1406.39,60.5,0.0,115.34,54.52,3.4,173.26,0.2654,False,False
1780821698.5963001,youtube_cumbria_flood_rescue_1dc5ca,youtube_cumbria_flood_rescue_1dc5ca.mp4,562,50.0,640,480,combined,detect_combined,Flooded,deeplabv3plus,False,False,2,tensorrt,tensorrt,tensorrt,23.16,23.16,41.21,43.18,4.33,9.4,13.73,1406.39,61.9,0.0,1406.39,61.9,0.0,115.34,54.52,3.4,173.26,0.2664,False,False
1780821698.660875,youtube_cumbria_flood_rescue_1dc5ca,youtube_cumbria_flood_rescue_1dc5ca.mp4,563,50.0,640,480,combined,detect_combined,Flooded,deeplabv3plus,False,False,2,tensorrt,tensorrt,tensorrt,30.93,30.93,31.01,32.33,5.0,7.39,12.39,1406.39,69.4,0.0,1406.39,69.4,0.0,115.34,54.52,3.4,173.26,0.279,False,False
1780821698.7354116,youtube_cumbria_flood_rescue_1dc5ca,youtube_cumbria_flood_rescue_1dc5ca.mp4,564,50.0,640,480,combined,detect_combined,Flooded,deeplabv3plus,False,False,2,tensorrt,tensorrt,tensorrt,21.52,21.52,45.29,46.47,4.41,12.95,17.36,1406.39,61.4,0.0,1406.39,61.4,0.0,115.34,54.52,3.4,173.26,0.2287,False,False
1780821698.801192,youtube_cumbria_flood_rescue_1dc5ca,youtube_cumbria_flood_rescue_1dc5ca.mp4,565,50.0,640,480,combined,detect_combined,Flooded,deeplabv3plus,False,False,2,tensorrt,tensorrt,tensorrt,28.12,28.12,34.2,35.56,4.33,7.46,11.79,1406.39,59.5,0.0,1406.39,59.5,0.0,115.34,54.52,3.4,173.26,0.2394,False,False
1780821698.8708477,youtube_cumbria_flood_rescue_1dc5ca,youtube_cumbria_flood_rescue_1dc5ca.mp4,566,50.0,640,480,combined,detect_combined,Flooded,deeplabv3plus,False,False,2,tensorrt,tensorrt,tensorrt,22.84,22.84,42.35,43.79,5.61,11.33,16.94,1406.38,38.5,0.0,1406.38,38.5,0.0,115.34,54.52,3.4,173.26,0.2383,False,False
1780821698.9543464,youtube_cumbria_flood_rescue_1dc5ca,youtube_cumbria_flood_rescue_1dc5ca.mp4,567,50.0,640,480,combined,detect_combined,Flooded,deeplabv3plus,False,False,2,tensorrt,tensorrt,tensorrt,20.31,20.31,47.47,49.23,5.36,15.46,20.82,1406.38,35.8,0.0,1406.38,35.8,0.0,115.34,54.52,3.4,173.26,0.2409,False,False
1780821699.0421507,youtube_cumbria_flood_rescue_1dc5ca,youtube_cumbria_flood_rescue_1dc5ca.mp4,568,50.0,640,480,combined,detect_combined,Flooded,deeplabv3plus,False,False,2,tensorrt,tensorrt,tensorrt,23.29,23.29,41.16,42.93,6.55,14.9,21.45,1406.38,34.6,0.0,1406.38,34.6,0.0,115.34,54.52,3.4,173.26,0.236,False,False
1780821699.128477,youtube_cumbria_flood_rescue_1dc5ca,youtube_cumbria_flood_rescue_1dc5ca.mp4,569,50.0,640,480,combined,detect_combined,Flooded,deeplabv3plus,False,False,2,tensorrt,tensorrt,tensorrt,23.69,23.69,40.38,42.22,5.75,14.06,19.810000000000002,1406.38,31.4,0.0,1406.38,31.4,0.0,115.34,54.52,3.4,173.26,0.2292,False,False
1780821699.2169516,youtube_cumbria_flood_rescue_1dc5ca,youtube_cumbria_flood_rescue_1dc5ca.mp4,570,50.0,640,480,combined,detect_combined,Flooded,deeplabv3plus,False,False,2,tensorrt,tensorrt,tensorrt,20.84,20.84,46.02,47.98,6.36,14.75,21.11,1406.38,32.7,0.0,1406.38,32.7,0.0,115.34,54.52,3.4,173.26,0.2253,False,False
1780821699.3090851,youtube_cumbria_flood_rescue_1dc5ca,youtube_cumbria_flood_rescue_1dc5ca.mp4,571,50.0,640,480,combined,detect_combined,Flooded,deeplabv3plus,False,False,2,tensorrt,tensorrt,tensorrt,21.15,21.15,45.35,47.27,7.07,17.55,24.62,1406.38,33.3,0.0,1406.38,33.3,0.0,115.34,54.52,3.4,173.26,0.2276,False,False
1780821699.4123826,youtube_cumbria_flood_rescue_1dc5ca,youtube_cumbria_flood_rescue_1dc5ca.mp4,572,50.0,640,480,combined,detect_combined,Flooded,deeplabv3plus,False,False,1,tensorrt,tensorrt,tensorrt,17.45,17.45,56.0,57.3,6.88,19.09,25.97,1406.38,33.3,0.0,1406.38,33.3,0.0,115.34,54.52,3.4,173.26,0.2053,False,False
1780821699.516703,youtube_cumbria_flood_rescue_1dc5ca,youtube_cumbria_flood_rescue_1dc5ca.mp4,573,50.0,640,480,combined,detect_combined,Flooded,deeplabv3plus,False,False,1,tensorrt,tensorrt,tensorrt,17.19,17.19,56.75,58.16,7.29,18.27,25.56,1406.38,37.7,0.0,1406.38,37.7,0.0,115.34,54.52,3.4,173.26,0.2256,False,False
1780821699.6179183,youtube_cumbria_flood_rescue_1dc5ca,youtube_cumbria_flood_rescue_1dc5ca.mp4,574,50.0,640,480,combined,detect_combined,Flooded,deeplabv3plus,False,False,2,tensorrt,tensorrt,tensorrt,16.75,16.75,57.64,59.71,6.74,16.4,23.14,1406.38,44.4,0.0,1406.38,44.4,0.0,115.34,54.52,3.4,173.26,0.2616,False,False
1780821699.7150145,youtube_cumbria_flood_rescue_1dc5ca,youtube_cumbria_flood_rescue_1dc5ca.mp4,575,50.0,640,480,combined,detect_combined,Flooded,deeplabv3plus,False,False,2,tensorrt,tensorrt,tensorrt,18.85,18.85,51.66,53.05,7.38,14.22,21.6,1406.38,52.6,0.0,1406.38,52.6,0.0,115.34,54.52,3.4,173.26,0.261,False,False
1780821699.8005555,youtube_cumbria_flood_rescue_1dc5ca,youtube_cumbria_flood_rescue_1dc5ca.mp4,576,50.0,640,480,combined,detect_combined,Flooded,deeplabv3plus,False,False,2,tensorrt,tensorrt,tensorrt,22.03,22.03,43.77,45.39,6.0,10.8,16.8,1406.38,59.2,0.0,1406.38,59.2,0.0,115.34,54.52,3.4,173.26,0.2375,False,False
1780821699.884898,youtube_cumbria_flood_rescue_1dc5ca,youtube_cumbria_flood_rescue_1dc5ca.mp4,577,50.0,640,480,combined,detect_combined,Flooded,deeplabv3plus,False,False,2,tensorrt,tensorrt,tensorrt,21.02,21.02,46.2,47.58,6.39,14.04,20.43,1406.38,58.0,0.0,1406.38,58.0,0.0,115.34,54.52,3.4,173.26,0.2396,False,False
1780821699.9535656,youtube_cumbria_flood_rescue_1dc5ca,youtube_cumbria_flood_rescue_1dc5ca.mp4,578,50.0,640,480,combined,detect_combined,Flooded,deeplabv3plus,False,False,2,tensorrt,tensorrt,tensorrt,26.33,26.33,36.87,37.98,4.69,10.19,14.879999999999999,1406.38,55.0,0.0,1406.38,55.0,0.0,115.34,54.52,3.4,173.26,0.2329,False,False
1780821700.0317314,youtube_cumbria_flood_rescue_1dc5ca,youtube_cumbria_flood_rescue_1dc5ca.mp4,579,50.0,640,480,combined,detect_combined,Flooded,deeplabv3plus,False,False,1,tensorrt,tensorrt,tensorrt,22.17,22.17,44.13,45.11,5.01,13.57,18.58,1406.38,56.3,0.0,1406.38,56.3,0.0,115.34,54.52,3.4,173.26,0.2092,False,False
1780821700.097583,youtube_cumbria_flood_rescue_1dc5ca,youtube_cumbria_flood_rescue_1dc5ca.mp4,580,50.0,640,480,combined,detect_combined,Flooded,deeplabv3plus,False,False,1,tensorrt,tensorrt,tensorrt,29.48,29.48,32.95,33.93,5.06,10.48,15.54,1406.38,53.7,0.0,1406.38,53.7,0.0,115.34,54.52,3.4,173.26,0.2281,False,False
1780821700.1687517,youtube_cumbria_flood_rescue_1dc5ca,youtube_cumbria_flood_rescue_1dc5ca.mp4,581,50.0,640,480,combined,detect_combined,Flooded,deeplabv3plus,False,False,1,tensorrt,tensorrt,tensorrt,25.26,25.26,38.58,39.59,5.13,10.17,15.3,1406.38,47.5,0.0,1406.38,47.5,0.0,115.34,54.52,3.4,173.26,0.2656,False,False
1780821700.2367847,youtube_cumbria_flood_rescue_1dc5ca,youtube_cumbria_flood_rescue_1dc5ca.mp4,582,50.0,640,480,combined,detect_combined,Flooded,deeplabv3plus,False,False,1,tensorrt,tensorrt,tensorrt,25.3,25.3,38.43,39.53,4.78,11.39,16.17,1406.38,65.0,0.0,1406.38,65.0,0.0,115.34,54.52,3.4,173.26,0.2304,False,False
1780821700.3168437,youtube_cumbria_flood_rescue_1dc5ca,youtube_cumbria_flood_rescue_1dc5ca.mp4,583,50.0,640,480,combined,detect_combined,Flooded,deeplabv3plus,False,False,1,tensorrt,tensorrt,tensorrt,20.51,20.51,47.71,48.76,7.72,10.74,18.46,1406.38,58.1,0.0,1406.38,58.1,0.0,115.34,54.52,3.4,173.26,0.222,False,False
1780821700.3776796,youtube_cumbria_flood_rescue_1dc5ca,youtube_cumbria_flood_rescue_1dc5ca.mp4,584,50.0,640,480,combined,detect_combined,Flooded,deeplabv3plus,False,False,1,tensorrt,tensorrt,tensorrt,26.03,26.03,37.5,38.41,5.34,8.36,13.7,1406.38,54.5,0.0,1406.38,54.5,0.0,115.34,54.52,3.4,173.26,0.2366,False,False
1780821700.4450076,youtube_cumbria_flood_rescue_1dc5ca,youtube_cumbria_flood_rescue_1dc5ca.mp4,585,50.0,640,480,combined,detect_combined,Flooded,deeplabv3plus,False,False,1,tensorrt,tensorrt,tensorrt,24.14,24.14,40.53,41.43,5.0,9.21,14.21,1406.38,46.3,0.0,1406.38,46.3,0.0,115.34,54.52,3.4,173.26,0.218,False,False
1780821700.5052032,youtube_cumbria_flood_rescue_1dc5ca,youtube_cumbria_flood_rescue_1dc5ca.mp4,586,50.0,640,480,combined,detect_combined,Flooded,deeplabv3plus,False,False,1,tensorrt,tensorrt,tensorrt,28.62,28.62,33.99,34.94,4.82,8.85,13.67,1406.38,48.6,0.0,1406.38,48.6,0.0,115.34,54.52,3.4,173.26,0.2236,False,False
1780821700.5728502,youtube_cumbria_flood_rescue_1dc5ca,youtube_cumbria_flood_rescue_1dc5ca.mp4,587,50.0,640,480,combined,detect_combined,Flooded,deeplabv3plus,False,False,1,tensorrt,tensorrt,tensorrt,24.29,24.29,40.07,41.18,4.64,12.96,17.6,1406.38,47.5,0.0,1406.38,47.5,0.0,115.34,54.52,3.4,173.26,0.2104,False,False
1780821700.6458786,youtube_cumbria_flood_rescue_1dc5ca,youtube_cumbria_flood_rescue_1dc5ca.mp4,588,50.0,640,480,combined,detect_combined,Flooded,deeplabv3plus,False,False,1,tensorrt,tensorrt,tensorrt,22.8,22.8,42.71,43.86,5.81,10.08,15.89,1406.38,41.9,0.0,1406.38,41.9,0.0,115.34,54.52,3.4,173.26,0.2028,False,False
1780821700.7339108,youtube_cumbria_flood_rescue_1dc5ca,youtube_cumbria_flood_rescue_1dc5ca.mp4,589,50.0,640,480,combined,detect_combined,Flooded,deeplabv3plus,False,False,1,tensorrt,tensorrt,tensorrt,20.72,20.72,46.93,48.27,6.07,15.16,21.23,1406.38,30.2,0.0,1406.38,30.2,0.0,115.34,54.52,3.4,173.26,0.2011,False,False
1780821700.8213308,youtube_cumbria_flood_rescue_1dc5ca,youtube_cumbria_flood_rescue_1dc5ca.mp4,590,50.0,640,480,combined,detect_combined,Flooded,deeplabv3plus,False,False,1,tensorrt,tensorrt,tensorrt,22.79,22.79,42.5,43.88,6.81,15.67,22.48,1406.38,29.4,0.0,1406.38,29.4,0.0,115.34,54.52,3.4,173.26,0.216,False,False
1780821700.9174428,youtube_cumbria_flood_rescue_1dc5ca,youtube_cumbria_flood_rescue_1dc5ca.mp4,591,50.0,640,480,combined,detect_combined,Non-Flooded,resnet18,True,False,1,tensorrt,tensorrt,tensorrt,19.23,19.23,50.97,52.01,6.4,14.77,21.17,1406.38,33.3,0.0,1406.38,33.3,0.0,115.34,54.52,3.4,173.26,0.1861,False,False
1780821701.0029817,youtube_cumbria_flood_rescue_1dc5ca,youtube_cumbria_flood_rescue_1dc5ca.mp4,592,50.0,640,480,combined,detect_combined,Non-Flooded,resnet18,False,False,1,tensorrt,tensorrt,tensorrt,22.3,22.3,43.51,44.84,8.3,13.74,22.04,1406.38,46.5,0.0,1406.38,46.5,0.0,115.34,54.52,3.4,173.26,0.1962,False,False
1780821701.0859642,youtube_cumbria_flood_rescue_1dc5ca,youtube_cumbria_flood_rescue_1dc5ca.mp4,593,50.0,640,480,combined,detect_combined,Flooded,deeplabv3plus,True,False,1,tensorrt,tensorrt,tensorrt,21.32,21.32,45.43,46.9,6.74,13.23,19.97,1406.38,38.0,0.0,1406.38,38.0,0.0,115.34,54.52,3.4,173.26,0.2269,False,False
1780821701.1640859,youtube_cumbria_flood_rescue_1dc5ca,youtube_cumbria_flood_rescue_1dc5ca.mp4,594,50.0,640,480,combined,detect_combined,Flooded,deeplabv3plus,False,False,2,tensorrt,tensorrt,tensorrt,26.33,26.33,36.16,37.97,6.61,12.77,19.38,1406.38,39.1,0.0,1406.38,39.1,0.0,115.34,54.52,3.4,173.26,0.2317,False,False
1780821701.247338,youtube_cumbria_flood_rescue_1dc5ca,youtube_cumbria_flood_rescue_1dc5ca.mp4,595,50.0,640,480,combined,detect_combined,Flooded,deeplabv3plus,False,False,1,tensorrt,tensorrt,tensorrt,22.03,22.03,44.04,45.38,6.05,12.53,18.58,1406.38,45.8,0.0,1406.38,45.8,0.0,115.34,54.52,3.4,173.26,0.2352,False,False
1780821701.3330305,youtube_cumbria_flood_rescue_1dc5ca,youtube_cumbria_flood_rescue_1dc5ca.mp4,596,50.0,640,480,combined,detect_combined,Flooded,deeplabv3plus,False,False,1,tensorrt,tensorrt,tensorrt,19.79,19.79,49.22,50.54,6.65,12.84,19.490000000000002,1406.38,49.0,0.0,1406.38,49.0,0.0,115.34,54.52,3.4,173.26,0.2147,False,False
1780821701.4255304,youtube_cumbria_flood_rescue_1dc5ca,youtube_cumbria_flood_rescue_1dc5ca.mp4,597,50.0,640,480,combined,detect_combined,Flooded,deeplabv3plus,False,False,1,tensorrt,tensorrt,tensorrt,18.24,18.24,53.4,54.82,6.68,16.15,22.83,1406.38,58.5,0.0,1406.38,58.5,0.0,115.34,54.52,3.4,173.26,0.2482,False,False
1780821701.5173147,youtube_cumbria_flood_rescue_1dc5ca,youtube_cumbria_flood_rescue_1dc5ca.mp4,598,50.0,640,480,combined,detect_combined,Flooded,deeplabv3plus,False,False,2,tensorrt,tensorrt,tensorrt,18.21,18.21,53.63,54.91,7.13,20.4,27.529999999999998,1406.38,59.3,0.0,1406.38,59.3,0.0,115.34,54.52,3.4,173.26,0.2287,False,False
1780821701.6045,youtube_cumbria_flood_rescue_1dc5ca,youtube_cumbria_flood_rescue_1dc5ca.mp4,599,50.0,640,480,combined,detect_combined,Non-Flooded,resnet18,True,False,1,tensorrt,tensorrt,tensorrt,18.71,18.71,52.22,53.45,5.72,14.31,20.03,1406.38,60.4,0.0,1406.38,60.4,0.0,115.34,54.52,3.4,173.26,0.1538,False,False
1780821701.6884513,youtube_cumbria_flood_rescue_1dc5ca,youtube_cumbria_flood_rescue_1dc5ca.mp4,600,50.0,640,480,combined,detect_combined,Flooded,deeplabv3plus,True,False,1,tensorrt,tensorrt,tensorrt,31.46,31.46,30.68,31.78,4.39,8.29,12.68,1406.38,91.8,0.0,1406.38,91.8,0.0,115.34,54.52,3.4,173.26,0.2131,False,False
1780821701.7699413,youtube_cumbria_flood_rescue_1dc5ca,youtube_cumbria_flood_rescue_1dc5ca.mp4,601,50.0,640,480,combined,detect_combined,Flooded,deeplabv3plus,False,False,1,tensorrt,tensorrt,tensorrt,20.24,20.24,46.8,49.4,6.37,21.43,27.8,1406.38,94.0,0.0,1406.38,94.0,0.0,115.34,54.52,3.4,173.26,0.2042,False,False
1780821701.8479655,youtube_cumbria_flood_rescue_1dc5ca,youtube_cumbria_flood_rescue_1dc5ca.mp4,602,50.0,640,480,combined,detect_combined,Flooded,deeplabv3plus,False,False,1,tensorrt,tensorrt,tensorrt,21.99,21.99,44.26,45.47,10.74,15.78,26.52,1406.38,80.0,0.0,1406.38,80.0,0.0,115.34,54.52,3.4,173.26,0.2048,False,False
1780821701.9144502,youtube_cumbria_flood_rescue_1dc5ca,youtube_cumbria_flood_rescue_1dc5ca.mp4,603,50.0,640,480,combined,detect_combined,Non-Flooded,resnet18,True,False,1,tensorrt,tensorrt,tensorrt,25.95,25.95,37.49,38.54,5.5,9.51,15.01,1406.38,59.0,0.0,1406.38,59.0,0.0,115.34,54.52,3.4,173.26,0.1978,False,False
1780821701.9912755,youtube_cumbria_flood_rescue_1dc5ca,youtube_cumbria_flood_rescue_1dc5ca.mp4,604,50.0,640,480,combined,detect_combined,Non-Flooded,resnet18,False,False,1,tensorrt,tensorrt,tensorrt,24.56,24.56,39.77,40.72,4.77,13.06,17.83,1406.38,34.1,0.0,1406.38,34.1,0.0,115.34,54.52,3.4,173.26,0.1869,False,False
1780821702.0543175,youtube_cumbria_flood_rescue_1dc5ca,youtube_cumbria_flood_rescue_1dc5ca.mp4,605,50.0,640,480,combined,detect_combined,Flooded,deeplabv3plus,True,False,1,tensorrt,tensorrt,tensorrt,27.23,27.23,35.67,36.72,4.48,8.29,12.77,1406.38,31.6,0.0,1406.38,31.6,0.0,115.34,54.52,3.4,173.26,0.2111,False,False
1780821702.1186814,youtube_cumbria_flood_rescue_1dc5ca,youtube_cumbria_flood_rescue_1dc5ca.mp4,606,50.0,640,480,combined,detect_combined,Flooded,deeplabv3plus,False,False,1,tensorrt,tensorrt,tensorrt,25.15,25.15,38.7,39.76,5.74,9.64,15.38,1406.38,34.2,0.0,1406.38,34.2,0.0,115.34,54.52,3.4,173.26,0.2187,False,False
1780821702.193854,youtube_cumbria_flood_rescue_1dc5ca,youtube_cumbria_flood_rescue_1dc5ca.mp4,607,50.0,640,480,combined,detect_combined,Flooded,deeplabv3plus,False,False,1,tensorrt,tensorrt,tensorrt,23.65,23.65,40.93,42.29,5.76,10.84,16.6,1406.38,34.1,0.0,1406.38,34.1,0.0,115.34,54.52,3.4,173.26,0.2511,False,False
1780821702.2753453,youtube_cumbria_flood_rescue_1dc5ca,youtube_cumbria_flood_rescue_1dc5ca.mp4,608,50.0,640,480,combined,detect_combined,Flooded,deeplabv3plus,False,False,1,tensorrt,tensorrt,tensorrt,23.18,23.18,41.86,43.14,5.59,11.55,17.14,1406.38,36.0,0.0,1406.38,36.0,0.0,115.34,54.52,3.4,173.26,0.2983,False,False
1780821702.366539,youtube_cumbria_flood_rescue_1dc5ca,youtube_cumbria_flood_rescue_1dc5ca.mp4,609,50.0,640,480,combined,detect_combined,Flooded,deeplabv3plus,False,False,1,tensorrt,tensorrt,tensorrt,19.46,19.46,49.98,51.38,5.85,14.88,20.73,1406.38,26.9,0.0,1406.38,26.9,0.0,115.34,54.52,3.4,173.26,0.2622,False,False
1780821702.4690847,youtube_cumbria_flood_rescue_1dc5ca,youtube_cumbria_flood_rescue_1dc5ca.mp4,610,50.0,640,480,combined,detect_combined,Flooded,deeplabv3plus,False,False,1,tensorrt,tensorrt,tensorrt,18.9,18.9,51.57,52.92,6.74,18.65,25.39,1406.38,36.1,0.0,1406.38,36.1,0.0,115.34,54.52,3.4,173.26,0.2518,False,False
1780821702.5673692,youtube_cumbria_flood_rescue_1dc5ca,youtube_cumbria_flood_rescue_1dc5ca.mp4,611,50.0,640,480,combined,detect_combined,Flooded,deeplabv3plus,False,False,1,tensorrt,tensorrt,tensorrt,18.01,18.01,54.17,55.52,6.45,18.15,24.599999999999998,1406.38,47.4,0.0,1406.38,47.4,0.0,115.34,54.52,3.4,173.26,0.336,False,False
1780821702.666002,youtube_cumbria_flood_rescue_1dc5ca,youtube_cumbria_flood_rescue_1dc5ca.mp4,612,50.0,640,480,combined,detect_combined,Flooded,deeplabv3plus,False,False,1,tensorrt,tensorrt,tensorrt,18.42,18.42,52.96,54.29,7.55,20.51,28.060000000000002,1406.38,50.0,0.0,1406.38,50.0,0.0,115.34,54.52,3.4,173.26,0.2482,False,False
1780821702.7610135,youtube_cumbria_flood_rescue_1dc5ca,youtube_cumbria_flood_rescue_1dc5ca.mp4,613,50.0,640,480,combined,detect_combined,Flooded,deeplabv3plus,False,False,2,tensorrt,tensorrt,tensorrt,19.36,19.36,49.75,51.66,6.9,19.41,26.310000000000002,1406.38,46.4,0.0,1406.38,46.4,0.0,115.34,54.52,3.4,173.26,0.2162,False,False
1780821702.8572524,youtube_cumbria_flood_rescue_1dc5ca,youtube_cumbria_flood_rescue_1dc5ca.mp4,614,50.0,640,480,combined,detect_combined,Flooded,deeplabv3plus,False,False,2,tensorrt,tensorrt,tensorrt,17.82,17.82,54.15,56.1,11.71,21.18,32.89,1406.38,47.5,0.0,1406.38,47.5,0.0,115.34,54.52,3.4,173.26,0.2484,False,False
1780821702.952418,youtube_cumbria_flood_rescue_1dc5ca,youtube_cumbria_flood_rescue_1dc5ca.mp4,615,50.0,640,480,combined,detect_combined,Flooded,deeplabv3plus,False,False,1,tensorrt,tensorrt,tensorrt,18.13,18.13,53.79,55.16,7.13,19.48,26.61,1406.38,43.9,0.0,1406.38,43.9,0.0,115.34,54.52,3.4,173.26,0.3327,False,False
1780821703.052506,youtube_cumbria_flood_rescue_1dc5ca,youtube_cumbria_flood_rescue_1dc5ca.mp4,616,50.0,640,480,combined,detect_combined,Flooded,deeplabv3plus,False,False,1,tensorrt,tensorrt,tensorrt,18.89,18.89,51.71,52.95,9.15,18.21,27.36,1406.38,34.4,0.0,1406.38,34.4,0.0,115.34,54.52,3.4,173.26,0.3056,False,False
1780821703.1375782,youtube_cumbria_flood_rescue_1dc5ca,youtube_cumbria_flood_rescue_1dc5ca.mp4,617,50.0,640,480,combined,detect_combined,Flooded,deeplabv3plus,False,False,0,tensorrt,tensorrt,tensorrt,22.05,22.05,44.97,45.35,5.76,17.44,23.200000000000003,1406.38,32.0,0.0,1406.38,32.0,0.0,115.34,54.52,3.4,173.26,0.3124,False,False
1780821703.2231073,youtube_cumbria_flood_rescue_1dc5ca,youtube_cumbria_flood_rescue_1dc5ca.mp4,618,50.0,640,480,combined,detect_combined,Flooded,deeplabv3plus,False,False,0,tensorrt,tensorrt,tensorrt,20.08,20.08,49.17,49.79,6.86,17.22,24.08,1406.38,31.4,0.0,1406.38,31.4,0.0,115.34,54.52,3.4,173.26,0.4312,False,False
1780821703.2897902,youtube_cumbria_flood_rescue_1dc5ca,youtube_cumbria_flood_rescue_1dc5ca.mp4,619,50.0,640,480,combined,detect_combined,Flooded,deeplabv3plus,False,False,0,tensorrt,tensorrt,tensorrt,27.57,27.57,35.81,36.26,6.48,12.5,18.98,1406.38,28.9,0.0,1406.38,28.9,0.0,115.34,54.52,3.4,173.26,0.6546,False,False
1780821703.3600333,youtube_cumbria_flood_rescue_1dc5ca,youtube_cumbria_flood_rescue_1dc5ca.mp4,620,50.0,640,480,combined,detect_combined,Flooded,deeplabv3plus,False,False,0,tensorrt,tensorrt,tensorrt,24.74,24.74,40.04,40.42,7.1,14.17,21.27,1406.38,35.6,0.0,1406.38,35.6,0.0,115.34,54.52,3.4,173.26,0.6475,False,False
1780821703.4624333,youtube_cumbria_flood_rescue_1dc5ca,youtube_cumbria_flood_rescue_1dc5ca.mp4,621,50.0,640,480,combined,detect_combined,Flooded,deeplabv3plus,False,False,0,tensorrt,tensorrt,tensorrt,14.43,14.43,68.87,69.32,8.38,33.48,41.86,1406.38,39.7,0.0,1406.38,39.7,0.0,115.34,54.52,3.4,173.26,0.5289,False,False
1780821703.532748,youtube_cumbria_flood_rescue_1dc5ca,youtube_cumbria_flood_rescue_1dc5ca.mp4,622,50.0,640,480,combined,detect_combined,Flooded,deeplabv3plus,False,False,0,tensorrt,tensorrt,tensorrt,25.63,25.63,38.66,39.02,6.93,15.26,22.189999999999998,1406.38,43.9,0.0,1406.38,43.9,0.0,115.34,54.52,3.4,173.26,0.2793,False,False
1780821703.5817904,youtube_cumbria_flood_rescue_1dc5ca,youtube_cumbria_flood_rescue_1dc5ca.mp4,623,50.0,640,480,combined,detect_combined,Flooded,deeplabv3plus,False,False,0,tensorrt,tensorrt,tensorrt,39.87,39.87,24.73,25.08,5.17,9.73,14.9,1406.38,24.1,0.0,1406.38,24.1,0.0,115.34,54.52,3.4,173.26,0.2793,False,False
1780821703.6373467,youtube_cumbria_flood_rescue_1dc5ca,youtube_cumbria_flood_rescue_1dc5ca.mp4,624,50.0,640,480,combined,detect_combined,Flooded,deeplabv3plus,False,False,0,tensorrt,tensorrt,tensorrt,37.15,37.15,26.56,26.92,5.39,10.5,15.89,1406.38,34.4,0.0,1406.38,34.4,0.0,115.34,54.52,3.4,173.26,0.2793,False,False
1780821703.700121,youtube_cumbria_flood_rescue_1dc5ca,youtube_cumbria_flood_rescue_1dc5ca.mp4,625,50.0,640,480,combined,detect_combined,Flooded,deeplabv3plus,False,False,0,tensorrt,tensorrt,tensorrt,28.44,28.44,34.8,35.17,5.16,10.25,15.41,1406.38,36.1,0.0,1406.38,36.1,0.0,115.34,54.52,3.4,173.26,0.2793,False,False
1780821703.756554,youtube_cumbria_flood_rescue_1dc5ca,youtube_cumbria_flood_rescue_1dc5ca.mp4,626,50.0,640,480,combined,detect_combined,Flooded,deeplabv3plus,False,False,0,tensorrt,tensorrt,tensorrt,33.5,33.5,29.49,29.85,5.15,9.71,14.860000000000001,1406.37,36.4,0.0,1406.37,36.4,0.0,115.34,54.52,3.4,173.26,0.2793,False,False
1780821703.817328,youtube_cumbria_flood_rescue_1dc5ca,youtube_cumbria_flood_rescue_1dc5ca.mp4,627,50.0,640,480,combined,detect_combined,Flooded,deeplabv3plus,False,False,0,tensorrt,tensorrt,tensorrt,30.19,30.19,32.76,33.13,5.39,12.35,17.74,1406.37,36.1,0.0,1406.37,36.1,0.0,115.34,54.52,3.4,173.26,0.2793,False,False
1780821703.8804538,youtube_cumbria_flood_rescue_1dc5ca,youtube_cumbria_flood_rescue_1dc5ca.mp4,628,50.0,640,480,combined,detect_combined,Flooded,deeplabv3plus,False,False,0,tensorrt,tensorrt,tensorrt,26.64,26.64,37.11,37.54,5.75,12.34,18.09,1406.37,52.6,0.0,1406.37,52.6,0.0,115.34,54.52,3.4,173.26,0.2793,False,False
1780821703.9472241,youtube_cumbria_flood_rescue_1dc5ca,youtube_cumbria_flood_rescue_1dc5ca.mp4,629,50.0,640,480,combined,detect_combined,Flooded,deeplabv3plus,False,False,0,tensorrt,tensorrt,tensorrt,27.06,27.06,36.6,36.96,6.11,14.97,21.080000000000002,1406.37,47.4,0.0,1406.37,47.4,0.0,115.34,54.52,3.4,173.26,0.2793,False,False
1780821704.005878,youtube_cumbria_flood_rescue_1dc5ca,youtube_cumbria_flood_rescue_1dc5ca.mp4,630,50.0,640,480,combined,detect_combined,Flooded,deeplabv3plus,False,False,0,tensorrt,tensorrt,tensorrt,33.59,33.59,29.45,29.77,4.86,11.76,16.62,1406.37,42.4,0.0,1406.37,42.4,0.0,115.34,54.52,3.4,173.26,0.2793,False,False
1780821704.058795,youtube_cumbria_flood_rescue_1dc5ca,youtube_cumbria_flood_rescue_1dc5ca.mp4,631,50.0,640,480,combined,detect_combined,Flooded,deeplabv3plus,False,False,0,tensorrt,tensorrt,tensorrt,32.92,32.92,30.04,30.37,4.98,10.58,15.56,1406.37,43.8,0.0,1406.37,43.8,0.0,115.34,54.52,3.4,173.26,0.2793,False,False
1780821704.1139293,youtube_cumbria_flood_rescue_1dc5ca,youtube_cumbria_flood_rescue_1dc5ca.mp4,632,50.0,640,480,combined,detect_combined,Flooded,deeplabv3plus,False,False,0,tensorrt,tensorrt,tensorrt,31.42,31.42,31.5,31.82,4.48,11.43,15.91,1406.36,50.0,0.0,1406.36,50.0,0.0,115.34,54.52,3.4,173.26,0.2793,False,False
1780821704.1630743,youtube_cumbria_flood_rescue_1dc5ca,youtube_cumbria_flood_rescue_1dc5ca.mp4,633,50.0,640,480,combined,detect_combined,Flooded,deeplabv3plus,False,False,0,tensorrt,tensorrt,tensorrt,43.59,43.59,22.61,22.94,6.05,8.03,14.079999999999998,1406.36,53.3,0.0,1406.36,53.3,0.0,115.34,54.52,3.4,173.26,0.2793,False,False
1780821704.21906,youtube_cumbria_flood_rescue_1dc5ca,youtube_cumbria_flood_rescue_1dc5ca.mp4,634,50.0,640,480,combined,detect_combined,Flooded,deeplabv3plus,False,False,0,tensorrt,tensorrt,tensorrt,33.43,33.43,29.58,29.91,4.32,9.38,13.700000000000001,1406.36,42.9,0.0,1406.36,42.9,0.0,115.34,54.52,3.4,173.26,0.2793,False,False
1780821704.2799993,youtube_cumbria_flood_rescue_1dc5ca,youtube_cumbria_flood_rescue_1dc5ca.mp4,635,50.0,640,480,combined,detect_combined,Flooded,deeplabv3plus,False,False,0,tensorrt,tensorrt,tensorrt,29.36,29.36,33.7,34.07,6.52,9.22,15.74,1406.36,37.1,0.0,1406.36,37.1,0.0,115.34,54.52,3.4,173.26,0.2793,False,False
1780821704.353386,youtube_cumbria_flood_rescue_1dc5ca,youtube_cumbria_flood_rescue_1dc5ca.mp4,636,50.0,640,480,combined,detect_combined,Flooded,deeplabv3plus,False,False,0,tensorrt,tensorrt,tensorrt,21.47,21.47,46.16,46.57,5.14,18.58,23.72,1406.36,23.3,0.0,1406.36,23.3,0.0,115.34,54.52,3.4,173.26,0.2793,False,False
1780821704.4232302,youtube_cumbria_flood_rescue_1dc5ca,youtube_cumbria_flood_rescue_1dc5ca.mp4,637,50.0,640,480,combined,detect_combined,Flooded,deeplabv3plus,False,False,0,tensorrt,tensorrt,tensorrt,26.96,26.96,36.58,37.09,5.65,13.73,19.380000000000003,1406.36,31.8,0.0,1406.36,31.8,0.0,115.34,54.52,3.4,173.26,0.2793,False,False
1780821704.498208,youtube_cumbria_flood_rescue_1dc5ca,youtube_cumbria_flood_rescue_1dc5ca.mp4,638,50.0,640,480,combined,detect_combined,Flooded,deeplabv3plus,False,False,0,tensorrt,tensorrt,tensorrt,24.12,24.12,41.06,41.46,5.58,17.09,22.67,1406.36,27.9,0.0,1406.36,27.9,0.0,115.34,54.52,3.4,173.26,0.2793,False,False
1780821704.5641763,youtube_cumbria_flood_rescue_1dc5ca,youtube_cumbria_flood_rescue_1dc5ca.mp4,639,50.0,640,480,combined,detect_combined,Flooded,deeplabv3plus,False,False,0,tensorrt,tensorrt,tensorrt,28.27,28.27,34.97,35.37,5.87,11.04,16.91,1406.36,35.9,0.0,1406.36,35.9,0.0,115.34,54.52,3.4,173.26,0.2793,False,False
1780821704.6354134,youtube_cumbria_flood_rescue_1dc5ca,youtube_cumbria_flood_rescue_1dc5ca.mp4,640,50.0,640,480,combined,detect_combined,Flooded,deeplabv3plus,False,False,0,tensorrt,tensorrt,tensorrt,25.31,25.31,39.08,39.51,6.4,12.55,18.950000000000003,1406.36,36.4,0.0,1406.36,36.4,0.0,115.34,54.52,3.4,173.26,0.2793,False,False
1780821704.7150867,youtube_cumbria_flood_rescue_1dc5ca,youtube_cumbria_flood_rescue_1dc5ca.mp4,641,50.0,640,480,combined,detect_combined,Flooded,deeplabv3plus,False,False,0,tensorrt,tensorrt,tensorrt,21.67,21.67,45.72,46.16,6.68,20.4,27.08,1406.36,26.7,0.0,1406.36,26.7,0.0,115.34,54.52,3.4,173.26,0.2793,False,False
1780821704.7835405,youtube_cumbria_flood_rescue_1dc5ca,youtube_cumbria_flood_rescue_1dc5ca.mp4,642,50.0,640,480,combined,detect_combined,Flooded,deeplabv3plus,False,False,0,tensorrt,tensorrt,tensorrt,28.06,28.06,35.22,35.64,6.71,11.9,18.61,1406.36,30.0,0.0,1406.36,30.0,0.0,115.34,54.52,3.4,173.26,0.2793,False,False
1780821704.8584545,youtube_cumbria_flood_rescue_1dc5ca,youtube_cumbria_flood_rescue_1dc5ca.mp4,643,50.0,640,480,combined,detect_combined,Flooded,deeplabv3plus,False,False,0,tensorrt,tensorrt,tensorrt,24.43,24.43,40.51,40.94,6.42,14.48,20.9,1406.36,31.1,0.0,1406.36,31.1,0.0,115.34,54.52,3.4,173.26,0.2793,False,False
1780821704.9469125,youtube_cumbria_flood_rescue_1dc5ca,youtube_cumbria_flood_rescue_1dc5ca.mp4,644,50.0,640,480,combined,detect_combined,Flooded,deeplabv3plus,False,False,0,tensorrt,tensorrt,tensorrt,18.56,18.56,53.46,53.88,11.18,20.71,31.89,1406.36,27.5,0.0,1406.36,27.5,0.0,115.34,54.52,3.4,173.26,0.2793,False,False
1780821705.0230942,youtube_cumbria_flood_rescue_1dc5ca,youtube_cumbria_flood_rescue_1dc5ca.mp4,645,50.0,640,480,combined,detect_combined,Flooded,deeplabv3plus,False,False,0,tensorrt,tensorrt,tensorrt,25.76,25.76,38.39,38.82,5.77,15.79,21.56,1406.36,23.8,0.0,1406.36,23.8,0.0,115.34,54.52,3.4,173.26,0.2793,False,False
1780821705.101965,youtube_cumbria_flood_rescue_1dc5ca,youtube_cumbria_flood_rescue_1dc5ca.mp4,646,50.0,640,480,combined,detect_combined,Flooded,deeplabv3plus,False,False,0,tensorrt,tensorrt,tensorrt,25.38,25.38,39.0,39.41,9.08,17.78,26.86,1406.36,31.1,0.0,1406.36,31.1,0.0,115.34,54.52,3.4,173.26,0.2793,False,False
1780821705.1761038,youtube_cumbria_flood_rescue_1dc5ca,youtube_cumbria_flood_rescue_1dc5ca.mp4,647,50.0,640,480,combined,detect_combined,Flooded,deeplabv3plus,False,False,0,tensorrt,tensorrt,tensorrt,24.83,24.83,39.85,40.27,6.7,15.03,21.73,1406.36,46.7,0.0,1406.36,46.7,0.0,115.34,54.52,3.4,173.26,0.2781,False,False
1780821705.2585864,youtube_cumbria_flood_rescue_1dc5ca,youtube_cumbria_flood_rescue_1dc5ca.mp4,648,50.0,640,480,combined,detect_combined,Flooded,deeplabv3plus,False,False,0,tensorrt,tensorrt,tensorrt,21.47,21.47,46.13,46.57,8.91,18.17,27.080000000000002,1406.36,61.2,0.0,1406.36,61.2,0.0,115.34,54.52,3.4,173.26,0.3502,False,False
1780821705.339387,youtube_cumbria_flood_rescue_1dc5ca,youtube_cumbria_flood_rescue_1dc5ca.mp4,649,50.0,640,480,combined,detect_combined,Flooded,deeplabv3plus,False,False,0,tensorrt,tensorrt,tensorrt,21.33,21.33,46.51,46.89,7.21,19.67,26.880000000000003,1406.36,62.0,0.0,1406.36,62.0,0.0,115.34,54.52,3.4,173.26,0.4245,False,False
1780821705.4027684,youtube_cumbria_flood_rescue_1dc5ca,youtube_cumbria_flood_rescue_1dc5ca.mp4,650,50.0,640,480,combined,detect_combined,Flooded,deeplabv3plus,False,False,0,tensorrt,tensorrt,tensorrt,25.92,25.92,38.16,38.57,5.01,12.89,17.9,1406.36,58.3,0.0,1406.36,58.3,0.0,115.34,54.52,3.4,173.26,0.358,False,False
1780821705.4609745,youtube_cumbria_flood_rescue_1dc5ca,youtube_cumbria_flood_rescue_1dc5ca.mp4,651,50.0,640,480,combined,detect_combined,Flooded,deeplabv3plus,False,False,0,tensorrt,tensorrt,tensorrt,31.12,31.12,31.79,32.13,4.35,7.63,11.98,1406.36,68.6,0.0,1406.36,68.6,0.0,115.34,54.52,3.4,173.26,0.3614,False,False
1780821705.5189972,youtube_cumbria_flood_rescue_1dc5ca,youtube_cumbria_flood_rescue_1dc5ca.mp4,652,50.0,640,480,combined,detect_combined,Flooded,deeplabv3plus,False,False,0,tensorrt,tensorrt,tensorrt,33.31,33.31,29.69,30.02,6.21,9.16,15.370000000000001,1406.36,65.7,0.0,1406.36,65.7,0.0,115.34,54.52,3.4,173.26,0.3407,False,False
1780821705.572826,youtube_cumbria_flood_rescue_1dc5ca,youtube_cumbria_flood_rescue_1dc5ca.mp4,653,50.0,640,480,combined,detect_combined,Flooded,deeplabv3plus,False,False,0,tensorrt,tensorrt,tensorrt,30.49,30.49,32.48,32.8,4.95,9.08,14.030000000000001,1406.36,61.8,0.0,1406.36,61.8,0.0,115.34,54.52,3.4,173.26,0.3348,False,False
1780821705.6292343,youtube_cumbria_flood_rescue_1dc5ca,youtube_cumbria_flood_rescue_1dc5ca.mp4,654,50.0,640,480,combined,detect_combined,Flooded,deeplabv3plus,False,False,0,tensorrt,tensorrt,tensorrt,28.88,28.88,34.32,34.63,4.86,10.5,15.36,1406.36,51.5,0.0,1406.36,51.5,0.0,115.34,54.52,3.4,173.26,0.4252,False,False
1780821705.6869514,youtube_cumbria_flood_rescue_1dc5ca,youtube_cumbria_flood_rescue_1dc5ca.mp4,655,50.0,640,480,combined,detect_combined,Flooded,deeplabv3plus,False,False,0,tensorrt,tensorrt,tensorrt,30.45,30.45,32.52,32.84,4.29,9.82,14.11,1406.36,40.0,0.0,1406.36,40.0,0.0,115.34,54.52,3.4,173.26,0.4127,False,False
1780821705.744881,youtube_cumbria_flood_rescue_1dc5ca,youtube_cumbria_flood_rescue_1dc5ca.mp4,656,50.0,640,480,combined,detect_combined,Flooded,deeplabv3plus,False,False,0,tensorrt,tensorrt,tensorrt,30.12,30.12,32.82,33.2,6.86,13.02,19.88,1406.36,36.4,0.0,1406.36,36.4,0.0,115.34,54.52,3.4,173.26,0.3952,False,False
1780821705.8075016,youtube_cumbria_flood_rescue_1dc5ca,youtube_cumbria_flood_rescue_1dc5ca.mp4,657,50.0,640,480,combined,detect_combined,Flooded,deeplabv3plus,False,False,0,tensorrt,tensorrt,tensorrt,29.05,29.05,33.98,34.42,4.77,13.3,18.07,1406.36,31.4,0.0,1406.36,31.4,0.0,115.34,54.52,3.4,173.26,0.4934,False,False
1780821705.8809361,youtube_cumbria_flood_rescue_1dc5ca,youtube_cumbria_flood_rescue_1dc5ca.mp4,658,50.0,640,480,combined,detect_combined,Flooded,deeplabv3plus,False,False,0,tensorrt,tensorrt,tensorrt,24.08,24.08,41.08,41.53,5.4,14.41,19.810000000000002,1406.36,31.0,0.0,1406.36,31.0,0.0,115.34,54.52,3.4,173.26,0.5499,False,False
1780821705.944168,youtube_cumbria_flood_rescue_1dc5ca,youtube_cumbria_flood_rescue_1dc5ca.mp4,659,50.0,640,480,combined,detect_combined,Flooded,deeplabv3plus,False,False,0,tensorrt,tensorrt,tensorrt,28.81,28.81,34.37,34.71,5.96,10.94,16.9,1406.37,52.6,0.0,1406.37,52.6,0.0,115.34,54.52,3.4,173.26,0.5755,False,False
1780821705.9973323,youtube_cumbria_flood_rescue_1dc5ca,youtube_cumbria_flood_rescue_1dc5ca.mp4,660,50.0,640,480,combined,detect_combined,Flooded,deeplabv3plus,False,False,0,tensorrt,tensorrt,tensorrt,36.25,36.25,27.24,27.59,4.49,8.81,13.3,1406.37,51.5,0.0,1406.37,51.5,0.0,115.34,54.52,3.4,173.26,0.5822,False,False
1780821706.0413086,youtube_cumbria_flood_rescue_1dc5ca,youtube_cumbria_flood_rescue_1dc5ca.mp4,661,50.0,640,480,combined,detect_combined,Flooded,deeplabv3plus,False,False,0,tensorrt,tensorrt,tensorrt,45.01,45.01,21.89,22.21,5.08,8.23,13.31,1406.37,37.0,0.0,1406.37,37.0,0.0,115.34,54.52,3.4,173.26,0.4827,False,False
1780821706.0967503,youtube_cumbria_flood_rescue_1dc5ca,youtube_cumbria_flood_rescue_1dc5ca.mp4,662,50.0,640,480,combined,detect_combined,Flooded,deeplabv3plus,False,False,0,tensorrt,tensorrt,tensorrt,34.2,34.2,28.9,29.24,5.44,8.35,13.79,1406.37,40.6,0.0,1406.37,40.6,0.0,115.34,54.52,3.4,173.26,0.4165,False,False
1780821706.1432486,youtube_cumbria_flood_rescue_1dc5ca,youtube_cumbria_flood_rescue_1dc5ca.mp4,663,50.0,640,480,combined,detect_combined,Flooded,deeplabv3plus,False,False,0,tensorrt,tensorrt,tensorrt,45.49,45.49,21.67,21.98,4.95,8.43,13.379999999999999,1406.37,32.0,0.0,1406.37,32.0,0.0,115.34,54.52,3.4,173.26,0.4789,False,False
1780821706.1944194,youtube_cumbria_flood_rescue_1dc5ca,youtube_cumbria_flood_rescue_1dc5ca.mp4,664,50.0,640,480,combined,detect_combined,Flooded,deeplabv3plus,False,False,0,tensorrt,tensorrt,tensorrt,36.03,36.03,27.27,27.76,5.12,8.33,13.45,1406.37,36.7,0.0,1406.37,36.7,0.0,115.34,54.52,3.4,173.26,0.4428,False,False
1780821706.2470646,youtube_cumbria_flood_rescue_1dc5ca,youtube_cumbria_flood_rescue_1dc5ca.mp4,665,50.0,640,480,combined,detect_combined,Flooded,deeplabv3plus,False,False,0,tensorrt,tensorrt,tensorrt,45.09,45.09,21.78,22.18,4.67,8.53,13.2,1406.37,37.5,0.0,1406.37,37.5,0.0,115.34,54.52,3.4,173.26,0.4127,False,False
1780821706.3069663,youtube_cumbria_flood_rescue_1dc5ca,youtube_cumbria_flood_rescue_1dc5ca.mp4,666,50.0,640,480,combined,detect_combined,Flooded,deeplabv3plus,False,False,0,tensorrt,tensorrt,tensorrt,31.66,31.66,31.24,31.58,4.72,8.78,13.5,1406.37,35.1,0.0,1406.37,35.1,0.0,115.34,54.52,3.4,173.26,0.5351,False,False
1780821706.3622575,youtube_cumbria_flood_rescue_1dc5ca,youtube_cumbria_flood_rescue_1dc5ca.mp4,667,50.0,640,480,combined,detect_combined,Flooded,deeplabv3plus,False,False,0,tensorrt,tensorrt,tensorrt,36.67,36.67,26.87,27.27,5.26,9.67,14.93,1406.37,40.6,0.0,1406.37,40.6,0.0,115.34,54.52,3.4,173.26,0.4287,False,False
1780821706.422377,youtube_cumbria_flood_rescue_1dc5ca,youtube_cumbria_flood_rescue_1dc5ca.mp4,668,50.0,640,480,combined,detect_combined,Flooded,deeplabv3plus,False,False,0,tensorrt,tensorrt,tensorrt,33.51,33.51,29.51,29.84,5.39,11.69,17.08,1406.37,61.5,0.0,1406.37,61.5,0.0,115.34,54.52,3.4,173.26,0.4884,False,False
1780821706.4806814,youtube_cumbria_flood_rescue_1dc5ca,youtube_cumbria_flood_rescue_1dc5ca.mp4,669,50.0,640,480,combined,detect_combined,Flooded,deeplabv3plus,False,False,1,tensorrt,tensorrt,tensorrt,33.09,33.09,29.24,30.22,6.35,8.08,14.43,1406.37,60.6,0.0,1406.37,60.6,0.0,115.34,54.52,3.4,173.26,0.5563,False,False
1780821706.5441635,youtube_cumbria_flood_rescue_1dc5ca,youtube_cumbria_flood_rescue_1dc5ca.mp4,670,50.0,640,480,combined,detect_combined,Flooded,deeplabv3plus,False,False,0,tensorrt,tensorrt,tensorrt,28.24,28.24,35.01,35.41,5.41,9.63,15.040000000000001,1406.37,55.3,0.0,1406.37,55.3,0.0,115.34,54.52,3.4,173.26,0.5645,False,False
1780821706.6088965,youtube_cumbria_flood_rescue_1dc5ca,youtube_cumbria_flood_rescue_1dc5ca.mp4,671,50.0,640,480,combined,detect_combined,Flooded,deeplabv3plus,False,False,0,tensorrt,tensorrt,tensorrt,25.52,25.52,38.74,39.19,5.73,10.79,16.52,1406.37,60.5,0.0,1406.37,60.5,0.0,115.34,54.52,3.4,173.26,0.5352,False,False
1780821706.6718314,youtube_cumbria_flood_rescue_1dc5ca,youtube_cumbria_flood_rescue_1dc5ca.mp4,672,50.0,640,480,combined,detect_combined,Flooded,deeplabv3plus,False,False,0,tensorrt,tensorrt,tensorrt,26.54,26.54,37.31,37.68,4.45,12.57,17.02,1406.37,60.0,0.0,1406.37,60.0,0.0,115.34,54.52,3.4,173.26,0.5828,False,False
1780821706.734422,youtube_cumbria_flood_rescue_1dc5ca,youtube_cumbria_flood_rescue_1dc5ca.mp4,673,50.0,640,480,combined,detect_combined,Flooded,deeplabv3plus,False,False,0,tensorrt,tensorrt,tensorrt,29.87,29.87,33.16,33.47,4.01,9.93,13.94,1406.37,62.9,0.0,1406.37,62.9,0.0,115.34,54.52,3.4,173.26,0.5182,False,False
1780821706.7883172,youtube_cumbria_flood_rescue_1dc5ca,youtube_cumbria_flood_rescue_1dc5ca.mp4,674,50.0,640,480,combined,detect_combined,Flooded,deeplabv3plus,False,False,0,tensorrt,tensorrt,tensorrt,30.86,30.86,32.07,32.41,5.12,10.8,15.920000000000002,1406.36,61.8,0.0,1406.36,61.8,0.0,115.34,54.52,3.4,173.26,0.4586,False,False
1780821706.8522167,youtube_cumbria_flood_rescue_1dc5ca,youtube_cumbria_flood_rescue_1dc5ca.mp4,675,50.0,640,480,combined,detect_combined,Flooded,deeplabv3plus,False,False,0,tensorrt,tensorrt,tensorrt,33.71,33.71,29.36,29.67,4.59,11.07,15.66,1406.36,61.1,0.0,1406.36,61.1,0.0,115.34,54.52,3.4,173.26,0.4457,False,False
1780821706.9119887,youtube_cumbria_flood_rescue_1dc5ca,youtube_cumbria_flood_rescue_1dc5ca.mp4,676,50.0,640,480,combined,detect_combined,Flooded,deeplabv3plus,False,False,0,tensorrt,tensorrt,tensorrt,30.52,30.52,32.41,32.76,4.75,12.3,17.05,1406.36,63.6,0.0,1406.36,63.6,0.0,115.34,54.52,3.4,173.26,0.5785,False,False
1780821706.970285,youtube_cumbria_flood_rescue_1dc5ca,youtube_cumbria_flood_rescue_1dc5ca.mp4,677,50.0,640,480,combined,detect_combined,Flooded,deeplabv3plus,False,False,0,tensorrt,tensorrt,tensorrt,30.18,30.18,32.79,33.13,5.15,10.09,15.24,1406.36,58.1,0.0,1406.36,58.1,0.0,115.34,54.52,3.4,173.26,0.586,False,False
1780821707.0359514,youtube_cumbria_flood_rescue_1dc5ca,youtube_cumbria_flood_rescue_1dc5ca.mp4,678,50.0,640,480,combined,detect_combined,Flooded,deeplabv3plus,False,False,0,tensorrt,tensorrt,tensorrt,29.06,29.06,34.1,34.41,6.12,12.13,18.25,1406.36,55.3,0.0,1406.36,55.3,0.0,115.34,54.52,3.4,173.26,0.7108,False,False
1780821707.09493,youtube_cumbria_flood_rescue_1dc5ca,youtube_cumbria_flood_rescue_1dc5ca.mp4,679,50.0,640,480,combined,detect_combined,Flooded,deeplabv3plus,False,False,0,tensorrt,tensorrt,tensorrt,30.17,30.17,32.81,33.15,4.89,10.85,15.739999999999998,1406.36,41.9,0.0,1406.36,41.9,0.0,115.34,54.52,3.4,173.26,0.584,False,False
1780821707.1513333,youtube_cumbria_flood_rescue_1dc5ca,youtube_cumbria_flood_rescue_1dc5ca.mp4,680,50.0,640,480,combined,detect_combined,Flooded,deeplabv3plus,False,False,0,tensorrt,tensorrt,tensorrt,36.37,36.37,27.16,27.5,4.94,10.69,15.629999999999999,1406.36,46.9,0.0,1406.36,46.9,0.0,115.34,54.52,3.4,173.26,0.6888,False,False
1780821707.2133603,youtube_cumbria_flood_rescue_1dc5ca,youtube_cumbria_flood_rescue_1dc5ca.mp4,681,50.0,640,480,combined,detect_combined,Flooded,deeplabv3plus,False,False,0,tensorrt,tensorrt,tensorrt,32.65,32.65,30.19,30.63,6.3,8.96,15.260000000000002,1406.36,42.9,0.0,1406.36,42.9,0.0,115.34,54.52,3.4,173.26,0.6879,False,False
1780821707.2820158,youtube_cumbria_flood_rescue_1dc5ca,youtube_cumbria_flood_rescue_1dc5ca.mp4,682,50.0,640,480,combined,detect_combined,Flooded,deeplabv3plus,False,False,0,tensorrt,tensorrt,tensorrt,25.12,25.12,39.46,39.81,4.7,14.41,19.11,1406.36,46.3,0.0,1406.36,46.3,0.0,115.34,54.52,3.4,173.26,0.6148,False,False
1780821707.3411763,youtube_cumbria_flood_rescue_1dc5ca,youtube_cumbria_flood_rescue_1dc5ca.mp4,683,50.0,640,480,combined,detect_combined,Flooded,deeplabv3plus,False,False,0,tensorrt,tensorrt,tensorrt,32.71,32.71,30.2,30.57,4.9,9.07,13.97,1406.36,32.4,0.0,1406.36,32.4,0.0,115.34,54.52,3.4,173.26,0.5571,False,False
1780821707.4030113,youtube_cumbria_flood_rescue_1dc5ca,youtube_cumbria_flood_rescue_1dc5ca.mp4,684,50.0,640,480,combined,detect_combined,Flooded,deeplabv3plus,False,False,0,tensorrt,tensorrt,tensorrt,27.96,27.96,35.4,35.76,5.06,13.43,18.49,1406.36,33.3,0.0,1406.36,33.3,0.0,115.34,54.52,3.4,173.26,0.5502,False,False
1780821707.4767065,youtube_cumbria_flood_rescue_1dc5ca,youtube_cumbria_flood_rescue_1dc5ca.mp4,685,50.0,640,480,combined,detect_combined,Flooded,deeplabv3plus,False,False,0,tensorrt,tensorrt,tensorrt,27.88,27.88,35.52,35.87,6.71,14.21,20.92,1406.36,36.4,0.0,1406.36,36.4,0.0,115.34,54.52,3.4,173.26,0.6137,False,False
1780821707.5423534,youtube_cumbria_flood_rescue_1dc5ca,youtube_cumbria_flood_rescue_1dc5ca.mp4,686,50.0,640,480,combined,detect_combined,Flooded,deeplabv3plus,False,False,0,tensorrt,tensorrt,tensorrt,29.98,29.98,32.92,33.35,5.51,11.38,16.89,1406.36,37.8,0.0,1406.36,37.8,0.0,115.34,54.52,3.4,173.26,0.5719,False,False
1780821707.6030166,youtube_cumbria_flood_rescue_1dc5ca,youtube_cumbria_flood_rescue_1dc5ca.mp4,687,50.0,640,480,combined,detect_combined,Flooded,deeplabv3plus,False,False,0,tensorrt,tensorrt,tensorrt,30.27,30.27,32.65,33.04,5.0,9.92,14.92,1406.36,33.3,0.0,1406.36,33.3,0.0,115.34,54.52,3.4,173.26,0.6097,False,False
1780821707.669129,youtube_cumbria_flood_rescue_1dc5ca,youtube_cumbria_flood_rescue_1dc5ca.mp4,688,50.0,640,480,combined,detect_combined,Flooded,deeplabv3plus,False,False,0,tensorrt,tensorrt,tensorrt,26.92,26.92,36.67,37.14,5.23,10.61,15.84,1406.36,35.9,0.0,1406.36,35.9,0.0,115.34,54.52,3.4,173.26,0.5628,False,False
1780821707.7427495,youtube_cumbria_flood_rescue_1dc5ca,youtube_cumbria_flood_rescue_1dc5ca.mp4,689,50.0,640,480,combined,detect_combined,Flooded,deeplabv3plus,False,False,0,tensorrt,tensorrt,tensorrt,25.87,25.87,38.29,38.65,6.76,14.76,21.52,1406.36,35.7,0.0,1406.36,35.7,0.0,115.34,54.52,3.4,173.26,0.6465,False,False
1780821707.8005896,youtube_cumbria_flood_rescue_1dc5ca,youtube_cumbria_flood_rescue_1dc5ca.mp4,690,50.0,640,480,combined,detect_combined,Flooded,deeplabv3plus,False,False,0,tensorrt,tensorrt,tensorrt,32.09,32.09,30.67,31.16,4.67,9.46,14.13,1406.36,50.0,0.0,1406.36,50.0,0.0,115.34,54.52,3.4,173.26,0.6472,False,False
1780821707.8580103,youtube_cumbria_flood_rescue_1dc5ca,youtube_cumbria_flood_rescue_1dc5ca.mp4,691,50.0,640,480,combined,detect_combined,Flooded,deeplabv3plus,False,False,0,tensorrt,tensorrt,tensorrt,38.08,38.08,25.92,26.26,4.79,8.41,13.2,1406.36,53.1,0.0,1406.36,53.1,0.0,115.34,54.52,3.4,173.26,0.6445,False,False
1780821707.9189484,youtube_cumbria_flood_rescue_1dc5ca,youtube_cumbria_flood_rescue_1dc5ca.mp4,692,50.0,640,480,combined,detect_combined,Flooded,deeplabv3plus,False,False,0,tensorrt,tensorrt,tensorrt,33.68,33.68,29.36,29.69,5.56,8.43,13.989999999999998,1406.36,52.9,0.0,1406.36,52.9,0.0,115.34,54.52,3.4,173.26,0.7741,False,False
1780821707.9783037,youtube_cumbria_flood_rescue_1dc5ca,youtube_cumbria_flood_rescue_1dc5ca.mp4,693,50.0,640,480,combined,detect_combined,Flooded,deeplabv3plus,False,False,0,tensorrt,tensorrt,tensorrt,33.71,33.71,29.36,29.67,4.32,9.27,13.59,1406.36,48.6,0.0,1406.36,48.6,0.0,115.34,54.52,3.4,173.26,0.7574,False,False
1780821708.040332,youtube_cumbria_flood_rescue_1dc5ca,youtube_cumbria_flood_rescue_1dc5ca.mp4,694,50.0,640,480,combined,detect_combined,Flooded,deeplabv3plus,False,False,0,tensorrt,tensorrt,tensorrt,27.57,27.57,35.84,36.27,5.4,9.51,14.91,1406.36,54.1,0.0,1406.36,54.1,0.0,115.34,54.52,3.4,173.26,0.7367,False,False
1780821708.1035998,youtube_cumbria_flood_rescue_1dc5ca,youtube_cumbria_flood_rescue_1dc5ca.mp4,695,50.0,640,480,combined,detect_combined,Flooded,deeplabv3plus,False,False,0,tensorrt,tensorrt,tensorrt,28.52,28.52,34.74,35.07,4.98,11.96,16.94,1406.36,47.2,0.0,1406.36,47.2,0.0,115.34,54.52,3.4,173.26,0.8034,False,False
1780821708.1586304,youtube_cumbria_flood_rescue_1dc5ca,youtube_cumbria_flood_rescue_1dc5ca.mp4,696,50.0,640,480,combined,detect_combined,Flooded,deeplabv3plus,False,False,0,tensorrt,tensorrt,tensorrt,32.33,32.33,30.58,30.93,4.7,8.96,13.66,1406.36,51.6,0.0,1406.36,51.6,0.0,115.34,54.52,3.4,173.26,0.7554,False,False
1780821708.2159762,youtube_cumbria_flood_rescue_1dc5ca,youtube_cumbria_flood_rescue_1dc5ca.mp4,697,50.0,640,480,combined,detect_combined,Flooded,deeplabv3plus,False,False,0,tensorrt,tensorrt,tensorrt,32.06,32.06,30.84,31.19,4.97,9.68,14.649999999999999,1406.36,37.1,0.0,1406.36,37.1,0.0,115.34,54.52,3.4,173.26,0.74,False,False
1780821708.2765813,youtube_cumbria_flood_rescue_1dc5ca,youtube_cumbria_flood_rescue_1dc5ca.mp4,698,50.0,640,480,combined,detect_combined,Flooded,deeplabv3plus,False,False,0,tensorrt,tensorrt,tensorrt,36.67,36.67,26.93,27.27,5.25,9.92,15.17,1406.36,40.5,0.0,1406.36,40.5,0.0,115.34,54.52,3.4,173.26,0.67,False,False
1780821708.349992,youtube_cumbria_flood_rescue_1dc5ca,youtube_cumbria_flood_rescue_1dc5ca.mp4,699,50.0,640,480,combined,detect_combined,Flooded,deeplabv3plus,False,False,0,tensorrt,tensorrt,tensorrt,26.04,26.04,38.03,38.41,5.67,12.2,17.869999999999997,1406.36,36.4,0.0,1406.36,36.4,0.0,115.34,54.52,3.4,173.26,0.6712,False,False
1780821708.4575336,youtube_cumbria_flood_rescue_1dc5ca,youtube_cumbria_flood_rescue_1dc5ca.mp4,700,50.0,640,480,combined,detect_combined,Flooded,deeplabv3plus,False,False,0,tensorrt,tensorrt,tensorrt,14.52,14.52,68.34,68.87,8.51,34.79,43.3,1406.36,46.9,0.0,1406.36,46.9,0.0,115.34,54.52,3.4,173.26,0.7022,False,False
1780821708.5295467,youtube_cumbria_flood_rescue_1dc5ca,youtube_cumbria_flood_rescue_1dc5ca.mp4,701,50.0,640,480,combined,detect_combined,Flooded,deeplabv3plus,False,False,0,tensorrt,tensorrt,tensorrt,26.71,26.71,37.09,37.43,4.98,12.36,17.34,1406.36,48.8,0.0,1406.36,48.8,0.0,115.34,54.52,3.4,173.26,0.6107,False,False
1780821708.5890381,youtube_cumbria_flood_rescue_1dc5ca,youtube_cumbria_flood_rescue_1dc5ca.mp4,702,50.0,640,480,combined,detect_combined,Flooded,deeplabv3plus,False,False,0,tensorrt,tensorrt,tensorrt,29.0,29.0,34.14,34.48,5.4,9.97,15.370000000000001,1406.36,44.4,0.0,1406.36,44.4,0.0,115.34,54.52,3.4,173.26,0.6919,False,False
1780821708.6450431,youtube_cumbria_flood_rescue_1dc5ca,youtube_cumbria_flood_rescue_1dc5ca.mp4,703,50.0,640,480,combined,detect_combined,Flooded,deeplabv3plus,False,False,0,tensorrt,tensorrt,tensorrt,35.0,35.0,28.22,28.57,5.12,9.21,14.330000000000002,1406.36,46.9,0.0,1406.36,46.9,0.0,115.34,54.52,3.4,173.26,0.6261,False,False
1780821708.7082903,youtube_cumbria_flood_rescue_1dc5ca,youtube_cumbria_flood_rescue_1dc5ca.mp4,704,50.0,640,480,combined,detect_combined,Flooded,deeplabv3plus,False,False,0,tensorrt,tensorrt,tensorrt,26.5,26.5,37.39,37.74,7.29,13.23,20.52,1406.36,32.4,0.0,1406.36,32.4,0.0,115.34,54.52,3.4,173.26,0.7156,False,False
1780821708.7787933,youtube_cumbria_flood_rescue_1dc5ca,youtube_cumbria_flood_rescue_1dc5ca.mp4,705,50.0,640,480,combined,detect_combined,Flooded,deeplabv3plus,False,False,0,tensorrt,tensorrt,tensorrt,27.56,27.56,35.84,36.29,5.89,12.17,18.06,1406.36,32.5,0.0,1406.36,32.5,0.0,115.34,54.52,3.4,173.26,0.7055,False,False
1780821708.8541024,youtube_cumbria_flood_rescue_1dc5ca,youtube_cumbria_flood_rescue_1dc5ca.mp4,706,50.0,640,480,combined,detect_combined,Flooded,deeplabv3plus,False,False,0,tensorrt,tensorrt,tensorrt,24.54,24.54,40.35,40.75,6.01,11.73,17.740000000000002,1406.36,31.1,0.0,1406.36,31.1,0.0,115.34,54.52,3.4,173.26,0.681,False,False
1780821708.9275715,youtube_cumbria_flood_rescue_1dc5ca,youtube_cumbria_flood_rescue_1dc5ca.mp4,707,50.0,640,480,combined,detect_combined,Flooded,deeplabv3plus,False,False,0,tensorrt,tensorrt,tensorrt,26.45,26.45,37.37,37.8,6.43,13.48,19.91,1406.36,33.3,0.0,1406.36,33.3,0.0,115.34,54.52,3.4,173.26,0.5448,False,False
1780821709.0126295,youtube_cumbria_flood_rescue_1dc5ca,youtube_cumbria_flood_rescue_1dc5ca.mp4,708,50.0,640,480,combined,detect_combined,Flooded,deeplabv3plus,False,False,0,tensorrt,tensorrt,tensorrt,24.29,24.29,40.63,41.17,7.62,15.98,23.6,1406.36,38.5,0.0,1406.36,38.5,0.0,115.34,54.52,3.4,173.26,0.5071,False,False
1780821709.0963676,youtube_cumbria_flood_rescue_1dc5ca,youtube_cumbria_flood_rescue_1dc5ca.mp4,709,50.0,640,480,combined,detect_combined,Flooded,deeplabv3plus,False,False,0,tensorrt,tensorrt,tensorrt,25.82,25.82,38.3,38.73,7.27,14.46,21.73,1406.36,52.0,0.0,1406.36,52.0,0.0,115.34,54.52,3.4,173.26,0.5175,False,False
1780821709.1742249,youtube_cumbria_flood_rescue_1dc5ca,youtube_cumbria_flood_rescue_1dc5ca.mp4,710,50.0,640,480,combined,detect_combined,Flooded,deeplabv3plus,False,False,0,tensorrt,tensorrt,tensorrt,23.74,23.74,41.75,42.12,6.0,16.08,22.08,1406.36,48.9,0.0,1406.36,48.9,0.0,115.34,54.52,3.4,173.26,0.4164,False,False
1780821709.2536213,youtube_cumbria_flood_rescue_1dc5ca,youtube_cumbria_flood_rescue_1dc5ca.mp4,711,50.0,640,480,combined,detect_combined,Flooded,deeplabv3plus,False,False,0,tensorrt,tensorrt,tensorrt,21.09,21.09,46.75,47.41,6.47,19.78,26.25,1406.36,52.2,0.0,1406.36,52.2,0.0,115.34,54.52,3.4,173.26,0.4781,False,False
1780821709.315448,youtube_cumbria_flood_rescue_1dc5ca,youtube_cumbria_flood_rescue_1dc5ca.mp4,712,50.0,640,480,combined,detect_combined,Flooded,deeplabv3plus,False,False,0,tensorrt,tensorrt,tensorrt,28.11,28.11,35.24,35.58,5.42,10.12,15.54,1406.36,52.8,0.0,1406.36,52.8,0.0,115.34,54.52,3.4,173.26,0.5462,False,False
1780821709.388109,youtube_cumbria_flood_rescue_1dc5ca,youtube_cumbria_flood_rescue_1dc5ca.mp4,713,50.0,640,480,combined,detect_combined,Flooded,deeplabv3plus,False,False,0,tensorrt,tensorrt,tensorrt,22.28,22.28,44.52,44.88,5.79,19.96,25.75,1406.36,47.6,0.0,1406.36,47.6,0.0,115.34,54.52,3.4,173.26,0.5527,False,False
1780821709.454739,youtube_cumbria_flood_rescue_1dc5ca,youtube_cumbria_flood_rescue_1dc5ca.mp4,714,50.0,640,480,combined,detect_combined,Flooded,deeplabv3plus,False,False,0,tensorrt,tensorrt,tensorrt,27.32,27.32,36.21,36.6,6.84,12.49,19.33,1406.36,48.7,0.0,1406.36,48.7,0.0,115.34,54.52,3.4,173.26,0.6129,False,False
1780821709.5214765,youtube_cumbria_flood_rescue_1dc5ca,youtube_cumbria_flood_rescue_1dc5ca.mp4,715,50.0,640,480,combined,detect_combined,Flooded,deeplabv3plus,False,False,0,tensorrt,tensorrt,tensorrt,30.53,30.53,32.39,32.76,6.5,9.61,16.11,1406.36,40.0,0.0,1406.36,40.0,0.0,115.34,54.52,3.4,173.26,0.5873,False,False
1780821709.5921092,youtube_cumbria_flood_rescue_1dc5ca,youtube_cumbria_flood_rescue_1dc5ca.mp4,716,50.0,640,480,combined,detect_combined,Flooded,deeplabv3plus,False,False,0,tensorrt,tensorrt,tensorrt,26.64,26.64,37.13,37.54,6.39,13.3,19.69,1406.35,33.3,0.0,1406.35,33.3,0.0,115.34,54.52,3.4,173.26,0.4927,False,False
1780821709.6689425,youtube_cumbria_flood_rescue_1dc5ca,youtube_cumbria_flood_rescue_1dc5ca.mp4,717,50.0,640,480,combined,detect_combined,Flooded,deeplabv3plus,False,False,0,tensorrt,tensorrt,tensorrt,24.04,24.04,41.13,41.59,6.45,13.62,20.07,1406.35,32.6,0.0,1406.35,32.6,0.0,115.34,54.52,3.4,173.26,0.6357,False,False
1780821709.7503135,youtube_cumbria_flood_rescue_1dc5ca,youtube_cumbria_flood_rescue_1dc5ca.mp4,718,50.0,640,480,combined,detect_combined,Flooded,deeplabv3plus,False,False,0,tensorrt,tensorrt,tensorrt,22.34,22.34,44.35,44.77,6.68,19.24,25.919999999999998,1406.35,33.3,0.0,1406.35,33.3,0.0,115.34,54.52,3.4,173.26,0.6244,False,False
1780821709.8384156,youtube_cumbria_flood_rescue_1dc5ca,youtube_cumbria_flood_rescue_1dc5ca.mp4,719,50.0,640,480,combined,detect_combined,Flooded,deeplabv3plus,False,False,0,tensorrt,tensorrt,tensorrt,20.28,20.28,48.86,49.31,6.93,21.13,28.06,1406.35,30.8,0.0,1406.35,30.8,0.0,115.34,54.52,3.4,173.26,0.7102,False,False
1780821709.9230876,youtube_cumbria_flood_rescue_1dc5ca,youtube_cumbria_flood_rescue_1dc5ca.mp4,720,50.0,640,480,combined,detect_combined,Flooded,deeplabv3plus,False,False,0,tensorrt,tensorrt,tensorrt,22.91,22.91,43.2,43.64,7.22,16.06,23.279999999999998,1406.35,39.2,0.0,1406.35,39.2,0.0,115.34,54.52,3.4,173.26,0.7227,False,False
1780821710.0183048,youtube_cumbria_flood_rescue_1dc5ca,youtube_cumbria_flood_rescue_1dc5ca.mp4,721,50.0,640,480,combined,detect_combined,Flooded,deeplabv3plus,False,False,0,tensorrt,tensorrt,tensorrt,20.99,20.99,47.21,47.65,7.02,21.73,28.75,1406.35,30.4,0.0,1406.35,30.4,0.0,115.34,54.52,3.4,173.26,0.7189,False,False
1780821710.1113303,youtube_cumbria_flood_rescue_1dc5ca,youtube_cumbria_flood_rescue_1dc5ca.mp4,722,50.0,640,480,combined,detect_combined,Flooded,deeplabv3plus,False,False,0,tensorrt,tensorrt,tensorrt,20.27,20.27,48.89,49.34,9.46,21.04,30.5,1406.35,33.3,0.0,1406.35,33.3,0.0,115.34,54.52,3.4,173.26,0.7879,False,False
1780821710.199094,youtube_cumbria_flood_rescue_1dc5ca,youtube_cumbria_flood_rescue_1dc5ca.mp4,723,50.0,640,480,combined,detect_combined,Flooded,deeplabv3plus,False,False,0,tensorrt,tensorrt,tensorrt,23.23,23.23,42.62,43.05,6.74,22.48,29.22,1406.35,34.6,0.0,1406.35,34.6,0.0,115.34,54.52,3.4,173.26,0.756,False,False
1780821710.2905314,youtube_cumbria_flood_rescue_1dc5ca,youtube_cumbria_flood_rescue_1dc5ca.mp4,724,50.0,640,480,combined,detect_combined,Flooded,deeplabv3plus,False,False,0,tensorrt,tensorrt,tensorrt,20.32,20.32,48.81,49.22,6.84,19.79,26.63,1406.35,30.0,0.0,1406.35,30.0,0.0,115.34,54.52,3.4,173.26,0.6523,False,False
1780821710.3736303,youtube_cumbria_flood_rescue_1dc5ca,youtube_cumbria_flood_rescue_1dc5ca.mp4,725,50.0,640,480,combined,detect_combined,Flooded,deeplabv3plus,False,False,0,tensorrt,tensorrt,tensorrt,20.68,20.68,47.86,48.35,4.86,18.64,23.5,1406.35,49.0,0.0,1406.35,49.0,0.0,115.34,54.52,3.4,173.26,0.3497,False,False
1780821710.4360776,youtube_cumbria_flood_rescue_1dc5ca,youtube_cumbria_flood_rescue_1dc5ca.mp4,726,50.0,640,480,combined,detect_combined,Flooded,deeplabv3plus,False,False,0,tensorrt,tensorrt,tensorrt,30.09,30.09,32.86,33.24,5.19,10.16,15.350000000000001,1406.35,58.3,0.0,1406.35,58.3,0.0,115.34,54.52,3.4,173.26,0.3319,False,False
1780821710.5059526,youtube_cumbria_flood_rescue_1dc5ca,youtube_cumbria_flood_rescue_1dc5ca.mp4,727,50.0,640,480,combined,detect_combined,Flooded,deeplabv3plus,False,False,0,tensorrt,tensorrt,tensorrt,26.42,26.42,37.48,37.85,4.95,14.28,19.23,1406.35,65.0,0.0,1406.35,65.0,0.0,115.34,54.52,3.4,173.26,0.3612,False,False
1780821710.5731218,youtube_cumbria_flood_rescue_1dc5ca,youtube_cumbria_flood_rescue_1dc5ca.mp4,728,50.0,640,480,combined,detect_combined,Flooded,deeplabv3plus,False,False,0,tensorrt,tensorrt,tensorrt,25.06,25.06,39.56,39.9,5.03,11.42,16.45,1406.35,58.5,0.0,1406.35,58.5,0.0,115.34,54.52,3.4,173.26,0.3366,False,False
1780821710.6450386,youtube_cumbria_flood_rescue_1dc5ca,youtube_cumbria_flood_rescue_1dc5ca.mp4,729,50.0,640,480,combined,detect_combined,Flooded,deeplabv3plus,False,False,0,tensorrt,tensorrt,tensorrt,20.97,20.97,47.15,47.68,8.95,14.9,23.85,1406.35,58.1,0.0,1406.35,58.1,0.0,115.34,54.52,3.4,173.26,0.2438,False,False
1780821710.7176123,youtube_cumbria_flood_rescue_1dc5ca,youtube_cumbria_flood_rescue_1dc5ca.mp4,730,50.0,640,480,combined,detect_combined,Flooded,deeplabv3plus,False,False,0,tensorrt,tensorrt,tensorrt,23.8,23.8,41.6,42.01,7.13,11.0,18.13,1406.35,60.5,0.0,1406.35,60.5,0.0,115.34,54.52,3.4,173.26,0.3353,False,False
1780821710.7740743,youtube_cumbria_flood_rescue_1dc5ca,youtube_cumbria_flood_rescue_1dc5ca.mp4,731,50.0,640,480,combined,detect_combined,Flooded,deeplabv3plus,False,False,0,tensorrt,tensorrt,tensorrt,36.63,36.63,26.99,27.3,4.19,7.32,11.510000000000002,1406.35,61.3,0.0,1406.35,61.3,0.0,115.34,54.52,3.4,173.26,0.3221,False,False
1780821710.8303883,youtube_cumbria_flood_rescue_1dc5ca,youtube_cumbria_flood_rescue_1dc5ca.mp4,732,50.0,640,480,combined,detect_combined,Flooded,deeplabv3plus,False,False,0,tensorrt,tensorrt,tensorrt,27.42,27.42,36.16,36.47,4.07,9.84,13.91,1406.35,45.5,0.0,1406.35,45.5,0.0,115.34,54.52,3.4,173.26,0.3051,False,False
1780821710.8955781,youtube_cumbria_flood_rescue_1dc5ca,youtube_cumbria_flood_rescue_1dc5ca.mp4,733,50.0,640,480,combined,detect_combined,Flooded,deeplabv3plus,False,False,0,tensorrt,tensorrt,tensorrt,28.06,28.06,35.26,35.63,5.39,11.22,16.61,1406.35,29.7,0.0,1406.35,29.7,0.0,115.34,54.52,3.4,173.26,0.6456,False,False
1780821710.978279,youtube_cumbria_flood_rescue_1dc5ca,youtube_cumbria_flood_rescue_1dc5ca.mp4,734,50.0,640,480,combined,detect_combined,Flooded,deeplabv3plus,False,False,0,tensorrt,tensorrt,tensorrt,30.67,30.67,32.22,32.61,7.01,9.84,16.85,1406.35,38.8,0.0,1406.35,38.8,0.0,115.34,54.52,3.4,173.26,0.7353,False,False
1780821711.0492475,youtube_cumbria_flood_rescue_1dc5ca,youtube_cumbria_flood_rescue_1dc5ca.mp4,735,50.0,640,480,combined,detect_combined,Flooded,deeplabv3plus,False,False,0,tensorrt,tensorrt,tensorrt,25.99,25.99,37.85,38.48,5.97,11.46,17.43,1406.35,32.5,0.0,1406.35,32.5,0.0,115.34,54.52,3.4,173.26,0.5208,False,False
1780821711.126642,youtube_cumbria_flood_rescue_1dc5ca,youtube_cumbria_flood_rescue_1dc5ca.mp4,736,50.0,640,480,combined,detect_combined,Flooded,deeplabv3plus,False,False,0,tensorrt,tensorrt,tensorrt,24.38,24.38,40.58,41.02,6.72,16.96,23.68,1406.35,37.8,0.0,1406.35,37.8,0.0,115.34,54.52,3.4,173.26,0.615,False,False
1780821711.2018297,youtube_cumbria_flood_rescue_1dc5ca,youtube_cumbria_flood_rescue_1dc5ca.mp4,737,50.0,640,480,combined,detect_combined,Flooded,deeplabv3plus,False,False,0,tensorrt,tensorrt,tensorrt,25.8,25.8,38.33,38.76,6.08,12.71,18.79,1406.35,33.3,0.0,1406.35,33.3,0.0,115.34,54.52,3.4,173.26,0.5149,False,False
1780821711.2875965,youtube_cumbria_flood_rescue_1dc5ca,youtube_cumbria_flood_rescue_1dc5ca.mp4,738,50.0,640,480,combined,detect_combined,Flooded,deeplabv3plus,False,False,0,tensorrt,tensorrt,tensorrt,23.59,23.59,41.93,42.39,10.17,15.92,26.09,1406.35,28.6,0.0,1406.35,28.6,0.0,115.34,54.52,3.4,173.26,0.5074,False,False
1780821711.37355,youtube_cumbria_flood_rescue_1dc5ca,youtube_cumbria_flood_rescue_1dc5ca.mp4,739,50.0,640,480,combined,detect_combined,Flooded,deeplabv3plus,False,False,0,tensorrt,tensorrt,tensorrt,20.67,20.67,47.94,48.37,6.85,15.78,22.63,1406.35,29.2,0.0,1406.35,29.2,0.0,115.34,54.52,3.4,173.26,0.4288,False,False
1780821711.4656062,youtube_cumbria_flood_rescue_1dc5ca,youtube_cumbria_flood_rescue_1dc5ca.mp4,740,50.0,640,480,combined,detect_combined,Flooded,deeplabv3plus,False,False,0,tensorrt,tensorrt,tensorrt,19.76,19.76,50.18,50.6,7.36,22.68,30.04,1406.35,32.1,0.0,1406.35,32.1,0.0,115.34,54.52,3.4,173.26,0.7812,False,False
1780821711.5533545,youtube_cumbria_flood_rescue_1dc5ca,youtube_cumbria_flood_rescue_1dc5ca.mp4,741,50.0,640,480,combined,detect_combined,Flooded,deeplabv3plus,False,False,0,tensorrt,tensorrt,tensorrt,24.84,24.84,39.83,40.25,7.74,15.93,23.67,1406.35,31.4,0.0,1406.35,31.4,0.0,115.34,54.52,3.4,173.26,0.6659,False,False
1780821711.6320062,youtube_cumbria_flood_rescue_1dc5ca,youtube_cumbria_flood_rescue_1dc5ca.mp4,742,50.0,640,480,combined,detect_combined,Flooded,deeplabv3plus,False,False,0,tensorrt,tensorrt,tensorrt,21.83,21.83,45.34,45.81,5.77,17.33,23.099999999999998,1406.35,31.1,0.0,1406.35,31.1,0.0,115.34,54.52,3.4,173.26,0.7561,False,False
1780821711.6995883,youtube_cumbria_flood_rescue_1dc5ca,youtube_cumbria_flood_rescue_1dc5ca.mp4,743,50.0,640,480,combined,detect_combined,Flooded,deeplabv3plus,False,False,0,tensorrt,tensorrt,tensorrt,24.9,24.9,39.8,40.15,5.45,14.43,19.88,1406.35,42.9,0.0,1406.35,42.9,0.0,115.34,54.52,3.4,173.26,0.796,False,False
1780821711.7736819,youtube_cumbria_flood_rescue_1dc5ca,youtube_cumbria_flood_rescue_1dc5ca.mp4,744,50.0,640,480,combined,detect_combined,Flooded,deeplabv3plus,False,False,0,tensorrt,tensorrt,tensorrt,23.61,23.61,42.01,42.35,5.76,19.89,25.65,1406.35,50.0,0.0,1406.35,50.0,0.0,115.34,54.52,3.4,173.26,0.6632,False,False
1780821711.8508036,youtube_cumbria_flood_rescue_1dc5ca,youtube_cumbria_flood_rescue_1dc5ca.mp4,745,50.0,640,480,combined,detect_combined,Flooded,deeplabv3plus,False,False,0,tensorrt,tensorrt,tensorrt,22.05,22.05,45.0,45.35,5.43,17.99,23.419999999999998,1406.35,48.9,0.0,1406.35,48.9,0.0,115.34,54.52,3.4,173.26,0.7331,False,False
1780821711.9130692,youtube_cumbria_flood_rescue_1dc5ca,youtube_cumbria_flood_rescue_1dc5ca.mp4,746,50.0,640,480,combined,detect_combined,Flooded,deeplabv3plus,False,False,0,tensorrt,tensorrt,tensorrt,30.94,30.94,31.94,32.32,4.62,12.48,17.1,1406.35,56.4,0.0,1406.35,56.4,0.0,115.34,54.52,3.4,173.26,0.5538,False,False
1780821711.9762297,youtube_cumbria_flood_rescue_1dc5ca,youtube_cumbria_flood_rescue_1dc5ca.mp4,747,50.0,640,480,combined,detect_combined,Flooded,deeplabv3plus,False,False,0,tensorrt,tensorrt,tensorrt,29.64,29.64,33.37,33.74,6.33,9.18,15.51,1406.35,53.8,0.0,1406.35,53.8,0.0,115.34,54.52,3.4,173.26,0.6996,False,False
1780821712.0188098,youtube_cumbria_flood_rescue_1dc5ca,youtube_cumbria_flood_rescue_1dc5ca.mp4,748,50.0,640,480,combined,detect_combined,Flooded,deeplabv3plus,False,False,0,tensorrt,tensorrt,tensorrt,51.82,51.82,19.0,19.3,4.24,7.13,11.370000000000001,1406.35,47.8,0.0,1406.35,47.8,0.0,115.34,54.52,3.4,173.26,0.4104,False,False
1780821712.07141,youtube_cumbria_flood_rescue_1dc5ca,youtube_cumbria_flood_rescue_1dc5ca.mp4,749,50.0,640,480,combined,detect_combined,Flooded,deeplabv3plus,False,False,0,tensorrt,tensorrt,tensorrt,32.44,32.44,30.5,30.83,4.53,8.73,13.260000000000002,1406.35,51.6,0.0,1406.35,51.6,0.0,115.34,54.52,3.4,173.26,0.467,False,False
1780821712.120864,youtube_cumbria_flood_rescue_1dc5ca,youtube_cumbria_flood_rescue_1dc5ca.mp4,750,50.0,640,480,combined,detect_combined,Flooded,deeplabv3plus,False,False,0,tensorrt,tensorrt,tensorrt,36.73,36.73,26.92,27.23,4.48,8.3,12.780000000000001,1406.34,48.1,0.0,1406.34,48.1,0.0,115.34,54.52,3.4,173.26,0.4583,False,False
1780821712.162997,youtube_cumbria_flood_rescue_1dc5ca,youtube_cumbria_flood_rescue_1dc5ca.mp4,751,50.0,640,480,combined,detect_combined,Flooded,deeplabv3plus,False,False,0,tensorrt,tensorrt,tensorrt,45.42,45.42,21.71,22.02,4.39,8.42,12.809999999999999,1406.34,37.0,0.0,1406.34,37.0,0.0,115.34,54.52,3.4,173.26,0.3963,False,False
1780821712.2076252,youtube_cumbria_flood_rescue_1dc5ca,youtube_cumbria_flood_rescue_1dc5ca.mp4,752,50.0,640,480,combined,detect_combined,Flooded,deeplabv3plus,False,False,0,tensorrt,tensorrt,tensorrt,45.3,45.3,21.76,22.07,4.41,8.54,12.95,1406.34,34.6,0.0,1406.34,34.6,0.0,115.34,54.52,3.4,173.26,0.4108,False,False
1780821712.262811,youtube_cumbria_flood_rescue_1dc5ca,youtube_cumbria_flood_rescue_1dc5ca.mp4,753,50.0,640,480,combined,detect_combined,Flooded,deeplabv3plus,False,False,0,tensorrt,tensorrt,tensorrt,31.63,31.63,31.1,31.61,8.65,9.58,18.23,1406.34,39.4,0.0,1406.34,39.4,0.0,115.34,54.52,3.4,173.26,0.2596,False,False
1780821712.3182242,youtube_cumbria_flood_rescue_1dc5ca,youtube_cumbria_flood_rescue_1dc5ca.mp4,754,50.0,640,480,combined,detect_combined,Flooded,deeplabv3plus,False,False,0,tensorrt,tensorrt,tensorrt,34.96,34.96,28.19,28.61,5.05,9.16,14.21,1406.34,35.3,0.0,1406.34,35.3,0.0,115.34,54.52,3.4,173.26,0.338,False,False
1780821712.373621,youtube_cumbria_flood_rescue_1dc5ca,youtube_cumbria_flood_rescue_1dc5ca.mp4,755,50.0,640,480,combined,detect_combined,Flooded,deeplabv3plus,False,False,0,tensorrt,tensorrt,tensorrt,34.6,34.6,28.58,28.9,4.8,8.31,13.11,1406.34,32.4,0.0,1406.34,32.4,0.0,115.34,54.52,3.4,173.26,0.3125,False,False
1780821712.4364421,youtube_cumbria_flood_rescue_1dc5ca,youtube_cumbria_flood_rescue_1dc5ca.mp4,756,50.0,640,480,combined,detect_combined,Flooded,deeplabv3plus,False,False,0,tensorrt,tensorrt,tensorrt,29.29,29.29,33.64,34.14,4.49,9.77,14.26,1406.34,31.4,0.0,1406.34,31.4,0.0,115.34,54.52,3.4,173.26,0.3097,False,False
1780821712.5117652,youtube_cumbria_flood_rescue_1dc5ca,youtube_cumbria_flood_rescue_1dc5ca.mp4,757,50.0,640,480,combined,detect_combined,Flooded,deeplabv3plus,False,False,0,tensorrt,tensorrt,tensorrt,22.94,22.94,43.14,43.6,5.44,16.68,22.12,1406.34,27.9,0.0,1406.34,27.9,0.0,115.34,54.52,3.4,173.26,0.3201,False,False
1780821712.581531,youtube_cumbria_flood_rescue_1dc5ca,youtube_cumbria_flood_rescue_1dc5ca.mp4,758,50.0,640,480,combined,detect_combined,Flooded,deeplabv3plus,False,False,0,tensorrt,tensorrt,tensorrt,26.13,26.13,37.92,38.27,8.3,13.71,22.01,1406.34,38.6,0.0,1406.34,38.6,0.0,115.34,54.52,3.4,173.26,0.3277,False,False
1780821712.6488059,youtube_cumbria_flood_rescue_1dc5ca,youtube_cumbria_flood_rescue_1dc5ca.mp4,759,50.0,640,480,combined,detect_combined,Flooded,deeplabv3plus,False,False,0,tensorrt,tensorrt,tensorrt,26.51,26.51,36.8,37.72,7.66,11.43,19.09,1406.34,36.6,0.0,1406.34,36.6,0.0,115.34,54.52,3.4,173.26,0.4674,False,False
1780821712.7145948,youtube_cumbria_flood_rescue_1dc5ca,youtube_cumbria_flood_rescue_1dc5ca.mp4,760,50.0,640,480,combined,detect_combined,Flooded,deeplabv3plus,False,False,0,tensorrt,tensorrt,tensorrt,27.22,27.22,36.3,36.74,6.82,10.98,17.8,1406.34,28.9,0.0,1406.34,28.9,0.0,115.34,54.52,3.4,173.26,0.3981,False,False
1780821712.775147,youtube_cumbria_flood_rescue_1dc5ca,youtube_cumbria_flood_rescue_1dc5ca.mp4,761,50.0,640,480,combined,detect_combined,Flooded,deeplabv3plus,False,False,0,tensorrt,tensorrt,tensorrt,28.8,28.8,34.32,34.73,5.85,10.93,16.78,1406.34,32.4,0.0,1406.34,32.4,0.0,115.34,54.52,3.4,173.26,0.3996,False,False
1780821712.8410983,youtube_cumbria_flood_rescue_1dc5ca,youtube_cumbria_flood_rescue_1dc5ca.mp4,762,50.0,640,480,combined,detect_combined,Flooded,deeplabv3plus,False,False,0,tensorrt,tensorrt,tensorrt,26.02,26.02,38.1,38.44,5.19,14.69,19.88,1406.34,31.6,0.0,1406.34,31.6,0.0,115.34,54.52,3.4,173.26,0.4792,False,False
1780821712.9084663,youtube_cumbria_flood_rescue_1dc5ca,youtube_cumbria_flood_rescue_1dc5ca.mp4,763,50.0,640,480,combined,detect_combined,Flooded,deeplabv3plus,False,False,0,tensorrt,tensorrt,tensorrt,26.45,26.45,37.38,37.81,5.72,14.38,20.1,1406.34,36.6,0.0,1406.34,36.6,0.0,115.34,54.52,3.4,173.26,0.49,False,False
1780821712.978564,youtube_cumbria_flood_rescue_1dc5ca,youtube_cumbria_flood_rescue_1dc5ca.mp4,764,50.0,640,480,combined,detect_combined,Flooded,deeplabv3plus,False,False,0,tensorrt,tensorrt,tensorrt,25.24,25.24,39.2,39.61,7.41,15.75,23.16,1406.34,46.3,0.0,1406.34,46.3,0.0,115.34,54.52,3.4,173.26,0.5897,False,False
1780821713.054496,youtube_cumbria_flood_rescue_1dc5ca,youtube_cumbria_flood_rescue_1dc5ca.mp4,765,50.0,640,480,combined,detect_combined,Flooded,deeplabv3plus,False,False,0,tensorrt,tensorrt,tensorrt,25.92,25.92,38.17,38.58,6.07,16.3,22.37,1406.34,50.0,0.0,1406.34,50.0,0.0,115.34,54.52,3.4,173.26,0.4411,False,False
1780821713.1318927,youtube_cumbria_flood_rescue_1dc5ca,youtube_cumbria_flood_rescue_1dc5ca.mp4,766,50.0,640,480,combined,detect_combined,Flooded,deeplabv3plus,False,False,0,tensorrt,tensorrt,tensorrt,25.4,25.4,38.99,39.37,8.35,13.1,21.45,1406.34,55.6,0.0,1406.34,55.6,0.0,115.34,54.52,3.4,173.26,0.3714,False,False
1780821713.1974154,youtube_cumbria_flood_rescue_1dc5ca,youtube_cumbria_flood_rescue_1dc5ca.mp4,767,50.0,640,480,combined,detect_combined,Flooded,deeplabv3plus,False,False,0,tensorrt,tensorrt,tensorrt,32.15,32.15,30.7,31.11,4.58,9.63,14.21,1406.34,51.4,0.0,1406.34,51.4,0.0,115.34,54.52,3.4,173.26,0.4761,False,False
1780821713.2620733,youtube_cumbria_flood_rescue_1dc5ca,youtube_cumbria_flood_rescue_1dc5ca.mp4,768,50.0,640,480,combined,detect_combined,Flooded,deeplabv3plus,False,False,0,tensorrt,tensorrt,tensorrt,33.24,33.24,29.72,30.08,4.88,9.29,14.169999999999998,1406.34,52.5,0.0,1406.34,52.5,0.0,115.34,54.52,3.4,173.26,0.5052,False,False
1780821713.3242435,youtube_cumbria_flood_rescue_1dc5ca,youtube_cumbria_flood_rescue_1dc5ca.mp4,769,50.0,640,480,combined,detect_combined,Flooded,deeplabv3plus,False,False,0,tensorrt,tensorrt,tensorrt,28.84,28.84,34.34,34.68,5.09,9.04,14.129999999999999,1406.34,52.6,0.0,1406.34,52.6,0.0,115.34,54.52,3.4,173.26,0.4978,False,False
1780821713.383548,youtube_cumbria_flood_rescue_1dc5ca,youtube_cumbria_flood_rescue_1dc5ca.mp4,770,50.0,640,480,combined,detect_combined,Flooded,deeplabv3plus,False,False,0,tensorrt,tensorrt,tensorrt,30.5,30.5,32.3,32.79,4.39,14.22,18.61,1406.34,48.5,0.0,1406.34,48.5,0.0,115.34,54.52,3.4,173.26,0.5516,False,False
1780821713.4563396,youtube_cumbria_flood_rescue_1dc5ca,youtube_cumbria_flood_rescue_1dc5ca.mp4,771,50.0,640,480,combined,detect_combined,Flooded,deeplabv3plus,False,False,0,tensorrt,tensorrt,tensorrt,21.82,21.82,45.5,45.83,7.76,19.54,27.299999999999997,1406.34,43.5,0.0,1406.34,43.5,0.0,115.34,54.52,3.4,173.26,0.5419,False,False
1780821713.5163362,youtube_cumbria_flood_rescue_1dc5ca,youtube_cumbria_flood_rescue_1dc5ca.mp4,772,50.0,640,480,combined,detect_combined,Flooded,deeplabv3plus,False,False,0,tensorrt,tensorrt,tensorrt,35.2,35.2,28.04,28.41,4.7,7.22,11.92,1406.34,52.8,0.0,1406.34,52.8,0.0,115.34,54.52,3.4,173.26,0.4722,False,False
1780821713.5660226,youtube_cumbria_flood_rescue_1dc5ca,youtube_cumbria_flood_rescue_1dc5ca.mp4,773,50.0,640,480,combined,detect_combined,Flooded,deeplabv3plus,False,False,0,tensorrt,tensorrt,tensorrt,34.57,34.57,28.43,28.93,4.2,8.68,12.879999999999999,1406.34,40.0,0.0,1406.34,40.0,0.0,115.34,54.52,3.4,173.26,0.324,False,False
1780821713.6233644,youtube_cumbria_flood_rescue_1dc5ca,youtube_cumbria_flood_rescue_1dc5ca.mp4,774,50.0,640,480,combined,detect_combined,Flooded,deeplabv3plus,False,False,0,tensorrt,tensorrt,tensorrt,31.66,31.66,31.25,31.59,5.04,10.82,15.86,1406.34,40.0,0.0,1406.34,40.0,0.0,115.34,54.52,3.4,173.26,0.3908,False,False
1780821713.6772013,youtube_cumbria_flood_rescue_1dc5ca,youtube_cumbria_flood_rescue_1dc5ca.mp4,775,50.0,640,480,combined,detect_combined,Flooded,deeplabv3plus,False,False,0,tensorrt,tensorrt,tensorrt,35.87,35.87,27.55,27.88,4.42,9.39,13.81,1406.34,36.4,0.0,1406.34,36.4,0.0,115.34,54.52,3.4,173.26,0.4191,False,False
1780821713.734419,youtube_cumbria_flood_rescue_1dc5ca,youtube_cumbria_flood_rescue_1dc5ca.mp4,776,50.0,640,480,combined,detect_combined,Flooded,deeplabv3plus,False,False,0,tensorrt,tensorrt,tensorrt,30.08,30.08,32.88,33.25,5.42,12.66,18.08,1406.34,34.3,0.0,1406.34,34.3,0.0,115.34,54.52,3.4,173.26,0.4966,False,False
1780821713.791244,youtube_cumbria_flood_rescue_1dc5ca,youtube_cumbria_flood_rescue_1dc5ca.mp4,777,50.0,640,480,combined,detect_combined,Flooded,deeplabv3plus,False,False,0,tensorrt,tensorrt,tensorrt,33.68,33.68,29.28,29.69,4.3,7.88,12.18,1406.34,38.2,0.0,1406.34,38.2,0.0,115.34,54.52,3.4,173.26,0.4587,False,False
1780821713.8395903,youtube_cumbria_flood_rescue_1dc5ca,youtube_cumbria_flood_rescue_1dc5ca.mp4,778,50.0,640,480,combined,detect_combined,Flooded,deeplabv3plus,False,False,0,tensorrt,tensorrt,tensorrt,41.4,41.4,23.84,24.15,4.47,8.26,12.73,1406.34,28.6,0.0,1406.34,28.6,0.0,115.34,54.52,3.4,173.26,0.4948,False,False
1780821713.8987403,youtube_cumbria_flood_rescue_1dc5ca,youtube_cumbria_flood_rescue_1dc5ca.mp4,779,50.0,640,480,combined,detect_combined,Flooded,deeplabv3plus,False,False,0,tensorrt,tensorrt,tensorrt,29.34,29.34,33.72,34.08,4.84,12.7,17.54,1406.34,45.9,0.0,1406.34,45.9,0.0,115.34,54.52,3.4,173.26,0.5531,False,False
1780821713.9611242,youtube_cumbria_flood_rescue_1dc5ca,youtube_cumbria_flood_rescue_1dc5ca.mp4,780,50.0,640,480,combined,detect_combined,Flooded,deeplabv3plus,False,False,0,tensorrt,tensorrt,tensorrt,28.7,28.7,34.14,34.84,5.22,10.39,15.61,1406.34,33.3,0.0,1406.34,33.3,0.0,115.34,54.52,3.4,173.26,0.5048,False,False
1780821714.0323155,youtube_cumbria_flood_rescue_1dc5ca,youtube_cumbria_flood_rescue_1dc5ca.mp4,781,50.0,640,480,combined,detect_combined,Flooded,deeplabv3plus,False,False,0,tensorrt,tensorrt,tensorrt,27.62,27.62,35.84,36.2,5.35,11.8,17.15,1406.34,34.1,0.0,1406.34,34.1,0.0,115.34,54.52,3.4,173.26,0.494,False,False
1780821714.110865,youtube_cumbria_flood_rescue_1dc5ca,youtube_cumbria_flood_rescue_1dc5ca.mp4,782,50.0,640,480,combined,detect_combined,Flooded,deeplabv3plus,False,False,0,tensorrt,tensorrt,tensorrt,24.96,24.96,39.62,40.06,6.2,15.0,21.2,1406.34,31.1,0.0,1406.34,31.1,0.0,115.34,54.52,3.4,173.26,0.4762,False,False
1780821714.1862454,youtube_cumbria_flood_rescue_1dc5ca,youtube_cumbria_flood_rescue_1dc5ca.mp4,783,50.0,640,480,combined,detect_combined,Flooded,deeplabv3plus,False,False,0,tensorrt,tensorrt,tensorrt,28.29,28.29,34.94,35.35,5.94,14.41,20.35,1406.34,30.2,0.0,1406.34,30.2,0.0,115.34,54.52,3.4,173.26,0.3283,False,False
1780821714.2697508,youtube_cumbria_flood_rescue_1dc5ca,youtube_cumbria_flood_rescue_1dc5ca.mp4,784,50.0,640,480,combined,detect_combined,Flooded,deeplabv3plus,False,False,0,tensorrt,tensorrt,tensorrt,28.66,28.66,34.46,34.89,6.99,15.3,22.29,1406.34,32.7,0.0,1406.34,32.7,0.0,115.34,54.52,3.4,173.26,0.4063,False,False
1780821714.347107,youtube_cumbria_flood_rescue_1dc5ca,youtube_cumbria_flood_rescue_1dc5ca.mp4,785,50.0,640,480,combined,detect_combined,Flooded,deeplabv3plus,False,False,0,tensorrt,tensorrt,tensorrt,23.73,23.73,41.66,42.13,8.67,13.86,22.53,1406.34,53.2,0.0,1406.34,53.2,0.0,115.34,54.52,3.4,173.26,0.4367,False,False
1780821714.423745,youtube_cumbria_flood_rescue_1dc5ca,youtube_cumbria_flood_rescue_1dc5ca.mp4,786,50.0,640,480,combined,detect_combined,Flooded,deeplabv3plus,False,False,0,tensorrt,tensorrt,tensorrt,27.06,27.06,36.51,36.96,8.95,14.69,23.64,1406.34,50.0,0.0,1406.34,50.0,0.0,115.34,54.52,3.4,173.26,0.4028,False,False
1780821714.5009,youtube_cumbria_flood_rescue_1dc5ca,youtube_cumbria_flood_rescue_1dc5ca.mp4,787,50.0,640,480,combined,detect_combined,Flooded,deeplabv3plus,False,False,0,tensorrt,tensorrt,tensorrt,22.44,22.44,44.02,44.56,7.05,14.41,21.46,1406.34,52.2,0.0,1406.34,52.2,0.0,115.34,54.52,3.4,173.26,0.4399,False,False
1780821714.5702097,youtube_cumbria_flood_rescue_1dc5ca,youtube_cumbria_flood_rescue_1dc5ca.mp4,788,50.0,640,480,combined,detect_combined,Flooded,deeplabv3plus,False,False,0,tensorrt,tensorrt,tensorrt,25.58,25.58,38.58,39.1,5.14,14.45,19.59,1406.34,50.0,0.0,1406.34,50.0,0.0,115.34,54.52,3.4,173.26,0.406,False,False
1780821714.6211708,youtube_cumbria_flood_rescue_1dc5ca,youtube_cumbria_flood_rescue_1dc5ca.mp4,789,50.0,640,480,combined,detect_combined,Flooded,deeplabv3plus,False,False,0,tensorrt,tensorrt,tensorrt,36.79,36.79,26.76,27.18,4.67,8.3,12.97,1406.34,45.2,0.0,1406.34,45.2,0.0,115.34,54.52,3.4,173.26,0.4615,False,False
1780821714.6761715,youtube_cumbria_flood_rescue_1dc5ca,youtube_cumbria_flood_rescue_1dc5ca.mp4,790,50.0,640,480,combined,detect_combined,Flooded,deeplabv3plus,False,False,0,tensorrt,tensorrt,tensorrt,37.83,37.83,26.11,26.44,4.6,10.3,14.9,1406.34,52.9,0.0,1406.34,52.9,0.0,115.34,54.52,3.4,173.26,0.3922,False,False
1780821714.7217722,youtube_cumbria_flood_rescue_1dc5ca,youtube_cumbria_flood_rescue_1dc5ca.mp4,791,50.0,640,480,combined,detect_combined,Flooded,deeplabv3plus,False,False,0,tensorrt,tensorrt,tensorrt,40.6,40.6,24.2,24.63,4.35,8.44,12.79,1406.34,44.0,0.0,1406.34,44.0,0.0,115.34,54.52,3.4,173.26,0.4364,False,False
1780821714.7845893,youtube_cumbria_flood_rescue_1dc5ca,youtube_cumbria_flood_rescue_1dc5ca.mp4,792,50.0,640,480,combined,detect_combined,Flooded,deeplabv3plus,False,False,0,tensorrt,tensorrt,tensorrt,26.68,26.68,37.08,37.48,7.92,13.38,21.3,1406.34,37.5,0.0,1406.34,37.5,0.0,115.34,54.52,3.4,173.26,0.3718,False,False
1780821714.8477218,youtube_cumbria_flood_rescue_1dc5ca,youtube_cumbria_flood_rescue_1dc5ca.mp4,793,50.0,640,480,combined,detect_combined,Flooded,deeplabv3plus,False,False,0,tensorrt,tensorrt,tensorrt,29.89,29.89,33.06,33.46,4.99,9.56,14.55,1406.34,27.8,0.0,1406.34,27.8,0.0,115.34,54.52,3.4,173.26,0.4395,False,False
1780821714.9356544,youtube_cumbria_flood_rescue_1dc5ca,youtube_cumbria_flood_rescue_1dc5ca.mp4,794,50.0,640,480,combined,detect_combined,Flooded,deeplabv3plus,False,False,0,tensorrt,tensorrt,tensorrt,19.86,19.86,49.96,50.36,7.16,19.58,26.74,1406.34,30.6,0.0,1406.34,30.6,0.0,115.34,54.52,3.4,173.26,0.4267,False,False
1780821715.0262144,youtube_cumbria_flood_rescue_1dc5ca,youtube_cumbria_flood_rescue_1dc5ca.mp4,795,50.0,640,480,combined,detect_combined,Flooded,deeplabv3plus,False,False,0,tensorrt,tensorrt,tensorrt,20.01,20.01,49.56,49.98,7.17,22.18,29.35,1406.34,32.7,0.0,1406.34,32.7,0.0,115.34,54.52,3.4,173.26,0.4624,False,False
1780821715.1097634,youtube_cumbria_flood_rescue_1dc5ca,youtube_cumbria_flood_rescue_1dc5ca.mp4,796,50.0,640,480,combined,detect_combined,Flooded,deeplabv3plus,False,False,0,tensorrt,tensorrt,tensorrt,25.17,25.17,39.29,39.72,7.76,15.16,22.92,1406.34,30.6,0.0,1406.34,30.6,0.0,115.34,54.52,3.4,173.26,0.3928,False,False
1780821715.1998742,youtube_cumbria_flood_rescue_1dc5ca,youtube_cumbria_flood_rescue_1dc5ca.mp4,797,50.0,640,480,combined,detect_combined,Flooded,deeplabv3plus,False,False,0,tensorrt,tensorrt,tensorrt,20.51,20.51,48.37,48.75,7.74,17.5,25.240000000000002,1406.33,34.6,0.0,1406.33,34.6,0.0,115.34,54.52,3.4,173.26,0.4472,False,False
1780821715.2786355,youtube_cumbria_flood_rescue_1dc5ca,youtube_cumbria_flood_rescue_1dc5ca.mp4,798,50.0,640,480,combined,detect_combined,Flooded,deeplabv3plus,False,False,0,tensorrt,tensorrt,tensorrt,22.92,22.92,43.19,43.63,6.94,19.22,26.16,1406.33,29.5,0.0,1406.33,29.5,0.0,115.34,54.52,3.4,173.26,0.5439,False,False
1780821715.3486986,youtube_cumbria_flood_rescue_1dc5ca,youtube_cumbria_flood_rescue_1dc5ca.mp4,799,50.0,640,480,combined,detect_combined,Flooded,deeplabv3plus,False,False,0,tensorrt,tensorrt,tensorrt,27.73,27.73,35.71,36.07,5.55,12.72,18.27,1406.33,34.1,0.0,1406.33,34.1,0.0,115.34,54.52,3.4,173.26,0.4926,False,False
1780821715.4216201,youtube_cumbria_flood_rescue_1dc5ca,youtube_cumbria_flood_rescue_1dc5ca.mp4,800,50.0,640,480,combined,detect_combined,Flooded,deeplabv3plus,False,False,0,tensorrt,tensorrt,tensorrt,23.14,23.14,42.61,43.21,5.71,17.11,22.82,1406.33,32.6,0.0,1406.33,32.6,0.0,115.34,54.52,3.4,173.26,0.4726,False,False
1780821715.4853368,youtube_cumbria_flood_rescue_1dc5ca,youtube_cumbria_flood_rescue_1dc5ca.mp4,801,50.0,640,480,combined,detect_combined,Flooded,deeplabv3plus,False,False,0,tensorrt,tensorrt,tensorrt,29.12,29.12,33.99,34.34,7.95,11.36,19.31,1406.33,34.2,0.0,1406.33,34.2,0.0,115.34,54.52,3.4,173.26,0.5005,False,False
1780821715.5510056,youtube_cumbria_flood_rescue_1dc5ca,youtube_cumbria_flood_rescue_1dc5ca.mp4,802,50.0,640,480,combined,detect_combined,Flooded,deeplabv3plus,False,False,0,tensorrt,tensorrt,tensorrt,25.94,25.94,38.23,38.55,4.74,13.64,18.380000000000003,1406.33,29.7,0.0,1406.33,29.7,0.0,115.34,54.52,3.4,173.26,0.4475,False,False
1780821715.6021752,youtube_cumbria_flood_rescue_1dc5ca,youtube_cumbria_flood_rescue_1dc5ca.mp4,803,50.0,640,480,combined,detect_combined,Flooded,deeplabv3plus,False,False,0,tensorrt,tensorrt,tensorrt,36.98,36.98,26.56,27.04,4.01,8.19,12.2,1406.33,36.7,0.0,1406.33,36.7,0.0,115.34,54.52,3.4,173.26,0.5731,False,False
1780821715.6605785,youtube_cumbria_flood_rescue_1dc5ca,youtube_cumbria_flood_rescue_1dc5ca.mp4,804,50.0,640,480,combined,detect_combined,Flooded,deeplabv3plus,False,False,0,tensorrt,tensorrt,tensorrt,34.43,34.43,28.71,29.04,4.43,11.23,15.66,1406.33,41.2,0.0,1406.33,41.2,0.0,115.34,54.52,3.4,173.26,0.572,False,False
1780821715.7204838,youtube_cumbria_flood_rescue_1dc5ca,youtube_cumbria_flood_rescue_1dc5ca.mp4,805,50.0,640,480,combined,detect_combined,Flooded,deeplabv3plus,False,False,0,tensorrt,tensorrt,tensorrt,30.52,30.52,32.43,32.77,5.84,9.79,15.629999999999999,1406.33,51.4,0.0,1406.33,51.4,0.0,115.34,54.52,3.4,173.26,0.4893,False,False
1780821715.78209,youtube_cumbria_flood_rescue_1dc5ca,youtube_cumbria_flood_rescue_1dc5ca.mp4,806,50.0,640,480,combined,detect_combined,Flooded,deeplabv3plus,False,False,0,tensorrt,tensorrt,tensorrt,27.8,27.8,35.64,35.97,4.56,12.8,17.36,1406.33,48.6,0.0,1406.33,48.6,0.0,115.34,54.52,3.4,173.26,0.4481,False,False
1780821715.8447251,youtube_cumbria_flood_rescue_1dc5ca,youtube_cumbria_flood_rescue_1dc5ca.mp4,807,50.0,640,480,combined,detect_combined,Flooded,deeplabv3plus,False,False,0,tensorrt,tensorrt,tensorrt,28.71,28.71,34.3,34.84,4.46,15.04,19.5,1406.33,52.6,0.0,1406.33,52.6,0.0,115.34,54.52,3.4,173.26,0.4489,False,False
1780821715.9117637,youtube_cumbria_flood_rescue_1dc5ca,youtube_cumbria_flood_rescue_1dc5ca.mp4,808,50.0,640,480,combined,detect_combined,Flooded,deeplabv3plus,False,False,0,tensorrt,tensorrt,tensorrt,26.45,26.45,37.45,37.81,5.24,10.16,15.4,1406.33,48.7,0.0,1406.33,48.7,0.0,115.34,54.52,3.4,173.26,0.4482,False,False
1780821715.9928536,youtube_cumbria_flood_rescue_1dc5ca,youtube_cumbria_flood_rescue_1dc5ca.mp4,809,50.0,640,480,combined,detect_combined,Flooded,deeplabv3plus,False,False,0,tensorrt,tensorrt,tensorrt,22.0,22.0,44.98,45.45,11.57,17.05,28.62,1406.33,40.2,0.0,1406.33,40.2,0.0,115.34,54.52,3.4,173.26,0.4821,False,False
1780821716.0711858,youtube_cumbria_flood_rescue_1dc5ca,youtube_cumbria_flood_rescue_1dc5ca.mp4,810,50.0,640,480,combined,detect_combined,Flooded,deeplabv3plus,False,False,0,tensorrt,tensorrt,tensorrt,23.49,23.49,42.13,42.56,7.33,12.0,19.33,1406.33,45.5,0.0,1406.33,45.5,0.0,115.34,54.52,3.4,173.26,0.4816,False,False
1780821716.1374407,youtube_cumbria_flood_rescue_1dc5ca,youtube_cumbria_flood_rescue_1dc5ca.mp4,811,50.0,640,480,combined,detect_combined,Flooded,deeplabv3plus,False,False,0,tensorrt,tensorrt,tensorrt,30.35,30.35,32.6,32.95,4.86,9.93,14.79,1406.33,42.1,0.0,1406.33,42.1,0.0,115.34,54.52,3.4,173.26,0.4674,False,False
1780821716.1971116,youtube_cumbria_flood_rescue_1dc5ca,youtube_cumbria_flood_rescue_1dc5ca.mp4,812,50.0,640,480,combined,detect_combined,Flooded,deeplabv3plus,False,False,0,tensorrt,tensorrt,tensorrt,28.94,28.94,34.15,34.55,5.56,10.72,16.28,1406.33,37.1,0.0,1406.33,37.1,0.0,115.34,54.52,3.4,173.26,0.4965,False,False
1780821716.2696135,youtube_cumbria_flood_rescue_1dc5ca,youtube_cumbria_flood_rescue_1dc5ca.mp4,813,50.0,640,480,combined,detect_combined,Flooded,deeplabv3plus,False,False,0,tensorrt,tensorrt,tensorrt,24.73,24.73,40.03,40.44,6.08,12.76,18.84,1406.33,31.7,0.0,1406.33,31.7,0.0,115.34,54.52,3.4,173.26,0.4784,False,False
1780821716.3241873,youtube_cumbria_flood_rescue_1dc5ca,youtube_cumbria_flood_rescue_1dc5ca.mp4,814,50.0,640,480,combined,detect_combined,Flooded,deeplabv3plus,False,False,0,tensorrt,tensorrt,tensorrt,35.07,35.07,28.13,28.52,4.63,9.4,14.030000000000001,1406.33,34.4,0.0,1406.33,34.4,0.0,115.34,54.52,3.4,173.26,0.4813,False,False
1780821716.3830771,youtube_cumbria_flood_rescue_1dc5ca,youtube_cumbria_flood_rescue_1dc5ca.mp4,815,50.0,640,480,combined,detect_combined,Flooded,deeplabv3plus,False,False,0,tensorrt,tensorrt,tensorrt,28.27,28.27,35.01,35.37,7.86,10.96,18.82,1406.33,32.4,0.0,1406.33,32.4,0.0,115.34,54.52,3.4,173.26,0.3971,False,False
1780821716.4516964,youtube_cumbria_flood_rescue_1dc5ca,youtube_cumbria_flood_rescue_1dc5ca.mp4,816,50.0,640,480,combined,detect_combined,Flooded,deeplabv3plus,False,False,0,tensorrt,tensorrt,tensorrt,24.56,24.56,39.99,40.72,5.27,12.59,17.86,1406.33,29.3,0.0,1406.33,29.3,0.0,115.34,54.52,3.4,173.26,0.36,False,False
1780821716.523616,youtube_cumbria_flood_rescue_1dc5ca,youtube_cumbria_flood_rescue_1dc5ca.mp4,817,50.0,640,480,combined,detect_combined,Flooded,deeplabv3plus,False,False,0,tensorrt,tensorrt,tensorrt,24.01,24.01,41.0,41.65,8.5,12.77,21.27,1406.33,31.7,0.0,1406.33,31.7,0.0,115.34,54.52,3.4,173.26,0.3419,False,False
1780821716.5891843,youtube_cumbria_flood_rescue_1dc5ca,youtube_cumbria_flood_rescue_1dc5ca.mp4,818,50.0,640,480,combined,detect_combined,Flooded,deeplabv3plus,False,False,0,tensorrt,tensorrt,tensorrt,28.02,28.02,34.88,35.69,6.18,10.51,16.689999999999998,1406.33,37.5,0.0,1406.33,37.5,0.0,115.34,54.52,3.4,173.26,0.5485,False,False
1780821716.6568754,youtube_cumbria_flood_rescue_1dc5ca,youtube_cumbria_flood_rescue_1dc5ca.mp4,819,50.0,640,480,combined,detect_combined,Flooded,deeplabv3plus,False,False,0,tensorrt,tensorrt,tensorrt,24.78,24.78,39.96,40.36,7.57,11.76,19.33,1406.33,33.3,0.0,1406.33,33.3,0.0,115.34,54.52,3.4,173.26,0.6213,False,False
1780821716.7353923,youtube_cumbria_flood_rescue_1dc5ca,youtube_cumbria_flood_rescue_1dc5ca.mp4,820,50.0,640,480,combined,detect_combined,Flooded,deeplabv3plus,False,False,0,tensorrt,tensorrt,tensorrt,23.24,23.24,42.63,43.04,5.66,15.4,21.060000000000002,1406.33,27.3,0.0,1406.33,27.3,0.0,115.34,54.52,3.4,173.26,0.6362,False,False
1780821716.8260984,youtube_cumbria_flood_rescue_1dc5ca,youtube_cumbria_flood_rescue_1dc5ca.mp4,821,50.0,640,480,combined,detect_combined,Flooded,deeplabv3plus,False,False,1,tensorrt,tensorrt,tensorrt,19.81,19.81,49.11,50.49,6.54,15.4,21.94,1406.33,39.3,0.0,1406.33,39.3,0.0,115.34,54.52,3.4,173.26,0.5546,False,False
1780821716.9260042,youtube_cumbria_flood_rescue_1dc5ca,youtube_cumbria_flood_rescue_1dc5ca.mp4,822,50.0,640,480,combined,detect_combined,Flooded,deeplabv3plus,False,False,1,tensorrt,tensorrt,tensorrt,19.41,19.41,50.19,51.51,7.29,18.05,25.34,1406.33,26.8,0.0,1406.33,26.8,0.0,115.34,54.52,3.4,173.26,0.5647,False,False
1780821717.017144,youtube_cumbria_flood_rescue_1dc5ca,youtube_cumbria_flood_rescue_1dc5ca.mp4,823,50.0,640,480,combined,detect_combined,Flooded,deeplabv3plus,False,False,1,tensorrt,tensorrt,tensorrt,20.78,20.78,47.15,48.12,5.42,15.64,21.060000000000002,1406.33,44.2,0.0,1406.33,44.2,0.0,115.34,54.52,3.4,173.26,0.5195,False,False
1780821717.080814,youtube_cumbria_flood_rescue_1dc5ca,youtube_cumbria_flood_rescue_1dc5ca.mp4,824,50.0,640,480,combined,detect_combined,Flooded,deeplabv3plus,False,False,1,tensorrt,tensorrt,tensorrt,27.36,27.36,35.51,36.55,4.91,9.1,14.01,1406.33,50.0,0.0,1406.33,50.0,0.0,115.34,54.52,3.4,173.26,0.3979,False,False
1780821717.1466258,youtube_cumbria_flood_rescue_1dc5ca,youtube_cumbria_flood_rescue_1dc5ca.mp4,825,50.0,640,480,combined,detect_combined,Flooded,deeplabv3plus,False,False,1,tensorrt,tensorrt,tensorrt,26.34,26.34,37.02,37.96,5.07,8.86,13.93,1406.33,60.0,0.0,1406.33,60.0,0.0,115.34,54.52,3.4,173.26,0.4406,False,False
1780821717.2162478,youtube_cumbria_flood_rescue_1dc5ca,youtube_cumbria_flood_rescue_1dc5ca.mp4,826,50.0,640,480,combined,detect_combined,Flooded,deeplabv3plus,False,False,1,tensorrt,tensorrt,tensorrt,23.72,23.72,39.82,42.16,4.9,9.43,14.33,1406.33,48.7,0.0,1406.33,48.7,0.0,115.34,54.52,3.4,173.26,0.4772,False,False
1780821717.2877243,youtube_cumbria_flood_rescue_1dc5ca,youtube_cumbria_flood_rescue_1dc5ca.mp4,827,50.0,640,480,combined,detect_combined,Flooded,deeplabv3plus,False,False,1,tensorrt,tensorrt,tensorrt,22.97,22.97,42.63,43.53,5.16,10.33,15.49,1406.33,51.2,0.0,1406.33,51.2,0.0,115.34,54.52,3.4,173.26,0.4035,False,False
1780821717.355516,youtube_cumbria_flood_rescue_1dc5ca,youtube_cumbria_flood_rescue_1dc5ca.mp4,828,50.0,640,480,combined,detect_combined,Flooded,deeplabv3plus,False,False,1,tensorrt,tensorrt,tensorrt,23.67,23.67,40.2,42.24,5.16,10.17,15.33,1406.33,45.9,0.0,1406.33,45.9,0.0,115.34,54.52,3.4,173.26,0.3286,False,False
1780821717.4433002,youtube_cumbria_flood_rescue_1dc5ca,youtube_cumbria_flood_rescue_1dc5ca.mp4,829,50.0,640,480,combined,detect_combined,Flooded,deeplabv3plus,False,False,1,tensorrt,tensorrt,tensorrt,20.91,20.91,46.97,47.82,8.79,16.02,24.81,1406.33,32.0,0.0,1406.33,32.0,0.0,115.34,54.52,3.4,173.26,0.2058,False,False
1780821717.5183134,youtube_cumbria_flood_rescue_1dc5ca,youtube_cumbria_flood_rescue_1dc5ca.mp4,830,50.0,640,480,combined,detect_combined,Non-Flooded,resnet18,True,False,1,tensorrt,tensorrt,tensorrt,26.62,26.62,36.46,37.57,5.46,11.63,17.09,1406.33,29.3,0.0,1406.33,29.3,0.0,115.34,54.52,3.4,173.26,0.1913,False,False
1780821717.6081102,youtube_cumbria_flood_rescue_1dc5ca,youtube_cumbria_flood_rescue_1dc5ca.mp4,831,50.0,640,480,combined,detect_combined,Flooded,deeplabv3plus,True,False,1,tensorrt,tensorrt,tensorrt,19.04,19.04,50.44,52.53,5.23,16.06,21.29,1406.33,32.7,0.0,1406.33,32.7,0.0,115.34,54.52,3.4,173.26,0.2136,False,False
1780821717.6916242,youtube_cumbria_flood_rescue_1dc5ca,youtube_cumbria_flood_rescue_1dc5ca.mp4,832,50.0,640,480,combined,detect_combined,Flooded,deeplabv3plus,False,False,1,tensorrt,tensorrt,tensorrt,22.38,22.38,43.57,44.69,5.6,12.57,18.17,1406.33,30.6,0.0,1406.33,30.6,0.0,115.34,54.52,3.4,173.26,0.2135,False,False
1780821717.780605,youtube_cumbria_flood_rescue_1dc5ca,youtube_cumbria_flood_rescue_1dc5ca.mp4,833,50.0,640,480,combined,detect_combined,Non-Flooded,resnet18,True,False,1,tensorrt,tensorrt,tensorrt,18.68,18.68,52.28,53.55,8.73,16.71,25.44,1406.33,31.4,0.0,1406.33,31.4,0.0,115.34,54.52,3.4,173.26,0.1503,False,False
1780821717.8494937,youtube_cumbria_flood_rescue_1dc5ca,youtube_cumbria_flood_rescue_1dc5ca.mp4,834,50.0,640,480,combined,detect_combined,Non-Flooded,resnet18,False,False,1,tensorrt,tensorrt,tensorrt,28.63,28.63,33.88,34.93,6.12,11.66,17.78,1406.33,38.1,0.0,1406.33,38.1,0.0,115.34,54.52,3.4,173.26,0.1984,False,False
1780821717.9253757,youtube_cumbria_flood_rescue_1dc5ca,youtube_cumbria_flood_rescue_1dc5ca.mp4,835,50.0,640,480,combined,detect_combined,Flooded,deeplabv3plus,True,False,1,tensorrt,tensorrt,tensorrt,24.95,24.95,38.86,40.08,5.52,9.35,14.87,1406.33,33.3,0.0,1406.33,33.3,0.0,115.34,54.52,3.4,173.26,0.2009,False,False
1780821718.003561,youtube_cumbria_flood_rescue_1dc5ca,youtube_cumbria_flood_rescue_1dc5ca.mp4,836,50.0,640,480,combined,detect_combined,Non-Flooded,resnet18,True,False,1,tensorrt,tensorrt,tensorrt,23.28,23.28,41.71,42.95,5.8,11.25,17.05,1406.33,34.8,0.0,1406.33,34.8,0.0,115.34,54.52,3.4,173.26,0.1048,False,False
1780821718.0780025,youtube_cumbria_flood_rescue_1dc5ca,youtube_cumbria_flood_rescue_1dc5ca.mp4,837,50.0,640,480,combined,detect_combined,Non-Flooded,resnet18,False,False,1,tensorrt,tensorrt,tensorrt,27.07,27.07,35.85,36.94,4.41,8.09,12.5,1406.33,42.2,0.0,1406.33,42.2,0.0,115.34,54.52,3.4,173.26,0.1128,False,False
1780821718.159986,youtube_cumbria_flood_rescue_1dc5ca,youtube_cumbria_flood_rescue_1dc5ca.mp4,838,50.0,640,480,combined,detect_combined,Non-Flooded,resnet18,False,False,1,tensorrt,tensorrt,tensorrt,29.5,29.5,33.06,33.9,5.37,13.03,18.4,1406.33,28.9,0.0,1406.33,28.9,0.0,115.34,54.52,3.4,173.26,0.1759,False,False
1780821718.2395122,youtube_cumbria_flood_rescue_1dc5ca,youtube_cumbria_flood_rescue_1dc5ca.mp4,839,50.0,640,480,combined,detect_combined,Flooded,deeplabv3plus,True,False,1,tensorrt,tensorrt,tensorrt,24.32,24.32,39.97,41.12,5.49,13.16,18.65,1406.32,29.5,0.0,1406.32,29.5,0.0,115.34,54.52,3.4,173.26,0.213,False,False
1780821718.3269765,youtube_cumbria_flood_rescue_1dc5ca,youtube_cumbria_flood_rescue_1dc5ca.mp4,840,50.0,640,480,combined,detect_combined,Non-Flooded,resnet18,True,False,1,tensorrt,tensorrt,tensorrt,23.53,23.53,41.19,42.5,6.32,14.15,20.47,1406.32,39.2,0.0,1406.32,39.2,0.0,115.34,54.52,3.4,173.26,0.1978,False,False
1780821718.415722,youtube_cumbria_flood_rescue_1dc5ca,youtube_cumbria_flood_rescue_1dc5ca.mp4,841,50.0,640,480,combined,detect_combined,Flooded,deeplabv3plus,True,False,1,tensorrt,tensorrt,tensorrt,21.01,21.01,46.21,47.59,6.37,14.71,21.080000000000002,1406.32,58.2,0.0,1406.32,58.2,0.0,115.34,54.52,3.4,173.26,0.226,False,False
1780821718.5069504,youtube_cumbria_flood_rescue_1dc5ca,youtube_cumbria_flood_rescue_1dc5ca.mp4,842,50.0,640,480,combined,detect_combined,Flooded,deeplabv3plus,False,False,1,tensorrt,tensorrt,tensorrt,20.33,20.33,48.06,49.19,5.51,14.95,20.46,1406.32,39.5,0.0,1406.32,39.5,0.0,115.34,54.52,3.4,173.26,0.2543,False,False
1780821718.5802498,youtube_cumbria_flood_rescue_1dc5ca,youtube_cumbria_flood_rescue_1dc5ca.mp4,843,50.0,640,480,combined,detect_combined,Flooded,deeplabv3plus,False,False,1,tensorrt,tensorrt,tensorrt,24.11,24.11,40.57,41.48,5.23,8.98,14.21,1406.32,55.6,0.0,1406.32,55.6,0.0,115.34,54.52,3.4,173.26,0.2302,False,False
1780821718.654765,youtube_cumbria_flood_rescue_1dc5ca,youtube_cumbria_flood_rescue_1dc5ca.mp4,844,50.0,640,480,combined,detect_combined,Flooded,deeplabv3plus,False,False,1,tensorrt,tensorrt,tensorrt,21.84,21.84,44.77,45.79,8.34,8.79,17.13,1406.32,57.1,0.0,1406.32,57.1,0.0,115.34,54.52,3.4,173.26,0.2737,False,False
1780821718.722364,youtube_cumbria_flood_rescue_1dc5ca,youtube_cumbria_flood_rescue_1dc5ca.mp4,845,50.0,640,480,combined,detect_combined,Non-Flooded,resnet18,True,False,1,tensorrt,tensorrt,tensorrt,25.89,25.89,37.62,38.63,5.08,9.5,14.58,1406.32,52.5,0.0,1406.32,52.5,0.0,115.34,54.52,3.4,173.26,0.1456,False,False
1780821718.7792253,youtube_cumbria_flood_rescue_1dc5ca,youtube_cumbria_flood_rescue_1dc5ca.mp4,846,50.0,640,480,combined,detect_combined,Non-Flooded,resnet18,False,False,1,tensorrt,tensorrt,tensorrt,37.82,37.82,25.39,26.44,4.59,9.29,13.879999999999999,1406.32,46.9,0.0,1406.32,46.9,0.0,115.34,54.52,3.4,173.26,0.1732,False,False
1780821718.8388247,youtube_cumbria_flood_rescue_1dc5ca,youtube_cumbria_flood_rescue_1dc5ca.mp4,847,50.0,640,480,combined,detect_combined,Non-Flooded,resnet18,False,False,1,tensorrt,tensorrt,tensorrt,31.52,31.52,30.77,31.73,4.83,9.51,14.34,1406.32,38.9,0.0,1406.32,38.9,0.0,115.34,54.52,3.4,173.26,0.089,False,False
1780821718.9085765,youtube_cumbria_flood_rescue_1dc5ca,youtube_cumbria_flood_rescue_1dc5ca.mp4,848,50.0,640,480,combined,detect_combined,Non-Flooded,resnet18,False,False,1,tensorrt,tensorrt,tensorrt,25.83,25.83,37.54,38.71,5.0,9.33,14.33,1406.32,35.7,0.0,1406.32,35.7,0.0,115.34,54.52,3.4,173.26,0.155,False,False
1780821718.9928524,youtube_cumbria_flood_rescue_1dc5ca,youtube_cumbria_flood_rescue_1dc5ca.mp4,849,50.0,640,480,combined,detect_combined,Non-Flooded,resnet18,False,False,1,tensorrt,tensorrt,tensorrt,24.11,24.11,40.28,41.47,5.83,13.08,18.91,1406.32,36.0,0.0,1406.32,36.0,0.0,115.34,54.52,3.4,173.26,0.1257,False,False
1780821719.0879996,youtube_cumbria_flood_rescue_1dc5ca,youtube_cumbria_flood_rescue_1dc5ca.mp4,850,50.0,640,480,combined,detect_combined,Non-Flooded,resnet18,False,False,1,tensorrt,tensorrt,tensorrt,18.56,18.56,52.54,53.89,6.17,17.26,23.43,1406.32,30.9,0.0,1406.32,30.9,0.0,115.34,54.52,3.4,173.26,0.1486,False,False
1780821719.1911683,youtube_cumbria_flood_rescue_1dc5ca,youtube_cumbria_flood_rescue_1dc5ca.mp4,851,50.0,640,480,combined,detect_combined,Non-Flooded,resnet18,False,False,1,tensorrt,tensorrt,tensorrt,18.73,18.73,51.95,53.39,6.57,21.35,27.92,1406.32,30.0,0.0,1406.32,30.0,0.0,115.34,54.52,3.4,173.26,0.1759,False,False
1780821719.2944074,youtube_cumbria_flood_rescue_1dc5ca,youtube_cumbria_flood_rescue_1dc5ca.mp4,852,50.0,640,480,combined,detect_combined,Flooded,deeplabv3plus,True,False,1,tensorrt,tensorrt,tensorrt,16.39,16.39,59.36,61.01,6.21,20.32,26.53,1406.32,33.9,0.0,1406.32,33.9,0.0,115.34,54.52,3.4,173.26,0.2347,False,False
1780821719.3842616,youtube_cumbria_flood_rescue_1dc5ca,youtube_cumbria_flood_rescue_1dc5ca.mp4,853,50.0,640,480,combined,detect_combined,Non-Flooded,resnet18,True,False,1,tensorrt,tensorrt,tensorrt,25.41,25.41,38.16,39.36,5.37,13.28,18.65,1406.32,35.2,0.0,1406.32,35.2,0.0,115.34,54.52,3.4,173.26,0.1979,False,False
1780821719.4828837,youtube_cumbria_flood_rescue_1dc5ca,youtube_cumbria_flood_rescue_1dc5ca.mp4,854,50.0,640,480,combined,detect_combined,Flooded,deeplabv3plus,True,False,1,tensorrt,tensorrt,tensorrt,19.2,19.2,51.13,52.08,8.18,19.22,27.4,1406.32,41.1,0.0,1406.32,41.1,0.0,115.34,54.52,3.4,173.26,0.2585,False,False
1780821719.567955,youtube_cumbria_flood_rescue_1dc5ca,youtube_cumbria_flood_rescue_1dc5ca.mp4,855,50.0,640,480,combined,detect_combined,Flooded,deeplabv3plus,False,False,1,tensorrt,tensorrt,tensorrt,21.89,21.89,44.65,45.68,5.68,16.09,21.77,1406.32,46.9,0.0,1406.32,46.9,0.0,115.34,54.52,3.4,173.26,0.2202,False,False
1780821719.6275866,youtube_cumbria_flood_rescue_1dc5ca,youtube_cumbria_flood_rescue_1dc5ca.mp4,856,50.0,640,480,combined,detect_combined,Flooded,deeplabv3plus,False,False,1,tensorrt,tensorrt,tensorrt,29.28,29.28,32.93,34.16,4.31,8.24,12.55,1406.32,50.0,0.0,1406.32,50.0,0.0,115.34,54.52,3.4,173.26,0.2165,False,False
1780821719.690214,youtube_cumbria_flood_rescue_1dc5ca,youtube_cumbria_flood_rescue_1dc5ca.mp4,857,50.0,640,480,combined,detect_combined,Non-Flooded,resnet18,True,False,1,tensorrt,tensorrt,tensorrt,27.12,27.12,35.91,36.87,4.47,8.72,13.190000000000001,1406.32,53.8,0.0,1406.32,53.8,0.0,115.34,54.52,3.4,173.26,0.1724,False,False
1780821719.7538035,youtube_cumbria_flood_rescue_1dc5ca,youtube_cumbria_flood_rescue_1dc5ca.mp4,858,50.0,640,480,combined,detect_combined,Flooded,deeplabv3plus,True,False,1,tensorrt,tensorrt,tensorrt,26.41,26.41,36.83,37.86,6.56,10.44,17.0,1406.32,54.1,0.0,1406.32,54.1,0.0,115.34,54.52,3.4,173.26,0.2676,False,False
1780821719.817795,youtube_cumbria_flood_rescue_1dc5ca,youtube_cumbria_flood_rescue_1dc5ca.mp4,859,50.0,640,480,combined,detect_combined,Non-Flooded,resnet18,True,False,1,tensorrt,tensorrt,tensorrt,28.96,28.96,33.42,34.53,5.09,9.68,14.77,1406.32,50.0,0.0,1406.32,50.0,0.0,115.34,54.52,3.4,173.26,0.1839,False,False
1780821719.9037702,youtube_cumbria_flood_rescue_1dc5ca,youtube_cumbria_flood_rescue_1dc5ca.mp4,860,50.0,640,480,combined,detect_combined,Non-Flooded,resnet18,False,False,1,tensorrt,tensorrt,tensorrt,18.85,18.85,51.65,53.06,5.64,18.02,23.66,1406.32,47.2,0.0,1406.32,47.2,0.0,115.34,54.52,3.4,173.26,0.1962,False,False
1780821719.9818745,youtube_cumbria_flood_rescue_1dc5ca,youtube_cumbria_flood_rescue_1dc5ca.mp4,861,50.0,640,480,combined,detect_combined,Non-Flooded,resnet18,False,False,1,tensorrt,tensorrt,tensorrt,25.6,25.6,38.05,39.06,5.73,10.15,15.88,1406.32,50.0,0.0,1406.32,50.0,0.0,115.34,54.52,3.4,173.26,0.1265,False,False
1780821720.0693004,youtube_cumbria_flood_rescue_1dc5ca,youtube_cumbria_flood_rescue_1dc5ca.mp4,862,50.0,640,480,combined,detect_combined,Flooded,deeplabv3plus,True,False,1,tensorrt,tensorrt,tensorrt,19.11,19.11,50.85,52.33,5.62,16.88,22.5,1406.32,50.0,0.0,1406.32,50.0,0.0,115.34,54.52,3.4,173.26,0.2809,False,False
1780821720.1579032,youtube_cumbria_flood_rescue_1dc5ca,youtube_cumbria_flood_rescue_1dc5ca.mp4,863,50.0,640,480,combined,detect_combined,Flooded,deeplabv3plus,False,False,1,tensorrt,tensorrt,tensorrt,22.56,22.56,43.32,44.32,5.11,11.41,16.52,1406.32,55.4,0.0,1406.32,55.4,0.0,115.34,54.52,3.4,173.26,0.2545,False,False
1780821720.2405918,youtube_cumbria_flood_rescue_1dc5ca,youtube_cumbria_flood_rescue_1dc5ca.mp4,864,50.0,640,480,combined,detect_combined,Flooded,deeplabv3plus,False,False,1,tensorrt,tensorrt,tensorrt,19.92,19.92,48.06,50.2,8.9,20.19,29.090000000000003,1406.32,36.2,0.0,1406.32,36.2,0.0,115.34,54.52,3.4,173.26,0.2576,False,False
1780821720.3248768,youtube_cumbria_flood_rescue_1dc5ca,youtube_cumbria_flood_rescue_1dc5ca.mp4,865,50.0,640,480,combined,detect_combined,Flooded,deeplabv3plus,False,False,1,tensorrt,tensorrt,tensorrt,20.73,20.73,47.16,48.23,5.06,16.76,21.82,1406.32,28.6,0.0,1406.32,28.6,0.0,115.34,54.52,3.4,173.26,0.253,False,False
1780821720.394292,youtube_cumbria_flood_rescue_1dc5ca,youtube_cumbria_flood_rescue_1dc5ca.mp4,866,50.0,640,480,combined,detect_combined,Flooded,deeplabv3plus,False,False,1,tensorrt,tensorrt,tensorrt,31.57,31.57,30.14,31.68,4.61,11.2,15.809999999999999,1406.32,34.1,0.0,1406.32,34.1,0.0,115.34,54.52,3.4,173.26,0.2514,False,False
1780821720.4707508,youtube_cumbria_flood_rescue_1dc5ca,youtube_cumbria_flood_rescue_1dc5ca.mp4,867,50.0,640,480,combined,detect_combined,Flooded,deeplabv3plus,False,False,1,tensorrt,tensorrt,tensorrt,23.3,23.3,42.04,42.92,5.51,9.81,15.32,1406.31,30.4,0.0,1406.31,30.4,0.0,115.34,54.52,3.4,173.26,0.2751,False,False
1780821720.5599816,youtube_cumbria_flood_rescue_1dc5ca,youtube_cumbria_flood_rescue_1dc5ca.mp4,868,50.0,640,480,combined,detect_combined,Non-Flooded,resnet18,True,False,1,tensorrt,tensorrt,tensorrt,20.92,20.92,46.71,47.8,5.71,14.58,20.29,1406.31,36.2,0.0,1406.31,36.2,0.0,115.34,54.52,3.4,173.26,0.1654,False,False
1780821720.6427085,youtube_cumbria_flood_rescue_1dc5ca,youtube_cumbria_flood_rescue_1dc5ca.mp4,869,50.0,640,480,combined,detect_combined,Flooded,deeplabv3plus,True,False,1,tensorrt,tensorrt,tensorrt,21.5,21.5,45.45,46.5,5.47,14.28,19.75,1406.31,22.2,0.0,1406.31,22.2,0.0,115.34,54.52,3.4,173.26,0.2471,False,False
1780821720.7358608,youtube_cumbria_flood_rescue_1dc5ca,youtube_cumbria_flood_rescue_1dc5ca.mp4,870,50.0,640,480,combined,detect_combined,Non-Flooded,resnet18,True,False,1,tensorrt,tensorrt,tensorrt,18.64,18.64,52.29,53.66,6.07,19.83,25.9,1406.31,35.1,0.0,1406.31,35.1,0.0,115.34,54.52,3.4,173.26,0.1059,False,False
1780821720.8053904,youtube_cumbria_flood_rescue_1dc5ca,youtube_cumbria_flood_rescue_1dc5ca.mp4,871,50.0,640,480,combined,detect_combined,Non-Flooded,resnet18,False,False,1,tensorrt,tensorrt,tensorrt,27.82,27.82,34.61,35.95,5.31,12.23,17.54,1406.31,37.2,0.0,1406.31,37.2,0.0,115.34,54.52,3.4,173.26,0.1471,False,False
1780821720.8785748,youtube_cumbria_flood_rescue_1dc5ca,youtube_cumbria_flood_rescue_1dc5ca.mp4,872,50.0,640,480,combined,detect_combined,Flooded,deeplabv3plus,True,False,1,tensorrt,tensorrt,tensorrt,23.62,23.62,41.16,42.34,5.87,9.89,15.760000000000002,1406.31,30.2,0.0,1406.31,30.2,0.0,115.34,54.52,3.4,173.26,0.2034,False,False
1780821720.974968,youtube_cumbria_flood_rescue_1dc5ca,youtube_cumbria_flood_rescue_1dc5ca.mp4,873,50.0,640,480,combined,detect_combined,Non-Flooded,resnet18,True,False,1,tensorrt,tensorrt,tensorrt,19.57,19.57,49.82,51.1,8.11,14.2,22.31,1406.3,49.1,0.0,1406.3,49.1,0.0,115.34,54.52,3.4,173.26,0.1577,False,False
1780821721.035839,youtube_cumbria_flood_rescue_1dc5ca,youtube_cumbria_flood_rescue_1dc5ca.mp4,874,50.0,640,480,combined,detect_combined,Non-Flooded,resnet18,False,False,1,tensorrt,tensorrt,tensorrt,34.19,34.19,28.32,29.25,5.21,9.67,14.879999999999999,1406.3,54.1,0.0,1406.3,54.1,0.0,115.34,54.52,3.4,173.26,0.0981,False,False
1780821721.1101525,youtube_cumbria_flood_rescue_1dc5ca,youtube_cumbria_flood_rescue_1dc5ca.mp4,875,50.0,640,480,combined,detect_combined,Non-Flooded,resnet18,False,False,1,tensorrt,tensorrt,tensorrt,24.03,24.03,40.61,41.61,8.18,8.67,16.85,1406.3,52.3,0.0,1406.3,52.3,0.0,115.34,54.52,3.4,173.26,0.1129,False,False
1780821721.1786623,youtube_cumbria_flood_rescue_1dc5ca,youtube_cumbria_flood_rescue_1dc5ca.mp4,876,50.0,640,480,combined,detect_combined,Non-Flooded,resnet18,False,False,1,tensorrt,tensorrt,tensorrt,26.25,26.25,36.96,38.09,4.96,9.85,14.809999999999999,1406.3,48.8,0.0,1406.3,48.8,0.0,115.34,54.52,3.4,173.26,0.101,False,False
1780821721.254047,youtube_cumbria_flood_rescue_1dc5ca,youtube_cumbria_flood_rescue_1dc5ca.mp4,877,50.0,640,480,combined,detect_combined,Flooded,deeplabv3plus,True,False,1,tensorrt,tensorrt,tensorrt,23.26,23.26,41.67,42.98,5.83,10.59,16.42,1406.3,46.7,0.0,1406.3,46.7,0.0,115.34,54.52,3.4,173.26,0.2007,False,False
1780821721.327044,youtube_cumbria_flood_rescue_1dc5ca,youtube_cumbria_flood_rescue_1dc5ca.mp4,878,50.0,640,480,combined,detect_combined,Non-Flooded,resnet18,True,False,1,tensorrt,tensorrt,tensorrt,25.22,25.22,38.66,39.66,5.35,10.37,15.719999999999999,1406.3,50.0,0.0,1406.3,50.0,0.0,115.34,54.52,3.4,173.26,0.1396,False,False
1780821721.3974018,youtube_cumbria_flood_rescue_1dc5ca,youtube_cumbria_flood_rescue_1dc5ca.mp4,879,50.0,640,480,combined,detect_combined,Non-Flooded,resnet18,False,False,1,tensorrt,tensorrt,tensorrt,23.53,23.53,40.82,42.49,5.23,9.51,14.74,1406.3,26.8,0.0,1406.3,26.8,0.0,115.34,54.52,3.4,173.26,0.1544,False,False
1780821721.4763987,youtube_cumbria_flood_rescue_1dc5ca,youtube_cumbria_flood_rescue_1dc5ca.mp4,880,50.0,640,480,combined,detect_combined,Non-Flooded,resnet18,False,False,2,tensorrt,tensorrt,tensorrt,22.15,22.15,43.5,45.15,5.18,13.16,18.34,1406.3,31.9,0.0,1406.3,31.9,0.0,115.34,54.52,3.4,173.26,0.0531,False,False
1780821721.5719042,youtube_cumbria_flood_rescue_1dc5ca,youtube_cumbria_flood_rescue_1dc5ca.mp4,881,50.0,640,480,combined,detect_combined,Non-Flooded,resnet18,False,False,1,tensorrt,tensorrt,tensorrt,19.92,19.92,49.0,50.19,6.73,17.11,23.84,1406.3,34.5,0.0,1406.3,34.5,0.0,115.34,54.52,3.4,173.26,0.1833,False,False
1780821721.6650844,youtube_cumbria_flood_rescue_1dc5ca,youtube_cumbria_flood_rescue_1dc5ca.mp4,882,50.0,640,480,combined,detect_combined,Non-Flooded,resnet18,False,False,1,tensorrt,tensorrt,tensorrt,19.45,19.45,49.75,51.43,6.38,20.22,26.599999999999998,1406.3,28.8,0.0,1406.3,28.8,0.0,115.34,54.52,3.4,173.26,0.0766,False,False
1780821721.744469,youtube_cumbria_flood_rescue_1dc5ca,youtube_cumbria_flood_rescue_1dc5ca.mp4,883,50.0,640,480,combined,detect_combined,Non-Flooded,resnet18,False,False,1,tensorrt,tensorrt,tensorrt,22.72,22.72,42.54,44.01,9.03,14.29,23.32,1406.3,28.9,0.0,1406.3,28.9,0.0,115.34,54.52,3.4,173.26,0.1163,False,False
1780821721.8369308,youtube_cumbria_flood_rescue_1dc5ca,youtube_cumbria_flood_rescue_1dc5ca.mp4,884,50.0,640,480,combined,detect_combined,Non-Flooded,resnet18,False,False,1,tensorrt,tensorrt,tensorrt,18.95,18.95,51.43,52.76,8.11,18.19,26.3,1406.3,34.5,0.0,1406.3,34.5,0.0,115.34,54.52,3.4,173.26,0.0904,False,False
1780821721.9369073,youtube_cumbria_flood_rescue_1dc5ca,youtube_cumbria_flood_rescue_1dc5ca.mp4,885,50.0,640,480,combined,detect_combined,Non-Flooded,resnet18,False,False,1,tensorrt,tensorrt,tensorrt,18.66,18.66,52.24,53.58,7.74,21.53,29.270000000000003,1406.3,36.1,0.0,1406.3,36.1,0.0,115.34,54.52,3.4,173.26,0.1641,False,False
1780821722.0418339,youtube_cumbria_flood_rescue_1dc5ca,youtube_cumbria_flood_rescue_1dc5ca.mp4,886,50.0,640,480,combined,detect_combined,Flooded,deeplabv3plus,True,False,1,tensorrt,tensorrt,tensorrt,18.47,18.47,52.98,54.15,6.33,20.53,26.86,1406.3,36.5,0.0,1406.3,36.5,0.0,115.34,54.52,3.4,173.26,0.2999,False,False
1780821722.1077108,youtube_cumbria_flood_rescue_1dc5ca,youtube_cumbria_flood_rescue_1dc5ca.mp4,887,50.0,640,480,combined,detect_combined,Non-Flooded,resnet18,True,False,1,tensorrt,tensorrt,tensorrt,27.76,27.76,34.86,36.02,5.2,8.81,14.010000000000002,1406.29,25.0,0.0,1406.29,25.0,0.0,115.34,54.52,3.4,173.26,0.1881,False,False
1780821722.1819882,youtube_cumbria_flood_rescue_1dc5ca,youtube_cumbria_flood_rescue_1dc5ca.mp4,888,50.0,640,480,combined,detect_combined,Non-Flooded,resnet18,False,False,1,tensorrt,tensorrt,tensorrt,21.08,21.08,46.39,47.44,5.89,10.78,16.669999999999998,1406.29,27.3,0.0,1406.29,27.3,0.0,115.34,54.52,3.4,173.26,0.1955,False,False
1780821722.2523506,youtube_cumbria_flood_rescue_1dc5ca,youtube_cumbria_flood_rescue_1dc5ca.mp4,889,50.0,640,480,combined,detect_combined,Non-Flooded,resnet18,False,False,1,tensorrt,tensorrt,tensorrt,24.24,24.24,39.23,41.26,5.91,11.56,17.47,1406.29,35.6,0.0,1406.29,35.6,0.0,115.34,54.52,3.4,173.26,0.1572,False,False
1780821722.3283262,youtube_cumbria_flood_rescue_1dc5ca,youtube_cumbria_flood_rescue_1dc5ca.mp4,890,50.0,640,480,combined,detect_combined,Non-Flooded,resnet18,False,False,1,tensorrt,tensorrt,tensorrt,21.91,21.91,44.36,45.65,5.74,11.5,17.240000000000002,1406.29,45.5,0.0,1406.29,45.5,0.0,115.34,54.52,3.4,173.26,0.1826,False,False
1780821722.409231,youtube_cumbria_flood_rescue_1dc5ca,youtube_cumbria_flood_rescue_1dc5ca.mp4,891,50.0,640,480,combined,detect_combined,Non-Flooded,resnet18,False,False,1,tensorrt,tensorrt,tensorrt,21.03,21.03,46.24,47.55,5.82,12.1,17.92,1406.29,49.0,0.0,1406.29,49.0,0.0,115.34,54.52,3.4,173.26,0.1595,False,False
1780821722.4957068,youtube_cumbria_flood_rescue_1dc5ca,youtube_cumbria_flood_rescue_1dc5ca.mp4,892,50.0,640,480,combined,detect_combined,Non-Flooded,resnet18,False,False,1,tensorrt,tensorrt,tensorrt,19.63,19.63,50.04,50.94,5.83,11.07,16.9,1406.29,49.0,0.0,1406.29,49.0,0.0,115.34,54.52,3.4,173.26,0.1674,False,False
1780821722.5711093,youtube_cumbria_flood_rescue_1dc5ca,youtube_cumbria_flood_rescue_1dc5ca.mp4,893,50.0,640,480,combined,detect_combined,Non-Flooded,resnet18,False,False,1,tensorrt,tensorrt,tensorrt,21.17,21.17,46.27,47.23,4.78,14.03,18.81,1406.29,45.5,0.0,1406.29,45.5,0.0,115.34,54.52,3.4,173.26,0.1231,False,False
1780821722.6428702,youtube_cumbria_flood_rescue_1dc5ca,youtube_cumbria_flood_rescue_1dc5ca.mp4,894,50.0,640,480,combined,detect_combined,Non-Flooded,resnet18,False,False,1,tensorrt,tensorrt,tensorrt,23.35,23.35,41.81,42.83,7.0,11.39,18.39,1406.29,53.3,0.0,1406.29,53.3,0.0,115.34,54.52,3.4,173.26,0.1181,False,False
1780821722.7117918,youtube_cumbria_flood_rescue_1dc5ca,youtube_cumbria_flood_rescue_1dc5ca.mp4,895,50.0,640,480,combined,detect_combined,Non-Flooded,resnet18,False,False,1,tensorrt,tensorrt,tensorrt,26.82,26.82,36.32,37.29,4.24,10.93,15.17,1406.29,46.2,0.0,1406.29,46.2,0.0,115.34,54.52,3.4,173.26,0.086,False,False
1780821722.775709,youtube_cumbria_flood_rescue_1dc5ca,youtube_cumbria_flood_rescue_1dc5ca.mp4,896,50.0,640,480,combined,detect_combined,Non-Flooded,resnet18,False,False,1,tensorrt,tensorrt,tensorrt,27.78,27.78,35.07,36.0,5.01,8.42,13.43,1406.29,36.8,0.0,1406.29,36.8,0.0,115.34,54.52,3.4,173.26,0.1724,False,False
1780821722.8491287,youtube_cumbria_flood_rescue_1dc5ca,youtube_cumbria_flood_rescue_1dc5ca.mp4,897,50.0,640,480,combined,detect_combined,Non-Flooded,resnet18,False,False,1,tensorrt,tensorrt,tensorrt,22.71,22.71,43.13,44.04,6.68,10.17,16.85,1406.29,38.3,0.0,1406.29,38.3,0.0,115.34,54.52,3.4,173.26,0.163,False,False
1780821722.9159586,youtube_cumbria_flood_rescue_1dc5ca,youtube_cumbria_flood_rescue_1dc5ca.mp4,898,50.0,640,480,combined,detect_combined,Non-Flooded,resnet18,False,False,1,tensorrt,tensorrt,tensorrt,25.85,25.85,37.49,38.68,4.97,13.28,18.25,1406.29,26.3,0.0,1406.29,26.3,0.0,115.34,54.52,3.4,173.26,0.1396,False,False
1780821722.9906235,youtube_cumbria_flood_rescue_1dc5ca,youtube_cumbria_flood_rescue_1dc5ca.mp4,899,50.0,640,480,combined,detect_combined,Flooded,deeplabv3plus,True,False,1,tensorrt,tensorrt,tensorrt,22.49,22.49,43.3,44.46,6.37,10.3,16.67,1406.29,31.8,0.0,1406.29,31.8,0.0,115.34,54.52,3.4,173.26,0.2366,False,False
1780821723.0755715,youtube_cumbria_flood_rescue_1dc5ca,youtube_cumbria_flood_rescue_1dc5ca.mp4,900,50.0,640,480,combined,detect_combined,Flooded,deeplabv3plus,False,False,1,tensorrt,tensorrt,tensorrt,19.16,19.16,51.21,52.2,5.43,18.86,24.29,1406.29,28.6,0.0,1406.29,28.6,0.0,115.34,54.52,3.4,173.26,0.2642,False,False
1780821723.1505613,youtube_cumbria_flood_rescue_1dc5ca,youtube_cumbria_flood_rescue_1dc5ca.mp4,901,50.0,640,480,combined,detect_combined,Flooded,deeplabv3plus,False,False,1,tensorrt,tensorrt,tensorrt,23.84,23.84,40.8,41.95,5.22,15.32,20.54,1406.28,29.5,0.0,1406.28,29.5,0.0,115.34,54.52,3.4,173.26,0.2189,False,False
1780821723.2459006,youtube_cumbria_flood_rescue_1dc5ca,youtube_cumbria_flood_rescue_1dc5ca.mp4,902,50.0,640,480,combined,detect_combined,Non-Flooded,resnet18,True,False,1,tensorrt,tensorrt,tensorrt,18.18,18.18,53.62,55.0,5.97,18.08,24.049999999999997,1406.28,36.2,0.0,1406.28,36.2,0.0,115.34,54.52,3.4,173.26,0.1658,False,False
1780821723.3469875,youtube_cumbria_flood_rescue_1dc5ca,youtube_cumbria_flood_rescue_1dc5ca.mp4,903,50.0,640,480,combined,detect_combined,Non-Flooded,resnet18,False,False,1,tensorrt,tensorrt,tensorrt,18.69,18.69,52.14,53.5,6.39,18.89,25.28,1406.28,28.1,0.0,1406.28,28.1,0.0,115.34,54.52,3.4,173.26,0.1783,False,False
1780821723.4590974,youtube_cumbria_flood_rescue_1dc5ca,youtube_cumbria_flood_rescue_1dc5ca.mp4,904,50.0,640,480,combined,detect_combined,Non-Flooded,resnet18,False,False,1,tensorrt,tensorrt,tensorrt,16.44,16.44,59.41,60.83,7.95,29.09,37.04,1406.28,36.9,0.0,1406.28,36.9,0.0,115.34,54.52,3.4,173.26,0.1872,False,False
1780821723.5511947,youtube_cumbria_flood_rescue_1dc5ca,youtube_cumbria_flood_rescue_1dc5ca.mp4,905,50.0,640,480,combined,detect_combined,Flooded,deeplabv3plus,True,False,1,tensorrt,tensorrt,tensorrt,19.75,19.75,49.19,50.63,7.75,21.19,28.94,1406.28,38.2,0.0,1406.28,38.2,0.0,115.34,54.52,3.4,173.26,0.2333,False,False
1780821723.6347818,youtube_cumbria_flood_rescue_1dc5ca,youtube_cumbria_flood_rescue_1dc5ca.mp4,906,50.0,640,480,combined,detect_combined,Flooded,deeplabv3plus,False,False,1,tensorrt,tensorrt,tensorrt,24.26,24.26,39.95,41.21,6.71,11.26,17.97,1406.28,50.0,0.0,1406.28,50.0,0.0,115.34,54.52,3.4,173.26,0.2614,False,False
1780821723.7210798,youtube_cumbria_flood_rescue_1dc5ca,youtube_cumbria_flood_rescue_1dc5ca.mp4,907,50.0,640,480,combined,detect_combined,Flooded,deeplabv3plus,False,False,1,tensorrt,tensorrt,tensorrt,20.05,20.05,48.53,49.89,6.43,12.65,19.08,1406.28,49.0,0.0,1406.28,49.0,0.0,115.34,54.52,3.4,173.26,0.22,False,False
1780821723.8098595,youtube_cumbria_flood_rescue_1dc5ca,youtube_cumbria_flood_rescue_1dc5ca.mp4,908,50.0,640,480,combined,detect_combined,Flooded,deeplabv3plus,False,False,1,tensorrt,tensorrt,tensorrt,18.98,18.98,51.71,52.69,6.94,20.66,27.6,1406.28,72.0,0.0,1406.28,72.0,0.0,115.34,54.52,3.4,173.26,0.2207,False,False
1780821723.875004,youtube_cumbria_flood_rescue_1dc5ca,youtube_cumbria_flood_rescue_1dc5ca.mp4,909,50.0,640,480,combined,detect_combined,Flooded,deeplabv3plus,False,False,1,tensorrt,tensorrt,tensorrt,28.19,28.19,34.65,35.48,4.48,12.38,16.86,1406.27,78.9,0.0,1406.27,78.9,0.0,115.34,54.52,3.4,173.26,0.2232,False,False
1780821723.9510133,youtube_cumbria_flood_rescue_1dc5ca,youtube_cumbria_flood_rescue_1dc5ca.mp4,910,50.0,640,480,combined,detect_combined,Flooded,deeplabv3plus,False,False,1,tensorrt,tensorrt,tensorrt,21.87,21.87,44.73,45.72,4.99,14.79,19.78,1406.27,44.4,0.0,1406.27,44.4,0.0,115.34,54.52,3.4,173.26,0.2306,False,False
1780821724.02971,youtube_cumbria_flood_rescue_1dc5ca,youtube_cumbria_flood_rescue_1dc5ca.mp4,911,50.0,640,480,combined,detect_combined,Flooded,deeplabv3plus,False,False,1,tensorrt,tensorrt,tensorrt,21.87,21.87,44.46,45.73,5.69,11.37,17.06,1406.27,28.9,0.0,1406.27,28.9,0.0,115.34,54.52,3.4,173.26,0.2379,False,False
1780821724.1297925,youtube_cumbria_flood_rescue_1dc5ca,youtube_cumbria_flood_rescue_1dc5ca.mp4,912,50.0,640,480,combined,detect_combined,Flooded,deeplabv3plus,False,False,1,tensorrt,tensorrt,tensorrt,19.15,19.15,51.08,52.22,8.14,18.37,26.51,1406.27,29.8,0.0,1406.27,29.8,0.0,115.34,54.52,3.4,173.26,0.2353,False,False
1780821724.2236204,youtube_cumbria_flood_rescue_1dc5ca,youtube_cumbria_flood_rescue_1dc5ca.mp4,913,50.0,640,480,combined,detect_combined,Non-Flooded,resnet18,True,False,1,tensorrt,tensorrt,tensorrt,21.64,21.64,44.69,46.21,5.57,17.21,22.78,1406.27,34.5,0.0,1406.27,34.5,0.0,115.34,54.52,3.4,173.26,0.1847,False,False
1780821724.3263702,youtube_cumbria_flood_rescue_1dc5ca,youtube_cumbria_flood_rescue_1dc5ca.mp4,914,50.0,640,480,combined,detect_combined,Flooded,deeplabv3plus,True,False,1,tensorrt,tensorrt,tensorrt,17.25,17.25,56.51,57.96,6.38,18.05,24.43,1406.27,32.8,0.0,1406.27,32.8,0.0,115.34,54.52,3.4,173.26,0.2114,False,False
1780821724.4160528,youtube_cumbria_flood_rescue_1dc5ca,youtube_cumbria_flood_rescue_1dc5ca.mp4,915,50.0,640,480,combined,detect_combined,Flooded,deeplabv3plus,False,False,1,tensorrt,tensorrt,tensorrt,23.55,23.55,41.1,42.47,5.69,13.91,19.6,1406.27,32.1,0.0,1406.27,32.1,0.0,115.34,54.52,3.4,173.26,0.2768,False,False
1780821724.5192683,youtube_cumbria_flood_rescue_1dc5ca,youtube_cumbria_flood_rescue_1dc5ca.mp4,916,50.0,640,480,combined,detect_combined,Flooded,deeplabv3plus,False,False,1,tensorrt,tensorrt,tensorrt,17.93,17.93,54.36,55.78,6.94,21.31,28.25,1406.27,38.1,0.0,1406.27,38.1,0.0,115.34,54.52,3.4,173.26,0.2978,False,False
1780821724.6121871,youtube_cumbria_flood_rescue_1dc5ca,youtube_cumbria_flood_rescue_1dc5ca.mp4,917,50.0,640,480,combined,detect_combined,Flooded,deeplabv3plus,False,False,1,tensorrt,tensorrt,tensorrt,19.95,19.95,48.78,50.13,6.6,15.4,22.0,1406.27,32.7,0.0,1406.27,32.7,0.0,115.34,54.52,3.4,173.26,0.2385,False,False
1780821724.710364,youtube_cumbria_flood_rescue_1dc5ca,youtube_cumbria_flood_rescue_1dc5ca.mp4,918,50.0,640,480,combined,detect_combined,Flooded,deeplabv3plus,False,False,1,tensorrt,tensorrt,tensorrt,18.25,18.25,53.44,54.78,6.83,17.4,24.229999999999997,1406.27,31.7,0.0,1406.27,31.7,0.0,115.34,54.52,3.4,173.26,0.2481,False,False
1780821724.8101075,youtube_cumbria_flood_rescue_1dc5ca,youtube_cumbria_flood_rescue_1dc5ca.mp4,919,50.0,640,480,combined,detect_combined,Flooded,deeplabv3plus,False,False,1,tensorrt,tensorrt,tensorrt,18.33,18.33,53.22,54.56,7.11,19.38,26.49,1406.27,32.2,0.0,1406.27,32.2,0.0,115.34,54.52,3.4,173.26,0.212,False,False
1780821724.9297638,youtube_cumbria_flood_rescue_1dc5ca,youtube_cumbria_flood_rescue_1dc5ca.mp4,920,50.0,640,480,combined,detect_combined,Flooded,deeplabv3plus,False,False,1,tensorrt,tensorrt,tensorrt,14.17,14.17,69.42,70.59,14.53,26.26,40.79,1406.27,43.1,0.0,1406.27,43.1,0.0,115.34,54.52,3.4,173.26,0.2258,False,False
1780821725.0275927,youtube_cumbria_flood_rescue_1dc5ca,youtube_cumbria_flood_rescue_1dc5ca.mp4,921,50.0,640,480,combined,detect_combined,Non-Flooded,resnet18,True,False,1,tensorrt,tensorrt,tensorrt,16.43,16.43,59.69,60.86,6.81,17.35,24.16,1406.27,46.4,0.0,1406.27,46.4,0.0,115.34,54.52,3.4,173.26,0.1829,False,False
1780821725.111361,youtube_cumbria_flood_rescue_1dc5ca,youtube_cumbria_flood_rescue_1dc5ca.mp4,922,50.0,640,480,combined,detect_combined,Flooded,deeplabv3plus,True,False,1,tensorrt,tensorrt,tensorrt,24.36,24.36,40.05,41.06,5.19,14.4,19.59,1406.27,49.0,0.0,1406.27,49.0,0.0,115.34,54.52,3.4,173.26,0.2001,False,False
1780821725.1941552,youtube_cumbria_flood_rescue_1dc5ca,youtube_cumbria_flood_rescue_1dc5ca.mp4,923,50.0,640,480,combined,detect_combined,Flooded,deeplabv3plus,False,False,1,tensorrt,tensorrt,tensorrt,20.46,20.46,47.68,48.87,6.54,17.3,23.84,1406.27,45.8,0.0,1406.27,45.8,0.0,115.34,54.52,3.4,173.26,0.2066,False,False
1780821725.2832623,youtube_cumbria_flood_rescue_1dc5ca,youtube_cumbria_flood_rescue_1dc5ca.mp4,924,50.0,640,480,combined,detect_combined,Flooded,deeplabv3plus,False,False,1,tensorrt,tensorrt,tensorrt,20.6,20.6,47.23,48.55,5.55,13.15,18.7,1406.27,45.1,0.0,1406.27,45.1,0.0,115.34,54.52,3.4,173.26,0.2485,False,False
1780821725.3782034,youtube_cumbria_flood_rescue_1dc5ca,youtube_cumbria_flood_rescue_1dc5ca.mp4,925,50.0,640,480,combined,detect_combined,Flooded,deeplabv3plus,False,False,1,tensorrt,tensorrt,tensorrt,17.52,17.52,55.85,57.08,4.79,18.32,23.11,1406.27,54.5,0.0,1406.27,54.5,0.0,115.34,54.52,3.4,173.26,0.2249,False,False
1780821725.463219,youtube_cumbria_flood_rescue_1dc5ca,youtube_cumbria_flood_rescue_1dc5ca.mp4,926,50.0,640,480,combined,detect_combined,Flooded,deeplabv3plus,False,False,1,tensorrt,tensorrt,tensorrt,19.75,19.75,49.19,50.63,5.25,17.79,23.04,1406.27,40.8,0.0,1406.27,40.8,0.0,115.34,54.52,3.4,173.26,0.2263,False,False
1780821725.5601747,youtube_cumbria_flood_rescue_1dc5ca,youtube_cumbria_flood_rescue_1dc5ca.mp4,927,50.0,640,480,combined,detect_combined,Non-Flooded,resnet18,True,False,1,tensorrt,tensorrt,tensorrt,17.5,17.5,55.38,57.16,7.23,18.75,25.98,1406.27,51.8,0.0,1406.27,51.8,0.0,115.34,54.52,3.4,173.26,0.164,False,False
1780821725.6198957,youtube_cumbria_flood_rescue_1dc5ca,youtube_cumbria_flood_rescue_1dc5ca.mp4,928,50.0,640,480,combined,detect_combined,Non-Flooded,resnet18,False,False,1,tensorrt,tensorrt,tensorrt,32.07,32.07,30.33,31.18,4.46,7.5,11.96,1406.27,54.3,0.0,1406.27,54.3,0.0,115.34,54.52,3.4,173.26,0.1331,False,False
1780821725.6964226,youtube_cumbria_flood_rescue_1dc5ca,youtube_cumbria_flood_rescue_1dc5ca.mp4,929,50.0,640,480,combined,detect_combined,Non-Flooded,resnet18,False,False,1,tensorrt,tensorrt,tensorrt,21.74,21.74,44.98,46.0,4.26,12.19,16.45,1406.27,48.9,0.0,1406.27,48.9,0.0,115.34,54.52,3.4,173.26,0.1663,False,False
1780821725.7585814,youtube_cumbria_flood_rescue_1dc5ca,youtube_cumbria_flood_rescue_1dc5ca.mp4,930,50.0,640,480,combined,detect_combined,Non-Flooded,resnet18,False,False,1,tensorrt,tensorrt,tensorrt,28.81,28.81,33.88,34.71,4.86,8.04,12.899999999999999,1406.26,41.7,0.0,1406.26,41.7,0.0,115.34,54.52,3.4,173.26,0.1911,False,False
1780821725.8265145,youtube_cumbria_flood_rescue_1dc5ca,youtube_cumbria_flood_rescue_1dc5ca.mp4,931,50.0,640,480,combined,detect_combined,Flooded,deeplabv3plus,True,False,1,tensorrt,tensorrt,tensorrt,23.19,23.19,42.01,43.13,4.71,9.46,14.170000000000002,1406.26,36.6,0.0,1406.26,36.6,0.0,115.34,54.52,3.4,173.26,0.207,False,False
1780821725.8998618,youtube_cumbria_flood_rescue_1dc5ca,youtube_cumbria_flood_rescue_1dc5ca.mp4,932,50.0,640,480,combined,detect_combined,Non-Flooded,resnet18,True,False,1,tensorrt,tensorrt,tensorrt,22.74,22.74,42.82,43.97,4.96,9.8,14.760000000000002,1406.26,28.6,0.0,1406.26,28.6,0.0,115.34,54.52,3.4,173.26,0.1575,False,False
1780821725.9738894,youtube_cumbria_flood_rescue_1dc5ca,youtube_cumbria_flood_rescue_1dc5ca.mp4,933,50.0,640,480,combined,detect_combined,Non-Flooded,resnet18,False,False,1,tensorrt,tensorrt,tensorrt,23.29,23.29,41.87,42.94,9.0,14.75,23.75,1406.26,48.8,0.0,1406.26,48.8,0.0,115.34,54.52,3.4,173.26,0.1828,False,False
1780821726.044816,youtube_cumbria_flood_rescue_1dc5ca,youtube_cumbria_flood_rescue_1dc5ca.mp4,934,50.0,640,480,combined,detect_combined,Flooded,deeplabv3plus,True,False,1,tensorrt,tensorrt,tensorrt,24.68,24.68,39.33,40.52,4.87,10.95,15.82,1406.26,35.7,0.0,1406.26,35.7,0.0,115.34,54.52,3.4,173.26,0.2026,False,False
1780821726.111123,youtube_cumbria_flood_rescue_1dc5ca,youtube_cumbria_flood_rescue_1dc5ca.mp4,935,50.0,640,480,combined,detect_combined,Flooded,deeplabv3plus,False,False,1,tensorrt,tensorrt,tensorrt,28.66,28.66,33.87,34.89,4.69,9.74,14.43,1406.26,34.2,0.0,1406.26,34.2,0.0,115.34,54.52,3.4,173.26,0.2153,False,False
1780821726.184431,youtube_cumbria_flood_rescue_1dc5ca,youtube_cumbria_flood_rescue_1dc5ca.mp4,936,50.0,640,480,combined,detect_combined,Flooded,deeplabv3plus,False,False,1,tensorrt,tensorrt,tensorrt,24.0,24.0,40.55,41.67,5.22,10.17,15.39,1406.26,36.2,0.0,1406.26,36.2,0.0,115.34,54.52,3.4,173.26,0.2594,False,False
1780821726.2613907,youtube_cumbria_flood_rescue_1dc5ca,youtube_cumbria_flood_rescue_1dc5ca.mp4,937,50.0,640,480,combined,detect_combined,Flooded,deeplabv3plus,False,False,1,tensorrt,tensorrt,tensorrt,23.93,23.93,40.61,41.78,5.84,10.59,16.43,1406.26,48.9,0.0,1406.26,48.9,0.0,115.34,54.52,3.4,173.26,0.2285,False,False
1780821726.349069,youtube_cumbria_flood_rescue_1dc5ca,youtube_cumbria_flood_rescue_1dc5ca.mp4,938,50.0,640,480,combined,detect_combined,Non-Flooded,resnet18,True,False,1,tensorrt,tensorrt,tensorrt,20.81,20.81,46.68,48.06,5.8,14.57,20.37,1406.25,55.8,0.0,1406.25,55.8,0.0,115.34,54.52,3.4,173.26,0.1849,False,False
1780821726.4360216,youtube_cumbria_flood_rescue_1dc5ca,youtube_cumbria_flood_rescue_1dc5ca.mp4,939,50.0,640,480,combined,detect_combined,Non-Flooded,resnet18,False,False,1,tensorrt,tensorrt,tensorrt,20.63,20.63,47.1,48.47,8.37,14.0,22.369999999999997,1406.25,46.9,0.0,1406.25,46.9,0.0,115.34,54.52,3.4,173.26,0.1902,False,False
1780821726.518479,youtube_cumbria_flood_rescue_1dc5ca,youtube_cumbria_flood_rescue_1dc5ca.mp4,940,50.0,640,480,combined,detect_combined,Non-Flooded,resnet18,False,False,1,tensorrt,tensorrt,tensorrt,25.14,25.14,38.91,39.78,6.11,11.33,17.44,1406.25,53.1,0.0,1406.25,53.1,0.0,115.34,54.52,3.4,173.26,0.1763,False,False
1780821726.5948029,youtube_cumbria_flood_rescue_1dc5ca,youtube_cumbria_flood_rescue_1dc5ca.mp4,941,50.0,640,480,combined,detect_combined,Flooded,deeplabv3plus,True,False,1,tensorrt,tensorrt,tensorrt,23.41,23.41,41.68,42.72,5.05,12.27,17.32,1406.25,46.5,0.0,1406.25,46.5,0.0,115.34,54.52,3.4,173.26,0.2332,False,False
1780821726.6777575,youtube_cumbria_flood_rescue_1dc5ca,youtube_cumbria_flood_rescue_1dc5ca.mp4,942,50.0,640,480,combined,detect_combined,Non-Flooded,resnet18,True,False,1,tensorrt,tensorrt,tensorrt,20.16,20.16,47.52,49.59,6.6,15.67,22.27,1406.25,52.8,0.0,1406.25,52.8,0.0,115.34,54.52,3.4,173.26,0.1704,False,False
1780821726.7512813,youtube_cumbria_flood_rescue_1dc5ca,youtube_cumbria_flood_rescue_1dc5ca.mp4,943,50.0,640,480,combined,detect_combined,Non-Flooded,resnet18,False,False,1,tensorrt,tensorrt,tensorrt,29.27,29.27,33.13,34.16,4.26,14.23,18.490000000000002,1406.25,48.8,0.0,1406.25,48.8,0.0,115.34,54.52,3.4,173.26,0.1918,False,False
1780821726.8261983,youtube_cumbria_flood_rescue_1dc5ca,youtube_cumbria_flood_rescue_1dc5ca.mp4,944,50.0,640,480,combined,detect_combined,Non-Flooded,resnet18,False,False,1,tensorrt,tensorrt,tensorrt,22.51,22.51,43.57,44.42,4.53,13.29,17.82,1406.25,43.2,0.0,1406.25,43.2,0.0,115.34,54.52,3.4,173.26,0.1185,False,False
1780821726.897444,youtube_cumbria_flood_rescue_1dc5ca,youtube_cumbria_flood_rescue_1dc5ca.mp4,945,50.0,640,480,combined,detect_combined,Non-Flooded,resnet18,False,False,1,tensorrt,tensorrt,tensorrt,24.08,24.08,40.67,41.54,7.07,10.79,17.86,1406.25,33.3,0.0,1406.25,33.3,0.0,115.34,54.52,3.4,173.26,0.153,False,False
1780821726.9751608,youtube_cumbria_flood_rescue_1dc5ca,youtube_cumbria_flood_rescue_1dc5ca.mp4,946,50.0,640,480,combined,detect_combined,Non-Flooded,resnet18,False,False,1,tensorrt,tensorrt,tensorrt,22.55,22.55,43.25,44.34,5.38,14.48,19.86,1406.25,34.0,0.0,1406.25,34.0,0.0,115.34,54.52,3.4,173.26,0.1916,False,False
1780821727.0468724,youtube_cumbria_flood_rescue_1dc5ca,youtube_cumbria_flood_rescue_1dc5ca.mp4,947,50.0,640,480,combined,detect_combined,Non-Flooded,resnet18,False,False,1,tensorrt,tensorrt,tensorrt,26.97,26.97,36.17,37.08,5.5,9.07,14.57,1406.25,38.6,0.0,1406.25,38.6,0.0,115.34,54.52,3.4,173.26,0.1929,False,False
1780821727.131296,youtube_cumbria_flood_rescue_1dc5ca,youtube_cumbria_flood_rescue_1dc5ca.mp4,948,50.0,640,480,combined,detect_combined,Flooded,deeplabv3plus,True,False,1,tensorrt,tensorrt,tensorrt,21.14,21.14,46.01,47.31,5.33,12.25,17.58,1406.25,47.1,0.0,1406.25,47.1,0.0,115.34,54.52,3.4,173.26,0.286,False,False
1780821727.2064748,youtube_cumbria_flood_rescue_1dc5ca,youtube_cumbria_flood_rescue_1dc5ca.mp4,949,50.0,640,480,combined,detect_combined,Non-Flooded,resnet18,True,False,1,tensorrt,tensorrt,tensorrt,25.52,25.52,38.08,39.18,4.24,9.83,14.07,1406.25,40.9,0.0,1406.25,40.9,0.0,115.34,54.52,3.4,173.26,0.1845,False,False
1780821727.2880676,youtube_cumbria_flood_rescue_1dc5ca,youtube_cumbria_flood_rescue_1dc5ca.mp4,950,50.0,640,480,combined,detect_combined,Flooded,deeplabv3plus,True,False,1,tensorrt,tensorrt,tensorrt,21.49,21.49,45.14,46.53,6.91,12.92,19.83,1406.25,48.0,0.0,1406.25,48.0,0.0,115.34,54.52,3.4,173.26,0.242,False,False
1780821727.3695717,youtube_cumbria_flood_rescue_1dc5ca,youtube_cumbria_flood_rescue_1dc5ca.mp4,951,50.0,640,480,combined,detect_combined,Flooded,deeplabv3plus,False,False,1,tensorrt,tensorrt,tensorrt,22.15,22.15,43.49,45.16,5.79,11.95,17.74,1406.25,46.9,0.0,1406.25,46.9,0.0,115.34,54.52,3.4,173.26,0.3114,False,False
1780821727.4441266,youtube_cumbria_flood_rescue_1dc5ca,youtube_cumbria_flood_rescue_1dc5ca.mp4,952,50.0,640,480,combined,detect_combined,Flooded,deeplabv3plus,False,False,1,tensorrt,tensorrt,tensorrt,23.01,23.01,42.34,43.45,6.26,10.22,16.48,1406.25,40.0,0.0,1406.25,40.0,0.0,115.34,54.52,3.4,173.26,0.2529,False,False
1780821727.52731,youtube_cumbria_flood_rescue_1dc5ca,youtube_cumbria_flood_rescue_1dc5ca.mp4,953,50.0,640,480,combined,detect_combined,Flooded,deeplabv3plus,False,False,1,tensorrt,tensorrt,tensorrt,22.61,22.61,43.4,44.24,7.69,14.74,22.43,1406.25,40.8,0.0,1406.25,40.8,0.0,115.34,54.52,3.4,173.26,0.3283,False,False
1780821727.6003253,youtube_cumbria_flood_rescue_1dc5ca,youtube_cumbria_flood_rescue_1dc5ca.mp4,954,50.0,640,480,combined,detect_combined,Flooded,deeplabv3plus,False,False,1,tensorrt,tensorrt,tensorrt,25.27,25.27,38.64,39.57,4.53,8.93,13.46,1406.25,47.6,0.0,1406.25,47.6,0.0,115.34,54.52,3.4,173.26,0.2926,False,False
1780821727.6717606,youtube_cumbria_flood_rescue_1dc5ca,youtube_cumbria_flood_rescue_1dc5ca.mp4,955,50.0,640,480,combined,detect_combined,Flooded,deeplabv3plus,False,False,1,tensorrt,tensorrt,tensorrt,27.14,27.14,35.66,36.85,6.62,8.43,15.05,1406.25,51.3,0.0,1406.25,51.3,0.0,115.34,54.52,3.4,173.26,0.2401,False,False
1780821727.74966,youtube_cumbria_flood_rescue_1dc5ca,youtube_cumbria_flood_rescue_1dc5ca.mp4,956,50.0,640,480,combined,detect_combined,Non-Flooded,resnet18,True,False,1,tensorrt,tensorrt,tensorrt,21.62,21.62,44.99,46.25,8.18,10.52,18.7,1406.25,57.8,0.0,1406.25,57.8,0.0,115.34,54.52,3.4,173.26,0.1806,False,False
1780821727.8114865,youtube_cumbria_flood_rescue_1dc5ca,youtube_cumbria_flood_rescue_1dc5ca.mp4,957,50.0,640,480,combined,detect_combined,Non-Flooded,resnet18,False,False,1,tensorrt,tensorrt,tensorrt,30.39,30.39,32.02,32.91,3.86,12.36,16.22,1406.25,63.2,0.0,1406.25,63.2,0.0,115.34,54.52,3.4,173.26,0.1786,False,False
1780821727.8807309,youtube_cumbria_flood_rescue_1dc5ca,youtube_cumbria_flood_rescue_1dc5ca.mp4,958,50.0,640,480,combined,detect_combined,Non-Flooded,resnet18,False,False,1,tensorrt,tensorrt,tensorrt,24.43,24.43,39.82,40.93,4.43,9.11,13.54,1406.25,57.1,0.0,1406.25,57.1,0.0,115.34,54.52,3.4,173.26,0.1804,False,False
1780821727.9558647,youtube_cumbria_flood_rescue_1dc5ca,youtube_cumbria_flood_rescue_1dc5ca.mp4,959,50.0,640,480,combined,detect_combined,Non-Flooded,resnet18,False,False,1,tensorrt,tensorrt,tensorrt,23.05,23.05,42.03,43.39,5.71,10.14,15.850000000000001,1406.24,59.1,0.0,1406.24,59.1,0.0,115.34,54.52,3.4,173.26,0.1656,False,False
1780821728.0252597,youtube_cumbria_flood_rescue_1dc5ca,youtube_cumbria_flood_rescue_1dc5ca.mp4,960,50.0,640,480,combined,detect_combined,Non-Flooded,resnet18,False,False,1,tensorrt,tensorrt,tensorrt,25.41,25.41,37.88,39.36,5.9,7.92,13.82,1406.24,46.3,0.0,1406.24,46.3,0.0,115.34,54.52,3.4,173.26,0.069,False,False
1780821728.0988023,youtube_cumbria_flood_rescue_1dc5ca,youtube_cumbria_flood_rescue_1dc5ca.mp4,961,50.0,640,480,combined,detect_combined,Non-Flooded,resnet18,False,False,1,tensorrt,tensorrt,tensorrt,23.51,23.51,41.61,42.53,5.0,13.88,18.880000000000003,1406.24,39.5,0.0,1406.24,39.5,0.0,115.34,54.52,3.4,173.26,0.0406,False,False
1780821728.1654353,youtube_cumbria_flood_rescue_1dc5ca,youtube_cumbria_flood_rescue_1dc5ca.mp4,962,50.0,640,480,combined,detect_combined,Non-Flooded,resnet18,False,False,1,tensorrt,tensorrt,tensorrt,26.38,26.38,36.82,37.9,4.75,9.28,14.03,1406.24,40.0,0.0,1406.24,40.0,0.0,115.34,54.52,3.4,173.26,0.0682,False,False
1780821728.2362163,youtube_cumbria_flood_rescue_1dc5ca,youtube_cumbria_flood_rescue_1dc5ca.mp4,963,50.0,640,480,combined,detect_combined,Non-Flooded,resnet18,False,False,1,tensorrt,tensorrt,tensorrt,24.07,24.07,40.38,41.55,4.54,15.9,20.44,1406.24,28.6,0.0,1406.24,28.6,0.0,115.34,54.52,3.4,173.26,0.059,False,False
1780821728.308317,youtube_cumbria_flood_rescue_1dc5ca,youtube_cumbria_flood_rescue_1dc5ca.mp4,964,50.0,640,480,combined,detect_combined,Non-Flooded,resnet18,False,False,1,tensorrt,tensorrt,tensorrt,23.59,23.59,41.2,42.39,7.45,10.61,18.06,1406.24,32.6,0.0,1406.24,32.6,0.0,115.34,54.52,3.4,173.26,0.0334,False,False
1780821728.3833568,youtube_cumbria_flood_rescue_1dc5ca,youtube_cumbria_flood_rescue_1dc5ca.mp4,965,50.0,640,480,combined,detect_combined,Non-Flooded,resnet18,False,False,1,tensorrt,tensorrt,tensorrt,22.99,22.99,42.44,43.51,6.35,15.93,22.28,1406.24,34.8,0.0,1406.24,34.8,0.0,115.34,54.52,3.4,173.26,0.0908,False,False
1780821728.4692235,youtube_cumbria_flood_rescue_1dc5ca,youtube_cumbria_flood_rescue_1dc5ca.mp4,966,50.0,640,480,combined,detect_combined,Flooded,deeplabv3plus,True,False,1,tensorrt,tensorrt,tensorrt,22.3,22.3,43.3,44.85,6.09,21.74,27.83,1406.23,41.8,0.0,1406.23,41.8,0.0,115.34,54.52,3.4,173.26,0.2194,False,False
1780821728.547324,youtube_cumbria_flood_rescue_1dc5ca,youtube_cumbria_flood_rescue_1dc5ca.mp4,967,50.0,640,480,combined,detect_combined,Non-Flooded,resnet18,True,False,1,tensorrt,tensorrt,tensorrt,29.36,29.36,33.01,34.06,4.77,12.19,16.96,1406.23,40.9,0.0,1406.23,40.9,0.0,115.34,54.52,3.4,173.26,0.1332,False,False
1780821728.6267223,youtube_cumbria_flood_rescue_1dc5ca,youtube_cumbria_flood_rescue_1dc5ca.mp4,968,50.0,640,480,combined,detect_combined,Non-Flooded,resnet18,False,False,1,tensorrt,tensorrt,tensorrt,22.81,22.81,42.89,43.84,5.25,16.44,21.69,1406.23,44.4,0.0,1406.23,44.4,0.0,115.34,54.52,3.4,173.26,0.181,False,False
1780821728.7006383,youtube_cumbria_flood_rescue_1dc5ca,youtube_cumbria_flood_rescue_1dc5ca.mp4,969,50.0,640,480,combined,detect_combined,Non-Flooded,resnet18,False,False,1,tensorrt,tensorrt,tensorrt,22.75,22.75,42.79,43.96,4.58,10.11,14.69,1406.23,50.0,0.0,1406.23,50.0,0.0,115.34,54.52,3.4,173.26,0.1827,False,False
1780821728.761594,youtube_cumbria_flood_rescue_1dc5ca,youtube_cumbria_flood_rescue_1dc5ca.mp4,970,50.0,640,480,combined,detect_combined,Non-Flooded,resnet18,False,False,1,tensorrt,tensorrt,tensorrt,31.37,31.37,30.91,31.88,4.93,8.01,12.94,1406.23,47.1,0.0,1406.23,47.1,0.0,115.34,54.52,3.4,173.26,0.1955,False,False
1780821728.8289669,youtube_cumbria_flood_rescue_1dc5ca,youtube_cumbria_flood_rescue_1dc5ca.mp4,971,50.0,640,480,combined,detect_combined,Non-Flooded,resnet18,False,False,1,tensorrt,tensorrt,tensorrt,25.32,25.32,38.41,39.5,4.49,8.4,12.89,1406.23,42.1,0.0,1406.23,42.1,0.0,115.34,54.52,3.4,173.26,0.1756,False,False
1780821728.9035916,youtube_cumbria_flood_rescue_1dc5ca,youtube_cumbria_flood_rescue_1dc5ca.mp4,972,50.0,640,480,combined,detect_combined,Non-Flooded,resnet18,False,False,1,tensorrt,tensorrt,tensorrt,23.28,23.28,41.91,42.96,8.29,8.95,17.24,1406.23,45.5,0.0,1406.23,45.5,0.0,115.34,54.52,3.4,173.26,0.1098,False,False
1780821728.9733546,youtube_cumbria_flood_rescue_1dc5ca,youtube_cumbria_flood_rescue_1dc5ca.mp4,973,50.0,640,480,combined,detect_combined,Flooded,deeplabv3plus,True,False,1,tensorrt,tensorrt,tensorrt,28.87,28.87,33.63,34.64,4.04,11.44,15.48,1406.23,60.5,0.0,1406.23,60.5,0.0,115.34,54.52,3.4,173.26,0.2139,False,False
1780821729.0544612,youtube_cumbria_flood_rescue_1dc5ca,youtube_cumbria_flood_rescue_1dc5ca.mp4,974,50.0,640,480,combined,detect_combined,Flooded,deeplabv3plus,False,False,1,tensorrt,tensorrt,tensorrt,23.04,23.04,42.46,43.41,5.39,14.19,19.58,1406.23,58.3,0.0,1406.23,58.3,0.0,115.34,54.52,3.4,173.26,0.2213,False,False
1780821729.1228282,youtube_cumbria_flood_rescue_1dc5ca,youtube_cumbria_flood_rescue_1dc5ca.mp4,975,50.0,640,480,combined,detect_combined,Non-Flooded,resnet18,True,False,1,tensorrt,tensorrt,tensorrt,23.93,23.93,40.35,41.8,6.04,8.89,14.93,1406.23,60.5,0.0,1406.23,60.5,0.0,115.34,54.52,3.4,173.26,0.1743,False,False
1780821729.1900728,youtube_cumbria_flood_rescue_1dc5ca,youtube_cumbria_flood_rescue_1dc5ca.mp4,976,50.0,640,480,combined,detect_combined,Flooded,deeplabv3plus,True,False,1,tensorrt,tensorrt,tensorrt,26.03,26.03,37.34,38.42,4.58,7.86,12.440000000000001,1406.23,57.5,0.0,1406.23,57.5,0.0,115.34,54.52,3.4,173.26,0.2059,False,False
1780821729.2601063,youtube_cumbria_flood_rescue_1dc5ca,youtube_cumbria_flood_rescue_1dc5ca.mp4,977,50.0,640,480,combined,detect_combined,Non-Flooded,resnet18,True,False,1,tensorrt,tensorrt,tensorrt,24.72,24.72,39.37,40.46,4.5,12.26,16.759999999999998,1406.23,57.1,0.0,1406.23,57.1,0.0,115.34,54.52,3.4,173.26,0.1277,False,False
1780821729.3367507,youtube_cumbria_flood_rescue_1dc5ca,youtube_cumbria_flood_rescue_1dc5ca.mp4,978,50.0,640,480,combined,detect_combined,Flooded,deeplabv3plus,True,False,1,tensorrt,tensorrt,tensorrt,22.87,22.87,42.48,43.72,10.22,13.25,23.47,1406.22,57.1,0.0,1406.22,57.1,0.0,115.34,54.52,3.4,173.26,0.2557,False,False
1780821729.416972,youtube_cumbria_flood_rescue_1dc5ca,youtube_cumbria_flood_rescue_1dc5ca.mp4,979,50.0,640,480,combined,detect_combined,Flooded,deeplabv3plus,False,False,1,tensorrt,tensorrt,tensorrt,25.43,25.43,38.12,39.33,5.15,13.06,18.21,1406.22,33.3,0.0,1406.22,33.3,0.0,115.34,54.52,3.4,173.26,0.2733,False,False
1780821729.5081232,youtube_cumbria_flood_rescue_1dc5ca,youtube_cumbria_flood_rescue_1dc5ca.mp4,980,50.0,640,480,combined,detect_combined,Flooded,deeplabv3plus,False,False,1,tensorrt,tensorrt,tensorrt,22.87,22.87,42.38,43.73,9.68,14.7,24.38,1406.22,36.4,0.0,1406.22,36.4,0.0,115.34,54.52,3.4,173.26,0.2556,False,False
1780821729.5930915,youtube_cumbria_flood_rescue_1dc5ca,youtube_cumbria_flood_rescue_1dc5ca.mp4,981,50.0,640,480,combined,detect_combined,Flooded,deeplabv3plus,False,False,1,tensorrt,tensorrt,tensorrt,21.32,21.32,45.7,46.9,5.89,12.25,18.14,1406.22,42.9,0.0,1406.22,42.9,0.0,115.34,54.52,3.4,173.26,0.2477,False,False
1780821729.6762667,youtube_cumbria_flood_rescue_1dc5ca,youtube_cumbria_flood_rescue_1dc5ca.mp4,982,50.0,640,480,combined,detect_combined,Flooded,deeplabv3plus,False,False,1,tensorrt,tensorrt,tensorrt,20.64,20.64,47.1,48.44,6.85,11.72,18.57,1406.22,50.0,0.0,1406.22,50.0,0.0,115.34,54.52,3.4,173.26,0.2774,False,False
1780821729.7642252,youtube_cumbria_flood_rescue_1dc5ca,youtube_cumbria_flood_rescue_1dc5ca.mp4,983,50.0,640,480,combined,detect_combined,Flooded,deeplabv3plus,False,False,1,tensorrt,tensorrt,tensorrt,19.21,19.21,50.65,52.06,6.61,13.03,19.64,1406.22,44.9,0.0,1406.22,44.9,0.0,115.34,54.52,3.4,173.26,0.2555,False,False
1780821729.8585236,youtube_cumbria_flood_rescue_1dc5ca,youtube_cumbria_flood_rescue_1dc5ca.mp4,984,50.0,640,480,combined,detect_combined,Flooded,deeplabv3plus,False,False,1,tensorrt,tensorrt,tensorrt,20.23,20.23,48.1,49.44,5.98,16.05,22.03,1406.22,40.7,0.0,1406.22,40.7,0.0,115.34,54.52,3.4,173.26,0.2788,False,False
1780821729.9427202,youtube_cumbria_flood_rescue_1dc5ca,youtube_cumbria_flood_rescue_1dc5ca.mp4,985,50.0,640,480,combined,detect_combined,Flooded,deeplabv3plus,False,False,1,tensorrt,tensorrt,tensorrt,23.95,23.95,40.78,41.75,5.31,12.99,18.3,1406.22,39.6,0.0,1406.22,39.6,0.0,115.34,54.52,3.4,173.26,0.3109,False,False
1780821730.0152647,youtube_cumbria_flood_rescue_1dc5ca,youtube_cumbria_flood_rescue_1dc5ca.mp4,986,50.0,640,480,combined,detect_combined,Flooded,deeplabv3plus,False,False,1,tensorrt,tensorrt,tensorrt,23.21,23.21,42.09,43.09,4.26,11.74,16.0,1406.22,42.9,0.0,1406.22,42.9,0.0,115.34,54.52,3.4,173.26,0.2498,False,False
1780821730.0871563,youtube_cumbria_flood_rescue_1dc5ca,youtube_cumbria_flood_rescue_1dc5ca.mp4,987,50.0,640,480,combined,detect_combined,Flooded,deeplabv3plus,False,False,1,tensorrt,tensorrt,tensorrt,21.8,21.8,44.98,45.88,5.68,9.93,15.61,1406.22,41.5,0.0,1406.22,41.5,0.0,115.34,54.52,3.4,173.26,0.3608,False,False
1780821730.1604104,youtube_cumbria_flood_rescue_1dc5ca,youtube_cumbria_flood_rescue_1dc5ca.mp4,988,50.0,640,480,combined,detect_combined,Flooded,deeplabv3plus,False,False,1,tensorrt,tensorrt,tensorrt,23.54,23.54,41.3,42.48,4.68,10.65,15.33,1406.22,28.6,0.0,1406.22,28.6,0.0,115.34,54.52,3.4,173.26,0.4098,False,False
1780821730.2418962,youtube_cumbria_flood_rescue_1dc5ca,youtube_cumbria_flood_rescue_1dc5ca.mp4,989,50.0,640,480,combined,detect_combined,Flooded,deeplabv3plus,False,False,1,tensorrt,tensorrt,tensorrt,23.25,23.25,41.91,43.01,6.22,13.8,20.02,1406.47,43.5,0.0,1406.47,43.5,0.0,115.34,54.52,3.4,173.26,0.2993,False,False
1780821730.3225844,youtube_cumbria_flood_rescue_1dc5ca,youtube_cumbria_flood_rescue_1dc5ca.mp4,990,50.0,640,480,combined,detect_combined,Flooded,deeplabv3plus,False,False,1,tensorrt,tensorrt,tensorrt,21.58,21.58,45.15,46.33,5.21,12.95,18.16,1406.47,54.3,0.0,1406.47,54.3,0.0,115.34,54.52,3.4,173.26,0.3466,False,False
1780821730.3929589,youtube_cumbria_flood_rescue_1dc5ca,youtube_cumbria_flood_rescue_1dc5ca.mp4,991,50.0,640,480,combined,detect_combined,Flooded,deeplabv3plus,False,False,1,tensorrt,tensorrt,tensorrt,26.05,26.05,37.38,38.39,4.61,12.28,16.89,1406.47,68.2,0.0,1406.47,68.2,0.0,115.34,54.52,3.4,173.26,0.3151,False,False
1780821730.4677207,youtube_cumbria_flood_rescue_1dc5ca,youtube_cumbria_flood_rescue_1dc5ca.mp4,992,50.0,640,480,combined,detect_combined,Flooded,deeplabv3plus,False,False,1,tensorrt,tensorrt,tensorrt,23.38,23.38,41.61,42.76,4.85,11.42,16.27,1406.46,60.5,0.0,1406.46,60.5,0.0,115.34,54.52,3.4,173.26,0.3105,False,False
1780821730.5426598,youtube_cumbria_flood_rescue_1dc5ca,youtube_cumbria_flood_rescue_1dc5ca.mp4,993,50.0,640,480,combined,detect_combined,Flooded,deeplabv3plus,False,False,1,tensorrt,tensorrt,tensorrt,21.85,21.85,44.8,45.78,5.04,14.49,19.53,1406.46,60.5,0.0,1406.46,60.5,0.0,115.34,54.52,3.4,173.26,0.3169,False,False
1780821730.6161761,youtube_cumbria_flood_rescue_1dc5ca,youtube_cumbria_flood_rescue_1dc5ca.mp4,994,50.0,640,480,combined,detect_combined,Flooded,deeplabv3plus,False,False,1,tensorrt,tensorrt,tensorrt,23.48,23.48,41.55,42.59,5.11,10.97,16.080000000000002,1406.46,59.1,0.0,1406.46,59.1,0.0,115.34,54.52,3.4,173.26,0.3501,False,False
1780821730.6853971,youtube_cumbria_flood_rescue_1dc5ca,youtube_cumbria_flood_rescue_1dc5ca.mp4,995,50.0,640,480,combined,detect_combined,Flooded,deeplabv3plus,False,False,1,tensorrt,tensorrt,tensorrt,27.66,27.66,35.16,36.15,5.02,11.05,16.07,1406.46,45.0,0.0,1406.46,45.0,0.0,115.34,54.52,3.4,173.26,0.3072,False,False
1780821730.7641726,youtube_cumbria_flood_rescue_1dc5ca,youtube_cumbria_flood_rescue_1dc5ca.mp4,996,50.0,640,480,combined,detect_combined,Flooded,deeplabv3plus,False,False,1,tensorrt,tensorrt,tensorrt,25.72,25.72,37.76,38.88,4.14,9.04,13.18,1406.46,39.5,0.0,1406.46,39.5,0.0,115.34,54.52,3.4,173.26,0.275,False,False
1780821730.8513198,youtube_cumbria_flood_rescue_1dc5ca,youtube_cumbria_flood_rescue_1dc5ca.mp4,997,50.0,640,480,combined,detect_combined,Flooded,deeplabv3plus,False,False,1,tensorrt,tensorrt,tensorrt,21.45,21.45,45.24,46.62,5.58,15.44,21.02,1406.46,36.5,0.0,1406.46,36.5,0.0,115.34,54.52,3.4,173.26,0.2692,False,False
1780821730.9620602,youtube_cumbria_flood_rescue_1dc5ca,youtube_cumbria_flood_rescue_1dc5ca.mp4,998,50.0,640,480,combined,detect_combined,Flooded,deeplabv3plus,False,False,1,tensorrt,tensorrt,tensorrt,14.23,14.23,68.92,70.27,9.22,15.23,24.450000000000003,1406.46,44.6,0.0,1406.46,44.6,0.0,115.34,54.52,3.4,173.26,0.2211,False,False
1780821731.0391004,youtube_cumbria_flood_rescue_1dc5ca,youtube_cumbria_flood_rescue_1dc5ca.mp4,999,50.0,640,480,combined,detect_combined,Flooded,deeplabv3plus,False,False,1,tensorrt,tensorrt,tensorrt,25.33,25.33,38.32,39.48,8.62,15.67,24.29,1406.46,38.1,0.0,1406.46,38.1,0.0,115.34,54.52,3.4,173.26,0.2649,False,False
1780821731.115971,youtube_cumbria_flood_rescue_1dc5ca,youtube_cumbria_flood_rescue_1dc5ca.mp4,1000,50.0,640,480,combined,detect_combined,Flooded,deeplabv3plus,False,False,1,tensorrt,tensorrt,tensorrt,23.45,23.45,41.38,42.65,5.37,10.96,16.330000000000002,1406.46,39.1,0.0,1406.46,39.1,0.0,115.34,54.52,3.4,173.26,0.2973,False,False
1780821731.1986787,youtube_cumbria_flood_rescue_1dc5ca,youtube_cumbria_flood_rescue_1dc5ca.mp4,1001,50.0,640,480,combined,detect_combined,Flooded,deeplabv3plus,False,False,1,tensorrt,tensorrt,tensorrt,23.04,23.04,42.09,43.41,5.6,11.75,17.35,1406.46,33.3,0.0,1406.46,33.3,0.0,115.34,54.52,3.4,173.26,0.3321,False,False
1780821731.2876842,youtube_cumbria_flood_rescue_1dc5ca,youtube_cumbria_flood_rescue_1dc5ca.mp4,1002,50.0,640,480,combined,detect_combined,Flooded,deeplabv3plus,False,False,1,tensorrt,tensorrt,tensorrt,25.27,25.27,38.26,39.57,6.93,15.58,22.509999999999998,1406.46,35.8,0.0,1406.46,35.8,0.0,115.34,54.52,3.4,173.26,0.3264,False,False
1780821731.3648467,youtube_cumbria_flood_rescue_1dc5ca,youtube_cumbria_flood_rescue_1dc5ca.mp4,1003,50.0,640,480,combined,detect_combined,Flooded,deeplabv3plus,False,False,1,tensorrt,tensorrt,tensorrt,23.35,23.35,41.97,42.83,6.2,12.27,18.47,1406.46,27.9,0.0,1406.46,27.9,0.0,115.34,54.52,3.4,173.26,0.3111,False,False
1780821731.4469109,youtube_cumbria_flood_rescue_1dc5ca,youtube_cumbria_flood_rescue_1dc5ca.mp4,1004,50.0,640,480,combined,detect_combined,Flooded,deeplabv3plus,False,False,1,tensorrt,tensorrt,tensorrt,23.23,23.23,41.82,43.05,6.02,18.28,24.3,1406.46,32.0,0.0,1406.46,32.0,0.0,115.34,54.52,3.4,173.26,0.2779,False,False
1780821731.5288236,youtube_cumbria_flood_rescue_1dc5ca,youtube_cumbria_flood_rescue_1dc5ca.mp4,1005,50.0,640,480,combined,detect_combined,Flooded,deeplabv3plus,False,False,1,tensorrt,tensorrt,tensorrt,20.86,20.86,46.78,47.95,5.87,18.87,24.740000000000002,1406.46,45.8,0.0,1406.46,45.8,0.0,115.34,54.52,3.4,173.26,0.2974,False,False
1780821731.6136239,youtube_cumbria_flood_rescue_1dc5ca,youtube_cumbria_flood_rescue_1dc5ca.mp4,1006,50.0,640,480,combined,detect_combined,Flooded,deeplabv3plus,False,False,1,tensorrt,tensorrt,tensorrt,19.88,19.88,49.18,50.3,6.35,15.58,21.93,1406.46,53.8,0.0,1406.46,53.8,0.0,115.34,54.52,3.4,173.26,0.3523,False,False
1780821731.6948216,youtube_cumbria_flood_rescue_1dc5ca,youtube_cumbria_flood_rescue_1dc5ca.mp4,1007,50.0,640,480,combined,detect_combined,Flooded,deeplabv3plus,False,False,1,tensorrt,tensorrt,tensorrt,20.65,20.65,46.73,48.42,7.43,12.48,19.91,1406.46,47.9,0.0,1406.46,47.9,0.0,115.34,54.52,3.4,173.26,0.311,False,False
1780821731.7706988,youtube_cumbria_flood_rescue_1dc5ca,youtube_cumbria_flood_rescue_1dc5ca.mp4,1008,50.0,640,480,combined,detect_combined,Flooded,deeplabv3plus,False,False,1,tensorrt,tensorrt,tensorrt,21.59,21.59,45.43,46.31,7.31,14.47,21.78,1406.46,52.2,0.0,1406.46,52.2,0.0,115.34,54.52,3.4,173.26,0.3112,False,False
1780821731.8338144,youtube_cumbria_flood_rescue_1dc5ca,youtube_cumbria_flood_rescue_1dc5ca.mp4,1009,50.0,640,480,combined,detect_combined,Flooded,deeplabv3plus,False,False,1,tensorrt,tensorrt,tensorrt,27.6,27.6,34.99,36.24,4.88,8.12,13.0,1406.46,55.3,0.0,1406.46,55.3,0.0,115.34,54.52,3.4,173.26,0.2664,False,False
1780821731.9070282,youtube_cumbria_flood_rescue_1dc5ca,youtube_cumbria_flood_rescue_1dc5ca.mp4,1010,50.0,640,480,combined,detect_combined,Flooded,deeplabv3plus,False,False,1,tensorrt,tensorrt,tensorrt,23.55,23.55,41.47,42.47,5.77,8.93,14.7,1406.46,48.8,0.0,1406.46,48.8,0.0,115.34,54.52,3.4,173.26,0.3327,False,False
1780821731.9891653,youtube_cumbria_flood_rescue_1dc5ca,youtube_cumbria_flood_rescue_1dc5ca.mp4,1011,50.0,640,480,combined,detect_combined,Flooded,deeplabv3plus,False,False,1,tensorrt,tensorrt,tensorrt,19.27,19.27,50.81,51.9,4.72,19.88,24.599999999999998,1406.45,32.0,0.0,1406.45,32.0,0.0,115.34,54.52,3.4,173.26,0.3481,False,False
1780821732.076319,youtube_cumbria_flood_rescue_1dc5ca,youtube_cumbria_flood_rescue_1dc5ca.mp4,1012,50.0,640,480,combined,detect_combined,Flooded,deeplabv3plus,False,False,1,tensorrt,tensorrt,tensorrt,18.44,18.44,53.2,54.22,7.81,16.39,24.2,1406.45,38.9,0.0,1406.45,38.9,0.0,115.34,54.52,3.4,173.26,0.2813,False,False
1780821732.13588,youtube_cumbria_flood_rescue_1dc5ca,youtube_cumbria_flood_rescue_1dc5ca.mp4,1013,50.0,640,480,combined,detect_combined,Flooded,deeplabv3plus,False,False,1,tensorrt,tensorrt,tensorrt,33.11,33.11,29.22,30.2,4.09,8.77,12.86,1406.45,32.4,0.0,1406.45,32.4,0.0,115.34,54.52,3.4,173.26,0.3038,False,False
1780821732.2045093,youtube_cumbria_flood_rescue_1dc5ca,youtube_cumbria_flood_rescue_1dc5ca.mp4,1014,50.0,640,480,combined,detect_combined,Flooded,deeplabv3plus,False,False,1,tensorrt,tensorrt,tensorrt,24.97,24.97,38.86,40.05,5.05,9.78,14.829999999999998,1406.45,32.5,0.0,1406.45,32.5,0.0,115.34,54.52,3.4,173.26,0.3166,False,False
1780821732.2811346,youtube_cumbria_flood_rescue_1dc5ca,youtube_cumbria_flood_rescue_1dc5ca.mp4,1015,50.0,640,480,combined,detect_combined,Flooded,deeplabv3plus,False,False,1,tensorrt,tensorrt,tensorrt,22.41,22.41,43.81,44.62,5.72,12.5,18.22,1406.45,38.6,0.0,1406.45,38.6,0.0,115.34,54.52,3.4,173.26,0.3022,False,False
1780821732.3611975,youtube_cumbria_flood_rescue_1dc5ca,youtube_cumbria_flood_rescue_1dc5ca.mp4,1016,50.0,640,480,combined,detect_combined,Flooded,deeplabv3plus,False,False,1,tensorrt,tensorrt,tensorrt,19.22,19.22,50.7,52.03,5.74,15.41,21.15,1406.45,41.9,0.0,1406.45,41.9,0.0,115.34,54.52,3.4,173.26,0.2936,False,False
1780821732.4346466,youtube_cumbria_flood_rescue_1dc5ca,youtube_cumbria_flood_rescue_1dc5ca.mp4,1017,50.0,640,480,combined,detect_combined,Flooded,deeplabv3plus,False,False,1,tensorrt,tensorrt,tensorrt,23.86,23.86,39.55,41.92,4.55,9.5,14.05,1406.45,53.3,0.0,1406.45,53.3,0.0,115.34,54.52,3.4,173.26,0.2952,False,False
1780821732.5148437,youtube_cumbria_flood_rescue_1dc5ca,youtube_cumbria_flood_rescue_1dc5ca.mp4,1018,50.0,640,480,combined,detect_combined,Flooded,deeplabv3plus,False,False,1,tensorrt,tensorrt,tensorrt,21.31,21.31,45.97,46.93,5.92,11.94,17.86,1406.45,50.0,0.0,1406.45,50.0,0.0,115.34,54.52,3.4,173.26,0.2424,False,False
1780821732.5854902,youtube_cumbria_flood_rescue_1dc5ca,youtube_cumbria_flood_rescue_1dc5ca.mp4,1019,50.0,640,480,combined,detect_combined,Flooded,deeplabv3plus,False,False,1,tensorrt,tensorrt,tensorrt,23.24,23.24,41.79,43.04,4.67,8.77,13.44,1406.45,47.6,0.0,1406.45,47.6,0.0,115.34,54.52,3.4,173.26,0.2752,False,False
1780821732.659712,youtube_cumbria_flood_rescue_1dc5ca,youtube_cumbria_flood_rescue_1dc5ca.mp4,1020,50.0,640,480,combined,detect_combined,Flooded,deeplabv3plus,False,False,1,tensorrt,tensorrt,tensorrt,22.35,22.35,43.89,44.75,4.4,12.5,16.9,1406.45,41.9,0.0,1406.45,41.9,0.0,115.34,54.52,3.4,173.26,0.2512,False,False
1780821732.7332804,youtube_cumbria_flood_rescue_1dc5ca,youtube_cumbria_flood_rescue_1dc5ca.mp4,1021,50.0,640,480,combined,detect_combined,Flooded,deeplabv3plus,False,False,1,tensorrt,tensorrt,tensorrt,24.78,24.78,39.52,40.35,5.81,11.94,17.75,1406.45,34.1,0.0,1406.45,34.1,0.0,115.34,54.52,3.4,173.26,0.263,False,False
1780821732.8046389,youtube_cumbria_flood_rescue_1dc5ca,youtube_cumbria_flood_rescue_1dc5ca.mp4,1022,50.0,640,480,combined,detect_combined,Flooded,deeplabv3plus,False,False,1,tensorrt,tensorrt,tensorrt,26.99,26.99,36.15,37.06,4.83,12.34,17.17,1406.45,37.2,0.0,1406.45,37.2,0.0,115.34,54.52,3.4,173.26,0.279,False,False
1780821732.8826277,youtube_cumbria_flood_rescue_1dc5ca,youtube_cumbria_flood_rescue_1dc5ca.mp4,1023,50.0,640,480,combined,detect_combined,Flooded,deeplabv3plus,False,False,1,tensorrt,tensorrt,tensorrt,22.78,22.78,42.93,43.9,6.03,12.89,18.92,1406.45,56.8,0.0,1406.45,56.8,0.0,115.34,54.52,3.4,173.26,0.2648,False,False
1780821732.9512804,youtube_cumbria_flood_rescue_1dc5ca,youtube_cumbria_flood_rescue_1dc5ca.mp4,1024,50.0,640,480,combined,detect_combined,Flooded,deeplabv3plus,False,False,1,tensorrt,tensorrt,tensorrt,25.63,25.63,37.95,39.01,4.69,8.86,13.55,1406.44,51.2,0.0,1406.44,51.2,0.0,115.34,54.52,3.4,173.26,0.252,False,False
1780821733.0242193,youtube_cumbria_flood_rescue_1dc5ca,youtube_cumbria_flood_rescue_1dc5ca.mp4,1025,50.0,640,480,combined,detect_combined,Flooded,deeplabv3plus,False,False,1,tensorrt,tensorrt,tensorrt,26.27,26.27,36.86,38.07,5.52,12.7,18.22,1406.44,48.8,0.0,1406.44,48.8,0.0,115.34,54.52,3.4,173.26,0.3211,False,False
1780821733.094814,youtube_cumbria_flood_rescue_1dc5ca,youtube_cumbria_flood_rescue_1dc5ca.mp4,1026,50.0,640,480,combined,detect_combined,Flooded,deeplabv3plus,False,False,1,tensorrt,tensorrt,tensorrt,24.04,24.04,40.67,41.6,6.13,9.24,15.370000000000001,1406.43,50.0,0.0,1406.43,50.0,0.0,115.34,54.52,3.4,173.26,0.3434,False,False
1780821733.1603613,youtube_cumbria_flood_rescue_1dc5ca,youtube_cumbria_flood_rescue_1dc5ca.mp4,1027,50.0,640,480,combined,detect_combined,Flooded,deeplabv3plus,False,False,1,tensorrt,tensorrt,tensorrt,29.48,29.48,32.76,33.92,4.43,10.8,15.23,1406.43,48.7,0.0,1406.43,48.7,0.0,115.34,54.52,3.4,173.26,0.3438,False,False
1780821733.2314012,youtube_cumbria_flood_rescue_1dc5ca,youtube_cumbria_flood_rescue_1dc5ca.mp4,1028,50.0,640,480,combined,detect_combined,Flooded,deeplabv3plus,False,False,1,tensorrt,tensorrt,tensorrt,23.24,23.24,41.26,43.03,6.54,9.12,15.66,1406.43,47.5,0.0,1406.43,47.5,0.0,115.34,54.52,3.4,173.26,0.2151,False,False
1780821733.3122118,youtube_cumbria_flood_rescue_1dc5ca,youtube_cumbria_flood_rescue_1dc5ca.mp4,1029,50.0,640,480,combined,detect_combined,Flooded,deeplabv3plus,False,False,1,tensorrt,tensorrt,tensorrt,21.12,21.12,45.9,47.35,5.07,13.23,18.3,1406.43,45.7,0.0,1406.43,45.7,0.0,115.34,54.52,3.4,173.26,0.2118,False,False
1780821733.4149947,youtube_cumbria_flood_rescue_1dc5ca,youtube_cumbria_flood_rescue_1dc5ca.mp4,1030,50.0,640,480,combined,detect_combined,Non-Flooded,resnet18,True,False,1,tensorrt,tensorrt,tensorrt,21.23,21.23,45.67,47.11,6.86,16.8,23.66,1406.43,50.0,0.0,1406.43,50.0,0.0,115.34,54.52,3.4,173.26,0.1021,False,False
1780821733.4943602,youtube_cumbria_flood_rescue_1dc5ca,youtube_cumbria_flood_rescue_1dc5ca.mp4,1031,50.0,640,480,combined,detect_combined,Non-Flooded,resnet18,False,False,1,tensorrt,tensorrt,tensorrt,22.3,22.3,43.46,44.85,10.16,15.09,25.25,1406.68,45.6,0.0,1406.68,45.6,0.0,115.34,54.52,3.4,173.26,0.1083,False,False
1780821733.5813463,youtube_cumbria_flood_rescue_1dc5ca,youtube_cumbria_flood_rescue_1dc5ca.mp4,1032,50.0,640,480,combined,detect_combined,Non-Flooded,resnet18,False,False,1,tensorrt,tensorrt,tensorrt,21.13,21.13,45.98,47.33,6.28,11.77,18.05,1406.68,37.3,0.0,1406.68,37.3,0.0,115.34,54.52,3.4,173.26,0.1788,False,False
1780821733.6664674,youtube_cumbria_flood_rescue_1dc5ca,youtube_cumbria_flood_rescue_1dc5ca.mp4,1033,50.0,640,480,combined,detect_combined,Non-Flooded,resnet18,False,False,1,tensorrt,tensorrt,tensorrt,22.0,22.0,44.13,45.46,6.47,12.51,18.98,1406.68,36.0,0.0,1406.68,36.0,0.0,115.34,54.52,3.4,173.26,0.1593,False,False
1780821733.7577152,youtube_cumbria_flood_rescue_1dc5ca,youtube_cumbria_flood_rescue_1dc5ca.mp4,1034,50.0,640,480,combined,detect_combined,Non-Flooded,resnet18,False,False,1,tensorrt,tensorrt,tensorrt,19.17,19.17,50.76,52.15,6.32,13.44,19.759999999999998,1406.68,50.9,0.0,1406.68,50.9,0.0,115.34,54.52,3.4,173.26,0.1473,False,False
1780821733.8558514,youtube_cumbria_flood_rescue_1dc5ca,youtube_cumbria_flood_rescue_1dc5ca.mp4,1035,50.0,640,480,combined,detect_combined,Non-Flooded,resnet18,False,False,1,tensorrt,tensorrt,tensorrt,17.4,17.4,56.01,57.47,8.61,18.67,27.28,1406.68,42.9,0.0,1406.68,42.9,0.0,115.34,54.52,3.4,173.26,0.0861,False,False
1780821733.9491978,youtube_cumbria_flood_rescue_1dc5ca,youtube_cumbria_flood_rescue_1dc5ca.mp4,1036,50.0,640,480,combined,detect_combined,Non-Flooded,resnet18,False,False,1,tensorrt,tensorrt,tensorrt,20.15,20.15,48.42,49.63,7.62,17.77,25.39,1406.68,49.1,0.0,1406.68,49.1,0.0,115.34,54.52,3.4,173.26,0.1372,False,False
1780821734.0336514,youtube_cumbria_flood_rescue_1dc5ca,youtube_cumbria_flood_rescue_1dc5ca.mp4,1037,50.0,640,480,combined,detect_combined,Non-Flooded,resnet18,False,False,1,tensorrt,tensorrt,tensorrt,20.53,20.53,44.79,48.7,5.28,10.26,15.54,1406.68,47.1,0.0,1406.68,47.1,0.0,115.34,54.52,3.4,173.26,0.1468,False,False
1780821734.113428,youtube_cumbria_flood_rescue_1dc5ca,youtube_cumbria_flood_rescue_1dc5ca.mp4,1038,50.0,640,480,combined,detect_combined,Non-Flooded,resnet18,False,False,1,tensorrt,tensorrt,tensorrt,22.4,22.4,43.5,44.65,5.72,14.71,20.43,1406.68,34.9,0.0,1406.68,34.9,0.0,115.34,54.52,3.4,173.26,0.1357,False,False
1780821734.1914494,youtube_cumbria_flood_rescue_1dc5ca,youtube_cumbria_flood_rescue_1dc5ca.mp4,1039,50.0,640,480,combined,detect_combined,Non-Flooded,resnet18,False,False,1,tensorrt,tensorrt,tensorrt,21.59,21.59,45.28,46.31,5.32,15.0,20.32,1406.67,43.5,0.0,1406.67,43.5,0.0,115.34,54.52,3.4,173.26,0.1762,False,False
1780821734.260296,youtube_cumbria_flood_rescue_1dc5ca,youtube_cumbria_flood_rescue_1dc5ca.mp4,1040,50.0,640,480,combined,detect_combined,Non-Flooded,resnet18,False,False,1,tensorrt,tensorrt,tensorrt,26.4,26.4,36.86,37.88,5.24,10.32,15.56,1406.67,51.3,0.0,1406.67,51.3,0.0,115.34,54.52,3.4,173.26,0.1096,False,False
1780821734.338087,youtube_cumbria_flood_rescue_1dc5ca,youtube_cumbria_flood_rescue_1dc5ca.mp4,1041,50.0,640,480,combined,detect_combined,Non-Flooded,resnet18,False,False,1,tensorrt,tensorrt,tensorrt,22.4,22.4,43.64,44.64,6.1,11.05,17.15,1406.67,55.6,0.0,1406.67,55.6,0.0,115.34,54.52,3.4,173.26,0.1301,False,False
1780821734.409225,youtube_cumbria_flood_rescue_1dc5ca,youtube_cumbria_flood_rescue_1dc5ca.mp4,1042,50.0,640,480,combined,detect_combined,Non-Flooded,resnet18,False,False,1,tensorrt,tensorrt,tensorrt,28.0,28.0,34.84,35.71,4.85,9.21,14.06,1406.67,51.3,0.0,1406.67,51.3,0.0,115.34,54.52,3.4,173.26,0.1283,False,False
1780821734.4790568,youtube_cumbria_flood_rescue_1dc5ca,youtube_cumbria_flood_rescue_1dc5ca.mp4,1043,50.0,640,480,combined,detect_combined,Non-Flooded,resnet18,False,False,1,tensorrt,tensorrt,tensorrt,26.24,26.24,37.14,38.12,4.47,9.91,14.379999999999999,1406.67,57.5,0.0,1406.67,57.5,0.0,115.34,54.52,3.4,173.26,0.1509,False,False
1780821734.5652227,youtube_cumbria_flood_rescue_1dc5ca,youtube_cumbria_flood_rescue_1dc5ca.mp4,1044,50.0,640,480,combined,detect_combined,Non-Flooded,resnet18,False,False,1,tensorrt,tensorrt,tensorrt,18.29,18.29,53.5,54.68,5.54,19.05,24.59,1406.67,54.9,0.0,1406.67,54.9,0.0,115.34,54.52,3.4,173.26,0.1556,False,False
1780821734.6368194,youtube_cumbria_flood_rescue_1dc5ca,youtube_cumbria_flood_rescue_1dc5ca.mp4,1045,50.0,640,480,combined,detect_combined,Flooded,deeplabv3plus,True,False,1,tensorrt,tensorrt,tensorrt,24.37,24.37,39.54,41.03,4.46,9.76,14.219999999999999,1406.67,53.5,0.0,1406.67,53.5,0.0,115.34,54.52,3.4,173.26,0.2271,False,False
1780821734.7068517,youtube_cumbria_flood_rescue_1dc5ca,youtube_cumbria_flood_rescue_1dc5ca.mp4,1046,50.0,640,480,combined,detect_combined,Flooded,deeplabv3plus,False,False,1,tensorrt,tensorrt,tensorrt,27.02,27.02,35.94,37.01,5.07,8.88,13.950000000000001,1406.67,35.9,0.0,1406.67,35.9,0.0,115.34,54.52,3.4,173.26,0.215,False,False
1780821734.7971525,youtube_cumbria_flood_rescue_1dc5ca,youtube_cumbria_flood_rescue_1dc5ca.mp4,1047,50.0,640,480,combined,detect_combined,Non-Flooded,resnet18,True,False,1,tensorrt,tensorrt,tensorrt,20.32,20.32,47.85,49.22,5.37,17.49,22.86,1406.67,34.0,0.0,1406.67,34.0,0.0,115.34,54.52,3.4,173.26,0.1563,False,False
1780821734.89657,youtube_cumbria_flood_rescue_1dc5ca,youtube_cumbria_flood_rescue_1dc5ca.mp4,1048,50.0,640,480,combined,detect_combined,Flooded,deeplabv3plus,True,False,1,tensorrt,tensorrt,tensorrt,17.83,17.83,54.59,56.08,6.32,20.26,26.580000000000002,1406.67,39.7,0.0,1406.67,39.7,0.0,115.34,54.52,3.4,173.26,0.2282,False,False
1780821734.99549,youtube_cumbria_flood_rescue_1dc5ca,youtube_cumbria_flood_rescue_1dc5ca.mp4,1049,50.0,640,480,combined,detect_combined,Flooded,deeplabv3plus,False,False,1,tensorrt,tensorrt,tensorrt,20.57,20.57,47.3,48.6,7.25,13.22,20.47,1406.67,37.9,0.0,1406.67,37.9,0.0,115.34,54.52,3.4,173.26,0.2181,False,False
1780821735.1039658,youtube_cumbria_flood_rescue_1dc5ca,youtube_cumbria_flood_rescue_1dc5ca.mp4,1050,50.0,640,480,combined,detect_combined,Non-Flooded,resnet18,True,False,1,tensorrt,tensorrt,tensorrt,17.25,17.25,56.45,57.97,6.29,18.44,24.73,1406.67,40.6,0.0,1406.67,40.6,0.0,115.34,54.52,3.4,173.26,0.1824,False,False
