timestamp,video_id,video_name,frame_idx,sim_altitude_m,input_width,input_height,mode,active_tool,classification_label,primary_model,model_switch_occurred,segmentation_skipped,human_count,clf_backend,seg_backend,human_backend,fps,instant_fps,total_inference_ms,total_latency_ms,classification_ms,segmentation_ms,model_switch_latency_ms,memory_mb,cpu_percent,power_w,peak_memory_mb,peak_cpu_percent,peak_power_w,clf_load_ms,seg_load_ms,human_load_ms,model_load_total_ms,flood_ratio,warmup,session_first_frame
1780821268.198257,youtube_cumbria_flood_rescue_828618,youtube_cumbria_flood_rescue_828618.mp4,0,50.0,640,480,combined,detect_combined,Flooded,deeplabv3plus,True,False,0,tensorrt,tensorrt,tensorrt,2.4,2.4,415.17,417.04,32.99,53.85,86.84,1185.64,0.0,0.0,1185.64,0.0,0.0,114.06,53.09,3.29,170.44,0.2793,False,True
1780821268.286633,youtube_cumbria_flood_rescue_828618,youtube_cumbria_flood_rescue_828618.mp4,1,50.0,640,480,combined,detect_combined,Flooded,deeplabv3plus,False,False,0,tensorrt,tensorrt,tensorrt,16.49,16.49,60.31,60.65,6.09,26.61,32.7,1192.52,32.0,0.0,1192.52,32.0,0.0,114.06,53.09,3.29,170.44,0.2793,False,False
1780821268.3405478,youtube_cumbria_flood_rescue_828618,youtube_cumbria_flood_rescue_828618.mp4,2,50.0,640,480,combined,detect_combined,Flooded,deeplabv3plus,False,False,0,tensorrt,tensorrt,tensorrt,31.81,31.81,30.88,31.44,4.46,14.68,19.14,1194.39,30.3,0.0,1194.39,30.3,0.0,114.06,53.09,3.29,170.44,0.6769,False,False
1780821268.4669168,youtube_cumbria_flood_rescue_828618,youtube_cumbria_flood_rescue_828618.mp4,3,50.0,640,480,combined,detect_combined,Flooded,deeplabv3plus,False,False,3,tensorrt,tensorrt,tensorrt,10.09,10.09,97.03,99.11,6.51,18.0,24.509999999999998,1245.14,23.3,0.0,1245.14,23.3,0.0,114.06,53.09,3.29,170.44,0.3041,False,False
1780821268.5601315,youtube_cumbria_flood_rescue_828618,youtube_cumbria_flood_rescue_828618.mp4,4,50.0,640,480,combined,detect_combined,Flooded,deeplabv3plus,False,False,3,tensorrt,tensorrt,tensorrt,15.8,15.8,61.28,63.29,16.53,24.3,40.83,1247.36,28.6,0.0,1247.36,28.6,0.0,114.06,53.09,3.29,170.44,0.5,False,False
1780821268.645623,youtube_cumbria_flood_rescue_828618,youtube_cumbria_flood_rescue_828618.mp4,5,50.0,640,480,combined,detect_combined,Non-Flooded,resnet18,True,False,3,tensorrt,tensorrt,tensorrt,18.94,18.94,50.64,52.79,5.49,16.8,22.29,1248.26,32.7,0.0,1248.26,32.7,0.0,114.06,53.09,3.29,170.44,0.1273,False,False
1780821268.743373,youtube_cumbria_flood_rescue_828618,youtube_cumbria_flood_rescue_828618.mp4,6,50.0,640,480,combined,detect_combined,Non-Flooded,resnet18,False,False,3,tensorrt,tensorrt,tensorrt,15.57,15.57,62.87,64.24,14.0,22.62,36.620000000000005,1248.66,39.3,0.0,1248.66,39.3,0.0,114.06,53.09,3.29,170.44,0.0324,False,False
1780821268.8342264,youtube_cumbria_flood_rescue_828618,youtube_cumbria_flood_rescue_828618.mp4,7,50.0,640,480,combined,detect_combined,Non-Flooded,resnet18,False,False,4,tensorrt,tensorrt,tensorrt,15.77,15.77,60.61,63.41,6.08,21.43,27.509999999999998,1248.6,46.2,0.0,1248.6,46.2,0.0,114.06,53.09,3.29,170.44,0.0545,False,False
1780821268.910773,youtube_cumbria_flood_rescue_828618,youtube_cumbria_flood_rescue_828618.mp4,8,50.0,640,480,combined,detect_combined,Non-Flooded,resnet18,False,False,3,tensorrt,tensorrt,tensorrt,25.63,25.63,37.24,39.02,4.84,11.54,16.38,1248.53,48.9,0.0,1248.53,48.9,0.0,114.06,53.09,3.29,170.44,0.0667,False,False
1780821268.9865236,youtube_cumbria_flood_rescue_828618,youtube_cumbria_flood_rescue_828618.mp4,9,50.0,640,480,combined,detect_combined,Non-Flooded,resnet18,False,False,4,tensorrt,tensorrt,tensorrt,20.25,20.25,47.39,49.38,8.76,14.94,23.7,1248.72,46.5,0.0,1248.72,46.5,0.0,114.06,53.09,3.29,170.44,0.0121,False,False
1780821269.0857155,youtube_cumbria_flood_rescue_828618,youtube_cumbria_flood_rescue_828618.mp4,10,50.0,640,480,combined,detect_combined,Non-Flooded,resnet18,False,False,4,tensorrt,tensorrt,tensorrt,15.72,15.72,61.37,63.6,5.67,19.79,25.46,1248.64,46.4,0.0,1248.64,46.4,0.0,114.06,53.09,3.29,170.44,0.032,False,False
1780821269.1647975,youtube_cumbria_flood_rescue_828618,youtube_cumbria_flood_rescue_828618.mp4,11,50.0,640,480,combined,detect_combined,Non-Flooded,resnet18,False,False,4,tensorrt,tensorrt,tensorrt,17.83,17.83,53.3,56.09,6.21,11.83,18.04,1248.58,40.0,0.0,1248.58,40.0,0.0,114.06,53.09,3.29,170.44,0.0554,False,False
1780821269.2336714,youtube_cumbria_flood_rescue_828618,youtube_cumbria_flood_rescue_828618.mp4,12,50.0,640,480,combined,detect_combined,Non-Flooded,resnet18,False,False,4,tensorrt,tensorrt,tensorrt,25.35,25.35,37.07,39.44,5.3,10.23,15.530000000000001,1248.52,33.3,0.0,1248.52,33.3,0.0,114.06,53.09,3.29,170.44,0.0445,False,False
1780821269.3115838,youtube_cumbria_flood_rescue_828618,youtube_cumbria_flood_rescue_828618.mp4,13,50.0,640,480,combined,detect_combined,Non-Flooded,resnet18,False,False,5,tensorrt,tensorrt,tensorrt,20.09,20.09,46.42,49.78,5.63,10.69,16.32,1272.67,40.0,0.0,1272.67,40.0,0.0,114.06,53.09,3.29,170.44,0.0481,False,False
1780821269.4110937,youtube_cumbria_flood_rescue_828618,youtube_cumbria_flood_rescue_828618.mp4,14,50.0,640,480,combined,detect_combined,Non-Flooded,resnet18,False,False,3,tensorrt,tensorrt,tensorrt,13.84,13.84,69.8,72.27,14.19,24.83,39.019999999999996,1328.55,37.5,0.0,1328.55,37.5,0.0,114.06,53.09,3.29,170.44,0.0673,False,False
1780821269.5512528,youtube_cumbria_flood_rescue_828618,youtube_cumbria_flood_rescue_828618.mp4,15,50.0,640,480,combined,detect_combined,Non-Flooded,resnet18,False,False,4,tensorrt,tensorrt,tensorrt,10.01,10.01,96.83,99.87,23.65,28.52,52.17,1301.12,38.8,0.0,1301.12,38.8,0.0,114.06,53.09,3.29,170.44,0.0549,False,False
1780821269.6552882,youtube_cumbria_flood_rescue_828618,youtube_cumbria_flood_rescue_828618.mp4,16,50.0,640,480,combined,detect_combined,Non-Flooded,resnet18,False,False,4,tensorrt,tensorrt,tensorrt,17.93,17.93,52.6,55.78,7.64,23.58,31.22,1301.57,28.8,0.0,1301.57,28.8,0.0,114.06,53.09,3.29,170.44,0.0654,False,False
1780821269.753127,youtube_cumbria_flood_rescue_828618,youtube_cumbria_flood_rescue_828618.mp4,17,50.0,640,480,combined,detect_combined,Non-Flooded,resnet18,False,False,5,tensorrt,tensorrt,tensorrt,19.41,19.41,47.69,51.53,7.55,22.53,30.080000000000002,1301.76,33.3,0.0,1301.76,33.3,0.0,114.06,53.09,3.29,170.44,0.0835,False,False
1780821269.8617978,youtube_cumbria_flood_rescue_828618,youtube_cumbria_flood_rescue_828618.mp4,18,50.0,640,480,combined,detect_combined,Non-Flooded,resnet18,False,False,5,tensorrt,tensorrt,tensorrt,16.56,16.56,56.78,60.39,10.43,24.5,34.93,1301.76,30.2,0.0,1301.76,30.2,0.0,114.06,53.09,3.29,170.44,0.0632,False,False
1780821269.9710073,youtube_cumbria_flood_rescue_828618,youtube_cumbria_flood_rescue_828618.mp4,19,50.0,640,480,combined,detect_combined,Non-Flooded,resnet18,False,False,3,tensorrt,tensorrt,tensorrt,15.48,15.48,62.12,64.59,13.62,20.19,33.81,1301.69,30.2,0.0,1301.69,30.2,0.0,114.06,53.09,3.29,170.44,0.0554,False,False
1780821270.0584066,youtube_cumbria_flood_rescue_828618,youtube_cumbria_flood_rescue_828618.mp4,20,50.0,640,480,combined,detect_combined,Non-Flooded,resnet18,False,False,2,tensorrt,tensorrt,tensorrt,20.07,20.07,47.68,49.84,6.38,15.35,21.73,1301.62,51.0,0.0,1301.62,51.0,0.0,114.06,53.09,3.29,170.44,0.0702,False,False
1780821270.151434,youtube_cumbria_flood_rescue_828618,youtube_cumbria_flood_rescue_828618.mp4,21,50.0,640,480,combined,detect_combined,Non-Flooded,resnet18,False,False,2,tensorrt,tensorrt,tensorrt,16.94,16.94,57.63,59.03,7.51,18.14,25.65,1301.82,52.6,0.0,1301.82,52.6,0.0,114.06,53.09,3.29,170.44,0.0336,False,False
1780821270.2169764,youtube_cumbria_flood_rescue_828618,youtube_cumbria_flood_rescue_828618.mp4,22,50.0,640,480,combined,detect_combined,Non-Flooded,resnet18,False,False,4,tensorrt,tensorrt,tensorrt,30.19,30.19,30.96,33.12,5.4,12.95,18.35,1301.75,55.3,0.0,1301.75,55.3,0.0,114.06,53.09,3.29,170.44,0.0645,False,False
1780821270.2898235,youtube_cumbria_flood_rescue_828618,youtube_cumbria_flood_rescue_828618.mp4,23,50.0,640,480,combined,detect_combined,Non-Flooded,resnet18,False,False,3,tensorrt,tensorrt,tensorrt,22.19,22.19,43.57,45.06,5.18,9.36,14.54,1302.44,53.5,0.0,1302.44,53.5,0.0,114.06,53.09,3.29,170.44,0.0683,False,False
1780821270.3656805,youtube_cumbria_flood_rescue_828618,youtube_cumbria_flood_rescue_828618.mp4,24,50.0,640,480,combined,detect_combined,Non-Flooded,resnet18,False,False,6,tensorrt,tensorrt,tensorrt,22.73,22.73,41.17,43.99,6.03,17.27,23.3,1302.37,46.8,0.0,1302.37,46.8,0.0,114.06,53.09,3.29,170.44,0.0173,False,False
1780821270.450904,youtube_cumbria_flood_rescue_828618,youtube_cumbria_flood_rescue_828618.mp4,25,50.0,640,480,combined,detect_combined,Non-Flooded,resnet18,False,False,4,tensorrt,tensorrt,tensorrt,20.43,20.43,46.43,48.94,5.34,19.39,24.73,1302.55,45.3,0.0,1302.55,45.3,0.0,114.06,53.09,3.29,170.44,0.024,False,False
1780821270.546549,youtube_cumbria_flood_rescue_828618,youtube_cumbria_flood_rescue_828618.mp4,26,50.0,640,480,combined,detect_combined,Non-Flooded,resnet18,False,False,3,tensorrt,tensorrt,tensorrt,15.77,15.77,61.78,63.41,9.58,17.84,27.42,1302.48,30.4,0.0,1302.48,30.4,0.0,114.06,53.09,3.29,170.44,0.0216,False,False
1780821270.6199348,youtube_cumbria_flood_rescue_828618,youtube_cumbria_flood_rescue_828618.mp4,27,50.0,640,480,combined,detect_combined,Non-Flooded,resnet18,False,False,5,tensorrt,tensorrt,tensorrt,24.79,24.79,37.78,40.34,6.47,13.12,19.59,1302.43,38.6,0.0,1302.43,38.6,0.0,114.06,53.09,3.29,170.44,0.007,False,False
1780821270.697401,youtube_cumbria_flood_rescue_828618,youtube_cumbria_flood_rescue_828618.mp4,28,50.0,640,480,combined,detect_combined,Non-Flooded,resnet18,False,False,4,tensorrt,tensorrt,tensorrt,19.95,19.95,48.04,50.12,5.71,11.77,17.48,1302.43,42.6,0.0,1302.43,42.6,0.0,114.06,53.09,3.29,170.44,0.0364,False,False
1780821270.771176,youtube_cumbria_flood_rescue_828618,youtube_cumbria_flood_rescue_828618.mp4,29,50.0,640,480,combined,detect_combined,Non-Flooded,resnet18,False,False,5,tensorrt,tensorrt,tensorrt,20.18,20.18,47.46,49.54,6.46,10.78,17.24,1302.42,43.2,0.0,1302.42,43.2,0.0,114.06,53.09,3.29,170.44,0.0178,False,False
1780821270.8395157,youtube_cumbria_flood_rescue_828618,youtube_cumbria_flood_rescue_828618.mp4,30,50.0,640,480,combined,detect_combined,Non-Flooded,resnet18,False,False,5,tensorrt,tensorrt,tensorrt,26.01,26.01,36.6,38.44,5.67,12.36,18.03,1302.42,43.6,0.0,1302.42,43.6,0.0,114.06,53.09,3.29,170.44,0.033,False,False
1780821270.9172668,youtube_cumbria_flood_rescue_828618,youtube_cumbria_flood_rescue_828618.mp4,31,50.0,640,480,combined,detect_combined,Non-Flooded,resnet18,False,False,4,tensorrt,tensorrt,tensorrt,20.92,20.92,45.5,47.79,4.51,14.22,18.73,1302.42,40.4,0.0,1302.42,40.4,0.0,114.06,53.09,3.29,170.44,0.0245,False,False
1780821270.9961545,youtube_cumbria_flood_rescue_828618,youtube_cumbria_flood_rescue_828618.mp4,32,50.0,640,480,combined,detect_combined,Non-Flooded,resnet18,False,False,4,tensorrt,tensorrt,tensorrt,22.28,22.28,42.29,44.88,5.94,14.01,19.95,1302.42,32.6,0.0,1302.42,32.6,0.0,114.06,53.09,3.29,170.44,0.0248,False,False
1780821271.091026,youtube_cumbria_flood_rescue_828618,youtube_cumbria_flood_rescue_828618.mp4,33,50.0,640,480,combined,detect_combined,Non-Flooded,resnet18,False,False,4,tensorrt,tensorrt,tensorrt,18.38,18.38,51.24,54.42,6.6,18.65,25.25,1302.41,37.3,0.0,1302.41,37.3,0.0,114.06,53.09,3.29,170.44,0.0275,False,False
1780821271.191136,youtube_cumbria_flood_rescue_828618,youtube_cumbria_flood_rescue_828618.mp4,34,50.0,640,480,combined,detect_combined,Non-Flooded,resnet18,False,False,4,tensorrt,tensorrt,tensorrt,17.65,17.65,53.65,56.66,11.24,18.6,29.840000000000003,1302.41,33.9,0.0,1302.41,33.9,0.0,114.06,53.09,3.29,170.44,0.0553,False,False
1780821271.2919114,youtube_cumbria_flood_rescue_828618,youtube_cumbria_flood_rescue_828618.mp4,35,50.0,640,480,combined,detect_combined,Non-Flooded,resnet18,False,False,4,tensorrt,tensorrt,tensorrt,17.77,17.77,53.35,56.26,8.63,18.39,27.020000000000003,1302.41,29.8,0.0,1302.41,29.8,0.0,114.06,53.09,3.29,170.44,0.0203,False,False
1780821271.3760223,youtube_cumbria_flood_rescue_828618,youtube_cumbria_flood_rescue_828618.mp4,36,50.0,640,480,combined,detect_combined,Non-Flooded,resnet18,False,False,4,tensorrt,tensorrt,tensorrt,19.91,19.91,47.65,50.22,9.34,23.66,33.0,1302.41,30.0,0.0,1302.41,30.0,0.0,114.06,53.09,3.29,170.44,0.0795,False,False
1780821271.4605408,youtube_cumbria_flood_rescue_828618,youtube_cumbria_flood_rescue_828618.mp4,37,50.0,640,480,combined,detect_combined,Non-Flooded,resnet18,False,False,4,tensorrt,tensorrt,tensorrt,20.45,20.45,46.97,48.9,7.29,20.98,28.27,1302.4,40.4,0.0,1302.4,40.4,0.0,114.06,53.09,3.29,170.44,0.0623,False,False
1780821271.5419874,youtube_cumbria_flood_rescue_828618,youtube_cumbria_flood_rescue_828618.mp4,38,50.0,640,480,combined,detect_combined,Non-Flooded,resnet18,False,False,5,tensorrt,tensorrt,tensorrt,20.95,20.95,44.83,47.73,8.72,21.07,29.79,1302.4,48.9,0.0,1302.4,48.9,0.0,114.06,53.09,3.29,170.44,0.1056,False,False
1780821271.6333237,youtube_cumbria_flood_rescue_828618,youtube_cumbria_flood_rescue_828618.mp4,39,50.0,640,480,combined,detect_combined,Non-Flooded,resnet18,False,False,5,tensorrt,tensorrt,tensorrt,16.8,16.8,56.87,59.51,9.36,15.85,25.21,1302.4,54.7,0.0,1302.4,54.7,0.0,114.06,53.09,3.29,170.44,0.1509,False,False
1780821271.7150571,youtube_cumbria_flood_rescue_828618,youtube_cumbria_flood_rescue_828618.mp4,40,50.0,640,480,combined,detect_combined,Non-Flooded,resnet18,False,False,4,tensorrt,tensorrt,tensorrt,20.73,20.73,46.52,48.25,5.06,13.7,18.759999999999998,1302.4,53.3,0.0,1302.4,53.3,0.0,114.06,53.09,3.29,170.44,0.113,False,False
1780821271.7965388,youtube_cumbria_flood_rescue_828618,youtube_cumbria_flood_rescue_828618.mp4,41,50.0,640,480,combined,detect_combined,Non-Flooded,resnet18,False,False,4,tensorrt,tensorrt,tensorrt,23.01,23.01,41.55,43.47,4.79,11.34,16.13,1302.4,54.2,0.0,1302.4,54.2,0.0,114.06,53.09,3.29,170.44,0.0779,False,False
1780821271.8676996,youtube_cumbria_flood_rescue_828618,youtube_cumbria_flood_rescue_828618.mp4,42,50.0,640,480,combined,detect_combined,Non-Flooded,resnet18,False,False,3,tensorrt,tensorrt,tensorrt,24.85,24.85,38.65,40.24,8.92,10.91,19.83,1302.4,50.0,0.0,1302.4,50.0,0.0,114.06,53.09,3.29,170.44,0.1875,False,False
1780821271.9838479,youtube_cumbria_flood_rescue_828618,youtube_cumbria_flood_rescue_828618.mp4,43,50.0,640,480,combined,detect_combined,Non-Flooded,resnet18,False,False,3,tensorrt,tensorrt,tensorrt,11.94,11.94,80.03,83.75,5.6,22.72,28.32,1348.57,34.3,0.0,1348.57,34.3,0.0,114.06,53.09,3.29,170.44,0.1684,False,False
1780821272.075567,youtube_cumbria_flood_rescue_828618,youtube_cumbria_flood_rescue_828618.mp4,44,50.0,640,480,combined,detect_combined,Non-Flooded,resnet18,False,False,3,tensorrt,tensorrt,tensorrt,17.97,17.97,53.77,55.65,6.49,18.03,24.520000000000003,1349.44,46.3,0.0,1349.44,46.3,0.0,114.06,53.09,3.29,170.44,0.0493,False,False
1780821272.1400528,youtube_cumbria_flood_rescue_828618,youtube_cumbria_flood_rescue_828618.mp4,45,50.0,640,480,combined,detect_combined,Non-Flooded,resnet18,False,False,3,tensorrt,tensorrt,tensorrt,28.08,28.08,34.19,35.62,6.06,9.4,15.46,1349.44,34.2,0.0,1349.44,34.2,0.0,114.06,53.09,3.29,170.44,0.0607,False,False
1780821272.214993,youtube_cumbria_flood_rescue_828618,youtube_cumbria_flood_rescue_828618.mp4,46,50.0,640,480,combined,detect_combined,Non-Flooded,resnet18,False,False,3,tensorrt,tensorrt,tensorrt,22.74,22.74,42.24,43.98,6.05,13.07,19.12,1349.43,29.5,0.0,1349.43,29.5,0.0,114.06,53.09,3.29,170.44,0.0892,False,False
1780821272.2884061,youtube_cumbria_flood_rescue_828618,youtube_cumbria_flood_rescue_828618.mp4,47,50.0,640,480,combined,detect_combined,Non-Flooded,resnet18,False,False,4,tensorrt,tensorrt,tensorrt,21.45,21.45,43.55,46.63,5.86,13.07,18.93,1349.43,31.0,0.0,1349.43,31.0,0.0,114.06,53.09,3.29,170.44,0.1756,False,False
1780821272.3749614,youtube_cumbria_flood_rescue_828618,youtube_cumbria_flood_rescue_828618.mp4,48,50.0,640,480,combined,detect_combined,Flooded,deeplabv3plus,True,False,3,tensorrt,tensorrt,tensorrt,17.12,17.12,55.12,58.4,5.47,21.84,27.31,1349.43,32.0,0.0,1349.43,32.0,0.0,114.06,53.09,3.29,170.44,0.2043,False,False
1780821272.4407742,youtube_cumbria_flood_rescue_828618,youtube_cumbria_flood_rescue_828618.mp4,49,50.0,640,480,combined,detect_combined,Non-Flooded,resnet18,True,False,4,tensorrt,tensorrt,tensorrt,31.82,31.82,29.74,31.42,4.73,7.98,12.71,1349.43,33.3,0.0,1349.43,33.3,0.0,114.06,53.09,3.29,170.44,0.1001,False,False
1780821272.517877,youtube_cumbria_flood_rescue_828618,youtube_cumbria_flood_rescue_828618.mp4,50,50.0,640,480,combined,detect_combined,Non-Flooded,resnet18,False,False,5,tensorrt,tensorrt,tensorrt,21.43,21.43,44.45,46.66,7.13,12.35,19.48,1349.43,32.6,0.0,1349.43,32.6,0.0,114.06,53.09,3.29,170.44,0.156,False,False
1780821272.5844202,youtube_cumbria_flood_rescue_828618,youtube_cumbria_flood_rescue_828618.mp4,51,50.0,640,480,combined,detect_combined,Non-Flooded,resnet18,False,False,4,tensorrt,tensorrt,tensorrt,25.16,25.16,37.64,39.74,4.78,8.8,13.580000000000002,1349.43,36.6,0.0,1349.43,36.6,0.0,114.06,53.09,3.29,170.44,0.1942,False,False
1780821272.6659493,youtube_cumbria_flood_rescue_828618,youtube_cumbria_flood_rescue_828618.mp4,52,50.0,640,480,combined,detect_combined,Non-Flooded,resnet18,False,False,4,tensorrt,tensorrt,tensorrt,21.55,21.55,44.21,46.41,7.36,11.77,19.13,1349.42,37.5,0.0,1349.42,37.5,0.0,114.06,53.09,3.29,170.44,0.1722,False,False
1780821272.741417,youtube_cumbria_flood_rescue_828618,youtube_cumbria_flood_rescue_828618.mp4,53,50.0,640,480,combined,detect_combined,Non-Flooded,resnet18,False,False,2,tensorrt,tensorrt,tensorrt,23.47,23.47,40.8,42.6,4.64,14.09,18.73,1349.42,57.4,0.0,1349.42,57.4,0.0,114.06,53.09,3.29,170.44,0.141,False,False
1780821272.8211436,youtube_cumbria_flood_rescue_828618,youtube_cumbria_flood_rescue_828618.mp4,54,50.0,640,480,combined,detect_combined,Non-Flooded,resnet18,False,False,2,tensorrt,tensorrt,tensorrt,22.79,22.79,42.6,43.89,4.86,13.36,18.22,1349.42,59.6,0.0,1349.42,59.6,0.0,114.06,53.09,3.29,170.44,0.1628,False,False
1780821272.8882499,youtube_cumbria_flood_rescue_828618,youtube_cumbria_flood_rescue_828618.mp4,55,50.0,640,480,combined,detect_combined,Non-Flooded,resnet18,False,False,5,tensorrt,tensorrt,tensorrt,28.99,28.99,31.81,34.49,4.09,10.24,14.33,1349.42,61.5,0.0,1349.42,61.5,0.0,114.06,53.09,3.29,170.44,0.0883,False,False
1780821272.959384,youtube_cumbria_flood_rescue_828618,youtube_cumbria_flood_rescue_828618.mp4,56,50.0,640,480,combined,detect_combined,Non-Flooded,resnet18,False,False,4,tensorrt,tensorrt,tensorrt,22.5,22.5,42.21,44.45,4.69,9.14,13.830000000000002,1349.42,55.0,0.0,1349.42,55.0,0.0,114.06,53.09,3.29,170.44,0.0431,False,False
1780821273.0224278,youtube_cumbria_flood_rescue_828618,youtube_cumbria_flood_rescue_828618.mp4,57,50.0,640,480,combined,detect_combined,Non-Flooded,resnet18,False,False,4,tensorrt,tensorrt,tensorrt,28.76,28.76,33.15,34.77,4.94,7.61,12.55,1349.42,56.8,0.0,1349.42,56.8,0.0,114.06,53.09,3.29,170.44,0.0238,False,False
1780821273.0833826,youtube_cumbria_flood_rescue_828618,youtube_cumbria_flood_rescue_828618.mp4,58,50.0,640,480,combined,detect_combined,Non-Flooded,resnet18,False,False,2,tensorrt,tensorrt,tensorrt,26.82,26.82,35.14,37.29,4.53,8.46,12.990000000000002,1349.42,41.2,0.0,1349.42,41.2,0.0,114.06,53.09,3.29,170.44,0.0249,False,False
1780821273.1509151,youtube_cumbria_flood_rescue_828618,youtube_cumbria_flood_rescue_828618.mp4,59,50.0,640,480,combined,detect_combined,Non-Flooded,resnet18,False,False,5,tensorrt,tensorrt,tensorrt,23.77,23.77,39.83,42.08,5.15,8.55,13.700000000000001,1349.42,31.7,0.0,1349.42,31.7,0.0,114.06,53.09,3.29,170.44,0.0296,False,False
1780821273.2257364,youtube_cumbria_flood_rescue_828618,youtube_cumbria_flood_rescue_828618.mp4,60,50.0,640,480,combined,detect_combined,Non-Flooded,resnet18,False,False,4,tensorrt,tensorrt,tensorrt,21.26,21.26,44.89,47.05,5.26,16.12,21.380000000000003,1349.42,47.8,0.0,1349.42,47.8,0.0,114.06,53.09,3.29,170.44,0.0235,False,False
1780821273.2959855,youtube_cumbria_flood_rescue_828618,youtube_cumbria_flood_rescue_828618.mp4,61,50.0,640,480,combined,detect_combined,Non-Flooded,resnet18,False,False,4,tensorrt,tensorrt,tensorrt,25.4,25.4,37.5,39.38,4.89,8.92,13.809999999999999,1349.42,43.6,0.0,1349.42,43.6,0.0,114.06,53.09,3.29,170.44,0.0194,False,False
1780821273.3636117,youtube_cumbria_flood_rescue_828618,youtube_cumbria_flood_rescue_828618.mp4,62,50.0,640,480,combined,detect_combined,Non-Flooded,resnet18,False,False,4,tensorrt,tensorrt,tensorrt,24.97,24.97,37.73,40.04,4.61,9.4,14.010000000000002,1349.42,31.6,0.0,1349.42,31.6,0.0,114.06,53.09,3.29,170.44,0.0324,False,False
1780821273.448979,youtube_cumbria_flood_rescue_828618,youtube_cumbria_flood_rescue_828618.mp4,63,50.0,640,480,combined,detect_combined,Non-Flooded,resnet18,False,False,4,tensorrt,tensorrt,tensorrt,21.22,21.22,44.32,47.13,9.45,15.05,24.5,1349.42,30.8,0.0,1349.42,30.8,0.0,114.06,53.09,3.29,170.44,0.0088,False,False
1780821273.5399344,youtube_cumbria_flood_rescue_828618,youtube_cumbria_flood_rescue_828618.mp4,64,50.0,640,480,combined,detect_combined,Non-Flooded,resnet18,False,False,5,tensorrt,tensorrt,tensorrt,24.8,24.8,37.23,40.32,7.27,14.1,21.369999999999997,1349.41,32.7,0.0,1349.41,32.7,0.0,114.06,53.09,3.29,170.44,0.0494,False,False
1780821273.634041,youtube_cumbria_flood_rescue_828618,youtube_cumbria_flood_rescue_828618.mp4,65,50.0,640,480,combined,detect_combined,Non-Flooded,resnet18,False,False,4,tensorrt,tensorrt,tensorrt,19.47,19.47,48.5,51.37,7.99,17.73,25.72,1349.41,32.7,0.0,1349.41,32.7,0.0,114.06,53.09,3.29,170.44,0.065,False,False
1780821273.7268372,youtube_cumbria_flood_rescue_828618,youtube_cumbria_flood_rescue_828618.mp4,66,50.0,640,480,combined,detect_combined,Non-Flooded,resnet18,False,False,4,tensorrt,tensorrt,tensorrt,20.65,20.65,45.42,48.42,6.22,16.02,22.24,1349.41,38.6,0.0,1349.41,38.6,0.0,114.06,53.09,3.29,170.44,0.0672,False,False
1780821273.8230116,youtube_cumbria_flood_rescue_828618,youtube_cumbria_flood_rescue_828618.mp4,67,50.0,640,480,combined,detect_combined,Non-Flooded,resnet18,False,False,5,tensorrt,tensorrt,tensorrt,19.9,19.9,46.85,50.26,6.77,22.25,29.02,1349.41,29.1,0.0,1349.41,29.1,0.0,114.06,53.09,3.29,170.44,0.0794,False,False
1780821273.921203,youtube_cumbria_flood_rescue_828618,youtube_cumbria_flood_rescue_828618.mp4,68,50.0,640,480,combined,detect_combined,Non-Flooded,resnet18,False,False,6,tensorrt,tensorrt,tensorrt,19.33,19.33,47.83,51.73,8.4,23.34,31.740000000000002,1349.41,29.3,0.0,1349.41,29.3,0.0,114.06,53.09,3.29,170.44,0.0971,False,False
1780821274.0213118,youtube_cumbria_flood_rescue_828618,youtube_cumbria_flood_rescue_828618.mp4,69,50.0,640,480,combined,detect_combined,Non-Flooded,resnet18,False,False,6,tensorrt,tensorrt,tensorrt,18.18,18.18,51.73,55.0,8.9,15.28,24.18,1349.41,48.3,0.0,1349.41,48.3,0.0,114.06,53.09,3.29,170.44,0.0984,False,False
1780821274.09506,youtube_cumbria_flood_rescue_828618,youtube_cumbria_flood_rescue_828618.mp4,70,50.0,640,480,combined,detect_combined,Non-Flooded,resnet18,False,False,7,tensorrt,tensorrt,tensorrt,24.06,24.06,37.74,41.56,5.79,10.84,16.63,1349.41,59.1,0.0,1349.41,59.1,0.0,114.06,53.09,3.29,170.44,0.1024,False,False
1780821274.1779974,youtube_cumbria_flood_rescue_828618,youtube_cumbria_flood_rescue_828618.mp4,71,50.0,640,480,combined,detect_combined,Non-Flooded,resnet18,False,False,8,tensorrt,tensorrt,tensorrt,20.27,20.27,46.66,49.33,6.26,13.62,19.88,1349.41,58.3,0.0,1349.41,58.3,0.0,114.06,53.09,3.29,170.44,0.1084,False,False
1780821274.2699335,youtube_cumbria_flood_rescue_828618,youtube_cumbria_flood_rescue_828618.mp4,72,50.0,640,480,combined,detect_combined,Non-Flooded,resnet18,False,False,7,tensorrt,tensorrt,tensorrt,16.57,16.57,56.74,60.34,6.34,16.52,22.86,1349.41,63.6,0.0,1349.41,63.6,0.0,114.06,53.09,3.29,170.44,0.0869,False,False
1780821274.352155,youtube_cumbria_flood_rescue_828618,youtube_cumbria_flood_rescue_828618.mp4,73,50.0,640,480,combined,detect_combined,Non-Flooded,resnet18,False,False,5,tensorrt,tensorrt,tensorrt,21.54,21.54,43.79,46.42,6.78,19.52,26.3,1349.41,0.0,0.0,1349.41,0.0,0.0,114.06,53.09,3.29,170.44,0.1122,False,False
1780821274.4075987,youtube_cumbria_flood_rescue_828618,youtube_cumbria_flood_rescue_828618.mp4,74,50.0,640,480,combined,detect_combined,Non-Flooded,resnet18,False,False,5,tensorrt,tensorrt,tensorrt,32.04,32.04,29.41,31.21,4.31,10.26,14.57,1349.41,60.0,0.0,1349.41,60.0,0.0,114.06,53.09,3.29,170.44,0.0861,False,False
1780821274.4770086,youtube_cumbria_flood_rescue_828618,youtube_cumbria_flood_rescue_828618.mp4,75,50.0,640,480,combined,detect_combined,Non-Flooded,resnet18,False,False,5,tensorrt,tensorrt,tensorrt,24.81,24.81,37.95,40.31,4.4,10.4,14.8,1349.41,55.0,0.0,1349.41,55.0,0.0,114.06,53.09,3.29,170.44,0.0833,False,False
1780821274.549505,youtube_cumbria_flood_rescue_828618,youtube_cumbria_flood_rescue_828618.mp4,76,50.0,640,480,combined,detect_combined,Non-Flooded,resnet18,False,False,4,tensorrt,tensorrt,tensorrt,23.01,23.01,41.65,43.46,4.88,10.49,15.370000000000001,1349.41,52.3,0.0,1349.41,52.3,0.0,114.06,53.09,3.29,170.44,0.0679,False,False
1780821274.6229143,youtube_cumbria_flood_rescue_828618,youtube_cumbria_flood_rescue_828618.mp4,77,50.0,640,480,combined,detect_combined,Non-Flooded,resnet18,False,False,5,tensorrt,tensorrt,tensorrt,22.02,22.02,43.18,45.42,4.53,13.28,17.81,1349.4,44.2,0.0,1349.4,44.2,0.0,114.06,53.09,3.29,170.44,0.1139,False,False
1780821274.697653,youtube_cumbria_flood_rescue_828618,youtube_cumbria_flood_rescue_828618.mp4,78,50.0,640,480,combined,detect_combined,Non-Flooded,resnet18,False,False,2,tensorrt,tensorrt,tensorrt,23.55,23.55,40.94,42.46,6.11,14.07,20.18,1349.4,31.1,0.0,1349.4,31.1,0.0,114.06,53.09,3.29,170.44,0.1041,False,False
1780821274.7854838,youtube_cumbria_flood_rescue_828618,youtube_cumbria_flood_rescue_828618.mp4,79,50.0,640,480,combined,detect_combined,Non-Flooded,resnet18,False,False,2,tensorrt,tensorrt,tensorrt,20.68,20.68,46.58,48.34,7.36,21.17,28.53,1349.4,34.0,0.0,1349.4,34.0,0.0,114.06,53.09,3.29,170.44,0.1179,False,False
1780821274.8811197,youtube_cumbria_flood_rescue_828618,youtube_cumbria_flood_rescue_828618.mp4,80,50.0,640,480,combined,detect_combined,Non-Flooded,resnet18,False,False,4,tensorrt,tensorrt,tensorrt,18.44,18.44,51.2,54.22,6.33,17.33,23.659999999999997,1349.4,36.2,0.0,1349.4,36.2,0.0,114.06,53.09,3.29,170.44,0.1111,False,False
1780821274.9817772,youtube_cumbria_flood_rescue_828618,youtube_cumbria_flood_rescue_828618.mp4,81,50.0,640,480,combined,detect_combined,Non-Flooded,resnet18,False,False,3,tensorrt,tensorrt,tensorrt,18.47,18.47,51.68,54.13,11.18,16.43,27.61,1349.39,30.4,0.0,1349.39,30.4,0.0,114.06,53.09,3.29,170.44,0.0683,False,False
1780821275.0721834,youtube_cumbria_flood_rescue_828618,youtube_cumbria_flood_rescue_828618.mp4,82,50.0,640,480,combined,detect_combined,Non-Flooded,resnet18,False,False,4,tensorrt,tensorrt,tensorrt,19.0,19.0,50.13,52.62,6.39,22.12,28.51,1349.39,31.5,0.0,1349.39,31.5,0.0,114.06,53.09,3.29,170.44,0.075,False,False
1780821275.1538253,youtube_cumbria_flood_rescue_828618,youtube_cumbria_flood_rescue_828618.mp4,83,50.0,640,480,combined,detect_combined,Non-Flooded,resnet18,False,False,3,tensorrt,tensorrt,tensorrt,23.33,23.33,40.88,42.87,6.22,13.88,20.1,1349.39,33.3,0.0,1349.39,33.3,0.0,114.06,53.09,3.29,170.44,0.0683,False,False
1780821275.2451036,youtube_cumbria_flood_rescue_828618,youtube_cumbria_flood_rescue_828618.mp4,84,50.0,640,480,combined,detect_combined,Non-Flooded,resnet18,False,False,4,tensorrt,tensorrt,tensorrt,18.93,18.93,50.3,52.82,6.39,19.96,26.35,1349.39,37.5,0.0,1349.39,37.5,0.0,114.06,53.09,3.29,170.44,0.0305,False,False
1780821275.3158264,youtube_cumbria_flood_rescue_828618,youtube_cumbria_flood_rescue_828618.mp4,85,50.0,640,480,combined,detect_combined,Non-Flooded,resnet18,False,False,4,tensorrt,tensorrt,tensorrt,22.93,22.93,40.64,43.61,4.64,10.26,14.899999999999999,1349.39,46.3,0.0,1349.39,46.3,0.0,114.06,53.09,3.29,170.44,0.0585,False,False
1780821275.3902438,youtube_cumbria_flood_rescue_828618,youtube_cumbria_flood_rescue_828618.mp4,86,50.0,640,480,combined,detect_combined,Non-Flooded,resnet18,False,False,4,tensorrt,tensorrt,tensorrt,19.9,19.9,47.85,50.25,7.45,9.92,17.37,1349.39,47.7,0.0,1349.39,47.7,0.0,114.06,53.09,3.29,170.44,0.0592,False,False
1780821275.4840248,youtube_cumbria_flood_rescue_828618,youtube_cumbria_flood_rescue_828618.mp4,87,50.0,640,480,combined,detect_combined,Non-Flooded,resnet18,False,False,3,tensorrt,tensorrt,tensorrt,17.42,17.42,55.05,57.39,6.55,17.58,24.13,1349.39,60.4,0.0,1349.39,60.4,0.0,114.06,53.09,3.29,170.44,0.1058,False,False
1780821275.560374,youtube_cumbria_flood_rescue_828618,youtube_cumbria_flood_rescue_828618.mp4,88,50.0,640,480,combined,detect_combined,Non-Flooded,resnet18,False,False,1,tensorrt,tensorrt,tensorrt,19.49,19.49,50.15,51.3,4.7,14.08,18.78,1349.39,60.9,0.0,1349.39,60.9,0.0,114.06,53.09,3.29,170.44,0.0929,False,False
1780821275.6309023,youtube_cumbria_flood_rescue_828618,youtube_cumbria_flood_rescue_828618.mp4,89,50.0,640,480,combined,detect_combined,Non-Flooded,resnet18,False,False,2,tensorrt,tensorrt,tensorrt,25.22,25.22,38.5,39.65,8.53,9.07,17.6,1349.65,57.5,0.0,1349.65,57.5,0.0,114.06,53.09,3.29,170.44,0.0762,False,False
1780821275.7020712,youtube_cumbria_flood_rescue_828618,youtube_cumbria_flood_rescue_828618.mp4,90,50.0,640,480,combined,detect_combined,Non-Flooded,resnet18,False,False,1,tensorrt,tensorrt,tensorrt,22.12,22.12,44.26,45.2,4.58,11.77,16.35,1349.65,59.1,0.0,1349.65,59.1,0.0,114.06,53.09,3.29,170.44,0.0791,False,False
1780821275.7751288,youtube_cumbria_flood_rescue_828618,youtube_cumbria_flood_rescue_828618.mp4,91,50.0,640,480,combined,detect_combined,Non-Flooded,resnet18,False,False,2,tensorrt,tensorrt,tensorrt,24.84,24.84,39.15,40.25,5.58,12.32,17.9,1349.65,50.0,0.0,1349.65,50.0,0.0,114.06,53.09,3.29,170.44,0.0781,False,False
1780821275.8419423,youtube_cumbria_flood_rescue_828618,youtube_cumbria_flood_rescue_828618.mp4,92,50.0,640,480,combined,detect_combined,Non-Flooded,resnet18,False,False,2,tensorrt,tensorrt,tensorrt,25.16,25.16,38.05,39.75,4.79,8.9,13.690000000000001,1349.64,55.0,0.0,1349.64,55.0,0.0,114.06,53.09,3.29,170.44,0.0663,False,False
1780821275.910474,youtube_cumbria_flood_rescue_828618,youtube_cumbria_flood_rescue_828618.mp4,93,50.0,640,480,combined,detect_combined,Non-Flooded,resnet18,False,False,3,tensorrt,tensorrt,tensorrt,25.14,25.14,37.96,39.78,4.25,10.08,14.33,1349.64,35.9,0.0,1349.64,35.9,0.0,114.06,53.09,3.29,170.44,0.0836,False,False
1780821275.984358,youtube_cumbria_flood_rescue_828618,youtube_cumbria_flood_rescue_828618.mp4,94,50.0,640,480,combined,detect_combined,Non-Flooded,resnet18,False,False,3,tensorrt,tensorrt,tensorrt,21.18,21.18,45.43,47.22,4.65,15.99,20.64,1349.64,33.3,0.0,1349.64,33.3,0.0,114.06,53.09,3.29,170.44,0.1175,False,False
1780821276.0515723,youtube_cumbria_flood_rescue_828618,youtube_cumbria_flood_rescue_828618.mp4,95,50.0,640,480,combined,detect_combined,Non-Flooded,resnet18,False,False,4,tensorrt,tensorrt,tensorrt,26.35,26.35,35.87,37.95,7.35,8.75,16.1,1349.64,35.0,0.0,1349.64,35.0,0.0,114.06,53.09,3.29,170.44,0.111,False,False
1780821276.1197624,youtube_cumbria_flood_rescue_828618,youtube_cumbria_flood_rescue_828618.mp4,96,50.0,640,480,combined,detect_combined,Non-Flooded,resnet18,False,False,5,tensorrt,tensorrt,tensorrt,24.24,24.24,39.17,41.25,5.99,9.24,15.23,1349.64,38.5,0.0,1349.64,38.5,0.0,114.06,53.09,3.29,170.44,0.0751,False,False
1780821276.178402,youtube_cumbria_flood_rescue_828618,youtube_cumbria_flood_rescue_828618.mp4,97,50.0,640,480,combined,detect_combined,Non-Flooded,resnet18,False,False,5,tensorrt,tensorrt,tensorrt,30.13,30.13,30.99,33.19,4.42,7.03,11.45,1349.64,48.6,0.0,1349.64,48.6,0.0,114.06,53.09,3.29,170.44,0.0567,False,False
1780821276.2548683,youtube_cumbria_flood_rescue_828618,youtube_cumbria_flood_rescue_828618.mp4,98,50.0,640,480,combined,detect_combined,Non-Flooded,resnet18,False,False,3,tensorrt,tensorrt,tensorrt,21.31,21.31,45.05,46.93,7.94,13.17,21.11,1349.64,38.6,0.0,1349.64,38.6,0.0,114.06,53.09,3.29,170.44,0.065,False,False
1780821276.3414662,youtube_cumbria_flood_rescue_828618,youtube_cumbria_flood_rescue_828618.mp4,99,50.0,640,480,combined,detect_combined,Non-Flooded,resnet18,False,False,6,tensorrt,tensorrt,tensorrt,19.9,19.9,46.17,50.24,6.86,13.39,20.25,1349.64,34.5,0.0,1349.64,34.5,0.0,114.06,53.09,3.29,170.44,0.0772,False,False
1780821276.4303823,youtube_cumbria_flood_rescue_828618,youtube_cumbria_flood_rescue_828618.mp4,100,50.0,640,480,combined,detect_combined,Non-Flooded,resnet18,False,False,4,tensorrt,tensorrt,tensorrt,21.6,21.6,43.44,46.3,4.95,16.46,21.41,1349.64,35.2,0.0,1349.64,35.2,0.0,114.06,53.09,3.29,170.44,0.096,False,False
1780821276.523718,youtube_cumbria_flood_rescue_828618,youtube_cumbria_flood_rescue_828618.mp4,101,50.0,640,480,combined,detect_combined,Non-Flooded,resnet18,False,False,3,tensorrt,tensorrt,tensorrt,19.91,19.91,47.79,50.23,7.59,16.76,24.35,1349.64,35.2,0.0,1349.64,35.2,0.0,114.06,53.09,3.29,170.44,0.0995,False,False
1780821276.6164453,youtube_cumbria_flood_rescue_828618,youtube_cumbria_flood_rescue_828618.mp4,102,50.0,640,480,combined,detect_combined,Non-Flooded,resnet18,False,False,7,tensorrt,tensorrt,tensorrt,20.74,20.74,43.79,48.21,6.55,14.94,21.49,1349.63,31.5,0.0,1349.63,31.5,0.0,114.06,53.09,3.29,170.44,0.0897,False,False
1780821276.7162015,youtube_cumbria_flood_rescue_828618,youtube_cumbria_flood_rescue_828618.mp4,103,50.0,640,480,combined,detect_combined,Non-Flooded,resnet18,False,False,6,tensorrt,tensorrt,tensorrt,18.66,18.66,49.27,53.6,8.4,23.32,31.72,1349.63,31.7,0.0,1349.63,31.7,0.0,114.06,53.09,3.29,170.44,0.0889,False,False
1780821276.8336751,youtube_cumbria_flood_rescue_828618,youtube_cumbria_flood_rescue_828618.mp4,104,50.0,640,480,combined,detect_combined,Non-Flooded,resnet18,False,False,4,tensorrt,tensorrt,tensorrt,14.08,14.08,68.05,71.03,7.04,24.84,31.88,1349.96,34.3,0.0,1349.96,34.3,0.0,114.06,53.09,3.29,170.44,0.1208,False,False
1780821276.921876,youtube_cumbria_flood_rescue_828618,youtube_cumbria_flood_rescue_828618.mp4,105,50.0,640,480,combined,detect_combined,Non-Flooded,resnet18,False,False,4,tensorrt,tensorrt,tensorrt,20.81,20.81,45.26,48.06,6.44,14.49,20.93,1349.96,60.4,0.0,1349.96,60.4,0.0,114.06,53.09,3.29,170.44,0.0916,False,False
1780821277.0094929,youtube_cumbria_flood_rescue_828618,youtube_cumbria_flood_rescue_828618.mp4,106,50.0,640,480,combined,detect_combined,Non-Flooded,resnet18,False,False,5,tensorrt,tensorrt,tensorrt,18.09,18.09,51.68,55.29,6.65,16.09,22.740000000000002,1349.96,56.9,0.0,1349.96,56.9,0.0,114.06,53.09,3.29,170.44,0.1512,False,False
1780821277.0946028,youtube_cumbria_flood_rescue_828618,youtube_cumbria_flood_rescue_828618.mp4,107,50.0,640,480,combined,detect_combined,Non-Flooded,resnet18,False,False,5,tensorrt,tensorrt,tensorrt,18.52,18.52,51.97,54.01,9.4,15.66,25.060000000000002,1349.96,59.2,0.0,1349.96,59.2,0.0,114.06,53.09,3.29,170.44,0.1614,False,False
1780821277.1592212,youtube_cumbria_flood_rescue_828618,youtube_cumbria_flood_rescue_828618.mp4,108,50.0,640,480,combined,detect_combined,Non-Flooded,resnet18,False,False,6,tensorrt,tensorrt,tensorrt,25.09,25.09,36.91,39.86,4.78,12.28,17.06,1349.96,48.7,0.0,1349.96,48.7,0.0,114.06,53.09,3.29,170.44,0.1172,False,False
1780821277.2338688,youtube_cumbria_flood_rescue_828618,youtube_cumbria_flood_rescue_828618.mp4,109,50.0,640,480,combined,detect_combined,Non-Flooded,resnet18,False,False,5,tensorrt,tensorrt,tensorrt,23.23,23.23,40.44,43.04,5.55,9.39,14.940000000000001,1349.96,48.8,0.0,1349.96,48.8,0.0,114.06,53.09,3.29,170.44,0.1519,False,False
1780821277.303074,youtube_cumbria_flood_rescue_828618,youtube_cumbria_flood_rescue_828618.mp4,110,50.0,640,480,combined,detect_combined,Non-Flooded,resnet18,False,False,5,tensorrt,tensorrt,tensorrt,26.45,26.45,34.67,37.81,5.26,10.92,16.18,1349.95,28.2,0.0,1349.95,28.2,0.0,114.06,53.09,3.29,170.44,0.1391,False,False
1780821277.3897827,youtube_cumbria_flood_rescue_828618,youtube_cumbria_flood_rescue_828618.mp4,111,50.0,640,480,combined,detect_combined,Non-Flooded,resnet18,False,False,4,tensorrt,tensorrt,tensorrt,21.5,21.5,43.68,46.52,8.52,15.34,23.86,1349.95,34.6,0.0,1349.95,34.6,0.0,114.06,53.09,3.29,170.44,0.1334,False,False
1780821277.4777203,youtube_cumbria_flood_rescue_828618,youtube_cumbria_flood_rescue_828618.mp4,112,50.0,640,480,combined,detect_combined,Flooded,deeplabv3plus,True,False,5,tensorrt,tensorrt,tensorrt,24.08,24.08,38.47,41.52,6.78,15.24,22.02,1349.95,35.3,0.0,1349.95,35.3,0.0,114.06,53.09,3.29,170.44,0.252,False,False
1780821277.572423,youtube_cumbria_flood_rescue_828618,youtube_cumbria_flood_rescue_828618.mp4,113,50.0,640,480,combined,detect_combined,Non-Flooded,resnet18,True,False,6,tensorrt,tensorrt,tensorrt,18.46,18.46,50.11,54.18,5.92,17.5,23.42,1349.95,28.3,0.0,1349.95,28.3,0.0,114.06,53.09,3.29,170.44,0.1219,False,False
1780821277.6697545,youtube_cumbria_flood_rescue_828618,youtube_cumbria_flood_rescue_828618.mp4,114,50.0,640,480,combined,detect_combined,Non-Flooded,resnet18,False,False,7,tensorrt,tensorrt,tensorrt,18.36,18.36,51.04,54.46,7.84,18.48,26.32,1349.95,34.5,0.0,1349.95,34.5,0.0,114.06,53.09,3.29,170.44,0.1013,False,False
1780821277.765292,youtube_cumbria_flood_rescue_828618,youtube_cumbria_flood_rescue_828618.mp4,115,50.0,640,480,combined,detect_combined,Non-Flooded,resnet18,False,False,6,tensorrt,tensorrt,tensorrt,19.93,19.93,46.06,50.17,5.72,18.41,24.13,1349.95,30.4,0.0,1349.95,30.4,0.0,114.06,53.09,3.29,170.44,0.0909,False,False
1780821277.8639748,youtube_cumbria_flood_rescue_828618,youtube_cumbria_flood_rescue_828618.mp4,116,50.0,640,480,combined,detect_combined,Non-Flooded,resnet18,False,False,5,tensorrt,tensorrt,tensorrt,19.2,19.2,48.61,52.07,7.82,22.89,30.71,1349.95,31.6,0.0,1349.95,31.6,0.0,114.06,53.09,3.29,170.44,0.0965,False,False
1780821277.9622302,youtube_cumbria_flood_rescue_828618,youtube_cumbria_flood_rescue_828618.mp4,117,50.0,640,480,combined,detect_combined,Non-Flooded,resnet18,False,False,5,tensorrt,tensorrt,tensorrt,19.5,19.5,47.74,51.29,6.73,22.68,29.41,1349.95,30.4,0.0,1349.95,30.4,0.0,114.06,53.09,3.29,170.44,0.1006,False,False
1780821278.0598319,youtube_cumbria_flood_rescue_828618,youtube_cumbria_flood_rescue_828618.mp4,118,50.0,640,480,combined,detect_combined,Non-Flooded,resnet18,False,False,5,tensorrt,tensorrt,tensorrt,19.54,19.54,47.83,51.19,8.91,21.7,30.61,1349.95,31.6,0.0,1349.95,31.6,0.0,114.06,53.09,3.29,170.44,0.0314,False,False
1780821278.1542974,youtube_cumbria_flood_rescue_828618,youtube_cumbria_flood_rescue_828618.mp4,119,50.0,640,480,combined,detect_combined,Non-Flooded,resnet18,False,False,4,tensorrt,tensorrt,tensorrt,17.54,17.54,54.34,57.0,5.47,21.84,27.31,1350.28,54.7,0.0,1350.28,54.7,0.0,114.06,53.09,3.29,170.44,0.0366,False,False
1780821278.2504601,youtube_cumbria_flood_rescue_828618,youtube_cumbria_flood_rescue_828618.mp4,120,50.0,640,480,combined,detect_combined,Non-Flooded,resnet18,False,False,6,tensorrt,tensorrt,tensorrt,16.07,16.07,57.31,62.22,7.58,17.35,24.93,1350.28,62.7,0.0,1350.28,62.7,0.0,114.06,53.09,3.29,170.44,0.0675,False,False
1780821278.3201027,youtube_cumbria_flood_rescue_828618,youtube_cumbria_flood_rescue_828618.mp4,121,50.0,640,480,combined,detect_combined,Non-Flooded,resnet18,False,False,3,tensorrt,tensorrt,tensorrt,27.03,27.03,35.4,36.99,4.25,11.58,15.83,1350.28,61.4,0.0,1350.28,61.4,0.0,114.06,53.09,3.29,170.44,0.1177,False,False
1780821278.3949738,youtube_cumbria_flood_rescue_828618,youtube_cumbria_flood_rescue_828618.mp4,122,50.0,640,480,combined,detect_combined,Non-Flooded,resnet18,False,False,6,tensorrt,tensorrt,tensorrt,22.1,22.1,42.6,45.24,5.7,10.92,16.62,1350.27,61.9,0.0,1350.27,61.9,0.0,114.06,53.09,3.29,170.44,0.0826,False,False
1780821278.4663074,youtube_cumbria_flood_rescue_828618,youtube_cumbria_flood_rescue_828618.mp4,123,50.0,640,480,combined,detect_combined,Non-Flooded,resnet18,False,False,5,tensorrt,tensorrt,tensorrt,22.59,22.59,42.36,44.27,6.11,10.67,16.78,1350.27,58.5,0.0,1350.27,58.5,0.0,114.06,53.09,3.29,170.44,0.0575,False,False
1780821278.5260694,youtube_cumbria_flood_rescue_828618,youtube_cumbria_flood_rescue_828618.mp4,124,50.0,640,480,combined,detect_combined,Non-Flooded,resnet18,False,False,4,tensorrt,tensorrt,tensorrt,27.41,27.41,34.83,36.49,4.06,10.27,14.329999999999998,1350.27,59.5,0.0,1350.27,59.5,0.0,114.06,53.09,3.29,170.44,0.0386,False,False
1780821278.5976105,youtube_cumbria_flood_rescue_828618,youtube_cumbria_flood_rescue_828618.mp4,125,50.0,640,480,combined,detect_combined,Non-Flooded,resnet18,False,False,3,tensorrt,tensorrt,tensorrt,22.6,22.6,42.72,44.24,6.12,12.2,18.32,1350.27,36.6,0.0,1350.27,36.6,0.0,114.06,53.09,3.29,170.44,0.0548,False,False
1780821278.6675565,youtube_cumbria_flood_rescue_828618,youtube_cumbria_flood_rescue_828618.mp4,126,50.0,640,480,combined,detect_combined,Non-Flooded,resnet18,False,False,3,tensorrt,tensorrt,tensorrt,22.26,22.26,43.48,44.93,7.67,9.46,17.130000000000003,1350.27,33.3,0.0,1350.27,33.3,0.0,114.06,53.09,3.29,170.44,0.0433,False,False
1780821278.7443025,youtube_cumbria_flood_rescue_828618,youtube_cumbria_flood_rescue_828618.mp4,127,50.0,640,480,combined,detect_combined,Non-Flooded,resnet18,False,False,3,tensorrt,tensorrt,tensorrt,21.26,21.26,45.59,47.05,4.93,16.51,21.44,1350.27,31.1,0.0,1350.27,31.1,0.0,114.06,53.09,3.29,170.44,0.0295,False,False
1780821278.8064613,youtube_cumbria_flood_rescue_828618,youtube_cumbria_flood_rescue_828618.mp4,128,50.0,640,480,combined,detect_combined,Non-Flooded,resnet18,False,False,3,tensorrt,tensorrt,tensorrt,26.56,26.56,35.35,37.66,4.36,10.87,15.23,1350.27,33.3,0.0,1350.27,33.3,0.0,114.06,53.09,3.29,170.44,0.0388,False,False
1780821278.877404,youtube_cumbria_flood_rescue_828618,youtube_cumbria_flood_rescue_828618.mp4,129,50.0,640,480,combined,detect_combined,Non-Flooded,resnet18,False,False,3,tensorrt,tensorrt,tensorrt,22.99,22.99,41.75,43.5,4.49,12.76,17.25,1350.27,40.9,0.0,1350.27,40.9,0.0,114.06,53.09,3.29,170.44,0.0661,False,False
1780821278.9439056,youtube_cumbria_flood_rescue_828618,youtube_cumbria_flood_rescue_828618.mp4,130,50.0,640,480,combined,detect_combined,Non-Flooded,resnet18,False,False,4,tensorrt,tensorrt,tensorrt,27.89,27.89,33.61,35.86,6.29,10.51,16.8,1350.27,33.3,0.0,1350.27,33.3,0.0,114.06,53.09,3.29,170.44,0.1012,False,False
1780821279.0130768,youtube_cumbria_flood_rescue_828618,youtube_cumbria_flood_rescue_828618.mp4,131,50.0,640,480,combined,detect_combined,Non-Flooded,resnet18,False,False,3,tensorrt,tensorrt,tensorrt,24.22,24.22,39.83,41.28,6.12,9.55,15.670000000000002,1350.27,32.5,0.0,1350.27,32.5,0.0,114.06,53.09,3.29,170.44,0.1028,False,False
1780821279.0888343,youtube_cumbria_flood_rescue_828618,youtube_cumbria_flood_rescue_828618.mp4,132,50.0,640,480,combined,detect_combined,Non-Flooded,resnet18,False,False,3,tensorrt,tensorrt,tensorrt,22.71,22.71,42.03,44.03,5.05,13.58,18.63,1350.26,38.3,0.0,1350.26,38.3,0.0,114.06,53.09,3.29,170.44,0.0805,False,False
1780821279.1676867,youtube_cumbria_flood_rescue_828618,youtube_cumbria_flood_rescue_828618.mp4,133,50.0,640,480,combined,detect_combined,Non-Flooded,resnet18,False,False,3,tensorrt,tensorrt,tensorrt,22.64,22.64,42.27,44.17,7.53,13.34,20.87,1350.26,37.5,0.0,1350.26,37.5,0.0,114.06,53.09,3.29,170.44,0.0525,False,False
1780821279.2369146,youtube_cumbria_flood_rescue_828618,youtube_cumbria_flood_rescue_828618.mp4,134,50.0,640,480,combined,detect_combined,Non-Flooded,resnet18,False,False,4,tensorrt,tensorrt,tensorrt,23.47,23.47,40.44,42.6,5.19,11.82,17.01,1350.26,37.2,0.0,1350.26,37.2,0.0,114.06,53.09,3.29,170.44,0.0955,False,False
1780821279.334598,youtube_cumbria_flood_rescue_828618,youtube_cumbria_flood_rescue_828618.mp4,135,50.0,640,480,combined,detect_combined,Non-Flooded,resnet18,False,False,4,tensorrt,tensorrt,tensorrt,15.44,15.44,62.64,64.76,6.25,15.89,22.14,1350.25,42.1,0.0,1350.25,42.1,0.0,114.06,53.09,3.29,170.44,0.0953,False,False
1780821279.404483,youtube_cumbria_flood_rescue_828618,youtube_cumbria_flood_rescue_828618.mp4,136,50.0,640,480,combined,detect_combined,Non-Flooded,resnet18,False,False,5,tensorrt,tensorrt,tensorrt,25.39,25.39,36.96,39.38,5.83,10.15,15.98,1350.25,47.7,0.0,1350.25,47.7,0.0,114.06,53.09,3.29,170.44,0.0787,False,False
1780821279.4838176,youtube_cumbria_flood_rescue_828618,youtube_cumbria_flood_rescue_828618.mp4,137,50.0,640,480,combined,detect_combined,Non-Flooded,resnet18,False,False,6,tensorrt,tensorrt,tensorrt,24.53,24.53,38.32,40.77,5.85,12.05,17.9,1350.25,30.4,0.0,1350.25,30.4,0.0,114.06,53.09,3.29,170.44,0.1026,False,False
1780821279.5600693,youtube_cumbria_flood_rescue_828618,youtube_cumbria_flood_rescue_828618.mp4,138,50.0,640,480,combined,detect_combined,Non-Flooded,resnet18,False,False,5,tensorrt,tensorrt,tensorrt,21.24,21.24,45.17,47.09,5.01,15.89,20.9,1350.25,34.1,0.0,1350.25,34.1,0.0,114.06,53.09,3.29,170.44,0.1248,False,False
1780821279.630132,youtube_cumbria_flood_rescue_828618,youtube_cumbria_flood_rescue_828618.mp4,139,50.0,640,480,combined,detect_combined,Non-Flooded,resnet18,False,False,5,tensorrt,tensorrt,tensorrt,25.64,25.64,36.17,38.99,7.18,10.58,17.759999999999998,1350.25,52.4,0.0,1350.25,52.4,0.0,114.06,53.09,3.29,170.44,0.1749,False,False
1780821279.7092142,youtube_cumbria_flood_rescue_828618,youtube_cumbria_flood_rescue_828618.mp4,140,50.0,640,480,combined,detect_combined,Non-Flooded,resnet18,False,False,5,tensorrt,tensorrt,tensorrt,20.92,20.92,45.57,47.81,4.36,14.83,19.19,1350.24,47.7,0.0,1350.24,47.7,0.0,114.06,53.09,3.29,170.44,0.1777,False,False
1780821279.79196,youtube_cumbria_flood_rescue_828618,youtube_cumbria_flood_rescue_828618.mp4,141,50.0,640,480,combined,detect_combined,Non-Flooded,resnet18,False,False,4,tensorrt,tensorrt,tensorrt,23.38,23.38,40.94,42.76,6.44,12.21,18.650000000000002,1350.23,51.9,0.0,1350.23,51.9,0.0,114.06,53.09,3.29,170.44,0.0961,False,False
1780821279.8681023,youtube_cumbria_flood_rescue_828618,youtube_cumbria_flood_rescue_828618.mp4,142,50.0,640,480,combined,detect_combined,Non-Flooded,resnet18,False,False,5,tensorrt,tensorrt,tensorrt,26.49,26.49,35.1,37.75,4.6,13.89,18.490000000000002,1350.23,55.6,0.0,1350.23,55.6,0.0,114.06,53.09,3.29,170.44,0.0994,False,False
1780821279.9453511,youtube_cumbria_flood_rescue_828618,youtube_cumbria_flood_rescue_828618.mp4,143,50.0,640,480,combined,detect_combined,Non-Flooded,resnet18,False,False,1,tensorrt,tensorrt,tensorrt,22.72,22.72,42.95,44.01,5.28,13.03,18.31,1350.23,51.1,0.0,1350.23,51.1,0.0,114.06,53.09,3.29,170.44,0.0964,False,False
1780821280.0116563,youtube_cumbria_flood_rescue_828618,youtube_cumbria_flood_rescue_828618.mp4,144,50.0,640,480,combined,detect_combined,Non-Flooded,resnet18,False,False,1,tensorrt,tensorrt,tensorrt,25.34,25.34,38.51,39.47,6.75,10.58,17.33,1350.23,44.7,0.0,1350.23,44.7,0.0,114.06,53.09,3.29,170.44,0.1012,False,False
1780821280.0852287,youtube_cumbria_flood_rescue_828618,youtube_cumbria_flood_rescue_828618.mp4,145,50.0,640,480,combined,detect_combined,Non-Flooded,resnet18,False,False,1,tensorrt,tensorrt,tensorrt,23.35,23.35,41.63,42.83,4.82,10.61,15.43,1350.23,35.6,0.0,1350.23,35.6,0.0,114.06,53.09,3.29,170.44,0.0918,False,False
1780821280.1604583,youtube_cumbria_flood_rescue_828618,youtube_cumbria_flood_rescue_828618.mp4,146,50.0,640,480,combined,detect_combined,Non-Flooded,resnet18,False,False,1,tensorrt,tensorrt,tensorrt,26.3,26.3,36.8,38.02,5.76,13.55,19.310000000000002,1350.23,37.0,0.0,1350.23,37.0,0.0,114.06,53.09,3.29,170.44,0.0342,False,False
1780821280.250572,youtube_cumbria_flood_rescue_828618,youtube_cumbria_flood_rescue_828618.mp4,147,50.0,640,480,combined,detect_combined,Non-Flooded,resnet18,False,False,2,tensorrt,tensorrt,tensorrt,21.13,21.13,45.41,47.32,5.95,15.9,21.85,1350.23,42.3,0.0,1350.23,42.3,0.0,114.06,53.09,3.29,170.44,0.03,False,False
1780821280.3301852,youtube_cumbria_flood_rescue_828618,youtube_cumbria_flood_rescue_828618.mp4,148,50.0,640,480,combined,detect_combined,Non-Flooded,resnet18,False,False,1,tensorrt,tensorrt,tensorrt,22.83,22.83,42.56,43.81,6.37,12.12,18.49,1350.23,53.1,0.0,1350.23,53.1,0.0,114.06,53.09,3.29,170.44,0.0,False,False
1780821280.4070766,youtube_cumbria_flood_rescue_828618,youtube_cumbria_flood_rescue_828618.mp4,149,50.0,640,480,combined,detect_combined,Non-Flooded,resnet18,False,False,0,tensorrt,tensorrt,tensorrt,23.9,23.9,41.37,41.85,6.61,12.41,19.02,1350.23,43.5,0.0,1350.23,43.5,0.0,114.06,53.09,3.29,170.44,0.0002,False,False
1780821280.496218,youtube_cumbria_flood_rescue_828618,youtube_cumbria_flood_rescue_828618.mp4,150,50.0,640,480,combined,detect_combined,Non-Flooded,resnet18,False,False,1,tensorrt,tensorrt,tensorrt,19.38,19.38,50.27,51.61,6.61,15.36,21.97,1350.23,47.2,0.0,1350.23,47.2,0.0,114.06,53.09,3.29,170.44,0.0091,False,False
1780821280.582163,youtube_cumbria_flood_rescue_828618,youtube_cumbria_flood_rescue_828618.mp4,151,50.0,640,480,combined,detect_combined,Non-Flooded,resnet18,False,False,1,tensorrt,tensorrt,tensorrt,20.13,20.13,48.21,49.67,7.43,12.02,19.45,1350.23,50.0,0.0,1350.23,50.0,0.0,114.06,53.09,3.29,170.44,0.0577,False,False
1780821280.6650863,youtube_cumbria_flood_rescue_828618,youtube_cumbria_flood_rescue_828618.mp4,152,50.0,640,480,combined,detect_combined,Non-Flooded,resnet18,False,False,1,tensorrt,tensorrt,tensorrt,21.6,21.6,45.23,46.29,6.78,13.22,20.0,1350.23,59.6,0.0,1350.23,59.6,0.0,114.06,53.09,3.29,170.44,0.0456,False,False
1780821280.7425787,youtube_cumbria_flood_rescue_828618,youtube_cumbria_flood_rescue_828618.mp4,153,50.0,640,480,combined,detect_combined,Non-Flooded,resnet18,False,False,1,tensorrt,tensorrt,tensorrt,24.29,24.29,40.17,41.17,5.42,13.09,18.509999999999998,1350.22,51.1,0.0,1350.22,51.1,0.0,114.06,53.09,3.29,170.44,0.0938,False,False
1780821280.8250084,youtube_cumbria_flood_rescue_828618,youtube_cumbria_flood_rescue_828618.mp4,154,50.0,640,480,combined,detect_combined,Non-Flooded,resnet18,False,False,1,tensorrt,tensorrt,tensorrt,19.51,19.51,49.89,51.26,5.63,17.99,23.619999999999997,1350.22,48.0,0.0,1350.22,48.0,0.0,114.06,53.09,3.29,170.44,0.0255,False,False
1780821280.9095478,youtube_cumbria_flood_rescue_828618,youtube_cumbria_flood_rescue_828618.mp4,155,50.0,640,480,combined,detect_combined,Non-Flooded,resnet18,False,False,1,tensorrt,tensorrt,tensorrt,23.12,23.12,42.23,43.24,9.57,17.57,27.14,1350.22,39.6,0.0,1350.22,39.6,0.0,114.06,53.09,3.29,170.44,0.0481,False,False
1780821280.9990358,youtube_cumbria_flood_rescue_828618,youtube_cumbria_flood_rescue_828618.mp4,156,50.0,640,480,combined,detect_combined,Non-Flooded,resnet18,False,False,3,tensorrt,tensorrt,tensorrt,18.51,18.51,52.13,54.02,6.33,17.58,23.909999999999997,1350.22,50.0,0.0,1350.22,50.0,0.0,114.06,53.09,3.29,170.44,0.0803,False,False
1780821281.082563,youtube_cumbria_flood_rescue_828618,youtube_cumbria_flood_rescue_828618.mp4,157,50.0,640,480,combined,detect_combined,Non-Flooded,resnet18,False,False,1,tensorrt,tensorrt,tensorrt,21.52,21.52,45.27,46.46,6.41,19.73,26.14,1350.22,51.0,0.0,1350.22,51.0,0.0,114.06,53.09,3.29,170.44,0.1175,False,False
1780821281.1494715,youtube_cumbria_flood_rescue_828618,youtube_cumbria_flood_rescue_828618.mp4,158,50.0,640,480,combined,detect_combined,Non-Flooded,resnet18,False,False,2,tensorrt,tensorrt,tensorrt,25.19,25.19,38.34,39.7,5.03,12.77,17.8,1350.22,48.7,0.0,1350.22,48.7,0.0,114.06,53.09,3.29,170.44,0.0916,False,False
1780821281.2212436,youtube_cumbria_flood_rescue_828618,youtube_cumbria_flood_rescue_828618.mp4,159,50.0,640,480,combined,detect_combined,Non-Flooded,resnet18,False,False,2,tensorrt,tensorrt,tensorrt,22.56,22.56,42.75,44.33,4.76,13.83,18.59,1350.21,51.2,0.0,1350.21,51.2,0.0,114.06,53.09,3.29,170.44,0.1055,False,False
1780821281.2957299,youtube_cumbria_flood_rescue_828618,youtube_cumbria_flood_rescue_828618.mp4,160,50.0,640,480,combined,detect_combined,Non-Flooded,resnet18,False,False,2,tensorrt,tensorrt,tensorrt,21.67,21.67,44.73,46.15,4.57,10.44,15.01,1350.21,42.2,0.0,1350.21,42.2,0.0,114.06,53.09,3.29,170.44,0.1249,False,False
1780821281.376107,youtube_cumbria_flood_rescue_828618,youtube_cumbria_flood_rescue_828618.mp4,161,50.0,640,480,combined,detect_combined,Non-Flooded,resnet18,False,False,2,tensorrt,tensorrt,tensorrt,19.55,19.55,49.87,51.14,6.03,18.12,24.150000000000002,1350.21,34.0,0.0,1350.21,34.0,0.0,114.06,53.09,3.29,170.44,0.1112,False,False
1780821281.4366689,youtube_cumbria_flood_rescue_828618,youtube_cumbria_flood_rescue_828618.mp4,162,50.0,640,480,combined,detect_combined,Non-Flooded,resnet18,False,False,1,tensorrt,tensorrt,tensorrt,29.95,29.95,32.53,33.39,4.08,8.52,12.6,1350.21,42.9,0.0,1350.21,42.9,0.0,114.06,53.09,3.29,170.44,0.1436,False,False
1780821281.5131135,youtube_cumbria_flood_rescue_828618,youtube_cumbria_flood_rescue_828618.mp4,163,50.0,640,480,combined,detect_combined,Non-Flooded,resnet18,False,False,1,tensorrt,tensorrt,tensorrt,21.23,21.23,45.34,47.09,4.62,12.19,16.81,1350.21,44.4,0.0,1350.21,44.4,0.0,114.06,53.09,3.29,170.44,0.1221,False,False
1780821281.5805411,youtube_cumbria_flood_rescue_828618,youtube_cumbria_flood_rescue_828618.mp4,164,50.0,640,480,combined,detect_combined,Non-Flooded,resnet18,False,False,1,tensorrt,tensorrt,tensorrt,23.47,23.47,41.48,42.61,4.37,11.94,16.31,1350.21,45.0,0.0,1350.21,45.0,0.0,114.06,53.09,3.29,170.44,0.1234,False,False
1780821281.6562667,youtube_cumbria_flood_rescue_828618,youtube_cumbria_flood_rescue_828618.mp4,165,50.0,640,480,combined,detect_combined,Non-Flooded,resnet18,False,False,1,tensorrt,tensorrt,tensorrt,20.3,20.3,48.21,49.25,5.21,17.04,22.25,1350.21,42.2,0.0,1350.21,42.2,0.0,114.06,53.09,3.29,170.44,0.1297,False,False
1780821281.7228186,youtube_cumbria_flood_rescue_828618,youtube_cumbria_flood_rescue_828618.mp4,166,50.0,640,480,combined,detect_combined,Non-Flooded,resnet18,False,False,2,tensorrt,tensorrt,tensorrt,23.06,23.06,42.25,43.36,5.5,8.86,14.36,1350.21,51.3,0.0,1350.21,51.3,0.0,114.06,53.09,3.29,170.44,0.058,False,False
1780821281.7996845,youtube_cumbria_flood_rescue_828618,youtube_cumbria_flood_rescue_828618.mp4,167,50.0,640,480,combined,detect_combined,Non-Flooded,resnet18,False,False,3,tensorrt,tensorrt,tensorrt,18.57,18.57,50.08,53.86,6.9,11.8,18.700000000000003,1350.21,47.7,0.0,1350.21,47.7,0.0,114.06,53.09,3.29,170.44,0.0281,False,False
1780821281.8638859,youtube_cumbria_flood_rescue_828618,youtube_cumbria_flood_rescue_828618.mp4,168,50.0,640,480,combined,detect_combined,Non-Flooded,resnet18,False,False,3,tensorrt,tensorrt,tensorrt,27.48,27.48,34.53,36.39,8.39,12.1,20.490000000000002,1350.23,43.4,0.0,1350.23,43.4,0.0,114.06,53.09,3.29,170.44,0.0569,False,False
1780821281.938377,youtube_cumbria_flood_rescue_828618,youtube_cumbria_flood_rescue_828618.mp4,169,50.0,640,480,combined,detect_combined,Non-Flooded,resnet18,False,False,2,tensorrt,tensorrt,tensorrt,24.51,24.51,39.7,40.8,6.52,11.41,17.93,1350.23,34.1,0.0,1350.23,34.1,0.0,114.06,53.09,3.29,170.44,0.0447,False,False
1780821282.020485,youtube_cumbria_flood_rescue_828618,youtube_cumbria_flood_rescue_828618.mp4,170,50.0,640,480,combined,detect_combined,Non-Flooded,resnet18,False,False,2,tensorrt,tensorrt,tensorrt,20.11,20.11,48.19,49.74,5.4,16.07,21.47,1350.23,31.9,0.0,1350.23,31.9,0.0,114.06,53.09,3.29,170.44,0.0466,False,False
1780821282.1057897,youtube_cumbria_flood_rescue_828618,youtube_cumbria_flood_rescue_828618.mp4,171,50.0,640,480,combined,detect_combined,Non-Flooded,resnet18,False,False,2,tensorrt,tensorrt,tensorrt,22.27,22.27,43.46,44.91,6.1,12.89,18.990000000000002,1350.75,43.4,0.0,1350.75,43.4,0.0,114.06,53.09,3.29,170.44,0.0907,False,False
1780821282.1781297,youtube_cumbria_flood_rescue_828618,youtube_cumbria_flood_rescue_828618.mp4,172,50.0,640,480,combined,detect_combined,Non-Flooded,resnet18,False,False,2,tensorrt,tensorrt,tensorrt,23.27,23.27,41.65,42.97,6.56,10.85,17.41,1350.74,47.6,0.0,1350.74,47.6,0.0,114.06,53.09,3.29,170.44,0.0792,False,False
1780821282.2535732,youtube_cumbria_flood_rescue_828618,youtube_cumbria_flood_rescue_828618.mp4,173,50.0,640,480,combined,detect_combined,Non-Flooded,resnet18,False,False,1,tensorrt,tensorrt,tensorrt,20.66,20.66,47.28,48.4,5.08,16.87,21.950000000000003,1350.74,51.1,0.0,1350.74,51.1,0.0,114.06,53.09,3.29,170.44,0.1051,False,False
1780821282.3220708,youtube_cumbria_flood_rescue_828618,youtube_cumbria_flood_rescue_828618.mp4,174,50.0,640,480,combined,detect_combined,Non-Flooded,resnet18,False,False,1,tensorrt,tensorrt,tensorrt,24.48,24.48,39.57,40.84,5.04,11.24,16.28,1350.74,51.2,0.0,1350.74,51.2,0.0,114.06,53.09,3.29,170.44,0.1164,False,False
1780821282.3830585,youtube_cumbria_flood_rescue_828618,youtube_cumbria_flood_rescue_828618.mp4,175,50.0,640,480,combined,detect_combined,Non-Flooded,resnet18,False,False,2,tensorrt,tensorrt,tensorrt,30.82,30.82,30.98,32.45,4.38,8.85,13.23,1350.74,51.4,0.0,1350.74,51.4,0.0,114.06,53.09,3.29,170.44,0.1746,False,False
1780821282.462811,youtube_cumbria_flood_rescue_828618,youtube_cumbria_flood_rescue_828618.mp4,176,50.0,640,480,combined,detect_combined,Non-Flooded,resnet18,False,False,2,tensorrt,tensorrt,tensorrt,22.27,22.27,43.29,44.9,5.5,15.56,21.060000000000002,1350.74,51.0,0.0,1350.74,51.0,0.0,114.06,53.09,3.29,170.44,0.1574,False,False
1780821282.5362704,youtube_cumbria_flood_rescue_828618,youtube_cumbria_flood_rescue_828618.mp4,177,50.0,640,480,combined,detect_combined,Non-Flooded,resnet18,False,False,2,tensorrt,tensorrt,tensorrt,23.91,23.91,40.68,41.82,5.67,8.88,14.55,1350.74,39.5,0.0,1350.74,39.5,0.0,114.06,53.09,3.29,170.44,0.1389,False,False
1780821282.6223793,youtube_cumbria_flood_rescue_828618,youtube_cumbria_flood_rescue_828618.mp4,178,50.0,640,480,combined,detect_combined,Non-Flooded,resnet18,False,False,2,tensorrt,tensorrt,tensorrt,19.22,19.22,50.3,52.04,6.15,15.15,21.3,1350.74,45.1,0.0,1350.74,45.1,0.0,114.06,53.09,3.29,170.44,0.1139,False,False
1780821282.681416,youtube_cumbria_flood_rescue_828618,youtube_cumbria_flood_rescue_828618.mp4,179,50.0,640,480,combined,detect_combined,Non-Flooded,resnet18,False,False,2,tensorrt,tensorrt,tensorrt,30.09,30.09,31.87,33.23,4.97,8.35,13.32,1350.73,44.1,0.0,1350.73,44.1,0.0,114.06,53.09,3.29,170.44,0.1042,False,False
1780821282.7525885,youtube_cumbria_flood_rescue_828618,youtube_cumbria_flood_rescue_828618.mp4,180,50.0,640,480,combined,detect_combined,Non-Flooded,resnet18,False,False,3,tensorrt,tensorrt,tensorrt,23.48,23.48,41.23,42.58,5.14,11.87,17.009999999999998,1350.73,38.6,0.0,1350.73,38.6,0.0,114.06,53.09,3.29,170.44,0.1266,False,False
1780821282.8286319,youtube_cumbria_flood_rescue_828618,youtube_cumbria_flood_rescue_828618.mp4,181,50.0,640,480,combined,detect_combined,Non-Flooded,resnet18,False,False,3,tensorrt,tensorrt,tensorrt,24.85,24.85,38.89,40.24,5.42,12.8,18.22,1350.73,34.8,0.0,1350.73,34.8,0.0,114.06,53.09,3.29,170.44,0.1357,False,False
1780821282.9061139,youtube_cumbria_flood_rescue_828618,youtube_cumbria_flood_rescue_828618.mp4,182,50.0,640,480,combined,detect_combined,Non-Flooded,resnet18,False,False,2,tensorrt,tensorrt,tensorrt,20.81,20.81,46.43,48.05,6.71,13.42,20.13,1350.73,37.0,0.0,1350.73,37.0,0.0,114.06,53.09,3.29,170.44,0.1543,False,False
1780821282.973986,youtube_cumbria_flood_rescue_828618,youtube_cumbria_flood_rescue_828618.mp4,183,50.0,640,480,combined,detect_combined,Non-Flooded,resnet18,False,False,3,tensorrt,tensorrt,tensorrt,24.1,24.1,39.7,41.5,5.01,9.22,14.23,1350.73,36.6,0.0,1350.73,36.6,0.0,114.06,53.09,3.29,170.44,0.1857,False,False
1780821283.0404997,youtube_cumbria_flood_rescue_828618,youtube_cumbria_flood_rescue_828618.mp4,184,50.0,640,480,combined,detect_combined,Non-Flooded,resnet18,False,False,2,tensorrt,tensorrt,tensorrt,26.28,26.28,36.69,38.05,4.43,10.14,14.57,1350.73,37.5,0.0,1350.73,37.5,0.0,114.06,53.09,3.29,170.44,0.1483,False,False
1780821283.1158855,youtube_cumbria_flood_rescue_828618,youtube_cumbria_flood_rescue_828618.mp4,185,50.0,640,480,combined,detect_combined,Non-Flooded,resnet18,False,False,2,tensorrt,tensorrt,tensorrt,21.06,21.06,45.96,47.49,5.27,14.93,20.2,1350.73,29.5,0.0,1350.73,29.5,0.0,114.06,53.09,3.29,170.44,0.1213,False,False
1780821283.1876845,youtube_cumbria_flood_rescue_828618,youtube_cumbria_flood_rescue_828618.mp4,186,50.0,640,480,combined,detect_combined,Non-Flooded,resnet18,False,False,2,tensorrt,tensorrt,tensorrt,27.53,27.53,34.76,36.33,5.44,13.25,18.69,1350.73,34.9,0.0,1350.73,34.9,0.0,114.06,53.09,3.29,170.44,0.0769,False,False
1780821283.2693613,youtube_cumbria_flood_rescue_828618,youtube_cumbria_flood_rescue_828618.mp4,187,50.0,640,480,combined,detect_combined,Non-Flooded,resnet18,False,False,2,tensorrt,tensorrt,tensorrt,20.54,20.54,46.97,48.69,5.55,15.63,21.18,1350.72,29.8,0.0,1350.72,29.8,0.0,114.06,53.09,3.29,170.44,0.1378,False,False
1780821283.3433566,youtube_cumbria_flood_rescue_828618,youtube_cumbria_flood_rescue_828618.mp4,188,50.0,640,480,combined,detect_combined,Non-Flooded,resnet18,False,False,2,tensorrt,tensorrt,tensorrt,21.85,21.85,44.37,45.77,8.32,12.72,21.04,1350.72,35.6,0.0,1350.72,35.6,0.0,114.06,53.09,3.29,170.44,0.1099,False,False
1780821283.4129996,youtube_cumbria_flood_rescue_828618,youtube_cumbria_flood_rescue_828618.mp4,189,50.0,640,480,combined,detect_combined,Non-Flooded,resnet18,False,False,3,tensorrt,tensorrt,tensorrt,26.44,26.44,36.19,37.81,5.23,10.97,16.200000000000003,1350.72,35.0,0.0,1350.72,35.0,0.0,114.06,53.09,3.29,170.44,0.103,False,False
1780821283.4860125,youtube_cumbria_flood_rescue_828618,youtube_cumbria_flood_rescue_828618.mp4,190,50.0,640,480,combined,detect_combined,Non-Flooded,resnet18,False,False,3,tensorrt,tensorrt,tensorrt,22.34,22.34,43.33,44.76,7.54,12.58,20.12,1350.72,53.3,0.0,1350.72,53.3,0.0,114.06,53.09,3.29,170.44,0.0676,False,False
1780821283.5516026,youtube_cumbria_flood_rescue_828618,youtube_cumbria_flood_rescue_828618.mp4,191,50.0,640,480,combined,detect_combined,Non-Flooded,resnet18,False,False,5,tensorrt,tensorrt,tensorrt,26.55,26.55,35.71,37.67,4.41,8.47,12.88,1350.72,52.8,0.0,1350.72,52.8,0.0,114.06,53.09,3.29,170.44,0.0983,False,False
1780821283.623042,youtube_cumbria_flood_rescue_828618,youtube_cumbria_flood_rescue_828618.mp4,192,50.0,640,480,combined,detect_combined,Non-Flooded,resnet18,False,False,5,tensorrt,tensorrt,tensorrt,21.24,21.24,44.73,47.08,4.58,12.04,16.619999999999997,1350.72,51.2,0.0,1350.72,51.2,0.0,114.06,53.09,3.29,170.44,0.041,False,False
1780821283.7017887,youtube_cumbria_flood_rescue_828618,youtube_cumbria_flood_rescue_828618.mp4,193,50.0,640,480,combined,detect_combined,Non-Flooded,resnet18,False,False,5,tensorrt,tensorrt,tensorrt,20.57,20.57,45.69,48.6,5.25,15.57,20.82,1350.71,51.0,0.0,1350.71,51.0,0.0,114.06,53.09,3.29,170.44,0.0426,False,False
1780821283.7880135,youtube_cumbria_flood_rescue_828618,youtube_cumbria_flood_rescue_828618.mp4,194,50.0,640,480,combined,detect_combined,Non-Flooded,resnet18,False,False,5,tensorrt,tensorrt,tensorrt,18.7,18.7,50.03,53.48,6.57,14.81,21.380000000000003,1350.71,49.0,0.0,1350.71,49.0,0.0,114.06,53.09,3.29,170.44,0.0591,False,False
1780821283.869574,youtube_cumbria_flood_rescue_828618,youtube_cumbria_flood_rescue_828618.mp4,195,50.0,640,480,combined,detect_combined,Non-Flooded,resnet18,False,False,5,tensorrt,tensorrt,tensorrt,23.64,23.64,39.5,42.3,6.52,14.81,21.33,1350.71,33.3,0.0,1350.71,33.3,0.0,114.06,53.09,3.29,170.44,0.0656,False,False
1780821283.944293,youtube_cumbria_flood_rescue_828618,youtube_cumbria_flood_rescue_828618.mp4,196,50.0,640,480,combined,detect_combined,Non-Flooded,resnet18,False,False,5,tensorrt,tensorrt,tensorrt,22.82,22.82,42.02,43.82,4.99,13.0,17.990000000000002,1350.71,35.6,0.0,1350.71,35.6,0.0,114.06,53.09,3.29,170.44,0.0772,False,False
1780821284.0281851,youtube_cumbria_flood_rescue_828618,youtube_cumbria_flood_rescue_828618.mp4,197,50.0,640,480,combined,detect_combined,Non-Flooded,resnet18,False,False,4,tensorrt,tensorrt,tensorrt,21.41,21.41,44.1,46.7,7.36,13.25,20.61,1350.71,34.0,0.0,1350.71,34.0,0.0,114.06,53.09,3.29,170.44,0.1278,False,False
1780821284.1173737,youtube_cumbria_flood_rescue_828618,youtube_cumbria_flood_rescue_828618.mp4,198,50.0,640,480,combined,detect_combined,Non-Flooded,resnet18,False,False,4,tensorrt,tensorrt,tensorrt,17.6,17.6,54.87,56.83,7.09,22.09,29.18,1350.71,46.3,0.0,1350.71,46.3,0.0,114.06,53.09,3.29,170.44,0.0387,False,False
1780821284.1861935,youtube_cumbria_flood_rescue_828618,youtube_cumbria_flood_rescue_828618.mp4,199,50.0,640,480,combined,detect_combined,Non-Flooded,resnet18,False,False,4,tensorrt,tensorrt,tensorrt,21.39,21.39,44.14,46.75,5.82,10.98,16.8,1350.71,50.0,0.0,1350.71,50.0,0.0,114.06,53.09,3.29,170.44,0.0524,False,False
1780821284.2594416,youtube_cumbria_flood_rescue_828618,youtube_cumbria_flood_rescue_828618.mp4,200,50.0,640,480,combined,detect_combined,Non-Flooded,resnet18,False,False,4,tensorrt,tensorrt,tensorrt,22.62,22.62,41.94,44.21,5.29,12.11,17.4,1350.71,46.3,0.0,1350.71,46.3,0.0,114.06,53.09,3.29,170.44,0.0392,False,False
1780821284.343002,youtube_cumbria_flood_rescue_828618,youtube_cumbria_flood_rescue_828618.mp4,201,50.0,640,480,combined,detect_combined,Non-Flooded,resnet18,False,False,4,tensorrt,tensorrt,tensorrt,17.73,17.73,54.4,56.41,10.15,16.71,26.86,1351.91,54.2,0.0,1351.91,54.2,0.0,114.06,53.09,3.29,170.44,0.0703,False,False
1780821284.4121594,youtube_cumbria_flood_rescue_828618,youtube_cumbria_flood_rescue_828618.mp4,202,50.0,640,480,combined,detect_combined,Non-Flooded,resnet18,False,False,3,tensorrt,tensorrt,tensorrt,23.67,23.67,40.06,42.25,6.26,15.5,21.759999999999998,1351.9,50.0,0.0,1351.9,50.0,0.0,114.06,53.09,3.29,170.44,0.1112,False,False
1780821284.4914637,youtube_cumbria_flood_rescue_828618,youtube_cumbria_flood_rescue_828618.mp4,203,50.0,640,480,combined,detect_combined,Non-Flooded,resnet18,False,False,2,tensorrt,tensorrt,tensorrt,20.72,20.72,46.37,48.27,5.94,15.5,21.44,1351.9,40.0,0.0,1351.9,40.0,0.0,114.06,53.09,3.29,170.44,0.082,False,False
1780821284.580232,youtube_cumbria_flood_rescue_828618,youtube_cumbria_flood_rescue_828618.mp4,204,50.0,640,480,combined,detect_combined,Non-Flooded,resnet18,False,False,3,tensorrt,tensorrt,tensorrt,21.45,21.45,44.88,46.62,6.47,13.06,19.53,1351.9,32.0,0.0,1351.9,32.0,0.0,114.06,53.09,3.29,170.44,0.1241,False,False
1780821284.658626,youtube_cumbria_flood_rescue_828618,youtube_cumbria_flood_rescue_828618.mp4,205,50.0,640,480,combined,detect_combined,Non-Flooded,resnet18,False,False,2,tensorrt,tensorrt,tensorrt,24.88,24.88,38.87,40.2,5.71,14.2,19.91,1351.9,42.6,0.0,1351.9,42.6,0.0,114.06,53.09,3.29,170.44,0.1275,False,False
1780821284.7277758,youtube_cumbria_flood_rescue_828618,youtube_cumbria_flood_rescue_828618.mp4,206,50.0,640,480,combined,detect_combined,Non-Flooded,resnet18,False,False,3,tensorrt,tensorrt,tensorrt,22.72,22.72,42.36,44.01,4.31,13.73,18.04,1351.9,48.7,0.0,1351.9,48.7,0.0,114.06,53.09,3.29,170.44,0.0986,False,False
1780821284.8058019,youtube_cumbria_flood_rescue_828618,youtube_cumbria_flood_rescue_828618.mp4,207,50.0,640,480,combined,detect_combined,Non-Flooded,resnet18,False,False,4,tensorrt,tensorrt,tensorrt,22.49,22.49,41.99,44.46,7.54,14.27,21.81,1351.9,54.3,0.0,1351.9,54.3,0.0,114.06,53.09,3.29,170.44,0.0935,False,False
1780821284.882575,youtube_cumbria_flood_rescue_828618,youtube_cumbria_flood_rescue_828618.mp4,208,50.0,640,480,combined,detect_combined,Non-Flooded,resnet18,False,False,4,tensorrt,tensorrt,tensorrt,20.27,20.27,47.02,49.34,5.52,14.49,20.009999999999998,1351.9,57.4,0.0,1351.9,57.4,0.0,114.06,53.09,3.29,170.44,0.1205,False,False
1780821284.9677687,youtube_cumbria_flood_rescue_828618,youtube_cumbria_flood_rescue_828618.mp4,209,50.0,640,480,combined,detect_combined,Non-Flooded,resnet18,False,False,3,tensorrt,tensorrt,tensorrt,20.18,20.18,47.83,49.54,8.91,14.23,23.14,1351.9,61.5,0.0,1351.9,61.5,0.0,114.06,53.09,3.29,170.44,0.1112,False,False
1780821285.036248,youtube_cumbria_flood_rescue_828618,youtube_cumbria_flood_rescue_828618.mp4,210,50.0,640,480,combined,detect_combined,Non-Flooded,resnet18,False,False,3,tensorrt,tensorrt,tensorrt,26.81,26.81,35.47,37.3,4.88,13.23,18.11,1351.9,53.5,0.0,1351.9,53.5,0.0,114.06,53.09,3.29,170.44,0.1372,False,False
1780821285.112763,youtube_cumbria_flood_rescue_828618,youtube_cumbria_flood_rescue_828618.mp4,211,50.0,640,480,combined,detect_combined,Non-Flooded,resnet18,False,False,3,tensorrt,tensorrt,tensorrt,23.04,23.04,42.07,43.41,5.82,11.64,17.46,1351.9,46.7,0.0,1351.9,46.7,0.0,114.06,53.09,3.29,170.44,0.1566,False,False
1780821285.188125,youtube_cumbria_flood_rescue_828618,youtube_cumbria_flood_rescue_828618.mp4,212,50.0,640,480,combined,detect_combined,Non-Flooded,resnet18,False,False,3,tensorrt,tensorrt,tensorrt,21.94,21.94,43.58,45.58,6.9,13.03,19.93,1351.9,32.6,0.0,1351.9,32.6,0.0,114.06,53.09,3.29,170.44,0.0932,False,False
1780821285.268133,youtube_cumbria_flood_rescue_828618,youtube_cumbria_flood_rescue_828618.mp4,213,50.0,640,480,combined,detect_combined,Non-Flooded,resnet18,False,False,2,tensorrt,tensorrt,tensorrt,21.89,21.89,44.34,45.69,9.43,15.27,24.7,1351.9,28.9,0.0,1351.9,28.9,0.0,114.06,53.09,3.29,170.44,0.1429,False,False
1780821285.3437152,youtube_cumbria_flood_rescue_828618,youtube_cumbria_flood_rescue_828618.mp4,214,50.0,640,480,combined,detect_combined,Non-Flooded,resnet18,False,False,1,tensorrt,tensorrt,tensorrt,20.93,20.93,46.68,47.78,5.63,16.3,21.93,1351.9,30.2,0.0,1351.9,30.2,0.0,114.06,53.09,3.29,170.44,0.0874,False,False
1780821285.424983,youtube_cumbria_flood_rescue_828618,youtube_cumbria_flood_rescue_828618.mp4,215,50.0,640,480,combined,detect_combined,Non-Flooded,resnet18,False,False,2,tensorrt,tensorrt,tensorrt,21.69,21.69,44.8,46.11,5.62,15.88,21.5,1351.9,40.0,0.0,1351.9,40.0,0.0,114.06,53.09,3.29,170.44,0.1015,False,False
1780821285.5098906,youtube_cumbria_flood_rescue_828618,youtube_cumbria_flood_rescue_828618.mp4,216,50.0,640,480,combined,detect_combined,Non-Flooded,resnet18,False,False,2,tensorrt,tensorrt,tensorrt,18.8,18.8,51.56,53.19,7.53,20.26,27.790000000000003,1351.9,34.6,0.0,1351.9,34.6,0.0,114.06,53.09,3.29,170.44,0.0549,False,False
1780821285.6059153,youtube_cumbria_flood_rescue_828618,youtube_cumbria_flood_rescue_828618.mp4,217,50.0,640,480,combined,detect_combined,Non-Flooded,resnet18,False,False,1,tensorrt,tensorrt,tensorrt,19.73,19.73,49.49,50.7,7.91,21.71,29.62,1351.9,30.4,0.0,1351.9,30.4,0.0,114.06,53.09,3.29,170.44,0.087,False,False
1780821285.687013,youtube_cumbria_flood_rescue_828618,youtube_cumbria_flood_rescue_828618.mp4,218,50.0,640,480,combined,detect_combined,Non-Flooded,resnet18,False,False,1,tensorrt,tensorrt,tensorrt,25.6,25.6,38.0,39.06,6.49,12.82,19.310000000000002,1351.9,36.7,0.0,1351.9,36.7,0.0,114.06,53.09,3.29,170.44,0.0725,False,False
1780821285.766752,youtube_cumbria_flood_rescue_828618,youtube_cumbria_flood_rescue_828618.mp4,219,50.0,640,480,combined,detect_combined,Non-Flooded,resnet18,False,False,1,tensorrt,tensorrt,tensorrt,21.23,21.23,45.9,47.11,7.84,14.76,22.6,1351.9,38.0,0.0,1351.9,38.0,0.0,114.06,53.09,3.29,170.44,0.0503,False,False
1780821285.8548617,youtube_cumbria_flood_rescue_828618,youtube_cumbria_flood_rescue_828618.mp4,220,50.0,640,480,combined,detect_combined,Non-Flooded,resnet18,False,False,1,tensorrt,tensorrt,tensorrt,19.51,19.51,50.4,51.26,8.36,21.53,29.89,1351.9,35.8,0.0,1351.9,35.8,0.0,114.06,53.09,3.29,170.44,0.1508,False,False
1780821285.931568,youtube_cumbria_flood_rescue_828618,youtube_cumbria_flood_rescue_828618.mp4,221,50.0,640,480,combined,detect_combined,Non-Flooded,resnet18,False,False,2,tensorrt,tensorrt,tensorrt,21.49,21.49,45.4,46.53,6.64,16.1,22.740000000000002,1351.9,40.5,0.0,1351.9,40.5,0.0,114.06,53.09,3.29,170.44,0.1333,False,False
1780821286.0010173,youtube_cumbria_flood_rescue_828618,youtube_cumbria_flood_rescue_828618.mp4,222,50.0,640,480,combined,detect_combined,Flooded,deeplabv3plus,True,False,2,tensorrt,tensorrt,tensorrt,27.1,27.1,34.88,36.9,4.57,13.82,18.39,1351.9,56.4,0.0,1351.9,56.4,0.0,114.06,53.09,3.29,170.44,0.2137,False,False
1780821286.0839748,youtube_cumbria_flood_rescue_828618,youtube_cumbria_flood_rescue_828618.mp4,223,50.0,640,480,combined,detect_combined,Flooded,deeplabv3plus,False,False,2,tensorrt,tensorrt,tensorrt,22.65,22.65,42.34,44.14,6.09,13.43,19.52,1351.9,63.8,0.0,1351.9,63.8,0.0,114.06,53.09,3.29,170.44,0.2145,False,False
1780821286.1667376,youtube_cumbria_flood_rescue_828618,youtube_cumbria_flood_rescue_828618.mp4,224,50.0,640,480,combined,detect_combined,Flooded,deeplabv3plus,False,False,2,tensorrt,tensorrt,tensorrt,19.16,19.16,51.03,52.2,8.74,15.77,24.509999999999998,1351.9,60.0,0.0,1351.9,60.0,0.0,114.06,53.09,3.29,170.44,0.3161,False,False
1780821286.230592,youtube_cumbria_flood_rescue_828618,youtube_cumbria_flood_rescue_828618.mp4,225,50.0,640,480,combined,detect_combined,Flooded,deeplabv3plus,False,False,1,tensorrt,tensorrt,tensorrt,27.85,27.85,34.82,35.91,3.97,13.7,17.669999999999998,1351.9,63.2,0.0,1351.9,63.2,0.0,114.06,53.09,3.29,170.44,0.2891,False,False
1780821286.293307,youtube_cumbria_flood_rescue_828618,youtube_cumbria_flood_rescue_828618.mp4,226,50.0,640,480,combined,detect_combined,Flooded,deeplabv3plus,False,False,1,tensorrt,tensorrt,tensorrt,25.32,25.32,38.6,39.5,6.78,8.56,15.34,1351.9,63.9,0.0,1351.9,63.9,0.0,114.06,53.09,3.29,170.44,0.288,False,False
1780821286.358012,youtube_cumbria_flood_rescue_828618,youtube_cumbria_flood_rescue_828618.mp4,227,50.0,640,480,combined,detect_combined,Flooded,deeplabv3plus,False,False,1,tensorrt,tensorrt,tensorrt,23.77,23.77,39.25,42.07,5.15,8.74,13.89,1351.9,55.3,0.0,1351.9,55.3,0.0,114.06,53.09,3.29,170.44,0.3159,False,False
1780821286.4304543,youtube_cumbria_flood_rescue_828618,youtube_cumbria_flood_rescue_828618.mp4,228,50.0,640,480,combined,detect_combined,Flooded,deeplabv3plus,False,False,1,tensorrt,tensorrt,tensorrt,24.64,24.64,39.76,40.58,4.89,12.18,17.07,1351.9,46.5,0.0,1351.9,46.5,0.0,114.06,53.09,3.29,170.44,0.2974,False,False
1780821286.5042937,youtube_cumbria_flood_rescue_828618,youtube_cumbria_flood_rescue_828618.mp4,229,50.0,640,480,combined,detect_combined,Flooded,deeplabv3plus,False,False,1,tensorrt,tensorrt,tensorrt,22.98,22.98,42.63,43.52,4.67,13.53,18.2,1351.89,32.6,0.0,1351.89,32.6,0.0,114.06,53.09,3.29,170.44,0.2474,False,False
1780821286.5749636,youtube_cumbria_flood_rescue_828618,youtube_cumbria_flood_rescue_828618.mp4,230,50.0,640,480,combined,detect_combined,Flooded,deeplabv3plus,False,False,1,tensorrt,tensorrt,tensorrt,22.73,22.73,42.51,44.0,7.32,9.56,16.880000000000003,1351.89,31.7,0.0,1351.89,31.7,0.0,114.06,53.09,3.29,170.44,0.276,False,False
1780821286.6480813,youtube_cumbria_flood_rescue_828618,youtube_cumbria_flood_rescue_828618.mp4,231,50.0,640,480,combined,detect_combined,Flooded,deeplabv3plus,False,False,1,tensorrt,tensorrt,tensorrt,24.24,24.24,40.16,41.26,6.26,10.74,17.0,1351.89,31.0,0.0,1351.89,31.0,0.0,114.06,53.09,3.29,170.44,0.238,False,False
1780821286.7259007,youtube_cumbria_flood_rescue_828618,youtube_cumbria_flood_rescue_828618.mp4,232,50.0,640,480,combined,detect_combined,Flooded,deeplabv3plus,False,False,1,tensorrt,tensorrt,tensorrt,25.03,25.03,38.74,39.96,7.51,16.81,24.32,1351.89,33.3,0.0,1351.89,33.3,0.0,114.06,53.09,3.29,170.44,0.2531,False,False
1780821286.8024218,youtube_cumbria_flood_rescue_828618,youtube_cumbria_flood_rescue_828618.mp4,233,50.0,640,480,combined,detect_combined,Flooded,deeplabv3plus,False,False,1,tensorrt,tensorrt,tensorrt,24.82,24.82,39.34,40.3,5.23,11.7,16.93,1352.14,47.8,0.0,1352.14,47.8,0.0,114.06,53.09,3.29,170.44,0.2525,False,False
1780821286.8694527,youtube_cumbria_flood_rescue_828618,youtube_cumbria_flood_rescue_828618.mp4,234,50.0,640,480,combined,detect_combined,Flooded,deeplabv3plus,False,False,1,tensorrt,tensorrt,tensorrt,28.15,28.15,34.6,35.53,5.29,10.66,15.95,1352.21,43.2,0.0,1352.21,43.2,0.0,114.06,53.09,3.29,170.44,0.2773,False,False
1780821286.947921,youtube_cumbria_flood_rescue_828618,youtube_cumbria_flood_rescue_828618.mp4,235,50.0,640,480,combined,detect_combined,Flooded,deeplabv3plus,False,False,1,tensorrt,tensorrt,tensorrt,20.28,20.28,48.19,49.32,9.72,15.55,25.270000000000003,1352.21,48.8,0.0,1352.21,48.8,0.0,114.06,53.09,3.29,170.44,0.2786,False,False
1780821287.023484,youtube_cumbria_flood_rescue_828618,youtube_cumbria_flood_rescue_828618.mp4,236,50.0,640,480,combined,detect_combined,Flooded,deeplabv3plus,False,False,1,tensorrt,tensorrt,tensorrt,21.55,21.55,45.37,46.41,5.66,17.79,23.45,1352.21,48.9,0.0,1352.21,48.9,0.0,114.06,53.09,3.29,170.44,0.2381,False,False
1780821287.0852263,youtube_cumbria_flood_rescue_828618,youtube_cumbria_flood_rescue_828618.mp4,237,50.0,640,480,combined,detect_combined,Flooded,deeplabv3plus,False,False,1,tensorrt,tensorrt,tensorrt,26.94,26.94,36.27,37.11,4.23,9.0,13.23,1352.21,47.2,0.0,1352.21,47.2,0.0,114.06,53.09,3.29,170.44,0.2645,False,False
1780821287.1547842,youtube_cumbria_flood_rescue_828618,youtube_cumbria_flood_rescue_828618.mp4,238,50.0,640,480,combined,detect_combined,Flooded,deeplabv3plus,False,False,1,tensorrt,tensorrt,tensorrt,21.85,21.85,44.8,45.77,4.83,14.43,19.259999999999998,1352.21,31.7,0.0,1352.21,31.7,0.0,114.06,53.09,3.29,170.44,0.2523,False,False
1780821287.2324848,youtube_cumbria_flood_rescue_828618,youtube_cumbria_flood_rescue_828618.mp4,239,50.0,640,480,combined,detect_combined,Flooded,deeplabv3plus,False,False,1,tensorrt,tensorrt,tensorrt,24.5,24.5,39.63,40.82,4.93,12.67,17.6,1352.2,34.7,0.0,1352.2,34.7,0.0,114.06,53.09,3.29,170.44,0.2542,False,False
1780821287.3100684,youtube_cumbria_flood_rescue_828618,youtube_cumbria_flood_rescue_828618.mp4,240,50.0,640,480,combined,detect_combined,Flooded,deeplabv3plus,False,False,1,tensorrt,tensorrt,tensorrt,23.86,23.86,40.92,41.91,5.2,13.87,19.07,1352.2,56.5,0.0,1352.2,56.5,0.0,114.06,53.09,3.29,170.44,0.2496,False,False
1780821287.383129,youtube_cumbria_flood_rescue_828618,youtube_cumbria_flood_rescue_828618.mp4,241,50.0,640,480,combined,detect_combined,Flooded,deeplabv3plus,False,False,1,tensorrt,tensorrt,tensorrt,20.08,20.08,47.75,49.81,6.0,8.48,14.48,1352.2,63.6,0.0,1352.2,63.6,0.0,114.06,53.09,3.29,170.44,0.2692,False,False
1780821287.453311,youtube_cumbria_flood_rescue_828618,youtube_cumbria_flood_rescue_828618.mp4,242,50.0,640,480,combined,detect_combined,Flooded,deeplabv3plus,False,False,2,tensorrt,tensorrt,tensorrt,26.24,26.24,36.34,38.11,5.18,13.63,18.810000000000002,1352.2,55.0,0.0,1352.2,55.0,0.0,114.06,53.09,3.29,170.44,0.2774,False,False
1780821287.5136561,youtube_cumbria_flood_rescue_828618,youtube_cumbria_flood_rescue_828618.mp4,243,50.0,640,480,combined,detect_combined,Flooded,deeplabv3plus,False,False,2,tensorrt,tensorrt,tensorrt,26.92,26.92,35.9,37.15,5.93,8.64,14.57,1352.2,54.3,0.0,1352.2,54.3,0.0,114.06,53.09,3.29,170.44,0.2574,False,False
1780821287.5897799,youtube_cumbria_flood_rescue_828618,youtube_cumbria_flood_rescue_828618.mp4,244,50.0,640,480,combined,detect_combined,Flooded,deeplabv3plus,False,False,2,tensorrt,tensorrt,tensorrt,21.25,21.25,45.97,47.06,4.88,11.93,16.81,1352.2,55.8,0.0,1352.2,55.8,0.0,114.06,53.09,3.29,170.44,0.2556,False,False
1780821287.6585546,youtube_cumbria_flood_rescue_828618,youtube_cumbria_flood_rescue_828618.mp4,245,50.0,640,480,combined,detect_combined,Flooded,deeplabv3plus,False,False,1,tensorrt,tensorrt,tensorrt,20.87,20.87,46.79,47.91,11.53,9.08,20.61,1352.2,57.1,0.0,1352.2,57.1,0.0,114.06,53.09,3.29,170.44,0.2338,False,False
1780821287.7339625,youtube_cumbria_flood_rescue_828618,youtube_cumbria_flood_rescue_828618.mp4,246,50.0,640,480,combined,detect_combined,Flooded,deeplabv3plus,False,False,1,tensorrt,tensorrt,tensorrt,22.98,22.98,42.22,43.52,5.53,14.15,19.68,1352.2,40.0,0.0,1352.2,40.0,0.0,114.06,53.09,3.29,170.44,0.2189,False,False
1780821287.8174474,youtube_cumbria_flood_rescue_828618,youtube_cumbria_flood_rescue_828618.mp4,247,50.0,640,480,combined,detect_combined,Flooded,deeplabv3plus,False,False,1,tensorrt,tensorrt,tensorrt,21.81,21.81,44.64,45.85,5.18,15.99,21.17,1352.2,32.7,0.0,1352.2,32.7,0.0,114.06,53.09,3.29,170.44,0.2344,False,False
1780821287.8951647,youtube_cumbria_flood_rescue_828618,youtube_cumbria_flood_rescue_828618.mp4,248,50.0,640,480,combined,detect_combined,Flooded,deeplabv3plus,False,False,1,tensorrt,tensorrt,tensorrt,22.62,22.62,42.89,44.21,6.36,14.83,21.19,1352.2,27.9,0.0,1352.2,27.9,0.0,114.06,53.09,3.29,170.44,0.2164,False,False
1780821287.969433,youtube_cumbria_flood_rescue_828618,youtube_cumbria_flood_rescue_828618.mp4,249,50.0,640,480,combined,detect_combined,Flooded,deeplabv3plus,False,False,1,tensorrt,tensorrt,tensorrt,21.94,21.94,44.34,45.57,4.87,15.15,20.02,1352.2,30.2,0.0,1352.2,30.2,0.0,114.06,53.09,3.29,170.44,0.2221,False,False
1780821288.0401847,youtube_cumbria_flood_rescue_828618,youtube_cumbria_flood_rescue_828618.mp4,250,50.0,640,480,combined,detect_combined,Non-Flooded,resnet18,True,False,2,tensorrt,tensorrt,tensorrt,23.12,23.12,41.9,43.25,7.04,9.75,16.79,1352.2,36.4,0.0,1352.2,36.4,0.0,114.06,53.09,3.29,170.44,0.1726,False,False
1780821288.1099026,youtube_cumbria_flood_rescue_828618,youtube_cumbria_flood_rescue_828618.mp4,251,50.0,640,480,combined,detect_combined,Non-Flooded,resnet18,False,False,1,tensorrt,tensorrt,tensorrt,24.0,24.0,40.71,41.67,5.02,12.77,17.79,1352.2,34.1,0.0,1352.2,34.1,0.0,114.06,53.09,3.29,170.44,0.167,False,False
1780821288.184341,youtube_cumbria_flood_rescue_828618,youtube_cumbria_flood_rescue_828618.mp4,252,50.0,640,480,combined,detect_combined,Non-Flooded,resnet18,False,False,1,tensorrt,tensorrt,tensorrt,21.14,21.14,46.11,47.3,4.68,15.21,19.89,1352.2,31.1,0.0,1352.2,31.1,0.0,114.06,53.09,3.29,170.44,0.1503,False,False
1780821288.2577941,youtube_cumbria_flood_rescue_828618,youtube_cumbria_flood_rescue_828618.mp4,253,50.0,640,480,combined,detect_combined,Non-Flooded,resnet18,False,False,1,tensorrt,tensorrt,tensorrt,23.17,23.17,42.0,43.16,7.08,13.14,20.22,1352.2,34.1,0.0,1352.2,34.1,0.0,114.06,53.09,3.29,170.44,0.14,False,False
1780821288.3350906,youtube_cumbria_flood_rescue_828618,youtube_cumbria_flood_rescue_828618.mp4,254,50.0,640,480,combined,detect_combined,Non-Flooded,resnet18,False,False,1,tensorrt,tensorrt,tensorrt,21.58,21.58,45.15,46.33,5.61,13.81,19.42,1352.2,31.1,0.0,1352.2,31.1,0.0,114.06,53.09,3.29,170.44,0.1503,False,False
1780821288.411505,youtube_cumbria_flood_rescue_828618,youtube_cumbria_flood_rescue_828618.mp4,255,50.0,640,480,combined,detect_combined,Non-Flooded,resnet18,False,False,1,tensorrt,tensorrt,tensorrt,23.38,23.38,41.88,42.77,8.99,13.85,22.84,1352.2,29.5,0.0,1352.2,29.5,0.0,114.06,53.09,3.29,170.44,0.134,False,False
1780821288.484681,youtube_cumbria_flood_rescue_828618,youtube_cumbria_flood_rescue_828618.mp4,256,50.0,640,480,combined,detect_combined,Non-Flooded,resnet18,False,False,1,tensorrt,tensorrt,tensorrt,23.07,23.07,42.37,43.34,5.84,12.68,18.52,1352.2,46.5,0.0,1352.2,46.5,0.0,114.06,53.09,3.29,170.44,0.1516,False,False
1780821288.5541553,youtube_cumbria_flood_rescue_828618,youtube_cumbria_flood_rescue_828618.mp4,257,50.0,640,480,combined,detect_combined,Non-Flooded,resnet18,False,False,1,tensorrt,tensorrt,tensorrt,26.41,26.41,36.81,37.87,4.89,12.51,17.4,1352.2,60.0,0.0,1352.2,60.0,0.0,114.06,53.09,3.29,170.44,0.1202,False,False
1780821288.6256082,youtube_cumbria_flood_rescue_828618,youtube_cumbria_flood_rescue_828618.mp4,258,50.0,640,480,combined,detect_combined,Non-Flooded,resnet18,False,False,1,tensorrt,tensorrt,tensorrt,23.37,23.37,41.78,42.79,5.64,11.0,16.64,1352.19,63.6,0.0,1352.19,63.6,0.0,114.06,53.09,3.29,170.44,0.0819,False,False
1780821288.702817,youtube_cumbria_flood_rescue_828618,youtube_cumbria_flood_rescue_828618.mp4,259,50.0,640,480,combined,detect_combined,Non-Flooded,resnet18,False,False,1,tensorrt,tensorrt,tensorrt,20.91,20.91,46.69,47.83,5.49,13.45,18.939999999999998,1352.19,62.5,0.0,1352.19,62.5,0.0,114.06,53.09,3.29,170.44,0.1243,False,False
1780821288.77358,youtube_cumbria_flood_rescue_828618,youtube_cumbria_flood_rescue_828618.mp4,260,50.0,640,480,combined,detect_combined,Non-Flooded,resnet18,False,False,1,tensorrt,tensorrt,tensorrt,22.33,22.33,43.41,44.78,6.42,10.74,17.16,1352.19,61.9,0.0,1352.19,61.9,0.0,114.06,53.09,3.29,170.44,0.1298,False,False
1780821288.8367658,youtube_cumbria_flood_rescue_828618,youtube_cumbria_flood_rescue_828618.mp4,261,50.0,640,480,combined,detect_combined,Non-Flooded,resnet18,False,False,2,tensorrt,tensorrt,tensorrt,25.95,25.95,37.36,38.53,4.21,10.07,14.280000000000001,1352.19,59.0,0.0,1352.19,59.0,0.0,114.06,53.09,3.29,170.44,0.1467,False,False
1780821288.8977344,youtube_cumbria_flood_rescue_828618,youtube_cumbria_flood_rescue_828618.mp4,262,50.0,640,480,combined,detect_combined,Flooded,deeplabv3plus,True,False,2,tensorrt,tensorrt,tensorrt,26.37,26.37,36.51,37.93,4.7,7.89,12.59,1352.19,60.0,0.0,1352.19,60.0,0.0,114.06,53.09,3.29,170.44,0.202,False,False
1780821288.9744723,youtube_cumbria_flood_rescue_828618,youtube_cumbria_flood_rescue_828618.mp4,263,50.0,640,480,combined,detect_combined,Flooded,deeplabv3plus,False,False,2,tensorrt,tensorrt,tensorrt,22.18,22.18,43.86,45.08,5.38,10.92,16.3,1352.19,46.8,0.0,1352.19,46.8,0.0,114.06,53.09,3.29,170.44,0.2078,False,False
1780821289.054914,youtube_cumbria_flood_rescue_828618,youtube_cumbria_flood_rescue_828618.mp4,264,50.0,640,480,combined,detect_combined,Non-Flooded,resnet18,True,False,2,tensorrt,tensorrt,tensorrt,20.84,20.84,46.48,47.98,4.92,10.93,15.85,1352.18,47.9,0.0,1352.18,47.9,0.0,114.06,53.09,3.29,170.44,0.1918,False,False
1780821289.1146808,youtube_cumbria_flood_rescue_828618,youtube_cumbria_flood_rescue_828618.mp4,265,50.0,640,480,combined,detect_combined,Non-Flooded,resnet18,False,False,2,tensorrt,tensorrt,tensorrt,39.04,39.04,24.27,25.61,3.98,9.52,13.5,1352.18,51.4,0.0,1352.18,51.4,0.0,114.06,53.09,3.29,170.44,0.1202,False,False
1780821289.1862423,youtube_cumbria_flood_rescue_828618,youtube_cumbria_flood_rescue_828618.mp4,266,50.0,640,480,combined,detect_combined,Non-Flooded,resnet18,False,False,2,tensorrt,tensorrt,tensorrt,22.34,22.34,43.22,44.76,5.2,10.43,15.629999999999999,1352.18,44.4,0.0,1352.18,44.4,0.0,114.06,53.09,3.29,170.44,0.1508,False,False
1780821289.261804,youtube_cumbria_flood_rescue_828618,youtube_cumbria_flood_rescue_828618.mp4,267,50.0,640,480,combined,detect_combined,Flooded,deeplabv3plus,True,False,2,tensorrt,tensorrt,tensorrt,24.6,24.6,38.69,40.64,5.78,12.88,18.66,1352.18,51.2,0.0,1352.18,51.2,0.0,114.06,53.09,3.29,170.44,0.3801,False,False
1780821289.3693655,youtube_cumbria_flood_rescue_828618,youtube_cumbria_flood_rescue_828618.mp4,268,50.0,640,480,combined,detect_combined,Non-Flooded,resnet18,True,False,2,tensorrt,tensorrt,tensorrt,14.58,14.58,63.15,68.59,10.03,16.68,26.71,1403.78,47.0,0.0,1403.78,47.0,0.0,114.06,53.09,3.29,170.44,0.1823,False,False
1780821289.43532,youtube_cumbria_flood_rescue_828618,youtube_cumbria_flood_rescue_828618.mp4,269,50.0,640,480,combined,detect_combined,Flooded,deeplabv3plus,True,False,2,tensorrt,tensorrt,tensorrt,23.72,23.72,38.34,42.15,4.67,7.66,12.33,1404.0,51.9,0.0,1404.0,51.9,0.0,114.06,53.09,3.29,170.44,0.2335,False,False
1780821289.505265,youtube_cumbria_flood_rescue_828618,youtube_cumbria_flood_rescue_828618.mp4,270,50.0,640,480,combined,detect_combined,Flooded,deeplabv3plus,False,False,1,tensorrt,tensorrt,tensorrt,22.89,22.89,42.45,43.68,4.55,8.6,13.149999999999999,1404.0,46.3,0.0,1404.0,46.3,0.0,114.06,53.09,3.29,170.44,0.314,False,False
1780821289.5818894,youtube_cumbria_flood_rescue_828618,youtube_cumbria_flood_rescue_828618.mp4,271,50.0,640,480,combined,detect_combined,Flooded,deeplabv3plus,False,False,1,tensorrt,tensorrt,tensorrt,22.82,22.82,42.46,43.83,4.4,10.07,14.47,1404.0,52.2,0.0,1404.0,52.2,0.0,114.06,53.09,3.29,170.44,0.2785,False,False
1780821289.6551511,youtube_cumbria_flood_rescue_828618,youtube_cumbria_flood_rescue_828618.mp4,272,50.0,640,480,combined,detect_combined,Flooded,deeplabv3plus,False,False,1,tensorrt,tensorrt,tensorrt,22.83,22.83,42.65,43.79,5.56,10.64,16.2,1404.0,42.5,0.0,1404.0,42.5,0.0,114.06,53.09,3.29,170.44,0.2077,False,False
1780821289.7324562,youtube_cumbria_flood_rescue_828618,youtube_cumbria_flood_rescue_828618.mp4,273,50.0,640,480,combined,detect_combined,Non-Flooded,resnet18,True,False,0,tensorrt,tensorrt,tensorrt,22.29,22.29,44.36,44.86,8.78,14.22,23.0,1404.0,47.7,0.0,1404.0,47.7,0.0,114.06,53.09,3.29,170.44,0.1918,False,False
1780821289.8056755,youtube_cumbria_flood_rescue_828618,youtube_cumbria_flood_rescue_828618.mp4,274,50.0,640,480,combined,detect_combined,Flooded,deeplabv3plus,True,False,0,tensorrt,tensorrt,tensorrt,27.11,27.11,36.32,36.88,6.35,11.93,18.28,1404.0,55.8,0.0,1404.0,55.8,0.0,114.06,53.09,3.29,170.44,0.2096,False,False
1780821289.875879,youtube_cumbria_flood_rescue_828618,youtube_cumbria_flood_rescue_828618.mp4,275,50.0,640,480,combined,detect_combined,Flooded,deeplabv3plus,False,False,0,tensorrt,tensorrt,tensorrt,25.95,25.95,38.12,38.53,8.47,10.39,18.86,1404.0,50.0,0.0,1404.0,50.0,0.0,114.06,53.09,3.29,170.44,0.2103,False,False
1780821289.9434547,youtube_cumbria_flood_rescue_828618,youtube_cumbria_flood_rescue_828618.mp4,276,50.0,640,480,combined,detect_combined,Flooded,deeplabv3plus,False,False,0,tensorrt,tensorrt,tensorrt,29.42,29.42,33.62,34.0,5.98,10.8,16.78,1404.0,56.4,0.0,1404.0,56.4,0.0,114.06,53.09,3.29,170.44,0.2678,False,False
1780821290.010311,youtube_cumbria_flood_rescue_828618,youtube_cumbria_flood_rescue_828618.mp4,277,50.0,640,480,combined,detect_combined,Flooded,deeplabv3plus,False,False,0,tensorrt,tensorrt,tensorrt,26.95,26.95,36.73,37.11,5.59,10.55,16.14,1404.0,48.6,0.0,1404.0,48.6,0.0,114.06,53.09,3.29,170.44,0.2522,False,False
1780821290.0778697,youtube_cumbria_flood_rescue_828618,youtube_cumbria_flood_rescue_828618.mp4,278,50.0,640,480,combined,detect_combined,Non-Flooded,resnet18,True,False,0,tensorrt,tensorrt,tensorrt,28.74,28.74,34.36,34.8,5.48,12.48,17.96,1403.99,52.5,0.0,1403.99,52.5,0.0,114.06,53.09,3.29,170.44,0.1785,False,False
1780821290.144645,youtube_cumbria_flood_rescue_828618,youtube_cumbria_flood_rescue_828618.mp4,279,50.0,640,480,combined,detect_combined,Non-Flooded,resnet18,False,False,0,tensorrt,tensorrt,tensorrt,26.99,26.99,36.74,37.06,7.33,11.48,18.810000000000002,1403.99,47.4,0.0,1403.99,47.4,0.0,114.06,53.09,3.29,170.44,0.1705,False,False
1780821290.2066476,youtube_cumbria_flood_rescue_828618,youtube_cumbria_flood_rescue_828618.mp4,280,50.0,640,480,combined,detect_combined,Flooded,deeplabv3plus,True,False,0,tensorrt,tensorrt,tensorrt,26.05,26.05,37.93,38.4,4.92,13.56,18.48,1403.99,52.8,0.0,1403.99,52.8,0.0,114.06,53.09,3.29,170.44,0.2225,False,False
1780821290.2732134,youtube_cumbria_flood_rescue_828618,youtube_cumbria_flood_rescue_828618.mp4,281,50.0,640,480,combined,detect_combined,Non-Flooded,resnet18,True,False,0,tensorrt,tensorrt,tensorrt,26.64,26.64,37.08,37.54,4.95,13.07,18.02,1403.99,45.9,0.0,1403.99,45.9,0.0,114.06,53.09,3.29,170.44,0.1725,False,False
1780821290.3397279,youtube_cumbria_flood_rescue_828618,youtube_cumbria_flood_rescue_828618.mp4,282,50.0,640,480,combined,detect_combined,Flooded,deeplabv3plus,True,False,0,tensorrt,tensorrt,tensorrt,25.13,25.13,39.37,39.8,4.78,14.58,19.36,1403.99,43.2,0.0,1403.99,43.2,0.0,114.06,53.09,3.29,170.44,0.2075,False,False
1780821290.408777,youtube_cumbria_flood_rescue_828618,youtube_cumbria_flood_rescue_828618.mp4,283,50.0,640,480,combined,detect_combined,Flooded,deeplabv3plus,False,False,0,tensorrt,tensorrt,tensorrt,26.61,26.61,37.19,37.58,8.42,11.57,19.990000000000002,1403.99,35.9,0.0,1403.99,35.9,0.0,114.06,53.09,3.29,170.44,0.2161,False,False
1780821290.4760265,youtube_cumbria_flood_rescue_828618,youtube_cumbria_flood_rescue_828618.mp4,284,50.0,640,480,combined,detect_combined,Non-Flooded,resnet18,True,False,0,tensorrt,tensorrt,tensorrt,25.21,25.21,39.25,39.67,6.08,13.16,19.240000000000002,1403.99,35.1,0.0,1403.99,35.1,0.0,114.06,53.09,3.29,170.44,0.1858,False,False
1780821290.5490565,youtube_cumbria_flood_rescue_828618,youtube_cumbria_flood_rescue_828618.mp4,285,50.0,640,480,combined,detect_combined,Non-Flooded,resnet18,False,False,0,tensorrt,tensorrt,tensorrt,24.42,24.42,40.59,40.95,9.33,13.87,23.2,1403.99,50.0,0.0,1403.99,50.0,0.0,114.06,53.09,3.29,170.44,0.1634,False,False
1780821290.6098478,youtube_cumbria_flood_rescue_828618,youtube_cumbria_flood_rescue_828618.mp4,286,50.0,640,480,combined,detect_combined,Non-Flooded,resnet18,False,False,0,tensorrt,tensorrt,tensorrt,27.64,27.64,35.8,36.18,5.67,8.81,14.48,1403.99,62.2,0.0,1403.99,62.2,0.0,114.06,53.09,3.29,170.44,0.1618,False,False
1780821290.665116,youtube_cumbria_flood_rescue_828618,youtube_cumbria_flood_rescue_828618.mp4,287,50.0,640,480,combined,detect_combined,Non-Flooded,resnet18,False,False,0,tensorrt,tensorrt,tensorrt,31.23,31.23,31.71,32.03,4.34,10.35,14.69,1403.99,50.0,0.0,1403.99,50.0,0.0,114.06,53.09,3.29,170.44,0.1912,False,False
1780821290.7215328,youtube_cumbria_flood_rescue_828618,youtube_cumbria_flood_rescue_828618.mp4,288,50.0,640,480,combined,detect_combined,Non-Flooded,resnet18,False,False,0,tensorrt,tensorrt,tensorrt,30.29,30.29,32.65,33.01,5.19,10.78,15.969999999999999,1403.99,52.9,0.0,1403.99,52.9,0.0,114.06,53.09,3.29,170.44,0.1918,False,False
1780821290.7860918,youtube_cumbria_flood_rescue_828618,youtube_cumbria_flood_rescue_828618.mp4,289,50.0,640,480,combined,detect_combined,Flooded,deeplabv3plus,True,False,0,tensorrt,tensorrt,tensorrt,25.49,25.49,38.77,39.23,4.38,14.15,18.53,1403.99,42.1,0.0,1403.99,42.1,0.0,114.06,53.09,3.29,170.44,0.2341,False,False
1780821290.8443332,youtube_cumbria_flood_rescue_828618,youtube_cumbria_flood_rescue_828618.mp4,290,50.0,640,480,combined,detect_combined,Flooded,deeplabv3plus,False,False,0,tensorrt,tensorrt,tensorrt,28.11,28.11,35.19,35.58,5.5,9.07,14.57,1403.99,48.6,0.0,1403.99,48.6,0.0,114.06,53.09,3.29,170.44,0.2799,False,False
1780821290.900439,youtube_cumbria_flood_rescue_828618,youtube_cumbria_flood_rescue_828618.mp4,291,50.0,640,480,combined,detect_combined,Flooded,deeplabv3plus,False,False,0,tensorrt,tensorrt,tensorrt,28.45,28.45,34.77,35.15,5.03,10.46,15.490000000000002,1403.99,44.1,0.0,1403.99,44.1,0.0,114.06,53.09,3.29,170.44,0.2417,False,False
1780821290.9589999,youtube_cumbria_flood_rescue_828618,youtube_cumbria_flood_rescue_828618.mp4,292,50.0,640,480,combined,detect_combined,Flooded,deeplabv3plus,False,False,0,tensorrt,tensorrt,tensorrt,29.73,29.73,33.28,33.64,5.48,10.32,15.8,1403.99,42.1,0.0,1403.99,42.1,0.0,114.06,53.09,3.29,170.44,0.2596,False,False
1780821291.0338366,youtube_cumbria_flood_rescue_828618,youtube_cumbria_flood_rescue_828618.mp4,293,50.0,640,480,combined,detect_combined,Non-Flooded,resnet18,True,False,0,tensorrt,tensorrt,tensorrt,25.14,25.14,39.3,39.78,5.79,18.57,24.36,1403.99,29.3,0.0,1403.99,29.3,0.0,114.06,53.09,3.29,170.44,0.1947,False,False
1780821291.113909,youtube_cumbria_flood_rescue_828618,youtube_cumbria_flood_rescue_828618.mp4,294,50.0,640,480,combined,detect_combined,Non-Flooded,resnet18,False,False,0,tensorrt,tensorrt,tensorrt,25.22,25.22,39.22,39.65,6.85,16.84,23.689999999999998,1403.99,34.1,0.0,1403.99,34.1,0.0,114.06,53.09,3.29,170.44,0.1937,False,False
1780821291.1918488,youtube_cumbria_flood_rescue_828618,youtube_cumbria_flood_rescue_828618.mp4,295,50.0,640,480,combined,detect_combined,Flooded,deeplabv3plus,True,False,0,tensorrt,tensorrt,tensorrt,21.99,21.99,44.97,45.48,6.64,17.32,23.96,1403.98,44.7,0.0,1403.98,44.7,0.0,114.06,53.09,3.29,170.44,0.231,False,False
1780821291.26284,youtube_cumbria_flood_rescue_828618,youtube_cumbria_flood_rescue_828618.mp4,296,50.0,640,480,combined,detect_combined,Non-Flooded,resnet18,True,False,0,tensorrt,tensorrt,tensorrt,24.92,24.92,39.54,40.12,7.26,14.08,21.34,1403.98,53.7,0.0,1403.98,53.7,0.0,114.06,53.09,3.29,170.44,0.1808,False,False
1780821291.3422143,youtube_cumbria_flood_rescue_828618,youtube_cumbria_flood_rescue_828618.mp4,297,50.0,640,480,combined,detect_combined,Non-Flooded,resnet18,False,False,0,tensorrt,tensorrt,tensorrt,22.14,22.14,44.77,45.16,6.95,16.04,22.99,1403.98,47.8,0.0,1403.98,47.8,0.0,114.06,53.09,3.29,170.44,0.163,False,False
1780821291.4028642,youtube_cumbria_flood_rescue_828618,youtube_cumbria_flood_rescue_828618.mp4,298,50.0,640,480,combined,detect_combined,Flooded,deeplabv3plus,True,False,0,tensorrt,tensorrt,tensorrt,27.79,27.79,35.24,35.98,5.26,10.99,16.25,1403.98,47.1,0.0,1403.98,47.1,0.0,114.06,53.09,3.29,170.44,0.2011,False,False
1780821291.4704278,youtube_cumbria_flood_rescue_828618,youtube_cumbria_flood_rescue_828618.mp4,299,50.0,640,480,combined,detect_combined,Non-Flooded,resnet18,True,False,0,tensorrt,tensorrt,tensorrt,26.9,26.9,36.79,37.17,4.38,13.42,17.8,1403.98,68.3,0.0,1403.98,68.3,0.0,114.06,53.09,3.29,170.44,0.1973,False,False
1780821291.5278025,youtube_cumbria_flood_rescue_828618,youtube_cumbria_flood_rescue_828618.mp4,300,50.0,640,480,combined,detect_combined,Flooded,deeplabv3plus,True,False,0,tensorrt,tensorrt,tensorrt,32.3,32.3,30.58,30.96,4.07,12.96,17.03,1403.98,67.6,0.0,1403.98,67.6,0.0,114.06,53.09,3.29,170.44,0.2328,False,False
1780821291.581636,youtube_cumbria_flood_rescue_828618,youtube_cumbria_flood_rescue_828618.mp4,301,50.0,640,480,combined,detect_combined,Flooded,deeplabv3plus,False,False,0,tensorrt,tensorrt,tensorrt,31.36,31.36,31.57,31.89,7.05,7.56,14.61,1403.98,54.5,0.0,1403.98,54.5,0.0,114.06,53.09,3.29,170.44,0.2807,False,False
1780821291.6311092,youtube_cumbria_flood_rescue_828618,youtube_cumbria_flood_rescue_828618.mp4,302,50.0,640,480,combined,detect_combined,Flooded,deeplabv3plus,False,False,0,tensorrt,tensorrt,tensorrt,34.75,34.75,28.46,28.77,5.41,9.99,15.4,1403.98,40.7,0.0,1403.98,40.7,0.0,114.06,53.09,3.29,170.44,0.2926,False,False
1780821291.6880634,youtube_cumbria_flood_rescue_828618,youtube_cumbria_flood_rescue_828618.mp4,303,50.0,640,480,combined,detect_combined,Flooded,deeplabv3plus,False,False,0,tensorrt,tensorrt,tensorrt,33.13,33.13,29.87,30.18,5.27,9.3,14.57,1403.98,42.9,0.0,1403.98,42.9,0.0,114.06,53.09,3.29,170.44,0.3282,False,False
1780821291.7531466,youtube_cumbria_flood_rescue_828618,youtube_cumbria_flood_rescue_828618.mp4,304,50.0,640,480,combined,detect_combined,Flooded,deeplabv3plus,False,False,0,tensorrt,tensorrt,tensorrt,25.1,25.1,39.5,39.84,4.24,14.56,18.8,1403.98,34.2,0.0,1403.98,34.2,0.0,114.06,53.09,3.29,170.44,0.3604,False,False
1780821291.841013,youtube_cumbria_flood_rescue_828618,youtube_cumbria_flood_rescue_828618.mp4,305,50.0,640,480,combined,detect_combined,Flooded,deeplabv3plus,False,False,0,tensorrt,tensorrt,tensorrt,16.65,16.65,59.67,60.05,5.35,17.85,23.200000000000003,1403.98,45.3,0.0,1403.98,45.3,0.0,114.06,53.09,3.29,170.44,0.2739,False,False
1780821291.9062672,youtube_cumbria_flood_rescue_828618,youtube_cumbria_flood_rescue_828618.mp4,306,50.0,640,480,combined,detect_combined,Flooded,deeplabv3plus,False,False,0,tensorrt,tensorrt,tensorrt,29.69,29.69,33.34,33.68,5.28,11.96,17.240000000000002,1403.98,43.6,0.0,1403.98,43.6,0.0,114.06,53.09,3.29,170.44,0.2355,False,False
1780821291.9654946,youtube_cumbria_flood_rescue_828618,youtube_cumbria_flood_rescue_828618.mp4,307,50.0,640,480,combined,detect_combined,Flooded,deeplabv3plus,False,False,0,tensorrt,tensorrt,tensorrt,30.57,30.57,32.35,32.71,5.6,9.78,15.379999999999999,1403.98,37.1,0.0,1403.98,37.1,0.0,114.06,53.09,3.29,170.44,0.2673,False,False
1780821292.0304117,youtube_cumbria_flood_rescue_828618,youtube_cumbria_flood_rescue_828618.mp4,308,50.0,640,480,combined,detect_combined,Flooded,deeplabv3plus,False,False,0,tensorrt,tensorrt,tensorrt,30.06,30.06,32.77,33.27,5.67,16.61,22.28,1403.98,32.5,0.0,1403.98,32.5,0.0,114.06,53.09,3.29,170.44,0.2874,False,False
1780821292.1065135,youtube_cumbria_flood_rescue_828618,youtube_cumbria_flood_rescue_828618.mp4,309,50.0,640,480,combined,detect_combined,Flooded,deeplabv3plus,False,False,0,tensorrt,tensorrt,tensorrt,22.52,22.52,43.99,44.4,5.65,17.47,23.119999999999997,1403.98,31.8,0.0,1403.98,31.8,0.0,114.06,53.09,3.29,170.44,0.2955,False,False
1780821292.1790164,youtube_cumbria_flood_rescue_828618,youtube_cumbria_flood_rescue_828618.mp4,310,50.0,640,480,combined,detect_combined,Flooded,deeplabv3plus,False,False,0,tensorrt,tensorrt,tensorrt,24.6,24.6,40.24,40.66,6.57,15.08,21.65,1403.98,28.9,0.0,1403.98,28.9,0.0,114.06,53.09,3.29,170.44,0.3065,False,False
1780821292.2562065,youtube_cumbria_flood_rescue_828618,youtube_cumbria_flood_rescue_828618.mp4,311,50.0,640,480,combined,detect_combined,Flooded,deeplabv3plus,False,False,0,tensorrt,tensorrt,tensorrt,23.34,23.34,42.41,42.85,6.9,15.07,21.97,1403.98,40.0,0.0,1403.98,40.0,0.0,114.06,53.09,3.29,170.44,0.2881,False,False
1780821292.3214529,youtube_cumbria_flood_rescue_828618,youtube_cumbria_flood_rescue_828618.mp4,312,50.0,640,480,combined,detect_combined,Flooded,deeplabv3plus,False,False,0,tensorrt,tensorrt,tensorrt,28.54,28.54,34.62,35.04,6.47,12.03,18.5,1403.98,32.4,0.0,1403.98,32.4,0.0,114.06,53.09,3.29,170.44,0.2884,False,False
1780821292.391336,youtube_cumbria_flood_rescue_828618,youtube_cumbria_flood_rescue_828618.mp4,313,50.0,640,480,combined,detect_combined,Flooded,deeplabv3plus,False,False,0,tensorrt,tensorrt,tensorrt,24.48,24.48,40.38,40.85,7.38,14.17,21.55,1403.98,39.5,0.0,1403.98,39.5,0.0,114.06,53.09,3.29,170.44,0.3267,False,False
1780821292.4568973,youtube_cumbria_flood_rescue_828618,youtube_cumbria_flood_rescue_828618.mp4,314,50.0,640,480,combined,detect_combined,Flooded,deeplabv3plus,False,False,0,tensorrt,tensorrt,tensorrt,25.46,25.46,38.9,39.28,5.99,11.26,17.25,1403.98,37.5,0.0,1403.98,37.5,0.0,114.06,53.09,3.29,170.44,0.3327,False,False
1780821292.522555,youtube_cumbria_flood_rescue_828618,youtube_cumbria_flood_rescue_828618.mp4,315,50.0,640,480,combined,detect_combined,Flooded,deeplabv3plus,False,False,0,tensorrt,tensorrt,tensorrt,25.93,25.93,37.68,38.56,5.29,14.37,19.66,1403.98,45.9,0.0,1403.98,45.9,0.0,114.06,53.09,3.29,170.44,0.3312,False,False
1780821292.587917,youtube_cumbria_flood_rescue_828618,youtube_cumbria_flood_rescue_828618.mp4,316,50.0,640,480,combined,detect_combined,Flooded,deeplabv3plus,False,False,0,tensorrt,tensorrt,tensorrt,26.21,26.21,37.63,38.16,5.73,11.49,17.22,1403.98,52.6,0.0,1403.98,52.6,0.0,114.06,53.09,3.29,170.44,0.3338,False,False
1780821292.658235,youtube_cumbria_flood_rescue_828618,youtube_cumbria_flood_rescue_828618.mp4,317,50.0,640,480,combined,detect_combined,Flooded,deeplabv3plus,False,False,0,tensorrt,tensorrt,tensorrt,21.27,21.27,46.52,47.01,4.63,14.75,19.38,1403.98,51.3,0.0,1403.98,51.3,0.0,114.06,53.09,3.29,170.44,0.3527,False,False
1780821292.722706,youtube_cumbria_flood_rescue_828618,youtube_cumbria_flood_rescue_828618.mp4,318,50.0,640,480,combined,detect_combined,Flooded,deeplabv3plus,False,False,0,tensorrt,tensorrt,tensorrt,23.18,23.18,42.76,43.15,4.67,12.5,17.17,1403.98,52.6,0.0,1403.98,52.6,0.0,114.06,53.09,3.29,170.44,0.3462,False,False
1780821292.783199,youtube_cumbria_flood_rescue_828618,youtube_cumbria_flood_rescue_828618.mp4,319,50.0,640,480,combined,detect_combined,Flooded,deeplabv3plus,False,False,0,tensorrt,tensorrt,tensorrt,25.67,25.67,38.58,38.96,6.41,10.5,16.91,1403.98,52.9,0.0,1403.98,52.9,0.0,114.06,53.09,3.29,170.44,0.3463,False,False
1780821292.8477972,youtube_cumbria_flood_rescue_828618,youtube_cumbria_flood_rescue_828618.mp4,320,50.0,640,480,combined,detect_combined,Flooded,deeplabv3plus,False,False,0,tensorrt,tensorrt,tensorrt,26.19,26.19,37.78,38.18,5.52,12.8,18.32,1403.98,65.8,0.0,1403.98,65.8,0.0,114.06,53.09,3.29,170.44,0.3388,False,False
1780821292.9123998,youtube_cumbria_flood_rescue_828618,youtube_cumbria_flood_rescue_828618.mp4,321,50.0,640,480,combined,detect_combined,Flooded,deeplabv3plus,False,False,0,tensorrt,tensorrt,tensorrt,26.48,26.48,37.44,37.76,4.52,14.14,18.66,1403.98,52.8,0.0,1403.98,52.8,0.0,114.06,53.09,3.29,170.44,0.3124,False,False
1780821292.9652874,youtube_cumbria_flood_rescue_828618,youtube_cumbria_flood_rescue_828618.mp4,322,50.0,640,480,combined,detect_combined,Flooded,deeplabv3plus,False,False,0,tensorrt,tensorrt,tensorrt,33.51,33.51,29.51,29.84,4.52,7.8,12.32,1403.98,60.6,0.0,1403.98,60.6,0.0,114.06,53.09,3.29,170.44,0.3191,False,False
1780821293.0266957,youtube_cumbria_flood_rescue_828618,youtube_cumbria_flood_rescue_828618.mp4,323,50.0,640,480,combined,detect_combined,Flooded,deeplabv3plus,False,False,0,tensorrt,tensorrt,tensorrt,24.99,24.99,39.69,40.02,5.65,13.54,19.189999999999998,1403.98,41.7,0.0,1403.98,41.7,0.0,114.06,53.09,3.29,170.44,0.3027,False,False
1780821293.082977,youtube_cumbria_flood_rescue_828618,youtube_cumbria_flood_rescue_828618.mp4,324,50.0,640,480,combined,detect_combined,Flooded,deeplabv3plus,False,False,0,tensorrt,tensorrt,tensorrt,30.14,30.14,32.77,33.18,5.85,9.07,14.92,1403.98,46.9,0.0,1403.98,46.9,0.0,114.06,53.09,3.29,170.44,0.3029,False,False
1780821293.1468232,youtube_cumbria_flood_rescue_828618,youtube_cumbria_flood_rescue_828618.mp4,325,50.0,640,480,combined,detect_combined,Flooded,deeplabv3plus,False,False,0,tensorrt,tensorrt,tensorrt,27.68,27.68,35.77,36.13,5.76,10.8,16.560000000000002,1403.97,54.1,0.0,1403.97,54.1,0.0,114.06,53.09,3.29,170.44,0.2905,False,False
1780821293.2214572,youtube_cumbria_flood_rescue_828618,youtube_cumbria_flood_rescue_828618.mp4,326,50.0,640,480,combined,detect_combined,Flooded,deeplabv3plus,False,False,0,tensorrt,tensorrt,tensorrt,23.66,23.66,41.85,42.27,7.7,14.3,22.0,1403.96,51.2,0.0,1403.96,51.2,0.0,114.06,53.09,3.29,170.44,0.3276,False,False
1780821293.2852428,youtube_cumbria_flood_rescue_828618,youtube_cumbria_flood_rescue_828618.mp4,327,50.0,640,480,combined,detect_combined,Flooded,deeplabv3plus,False,False,0,tensorrt,tensorrt,tensorrt,28.05,28.05,35.3,35.65,6.26,11.31,17.57,1403.96,52.6,0.0,1403.96,52.6,0.0,114.06,53.09,3.29,170.44,0.3138,False,False
1780821293.3558745,youtube_cumbria_flood_rescue_828618,youtube_cumbria_flood_rescue_828618.mp4,328,50.0,640,480,combined,detect_combined,Flooded,deeplabv3plus,False,False,0,tensorrt,tensorrt,tensorrt,23.68,23.68,41.79,42.23,6.67,10.47,17.14,1403.96,43.9,0.0,1403.96,43.9,0.0,114.06,53.09,3.29,170.44,0.2946,False,False
1780821293.4286368,youtube_cumbria_flood_rescue_828618,youtube_cumbria_flood_rescue_828618.mp4,329,50.0,640,480,combined,detect_combined,Flooded,deeplabv3plus,False,False,0,tensorrt,tensorrt,tensorrt,28.24,28.24,34.71,35.41,5.72,16.18,21.9,1403.96,48.8,0.0,1403.96,48.8,0.0,114.06,53.09,3.29,170.44,0.2495,False,False
1780821293.5010357,youtube_cumbria_flood_rescue_828618,youtube_cumbria_flood_rescue_828618.mp4,330,50.0,640,480,combined,detect_combined,Flooded,deeplabv3plus,False,False,0,tensorrt,tensorrt,tensorrt,23.78,23.78,41.41,42.05,4.69,14.75,19.44,1403.96,37.8,0.0,1403.96,37.8,0.0,114.06,53.09,3.29,170.44,0.3209,False,False
1780821293.5749924,youtube_cumbria_flood_rescue_828618,youtube_cumbria_flood_rescue_828618.mp4,331,50.0,640,480,combined,detect_combined,Flooded,deeplabv3plus,False,False,1,tensorrt,tensorrt,tensorrt,23.2,23.2,42.29,43.1,8.79,11.57,20.36,1403.96,26.8,0.0,1403.96,26.8,0.0,114.06,53.09,3.29,170.44,0.2397,False,False
1780821293.649324,youtube_cumbria_flood_rescue_828618,youtube_cumbria_flood_rescue_828618.mp4,332,50.0,640,480,combined,detect_combined,Flooded,deeplabv3plus,False,False,1,tensorrt,tensorrt,tensorrt,24.38,24.38,40.0,41.01,5.38,15.05,20.43,1403.91,34.1,0.0,1403.91,34.1,0.0,114.06,53.09,3.29,170.44,0.2769,False,False
1780821293.7236552,youtube_cumbria_flood_rescue_828618,youtube_cumbria_flood_rescue_828618.mp4,333,50.0,640,480,combined,detect_combined,Flooded,deeplabv3plus,False,False,1,tensorrt,tensorrt,tensorrt,24.01,24.01,40.6,41.64,5.13,10.9,16.03,1403.91,34.1,0.0,1403.91,34.1,0.0,114.06,53.09,3.29,170.44,0.2726,False,False
1780821293.7889955,youtube_cumbria_flood_rescue_828618,youtube_cumbria_flood_rescue_828618.mp4,334,50.0,640,480,combined,detect_combined,Flooded,deeplabv3plus,False,False,1,tensorrt,tensorrt,tensorrt,26.43,26.43,36.69,37.84,7.94,11.54,19.48,1403.91,32.4,0.0,1403.91,32.4,0.0,114.06,53.09,3.29,170.44,0.2336,False,False
1780821293.8589332,youtube_cumbria_flood_rescue_828618,youtube_cumbria_flood_rescue_828618.mp4,335,50.0,640,480,combined,detect_combined,Flooded,deeplabv3plus,False,False,1,tensorrt,tensorrt,tensorrt,24.07,24.07,40.46,41.55,6.03,10.74,16.77,1403.91,35.7,0.0,1403.91,35.7,0.0,114.06,53.09,3.29,170.44,0.2252,False,False
1780821293.940405,youtube_cumbria_flood_rescue_828618,youtube_cumbria_flood_rescue_828618.mp4,336,50.0,640,480,combined,detect_combined,Flooded,deeplabv3plus,False,False,1,tensorrt,tensorrt,tensorrt,19.54,19.54,50.04,51.19,5.62,16.63,22.25,1403.91,33.3,0.0,1403.91,33.3,0.0,114.06,53.09,3.29,170.44,0.2125,False,False
1780821294.0191665,youtube_cumbria_flood_rescue_828618,youtube_cumbria_flood_rescue_828618.mp4,337,50.0,640,480,combined,detect_combined,Flooded,deeplabv3plus,False,False,1,tensorrt,tensorrt,tensorrt,21.29,21.29,45.93,46.96,5.2,16.02,21.22,1403.91,46.7,0.0,1403.91,46.7,0.0,114.06,53.09,3.29,170.44,0.2156,False,False
1780821294.0869122,youtube_cumbria_flood_rescue_828618,youtube_cumbria_flood_rescue_828618.mp4,338,50.0,640,480,combined,detect_combined,Flooded,deeplabv3plus,False,False,1,tensorrt,tensorrt,tensorrt,23.06,23.06,42.37,43.36,4.64,12.01,16.65,1403.91,45.9,0.0,1403.91,45.9,0.0,114.06,53.09,3.29,170.44,0.2343,False,False
1780821294.1529932,youtube_cumbria_flood_rescue_828618,youtube_cumbria_flood_rescue_828618.mp4,339,50.0,640,480,combined,detect_combined,Flooded,deeplabv3plus,False,False,1,tensorrt,tensorrt,tensorrt,22.75,22.75,42.81,43.96,4.53,12.53,17.06,1403.91,48.7,0.0,1403.91,48.7,0.0,114.06,53.09,3.29,170.44,0.2169,False,False
1780821294.2110536,youtube_cumbria_flood_rescue_828618,youtube_cumbria_flood_rescue_828618.mp4,340,50.0,640,480,combined,detect_combined,Non-Flooded,resnet18,True,False,0,tensorrt,tensorrt,tensorrt,35.03,35.03,28.07,28.55,4.69,8.2,12.89,1403.91,51.5,0.0,1403.91,51.5,0.0,114.06,53.09,3.29,170.44,0.1995,False,False
1780821294.2774029,youtube_cumbria_flood_rescue_828618,youtube_cumbria_flood_rescue_828618.mp4,341,50.0,640,480,combined,detect_combined,Flooded,deeplabv3plus,True,False,0,tensorrt,tensorrt,tensorrt,25.8,25.8,38.33,38.77,5.32,15.36,20.68,1403.9,52.5,0.0,1403.9,52.5,0.0,114.06,53.09,3.29,170.44,0.2585,False,False
1780821294.3558757,youtube_cumbria_flood_rescue_828618,youtube_cumbria_flood_rescue_828618.mp4,342,50.0,640,480,combined,detect_combined,Flooded,deeplabv3plus,False,False,0,tensorrt,tensorrt,tensorrt,23.18,23.18,42.8,43.15,8.35,20.94,29.29,1403.9,45.7,0.0,1403.9,45.7,0.0,114.06,53.09,3.29,170.44,0.2198,False,False
1780821294.4136147,youtube_cumbria_flood_rescue_828618,youtube_cumbria_flood_rescue_828618.mp4,343,50.0,640,480,combined,detect_combined,Flooded,deeplabv3plus,False,False,1,tensorrt,tensorrt,tensorrt,34.85,34.85,27.61,28.69,6.11,9.58,15.690000000000001,1403.9,41.7,0.0,1403.9,41.7,0.0,114.06,53.09,3.29,170.44,0.2096,False,False
1780821294.473124,youtube_cumbria_flood_rescue_828618,youtube_cumbria_flood_rescue_828618.mp4,344,50.0,640,480,combined,detect_combined,Flooded,deeplabv3plus,False,False,0,tensorrt,tensorrt,tensorrt,30.24,30.24,32.68,33.07,5.4,10.25,15.65,1403.9,55.6,0.0,1403.9,55.6,0.0,114.06,53.09,3.29,170.44,0.2148,False,False
1780821294.5288756,youtube_cumbria_flood_rescue_828618,youtube_cumbria_flood_rescue_828618.mp4,345,50.0,640,480,combined,detect_combined,Flooded,deeplabv3plus,False,False,0,tensorrt,tensorrt,tensorrt,31.12,31.12,31.77,32.14,5.54,10.19,15.73,1403.9,33.3,0.0,1403.9,33.3,0.0,114.06,53.09,3.29,170.44,0.2177,False,False
1780821294.5937755,youtube_cumbria_flood_rescue_828618,youtube_cumbria_flood_rescue_828618.mp4,346,50.0,640,480,combined,detect_combined,Non-Flooded,resnet18,True,False,1,tensorrt,tensorrt,tensorrt,24.37,24.37,39.77,41.04,6.0,10.94,16.939999999999998,1403.9,37.5,0.0,1403.9,37.5,0.0,114.06,53.09,3.29,170.44,0.1727,False,False
1780821294.65636,youtube_cumbria_flood_rescue_828618,youtube_cumbria_flood_rescue_828618.mp4,347,50.0,640,480,combined,detect_combined,Non-Flooded,resnet18,False,False,1,tensorrt,tensorrt,tensorrt,28.86,28.86,33.19,34.65,4.62,10.22,14.84,1403.9,37.8,0.0,1403.9,37.8,0.0,114.06,53.09,3.29,170.44,0.1957,False,False
1780821294.7363935,youtube_cumbria_flood_rescue_828618,youtube_cumbria_flood_rescue_828618.mp4,348,50.0,640,480,combined,detect_combined,Flooded,deeplabv3plus,True,False,1,tensorrt,tensorrt,tensorrt,20.35,20.35,47.77,49.15,5.32,14.5,19.82,1403.9,34.7,0.0,1403.9,34.7,0.0,114.06,53.09,3.29,170.44,0.2016,False,False
1780821294.810088,youtube_cumbria_flood_rescue_828618,youtube_cumbria_flood_rescue_828618.mp4,349,50.0,640,480,combined,detect_combined,Flooded,deeplabv3plus,False,False,1,tensorrt,tensorrt,tensorrt,28.67,28.67,33.75,34.88,6.96,13.89,20.85,1403.9,31.0,0.0,1403.9,31.0,0.0,114.06,53.09,3.29,170.44,0.2596,False,False
1780821294.8850012,youtube_cumbria_flood_rescue_828618,youtube_cumbria_flood_rescue_828618.mp4,350,50.0,640,480,combined,detect_combined,Flooded,deeplabv3plus,False,False,1,tensorrt,tensorrt,tensorrt,22.53,22.53,43.53,44.39,5.93,14.52,20.45,1403.9,34.9,0.0,1403.9,34.9,0.0,114.06,53.09,3.29,170.44,0.2351,False,False
1780821294.9523053,youtube_cumbria_flood_rescue_828618,youtube_cumbria_flood_rescue_828618.mp4,351,50.0,640,480,combined,detect_combined,Flooded,deeplabv3plus,False,False,1,tensorrt,tensorrt,tensorrt,27.21,27.21,35.55,36.74,4.72,11.12,15.84,1403.9,37.5,0.0,1403.9,37.5,0.0,114.06,53.09,3.29,170.44,0.2247,False,False
1780821295.0285635,youtube_cumbria_flood_rescue_828618,youtube_cumbria_flood_rescue_828618.mp4,352,50.0,640,480,combined,detect_combined,Flooded,deeplabv3plus,False,False,1,tensorrt,tensorrt,tensorrt,23.3,23.3,41.88,42.92,6.17,13.89,20.060000000000002,1403.9,34.0,0.0,1403.9,34.0,0.0,114.06,53.09,3.29,170.44,0.2573,False,False
1780821295.1060557,youtube_cumbria_flood_rescue_828618,youtube_cumbria_flood_rescue_828618.mp4,353,50.0,640,480,combined,detect_combined,Flooded,deeplabv3plus,False,False,1,tensorrt,tensorrt,tensorrt,22.28,22.28,43.63,44.89,9.52,14.08,23.6,1403.9,27.9,0.0,1403.9,27.9,0.0,114.06,53.09,3.29,170.44,0.2361,False,False
1780821295.1858976,youtube_cumbria_flood_rescue_828618,youtube_cumbria_flood_rescue_828618.mp4,354,50.0,640,480,combined,detect_combined,Flooded,deeplabv3plus,False,False,1,tensorrt,tensorrt,tensorrt,20.42,20.42,47.66,48.98,5.63,14.54,20.169999999999998,1403.9,34.0,0.0,1403.9,34.0,0.0,114.06,53.09,3.29,170.44,0.2356,False,False
1780821295.256615,youtube_cumbria_flood_rescue_828618,youtube_cumbria_flood_rescue_828618.mp4,355,50.0,640,480,combined,detect_combined,Flooded,deeplabv3plus,False,False,1,tensorrt,tensorrt,tensorrt,22.76,22.76,42.63,43.93,6.83,9.2,16.03,1403.9,40.5,0.0,1403.9,40.5,0.0,114.06,53.09,3.29,170.44,0.2347,False,False
1780821295.320566,youtube_cumbria_flood_rescue_828618,youtube_cumbria_flood_rescue_828618.mp4,356,50.0,640,480,combined,detect_combined,Flooded,deeplabv3plus,False,False,1,tensorrt,tensorrt,tensorrt,23.98,23.98,40.59,41.69,5.41,9.5,14.91,1403.89,56.4,0.0,1403.89,56.4,0.0,114.06,53.09,3.29,170.44,0.3058,False,False
1780821295.387143,youtube_cumbria_flood_rescue_828618,youtube_cumbria_flood_rescue_828618.mp4,357,50.0,640,480,combined,detect_combined,Flooded,deeplabv3plus,False,False,1,tensorrt,tensorrt,tensorrt,22.92,22.92,42.56,43.63,5.77,9.77,15.54,1403.89,59.5,0.0,1403.89,59.5,0.0,114.06,53.09,3.29,170.44,0.3261,False,False
1780821295.4522889,youtube_cumbria_flood_rescue_828618,youtube_cumbria_flood_rescue_828618.mp4,358,50.0,640,480,combined,detect_combined,Flooded,deeplabv3plus,False,False,1,tensorrt,tensorrt,tensorrt,24.69,24.69,39.47,40.5,5.1,9.6,14.7,1403.89,60.5,0.0,1403.89,60.5,0.0,114.06,53.09,3.29,170.44,0.3427,False,False
1780821295.520947,youtube_cumbria_flood_rescue_828618,youtube_cumbria_flood_rescue_828618.mp4,359,50.0,640,480,combined,detect_combined,Flooded,deeplabv3plus,False,False,1,tensorrt,tensorrt,tensorrt,27.63,27.63,35.29,36.2,4.57,12.78,17.35,1403.89,55.0,0.0,1403.89,55.0,0.0,114.06,53.09,3.29,170.44,0.2724,False,False
1780821295.5836651,youtube_cumbria_flood_rescue_828618,youtube_cumbria_flood_rescue_828618.mp4,360,50.0,640,480,combined,detect_combined,Flooded,deeplabv3plus,False,False,1,tensorrt,tensorrt,tensorrt,24.0,24.0,40.58,41.66,4.85,10.97,15.82,1403.89,64.1,0.0,1403.89,64.1,0.0,114.06,53.09,3.29,170.44,0.2337,False,False
1780821295.6551893,youtube_cumbria_flood_rescue_828618,youtube_cumbria_flood_rescue_828618.mp4,361,50.0,640,480,combined,detect_combined,Flooded,deeplabv3plus,False,False,1,tensorrt,tensorrt,tensorrt,22.1,22.1,44.27,45.24,4.89,11.37,16.259999999999998,1403.89,65.9,0.0,1403.89,65.9,0.0,114.06,53.09,3.29,170.44,0.2159,False,False
1780821295.724504,youtube_cumbria_flood_rescue_828618,youtube_cumbria_flood_rescue_828618.mp4,362,50.0,640,480,combined,detect_combined,Flooded,deeplabv3plus,False,False,1,tensorrt,tensorrt,tensorrt,21.96,21.96,44.62,45.54,5.32,13.03,18.35,1403.89,67.4,0.0,1403.89,67.4,0.0,114.06,53.09,3.29,170.44,0.2563,False,False
1780821295.7831523,youtube_cumbria_flood_rescue_828618,youtube_cumbria_flood_rescue_828618.mp4,363,50.0,640,480,combined,detect_combined,Flooded,deeplabv3plus,False,False,1,tensorrt,tensorrt,tensorrt,24.87,24.87,39.3,40.22,4.62,10.61,15.23,1403.89,48.5,0.0,1403.89,48.5,0.0,114.06,53.09,3.29,170.44,0.2628,False,False
1780821295.840586,youtube_cumbria_flood_rescue_828618,youtube_cumbria_flood_rescue_828618.mp4,364,50.0,640,480,combined,detect_combined,Flooded,deeplabv3plus,False,False,1,tensorrt,tensorrt,tensorrt,26.43,26.43,35.64,37.84,4.53,9.57,14.100000000000001,1403.89,43.2,0.0,1403.89,43.2,0.0,114.06,53.09,3.29,170.44,0.2725,False,False
1780821295.9095156,youtube_cumbria_flood_rescue_828618,youtube_cumbria_flood_rescue_828618.mp4,365,50.0,640,480,combined,detect_combined,Flooded,deeplabv3plus,False,False,1,tensorrt,tensorrt,tensorrt,25.41,25.41,38.22,39.36,4.51,13.25,17.759999999999998,1403.89,35.7,0.0,1403.89,35.7,0.0,114.06,53.09,3.29,170.44,0.2803,False,False
1780821295.9742165,youtube_cumbria_flood_rescue_828618,youtube_cumbria_flood_rescue_828618.mp4,366,50.0,640,480,combined,detect_combined,Flooded,deeplabv3plus,False,False,1,tensorrt,tensorrt,tensorrt,25.11,25.11,38.78,39.82,4.92,10.26,15.18,1403.89,41.0,0.0,1403.89,41.0,0.0,114.06,53.09,3.29,170.44,0.2478,False,False
1780821296.04795,youtube_cumbria_flood_rescue_828618,youtube_cumbria_flood_rescue_828618.mp4,367,50.0,640,480,combined,detect_combined,Flooded,deeplabv3plus,False,False,1,tensorrt,tensorrt,tensorrt,23.18,23.18,42.16,43.14,5.91,11.33,17.240000000000002,1403.89,38.1,0.0,1403.89,38.1,0.0,114.06,53.09,3.29,170.44,0.2289,False,False
1780821296.1207182,youtube_cumbria_flood_rescue_828618,youtube_cumbria_flood_rescue_828618.mp4,368,50.0,640,480,combined,detect_combined,Flooded,deeplabv3plus,False,False,1,tensorrt,tensorrt,tensorrt,23.53,23.53,41.2,42.49,5.56,11.98,17.54,1403.89,38.1,0.0,1403.89,38.1,0.0,114.06,53.09,3.29,170.44,0.2454,False,False
1780821296.2086298,youtube_cumbria_flood_rescue_828618,youtube_cumbria_flood_rescue_828618.mp4,369,50.0,640,480,combined,detect_combined,Non-Flooded,resnet18,True,False,1,tensorrt,tensorrt,tensorrt,20.68,20.68,46.84,48.35,6.82,16.49,23.31,1403.89,45.6,0.0,1403.89,45.6,0.0,114.06,53.09,3.29,170.44,0.1904,False,False
1780821296.2867587,youtube_cumbria_flood_rescue_828618,youtube_cumbria_flood_rescue_828618.mp4,370,50.0,640,480,combined,detect_combined,Flooded,deeplabv3plus,True,False,1,tensorrt,tensorrt,tensorrt,22.94,22.94,42.1,43.59,6.72,13.06,19.78,1403.89,41.7,0.0,1403.89,41.7,0.0,114.06,53.09,3.29,170.44,0.245,False,False
1780821296.3719115,youtube_cumbria_flood_rescue_828618,youtube_cumbria_flood_rescue_828618.mp4,371,50.0,640,480,combined,detect_combined,Flooded,deeplabv3plus,False,False,1,tensorrt,tensorrt,tensorrt,20.94,20.94,46.45,47.75,7.81,13.39,21.2,1403.89,40.0,0.0,1403.89,40.0,0.0,114.06,53.09,3.29,170.44,0.2601,False,False
1780821296.459554,youtube_cumbria_flood_rescue_828618,youtube_cumbria_flood_rescue_828618.mp4,372,50.0,640,480,combined,detect_combined,Flooded,deeplabv3plus,False,False,1,tensorrt,tensorrt,tensorrt,17.8,17.8,54.84,56.19,9.49,18.91,28.4,1403.88,30.6,0.0,1403.88,30.6,0.0,114.06,53.09,3.29,170.44,0.2634,False,False
1780821296.5546982,youtube_cumbria_flood_rescue_828618,youtube_cumbria_flood_rescue_828618.mp4,373,50.0,640,480,combined,detect_combined,Flooded,deeplabv3plus,False,False,1,tensorrt,tensorrt,tensorrt,19.23,19.23,50.77,52.0,7.26,17.38,24.64,1403.88,37.3,0.0,1403.88,37.3,0.0,114.06,53.09,3.29,170.44,0.2396,False,False
1780821296.6433485,youtube_cumbria_flood_rescue_828618,youtube_cumbria_flood_rescue_828618.mp4,374,50.0,640,480,combined,detect_combined,Flooded,deeplabv3plus,False,False,1,tensorrt,tensorrt,tensorrt,19.64,19.64,49.46,50.92,8.35,23.89,32.24,1403.88,44.4,0.0,1403.88,44.4,0.0,114.06,53.09,3.29,170.44,0.2257,False,False
1780821296.7273078,youtube_cumbria_flood_rescue_828618,youtube_cumbria_flood_rescue_828618.mp4,375,50.0,640,480,combined,detect_combined,Flooded,deeplabv3plus,False,False,1,tensorrt,tensorrt,tensorrt,20.92,20.92,46.46,47.8,6.41,14.94,21.35,1403.88,54.2,0.0,1403.88,54.2,0.0,114.06,53.09,3.29,170.44,0.2198,False,False
1780821296.8166006,youtube_cumbria_flood_rescue_828618,youtube_cumbria_flood_rescue_828618.mp4,376,50.0,640,480,combined,detect_combined,Flooded,deeplabv3plus,False,False,1,tensorrt,tensorrt,tensorrt,18.56,18.56,52.87,53.89,7.83,21.61,29.439999999999998,1403.88,53.8,0.0,1403.88,53.8,0.0,114.06,53.09,3.29,170.44,0.2509,False,False
