timestamp,video_id,video_name,frame_idx,sim_altitude_m,input_width,input_height,mode,active_tool,classification_label,primary_model,model_switch_occurred,segmentation_skipped,human_count,clf_backend,seg_backend,human_backend,fps,instant_fps,total_inference_ms,total_latency_ms,classification_ms,segmentation_ms,model_switch_latency_ms,memory_mb,cpu_percent,power_w,peak_memory_mb,peak_cpu_percent,peak_power_w,clf_load_ms,seg_load_ms,human_load_ms,model_load_total_ms,flood_ratio,warmup,session_first_frame
1780909212.081338,archive_flood_airfield_274c83,archive_flood_airfield_274c83.mp4,0,50.0,640,480,combined,detect_combined,Flooded,deeplabv3plus,True,False,0,tensorrt,tensorrt,tensorrt,25.01,25.01,39.6,39.99,13.61,13.27,26.88,1404.84,22.0,7.85,1404.84,22.0,8.46,36.37,42.69,0.94,80.01,0.2793,False,True
1780909212.1602302,archive_flood_airfield_274c83,archive_flood_airfield_274c83.mp4,1,50.0,640,480,combined,detect_combined,Flooded,deeplabv3plus,False,False,0,tensorrt,tensorrt,tensorrt,20.33,20.33,48.84,49.2,14.09,21.33,35.42,1406.26,26.1,7.85,1406.26,26.1,8.46,36.37,42.69,0.94,80.01,0.5314,False,False
1780909212.229101,archive_flood_airfield_274c83,archive_flood_airfield_274c83.mp4,2,50.0,640,480,combined,detect_combined,Flooded,deeplabv3plus,False,False,0,tensorrt,tensorrt,tensorrt,24.52,24.52,40.45,40.79,5.84,12.85,18.689999999999998,1406.26,35.7,7.85,1406.26,35.7,8.46,36.37,42.69,0.94,80.01,0.5614,False,False
1780909212.3008418,archive_flood_airfield_274c83,archive_flood_airfield_274c83.mp4,3,50.0,640,480,combined,detect_combined,Flooded,deeplabv3plus,False,False,0,tensorrt,tensorrt,tensorrt,23.39,23.39,42.41,42.76,6.9,15.03,21.93,1406.26,30.2,7.85,1406.26,30.2,8.46,36.37,42.69,0.94,80.01,0.4745,False,False
1780909212.3703222,archive_flood_airfield_274c83,archive_flood_airfield_274c83.mp4,4,50.0,640,480,combined,detect_combined,Flooded,deeplabv3plus,False,False,0,tensorrt,tensorrt,tensorrt,25.54,25.54,38.76,39.15,7.04,15.18,22.22,1406.26,36.4,7.85,1406.26,36.4,8.46,36.37,42.69,0.94,80.01,0.5655,False,False
1780909212.4500916,archive_flood_airfield_274c83,archive_flood_airfield_274c83.mp4,5,50.0,640,480,combined,detect_combined,Flooded,deeplabv3plus,False,False,0,tensorrt,tensorrt,tensorrt,22.88,22.88,43.33,43.71,6.67,20.73,27.4,1406.52,27.3,7.85,1406.52,27.3,8.46,36.37,42.69,0.94,80.01,0.6258,False,False
1780909212.510421,archive_flood_airfield_274c83,archive_flood_airfield_274c83.mp4,6,50.0,640,480,combined,detect_combined,Flooded,deeplabv3plus,False,False,0,tensorrt,tensorrt,tensorrt,32.96,32.96,30.02,30.34,7.79,10.11,17.9,1406.52,35.1,7.85,1406.52,35.1,8.46,36.37,42.69,0.94,80.01,0.6025,False,False
1780909212.593607,archive_flood_airfield_274c83,archive_flood_airfield_274c83.mp4,7,50.0,640,480,combined,detect_combined,Flooded,deeplabv3plus,False,False,0,tensorrt,tensorrt,tensorrt,19.75,19.75,50.26,50.62,14.43,21.89,36.32,1406.52,31.9,7.85,1406.52,31.9,8.46,36.37,42.69,0.94,80.01,0.6397,False,False
1780909212.668375,archive_flood_airfield_274c83,archive_flood_airfield_274c83.mp4,8,50.0,640,480,combined,detect_combined,Flooded,deeplabv3plus,False,False,0,tensorrt,tensorrt,tensorrt,21.53,21.53,46.05,46.44,6.93,13.58,20.509999999999998,1406.52,33.3,7.69,1406.52,33.3,8.46,36.37,42.69,0.94,80.01,0.6075,False,False
1780909212.7663863,archive_flood_airfield_274c83,archive_flood_airfield_274c83.mp4,9,50.0,640,480,combined,detect_combined,Flooded,deeplabv3plus,False,False,0,tensorrt,tensorrt,tensorrt,16.92,16.92,58.66,59.11,18.88,27.46,46.34,1412.82,40.0,7.69,1412.82,40.0,8.46,36.37,42.69,0.94,80.01,0.6443,False,False
1780909212.8922715,archive_flood_airfield_274c83,archive_flood_airfield_274c83.mp4,10,50.0,640,480,combined,detect_combined,Flooded,deeplabv3plus,False,False,0,tensorrt,tensorrt,tensorrt,15.87,15.87,62.55,63.01,13.18,24.04,37.22,1412.82,58.7,7.69,1412.82,58.7,8.46,36.37,42.69,0.94,80.01,0.5862,False,False
1780909212.9812233,archive_flood_airfield_274c83,archive_flood_airfield_274c83.mp4,11,50.0,640,480,combined,detect_combined,Flooded,deeplabv3plus,False,False,0,tensorrt,tensorrt,tensorrt,19.12,19.12,51.92,52.3,6.42,16.39,22.810000000000002,1412.82,60.8,7.69,1412.82,60.8,8.46,36.37,42.69,0.94,80.01,0.5705,False,False
1780909213.062399,archive_flood_airfield_274c83,archive_flood_airfield_274c83.mp4,12,50.0,640,480,combined,detect_combined,Flooded,deeplabv3plus,False,False,0,tensorrt,tensorrt,tensorrt,20.32,20.32,48.86,49.22,11.42,20.22,31.64,1412.82,52.1,7.69,1412.82,52.1,8.46,36.37,42.69,0.94,80.01,0.5443,False,False
1780909213.130879,archive_flood_airfield_274c83,archive_flood_airfield_274c83.mp4,13,50.0,640,480,combined,detect_combined,Flooded,deeplabv3plus,False,False,0,tensorrt,tensorrt,tensorrt,25.85,25.85,38.34,38.69,6.73,12.04,18.77,1412.82,42.5,7.69,1412.82,42.5,8.46,36.37,42.69,0.94,80.01,0.5103,False,False
1780909213.2009456,archive_flood_airfield_274c83,archive_flood_airfield_274c83.mp4,14,50.0,640,480,combined,detect_combined,Flooded,deeplabv3plus,False,False,0,tensorrt,tensorrt,tensorrt,26.07,26.07,37.86,38.36,5.91,13.37,19.28,1412.82,61.4,7.69,1412.82,61.4,8.46,36.37,42.69,0.94,80.01,0.5949,False,False
1780909213.2701974,archive_flood_airfield_274c83,archive_flood_airfield_274c83.mp4,15,50.0,640,480,combined,detect_combined,Flooded,deeplabv3plus,False,False,0,tensorrt,tensorrt,tensorrt,25.22,25.22,39.34,39.65,5.71,22.04,27.75,1412.82,45.0,8.76,1412.82,45.0,8.76,36.37,42.69,0.94,80.01,0.5655,False,False
1780909213.342402,archive_flood_airfield_274c83,archive_flood_airfield_274c83.mp4,16,50.0,640,480,combined,detect_combined,Flooded,deeplabv3plus,False,False,0,tensorrt,tensorrt,tensorrt,23.86,23.86,41.6,41.91,8.67,10.73,19.4,1412.82,37.5,8.76,1412.82,37.5,8.76,36.37,42.69,0.94,80.01,0.5543,False,False
1780909213.4170432,archive_flood_airfield_274c83,archive_flood_airfield_274c83.mp4,17,50.0,640,480,combined,detect_combined,Flooded,deeplabv3plus,False,False,0,tensorrt,tensorrt,tensorrt,21.4,21.4,46.33,46.72,13.25,13.32,26.57,1412.82,31.8,8.76,1412.82,31.8,8.76,36.37,42.69,0.94,80.01,0.5435,False,False
1780909213.4982886,archive_flood_airfield_274c83,archive_flood_airfield_274c83.mp4,18,50.0,640,480,combined,detect_combined,Flooded,deeplabv3plus,False,False,0,tensorrt,tensorrt,tensorrt,22.17,22.17,44.71,45.1,7.25,15.29,22.54,1412.82,34.7,8.76,1412.82,34.7,8.76,36.37,42.69,0.94,80.01,0.5487,False,False
1780909213.5878837,archive_flood_airfield_274c83,archive_flood_airfield_274c83.mp4,19,50.0,640,480,combined,detect_combined,Flooded,deeplabv3plus,False,False,0,tensorrt,tensorrt,tensorrt,20.21,20.21,49.05,49.48,12.92,23.64,36.56,1412.82,26.4,8.76,1412.82,26.4,8.76,36.37,42.69,0.94,80.01,0.5228,False,False
1780909213.6704943,archive_flood_airfield_274c83,archive_flood_airfield_274c83.mp4,20,50.0,640,480,combined,detect_combined,Flooded,deeplabv3plus,False,False,0,tensorrt,tensorrt,tensorrt,21.01,21.01,47.2,47.61,13.46,22.05,35.510000000000005,1412.82,23.4,8.76,1412.82,23.4,8.76,36.37,42.69,0.94,80.01,0.5456,False,False
1780909213.7579815,archive_flood_airfield_274c83,archive_flood_airfield_274c83.mp4,21,50.0,640,480,combined,detect_combined,Flooded,deeplabv3plus,False,False,0,tensorrt,tensorrt,tensorrt,21.13,21.13,46.95,47.32,9.06,22.99,32.05,1412.82,28.8,8.76,1412.82,28.8,8.76,36.37,42.69,0.94,80.01,0.5643,False,False
1780909213.8447645,archive_flood_airfield_274c83,archive_flood_airfield_274c83.mp4,22,50.0,640,480,combined,detect_combined,Flooded,deeplabv3plus,False,False,0,tensorrt,tensorrt,tensorrt,19.33,19.33,51.18,51.74,8.5,22.37,30.87,1412.82,38.2,8.0,1412.82,38.2,8.76,36.37,42.69,0.94,80.01,0.5633,False,False
1780909213.9303572,archive_flood_airfield_274c83,archive_flood_airfield_274c83.mp4,23,50.0,640,480,combined,detect_combined,Flooded,deeplabv3plus,False,False,0,tensorrt,tensorrt,tensorrt,17.8,17.8,55.77,56.19,13.51,21.91,35.42,1412.82,30.6,8.0,1412.82,30.6,8.76,36.37,42.69,0.94,80.01,0.5746,False,False
1780909214.0034847,archive_flood_airfield_274c83,archive_flood_airfield_274c83.mp4,24,50.0,640,480,combined,detect_combined,Flooded,deeplabv3plus,False,False,0,tensorrt,tensorrt,tensorrt,22.47,22.47,44.09,44.5,11.36,21.28,32.64,1412.82,30.2,8.0,1412.82,30.2,8.76,36.37,42.69,0.94,80.01,0.6001,False,False
1780909214.079891,archive_flood_airfield_274c83,archive_flood_airfield_274c83.mp4,25,50.0,640,480,combined,detect_combined,Flooded,deeplabv3plus,False,False,0,tensorrt,tensorrt,tensorrt,23.67,23.67,41.91,42.24,7.01,11.77,18.78,1412.82,34.1,8.0,1412.82,34.1,8.76,36.37,42.69,0.94,80.01,0.6201,False,False
1780909214.1462648,archive_flood_airfield_274c83,archive_flood_airfield_274c83.mp4,26,50.0,640,480,combined,detect_combined,Flooded,deeplabv3plus,False,False,0,tensorrt,tensorrt,tensorrt,26.26,26.26,37.73,38.08,7.08,11.68,18.759999999999998,1412.82,47.4,8.0,1412.82,47.4,8.76,36.37,42.69,0.94,80.01,0.671,False,False
1780909214.2173765,archive_flood_airfield_274c83,archive_flood_airfield_274c83.mp4,27,50.0,640,480,combined,detect_combined,Flooded,deeplabv3plus,False,False,0,tensorrt,tensorrt,tensorrt,23.89,23.89,41.51,41.87,8.03,14.21,22.240000000000002,1412.82,52.2,8.0,1412.82,52.2,8.76,36.37,42.69,0.94,80.01,0.7378,False,False
1780909214.3023899,archive_flood_airfield_274c83,archive_flood_airfield_274c83.mp4,28,50.0,640,480,combined,detect_combined,Flooded,deeplabv3plus,False,False,0,tensorrt,tensorrt,tensorrt,18.08,18.08,54.83,55.3,6.81,17.03,23.84,1412.82,46.9,8.0,1412.82,46.9,8.76,36.37,42.69,0.94,80.01,0.6588,False,False
1780909214.3957138,archive_flood_airfield_274c83,archive_flood_airfield_274c83.mp4,29,50.0,640,480,combined,detect_combined,Flooded,deeplabv3plus,False,False,0,tensorrt,tensorrt,tensorrt,16.54,16.54,60.06,60.46,14.18,15.53,29.71,1412.82,47.3,8.0,1412.82,47.3,8.76,36.37,42.69,0.94,80.01,0.6501,False,False
1780909214.4563456,archive_flood_airfield_274c83,archive_flood_airfield_274c83.mp4,30,50.0,640,480,combined,detect_combined,Flooded,deeplabv3plus,False,False,0,tensorrt,tensorrt,tensorrt,37.8,37.8,26.12,26.45,5.89,10.22,16.11,1412.82,44.4,8.61,1412.82,44.4,8.76,36.37,42.69,0.94,80.01,0.6515,False,False
1780909214.5071037,archive_flood_airfield_274c83,archive_flood_airfield_274c83.mp4,31,50.0,640,480,combined,detect_combined,Flooded,deeplabv3plus,False,False,0,tensorrt,tensorrt,tensorrt,37.94,37.94,26.02,26.35,5.41,10.56,15.97,1412.82,29.0,8.61,1412.82,29.0,8.76,36.37,42.69,0.94,80.01,0.6671,False,False
1780909214.5888035,archive_flood_airfield_274c83,archive_flood_airfield_274c83.mp4,32,50.0,640,480,combined,detect_combined,Flooded,deeplabv3plus,False,False,0,tensorrt,tensorrt,tensorrt,20.3,20.3,48.85,49.26,12.53,24.34,36.87,1412.82,27.1,8.61,1412.82,27.1,8.76,36.37,42.69,0.94,80.01,0.692,False,False
1780909214.6692052,archive_flood_airfield_274c83,archive_flood_airfield_274c83.mp4,33,50.0,640,480,combined,detect_combined,Flooded,deeplabv3plus,False,False,0,tensorrt,tensorrt,tensorrt,22.57,22.57,43.79,44.3,9.77,22.29,32.06,1412.82,30.6,8.61,1412.82,30.6,8.76,36.37,42.69,0.94,80.01,0.6973,False,False
1780909214.7523282,archive_flood_airfield_274c83,archive_flood_airfield_274c83.mp4,34,50.0,640,480,combined,detect_combined,Flooded,deeplabv3plus,False,False,0,tensorrt,tensorrt,tensorrt,22.61,22.61,43.86,44.23,10.17,21.87,32.04,1412.82,27.7,8.61,1412.82,27.7,8.76,36.37,42.69,0.94,80.01,0.7062,False,False
1780909214.831999,archive_flood_airfield_274c83,archive_flood_airfield_274c83.mp4,35,50.0,640,480,combined,detect_combined,Flooded,deeplabv3plus,False,False,0,tensorrt,tensorrt,tensorrt,21.97,21.97,45.17,45.52,13.93,20.57,34.5,1412.82,27.7,8.61,1412.82,27.7,8.76,36.37,42.69,0.94,80.01,0.6197,False,False
1780909214.9089317,archive_flood_airfield_274c83,archive_flood_airfield_274c83.mp4,36,50.0,640,480,combined,detect_combined,Flooded,deeplabv3plus,False,False,0,tensorrt,tensorrt,tensorrt,21.68,21.68,45.73,46.12,6.69,20.84,27.53,1412.82,29.2,8.61,1412.82,29.2,8.76,36.37,42.69,0.94,80.01,0.7438,False,False
1780909214.9942038,archive_flood_airfield_274c83,archive_flood_airfield_274c83.mp4,37,50.0,640,480,combined,detect_combined,Flooded,deeplabv3plus,False,False,0,tensorrt,tensorrt,tensorrt,23.37,23.37,42.42,42.79,11.55,16.26,27.810000000000002,1412.82,28.8,8.61,1412.82,28.8,8.76,36.37,42.69,0.94,80.01,0.6174,False,False
1780909215.0837135,archive_flood_airfield_274c83,archive_flood_airfield_274c83.mp4,38,50.0,640,480,combined,detect_combined,Flooded,deeplabv3plus,False,False,0,tensorrt,tensorrt,tensorrt,21.79,21.79,45.51,45.88,12.75,21.13,33.879999999999995,1412.81,25.5,7.85,1412.81,25.5,8.76,36.37,42.69,0.94,80.01,0.609,False,False
1780909215.1744742,archive_flood_airfield_274c83,archive_flood_airfield_274c83.mp4,39,50.0,640,480,combined,detect_combined,Flooded,deeplabv3plus,False,False,0,tensorrt,tensorrt,tensorrt,18.34,18.34,53.99,54.53,13.67,27.13,40.8,1412.81,23.5,7.85,1412.81,23.5,8.76,36.37,42.69,0.94,80.01,0.6066,False,False
1780909215.2825415,archive_flood_airfield_274c83,archive_flood_airfield_274c83.mp4,40,50.0,640,480,combined,detect_combined,Flooded,deeplabv3plus,False,False,0,tensorrt,tensorrt,tensorrt,15.88,15.88,62.6,62.99,14.62,30.33,44.949999999999996,1412.82,28.6,7.85,1412.82,28.6,8.76,36.37,42.69,0.94,80.01,0.6657,False,False
1780909215.3830452,archive_flood_airfield_274c83,archive_flood_airfield_274c83.mp4,41,50.0,640,480,combined,detect_combined,Flooded,deeplabv3plus,False,False,0,tensorrt,tensorrt,tensorrt,21.34,21.34,46.51,46.85,15.76,22.1,37.86,1412.82,44.4,7.85,1412.82,44.4,8.76,36.37,42.69,0.94,80.01,0.7054,False,False
1780909215.4322746,archive_flood_airfield_274c83,archive_flood_airfield_274c83.mp4,42,50.0,640,480,combined,detect_combined,Flooded,deeplabv3plus,False,False,0,tensorrt,tensorrt,tensorrt,45.32,45.32,21.73,22.06,4.13,7.95,12.08,1412.82,44.8,7.85,1412.82,44.8,8.76,36.37,42.69,0.94,80.01,0.712,False,False
1780909215.515024,archive_flood_airfield_274c83,archive_flood_airfield_274c83.mp4,43,50.0,640,480,combined,detect_combined,Flooded,deeplabv3plus,False,False,0,tensorrt,tensorrt,tensorrt,21.82,21.82,45.47,45.83,6.03,17.36,23.39,1412.82,57.1,7.85,1412.82,57.1,8.76,36.37,42.69,0.94,80.01,0.7267,False,False
1780909215.5927908,archive_flood_airfield_274c83,archive_flood_airfield_274c83.mp4,44,50.0,640,480,combined,detect_combined,Flooded,deeplabv3plus,False,False,0,tensorrt,tensorrt,tensorrt,21.19,21.19,46.83,47.19,8.78,16.24,25.019999999999996,1412.82,60.0,8.46,1412.82,60.0,8.76,36.37,42.69,0.94,80.01,0.7055,False,False
1780909215.6595817,archive_flood_airfield_274c83,archive_flood_airfield_274c83.mp4,45,50.0,640,480,combined,detect_combined,Flooded,deeplabv3plus,False,False,0,tensorrt,tensorrt,tensorrt,21.93,21.93,45.27,45.61,11.2,14.45,25.65,1412.82,52.6,8.46,1412.82,52.6,8.76,36.37,42.69,0.94,80.01,0.6993,False,False
1780909215.7363942,archive_flood_airfield_274c83,archive_flood_airfield_274c83.mp4,46,50.0,640,480,combined,detect_combined,Flooded,deeplabv3plus,False,False,0,tensorrt,tensorrt,tensorrt,20.89,20.89,47.46,47.86,9.17,20.33,29.5,1412.82,55.8,8.46,1412.82,55.8,8.76,36.37,42.69,0.94,80.01,0.7014,False,False
1780909215.7997103,archive_flood_airfield_274c83,archive_flood_airfield_274c83.mp4,47,50.0,640,480,combined,detect_combined,Flooded,deeplabv3plus,False,False,0,tensorrt,tensorrt,tensorrt,29.39,29.39,33.62,34.03,6.08,12.49,18.57,1412.82,46.2,8.46,1412.82,46.2,8.76,36.37,42.69,0.94,80.01,0.6776,False,False
1780909215.8698332,archive_flood_airfield_274c83,archive_flood_airfield_274c83.mp4,48,50.0,640,480,combined,detect_combined,Flooded,deeplabv3plus,False,False,0,tensorrt,tensorrt,tensorrt,25.18,25.18,39.33,39.71,7.12,17.79,24.91,1412.82,31.6,8.46,1412.82,31.6,8.76,36.37,42.69,0.94,80.01,0.6535,False,False
1780909215.9550683,archive_flood_airfield_274c83,archive_flood_airfield_274c83.mp4,49,50.0,640,480,combined,detect_combined,Flooded,deeplabv3plus,False,False,0,tensorrt,tensorrt,tensorrt,20.49,20.49,48.39,48.8,9.28,14.14,23.42,1412.82,27.5,8.46,1412.82,27.5,8.76,36.37,42.69,0.94,80.01,0.6623,False,False
1780909216.053925,archive_flood_airfield_274c83,archive_flood_airfield_274c83.mp4,50,50.0,640,480,combined,detect_combined,Flooded,deeplabv3plus,False,False,0,tensorrt,tensorrt,tensorrt,18.54,18.54,53.49,53.94,14.48,25.52,40.0,1412.82,27.1,8.46,1412.82,27.1,8.76,36.37,42.69,0.94,80.01,0.6084,False,False
1780909216.1539423,archive_flood_airfield_274c83,archive_flood_airfield_274c83.mp4,51,50.0,640,480,combined,detect_combined,Flooded,deeplabv3plus,False,False,0,tensorrt,tensorrt,tensorrt,18.44,18.44,53.8,54.24,16.03,24.23,40.260000000000005,1412.82,29.5,8.46,1412.82,29.5,8.76,36.37,42.69,0.94,80.01,0.6057,False,False
1780909216.2373822,archive_flood_airfield_274c83,archive_flood_airfield_274c83.mp4,52,50.0,640,480,combined,detect_combined,Flooded,deeplabv3plus,False,False,0,tensorrt,tensorrt,tensorrt,22.71,22.71,43.68,44.03,5.91,21.85,27.76,1412.82,34.0,8.15,1412.82,34.0,8.76,36.37,42.69,0.94,80.01,0.6832,False,False
1780909216.2975311,archive_flood_airfield_274c83,archive_flood_airfield_274c83.mp4,53,50.0,640,480,combined,detect_combined,Flooded,deeplabv3plus,False,False,0,tensorrt,tensorrt,tensorrt,32.89,32.89,30.06,30.41,7.47,8.16,15.629999999999999,1412.82,29.4,8.15,1412.82,29.4,8.76,36.37,42.69,0.94,80.01,0.617,False,False
1780909216.361529,archive_flood_airfield_274c83,archive_flood_airfield_274c83.mp4,54,50.0,640,480,combined,detect_combined,Flooded,deeplabv3plus,False,False,0,tensorrt,tensorrt,tensorrt,26.01,26.01,38.08,38.45,5.0,15.83,20.83,1412.82,28.9,8.15,1412.82,28.9,8.76,36.37,42.69,0.94,80.01,0.5609,False,False
1780909216.44598,archive_flood_airfield_274c83,archive_flood_airfield_274c83.mp4,55,50.0,640,480,combined,detect_combined,Flooded,deeplabv3plus,False,False,0,tensorrt,tensorrt,tensorrt,19.93,19.93,49.82,50.19,14.63,23.41,38.04,1412.82,23.4,8.15,1412.82,23.4,8.76,36.37,42.69,0.94,80.01,0.5666,False,False
1780909216.5229723,archive_flood_airfield_274c83,archive_flood_airfield_274c83.mp4,56,50.0,640,480,combined,detect_combined,Flooded,deeplabv3plus,False,False,0,tensorrt,tensorrt,tensorrt,22.67,22.67,43.76,44.12,6.98,13.91,20.89,1412.82,26.7,8.15,1412.82,26.7,8.76,36.37,42.69,0.94,80.01,0.5666,False,False
1780909216.589959,archive_flood_airfield_274c83,archive_flood_airfield_274c83.mp4,57,50.0,640,480,combined,detect_combined,Flooded,deeplabv3plus,False,False,0,tensorrt,tensorrt,tensorrt,23.95,23.95,41.39,41.76,7.22,13.95,21.169999999999998,1412.82,28.9,8.15,1412.82,28.9,8.76,36.37,42.69,0.94,80.01,0.5683,False,False
1780909216.6582928,archive_flood_airfield_274c83,archive_flood_airfield_274c83.mp4,58,50.0,640,480,combined,detect_combined,Flooded,deeplabv3plus,False,False,0,tensorrt,tensorrt,tensorrt,24.88,24.88,39.79,40.19,6.6,13.14,19.740000000000002,1412.82,27.5,8.15,1412.82,27.5,8.76,36.37,42.69,0.94,80.01,0.5683,False,False
1780909216.7236674,archive_flood_airfield_274c83,archive_flood_airfield_274c83.mp4,59,50.0,640,480,combined,detect_combined,Flooded,deeplabv3plus,False,False,0,tensorrt,tensorrt,tensorrt,27.08,27.08,36.55,36.92,6.55,18.84,25.39,1412.82,48.7,8.15,1412.82,48.7,8.76,36.37,42.69,0.94,80.01,0.5683,False,False
1780909216.784506,archive_flood_airfield_274c83,archive_flood_airfield_274c83.mp4,60,50.0,640,480,combined,detect_combined,Flooded,deeplabv3plus,False,False,0,tensorrt,tensorrt,tensorrt,26.48,26.48,37.42,37.77,6.23,12.24,18.47,1412.82,44.7,7.85,1412.82,44.7,8.76,36.37,42.69,0.94,80.01,0.5684,False,False
1780909216.8642707,archive_flood_airfield_274c83,archive_flood_airfield_274c83.mp4,61,50.0,640,480,combined,detect_combined,Flooded,deeplabv3plus,False,False,0,tensorrt,tensorrt,tensorrt,21.38,21.38,46.43,46.76,12.87,22.78,35.65,1412.82,41.3,7.85,1412.82,41.3,8.76,36.37,42.69,0.94,80.01,0.5684,False,False
1780909216.9281151,archive_flood_airfield_274c83,archive_flood_airfield_274c83.mp4,62,50.0,640,480,combined,detect_combined,Flooded,deeplabv3plus,False,False,0,tensorrt,tensorrt,tensorrt,29.25,29.25,33.82,34.19,5.62,17.24,22.86,1412.82,43.6,7.85,1412.82,43.6,8.76,36.37,42.69,0.94,80.01,0.5684,False,False
1780909216.9977148,archive_flood_airfield_274c83,archive_flood_airfield_274c83.mp4,63,50.0,640,480,combined,detect_combined,Flooded,deeplabv3plus,False,False,0,tensorrt,tensorrt,tensorrt,24.38,24.38,40.66,41.03,6.35,20.37,26.72,1412.82,39.0,7.85,1412.82,39.0,8.76,36.37,42.69,0.94,80.01,0.5684,False,False
1780909217.0680838,archive_flood_airfield_274c83,archive_flood_airfield_274c83.mp4,64,50.0,640,480,combined,detect_combined,Flooded,deeplabv3plus,False,False,0,tensorrt,tensorrt,tensorrt,25.57,25.57,38.65,39.11,13.7,13.16,26.86,1412.82,35.9,7.85,1412.82,35.9,8.76,36.37,42.69,0.94,80.01,0.5684,False,False
1780909217.1383202,archive_flood_airfield_274c83,archive_flood_airfield_274c83.mp4,65,50.0,640,480,combined,detect_combined,Flooded,deeplabv3plus,False,False,0,tensorrt,tensorrt,tensorrt,29.09,29.09,34.02,34.37,8.66,12.92,21.58,1412.82,25.0,7.85,1412.82,25.0,8.76,36.37,42.69,0.94,80.01,0.5684,False,False
1780909217.2123337,archive_flood_airfield_274c83,archive_flood_airfield_274c83.mp4,66,50.0,640,480,combined,detect_combined,Flooded,deeplabv3plus,False,False,0,tensorrt,tensorrt,tensorrt,26.11,26.11,37.92,38.29,6.69,18.48,25.17,1412.82,25.6,7.85,1412.82,25.6,8.76,36.37,42.69,0.94,80.01,0.5684,False,False
1780909217.2892644,archive_flood_airfield_274c83,archive_flood_airfield_274c83.mp4,67,50.0,640,480,combined,detect_combined,Flooded,deeplabv3plus,False,False,0,tensorrt,tensorrt,tensorrt,23.56,23.56,42.03,42.45,14.29,14.49,28.78,1412.82,22.2,7.85,1412.82,22.2,8.76,36.37,42.69,0.94,80.01,0.5684,False,False
1780909217.3728783,archive_flood_airfield_274c83,archive_flood_airfield_274c83.mp4,68,50.0,640,480,combined,detect_combined,Non-Flooded,resnet18,True,False,0,tensorrt,tensorrt,tensorrt,22.26,22.26,44.4,44.92,15.66,15.31,30.97,1412.82,22.9,7.69,1412.82,22.9,8.76,36.37,42.69,0.94,80.01,0.1575,False,False
1780909217.4725266,archive_flood_airfield_274c83,archive_flood_airfield_274c83.mp4,69,50.0,640,480,combined,detect_combined,Flooded,deeplabv3plus,True,False,0,tensorrt,tensorrt,tensorrt,21.1,21.1,46.88,47.4,7.28,21.22,28.5,1412.82,27.1,7.69,1412.82,27.1,8.76,36.37,42.69,0.94,80.01,0.2311,False,False
1780909217.572838,archive_flood_airfield_274c83,archive_flood_airfield_274c83.mp4,70,50.0,640,480,combined,detect_combined,Flooded,deeplabv3plus,False,False,0,tensorrt,tensorrt,tensorrt,19.82,19.82,50.03,50.46,5.94,25.6,31.540000000000003,1412.82,30.5,7.69,1412.82,30.5,8.76,36.37,42.69,0.94,80.01,0.2109,False,False
1780909217.672443,archive_flood_airfield_274c83,archive_flood_airfield_274c83.mp4,71,50.0,640,480,combined,detect_combined,Non-Flooded,resnet18,True,False,0,tensorrt,tensorrt,tensorrt,19.91,19.91,49.7,50.23,9.19,15.81,25.0,1412.82,24.1,7.69,1412.82,24.1,8.76,36.37,42.69,0.94,80.01,0.1962,False,False
1780909217.794484,archive_flood_airfield_274c83,archive_flood_airfield_274c83.mp4,72,50.0,640,480,combined,detect_combined,Non-Flooded,resnet18,False,False,0,tensorrt,tensorrt,tensorrt,13.67,13.67,72.69,73.14,28.14,20.77,48.91,1412.82,30.6,7.69,1412.82,30.6,8.76,36.37,42.69,0.94,80.01,0.1824,False,False
1780909217.8765717,archive_flood_airfield_274c83,archive_flood_airfield_274c83.mp4,73,50.0,640,480,combined,detect_combined,Non-Flooded,resnet18,False,False,0,tensorrt,tensorrt,tensorrt,20.09,20.09,49.39,49.78,14.51,21.81,36.32,1412.82,34.7,7.69,1412.82,34.7,8.76,36.37,42.69,0.94,80.01,0.1998,False,False
1780909217.953017,archive_flood_airfield_274c83,archive_flood_airfield_274c83.mp4,74,50.0,640,480,combined,detect_combined,Flooded,deeplabv3plus,True,False,0,tensorrt,tensorrt,tensorrt,22.94,22.94,43.09,43.6,7.25,14.02,21.27,1412.82,37.0,7.54,1412.82,37.0,8.76,36.37,42.69,0.94,80.01,0.2219,False,False
1780909218.0233462,archive_flood_airfield_274c83,archive_flood_airfield_274c83.mp4,75,50.0,640,480,combined,detect_combined,Flooded,deeplabv3plus,False,False,0,tensorrt,tensorrt,tensorrt,24.37,24.37,40.65,41.04,6.81,14.79,21.599999999999998,1412.82,43.9,7.54,1412.82,43.9,8.76,36.37,42.69,0.94,80.01,0.2508,False,False
1780909218.098798,archive_flood_airfield_274c83,archive_flood_airfield_274c83.mp4,76,50.0,640,480,combined,detect_combined,Flooded,deeplabv3plus,False,False,0,tensorrt,tensorrt,tensorrt,22.78,22.78,43.53,43.9,6.59,13.09,19.68,1412.82,45.5,7.54,1412.82,45.5,8.76,36.37,42.69,0.94,80.01,0.3014,False,False
1780909218.1676314,archive_flood_airfield_274c83,archive_flood_airfield_274c83.mp4,77,50.0,640,480,combined,detect_combined,Flooded,deeplabv3plus,False,False,0,tensorrt,tensorrt,tensorrt,25.32,25.32,39.05,39.49,6.75,13.23,19.98,1412.82,40.0,7.54,1412.82,40.0,8.76,36.37,42.69,0.94,80.01,0.271,False,False
1780909218.2585995,archive_flood_airfield_274c83,archive_flood_airfield_274c83.mp4,78,50.0,640,480,combined,detect_combined,Flooded,deeplabv3plus,False,False,0,tensorrt,tensorrt,tensorrt,22.67,22.67,43.73,44.11,9.51,21.47,30.979999999999997,1412.82,50.0,7.54,1412.82,50.0,8.76,36.37,42.69,0.94,80.01,0.2755,False,False
1780909218.3378072,archive_flood_airfield_274c83,archive_flood_airfield_274c83.mp4,79,50.0,640,480,combined,detect_combined,Flooded,deeplabv3plus,False,False,0,tensorrt,tensorrt,tensorrt,21.05,21.05,47.12,47.5,14.49,15.36,29.85,1412.82,43.2,7.54,1412.82,43.2,8.76,36.37,42.69,0.94,80.01,0.3265,False,False
1780909218.4279232,archive_flood_airfield_274c83,archive_flood_airfield_274c83.mp4,80,50.0,640,480,combined,detect_combined,Flooded,deeplabv3plus,False,False,0,tensorrt,tensorrt,tensorrt,20.54,20.54,48.27,48.68,11.71,22.5,34.21,1412.82,32.7,7.54,1412.82,32.7,8.76,36.37,42.69,0.94,80.01,0.3751,False,False
1780909218.5203068,archive_flood_airfield_274c83,archive_flood_airfield_274c83.mp4,81,50.0,640,480,combined,detect_combined,Flooded,deeplabv3plus,False,False,0,tensorrt,tensorrt,tensorrt,20.73,20.73,47.76,48.25,7.17,20.97,28.14,1412.82,27.3,7.85,1412.82,27.3,8.76,36.37,42.69,0.94,80.01,0.3232,False,False
1780909218.6169891,archive_flood_airfield_274c83,archive_flood_airfield_274c83.mp4,82,50.0,640,480,combined,detect_combined,Flooded,deeplabv3plus,False,False,0,tensorrt,tensorrt,tensorrt,20.18,20.18,49.15,49.56,11.11,22.73,33.84,1412.82,28.1,7.85,1412.82,28.1,8.76,36.37,42.69,0.94,80.01,0.2966,False,False
1780909218.710498,archive_flood_airfield_274c83,archive_flood_airfield_274c83.mp4,83,50.0,640,480,combined,detect_combined,Flooded,deeplabv3plus,False,False,0,tensorrt,tensorrt,tensorrt,21.17,21.17,46.78,47.23,10.38,22.67,33.050000000000004,1412.82,26.8,7.85,1412.82,26.8,8.76,36.37,42.69,0.94,80.01,0.3043,False,False
1780909218.7996278,archive_flood_airfield_274c83,archive_flood_airfield_274c83.mp4,84,50.0,640,480,combined,detect_combined,Flooded,deeplabv3plus,False,False,0,tensorrt,tensorrt,tensorrt,21.67,21.67,45.74,46.15,7.04,17.96,25.0,1412.82,34.0,7.85,1412.82,34.0,8.76,36.37,42.69,0.94,80.01,0.3405,False,False
1780909218.8725808,archive_flood_airfield_274c83,archive_flood_airfield_274c83.mp4,85,50.0,640,480,combined,detect_combined,Flooded,deeplabv3plus,False,False,0,tensorrt,tensorrt,tensorrt,22.44,22.44,44.23,44.57,11.9,20.47,32.37,1412.82,42.5,7.85,1412.82,42.5,8.76,36.37,42.69,0.94,80.01,0.4107,False,False
1780909218.9538813,archive_flood_airfield_274c83,archive_flood_airfield_274c83.mp4,86,50.0,640,480,combined,detect_combined,Flooded,deeplabv3plus,False,False,0,tensorrt,tensorrt,tensorrt,19.44,19.44,51.1,51.44,6.07,17.82,23.89,1412.82,79.6,7.85,1412.82,79.6,8.76,36.37,42.69,0.94,80.01,0.351,False,False
1780909219.0276108,archive_flood_airfield_274c83,archive_flood_airfield_274c83.mp4,87,50.0,640,480,combined,detect_combined,Flooded,deeplabv3plus,False,False,0,tensorrt,tensorrt,tensorrt,24.38,24.38,40.67,41.01,5.8,11.38,17.18,1412.82,85.7,7.85,1412.82,85.7,8.76,36.37,42.69,0.94,80.01,0.4116,False,False
1780909219.0907674,archive_flood_airfield_274c83,archive_flood_airfield_274c83.mp4,88,50.0,640,480,combined,detect_combined,Flooded,deeplabv3plus,False,False,0,tensorrt,tensorrt,tensorrt,25.63,25.63,38.68,39.02,5.84,11.49,17.33,1412.82,50.0,9.07,1412.82,50.0,9.07,36.37,42.69,0.94,80.01,0.3389,False,False
1780909219.1560197,archive_flood_airfield_274c83,archive_flood_airfield_274c83.mp4,89,50.0,640,480,combined,detect_combined,Flooded,deeplabv3plus,False,False,0,tensorrt,tensorrt,tensorrt,24.65,24.65,40.25,40.57,6.27,12.13,18.4,1412.82,30.0,9.07,1412.82,30.0,9.07,36.37,42.69,0.94,80.01,0.2903,False,False
1780909219.2236001,archive_flood_airfield_274c83,archive_flood_airfield_274c83.mp4,90,50.0,640,480,combined,detect_combined,Flooded,deeplabv3plus,False,False,0,tensorrt,tensorrt,tensorrt,25.06,25.06,39.57,39.91,5.7,11.71,17.41,1412.82,21.1,9.07,1412.82,21.1,9.07,36.37,42.69,0.94,80.01,0.3168,False,False
1780909219.2979853,archive_flood_airfield_274c83,archive_flood_airfield_274c83.mp4,91,50.0,640,480,combined,detect_combined,Flooded,deeplabv3plus,False,False,0,tensorrt,tensorrt,tensorrt,25.24,25.24,39.26,39.62,7.03,12.96,19.990000000000002,1412.82,39.5,9.07,1412.82,39.5,9.07,36.37,42.69,0.94,80.01,0.3748,False,False
1780909219.3826816,archive_flood_airfield_274c83,archive_flood_airfield_274c83.mp4,92,50.0,640,480,combined,detect_combined,Flooded,deeplabv3plus,False,False,0,tensorrt,tensorrt,tensorrt,21.92,21.92,45.23,45.62,11.27,14.97,26.240000000000002,1412.82,49.0,9.07,1412.82,49.0,9.07,36.37,42.69,0.94,80.01,0.3982,False,False
1780909219.4575775,archive_flood_airfield_274c83,archive_flood_airfield_274c83.mp4,93,50.0,640,480,combined,detect_combined,Flooded,deeplabv3plus,False,False,0,tensorrt,tensorrt,tensorrt,23.72,23.72,41.81,42.15,8.43,11.49,19.92,1412.82,46.7,9.07,1412.82,46.7,9.07,36.37,42.69,0.94,80.01,0.4122,False,False
1780909219.5368078,archive_flood_airfield_274c83,archive_flood_airfield_274c83.mp4,94,50.0,640,480,combined,detect_combined,Flooded,deeplabv3plus,False,False,0,tensorrt,tensorrt,tensorrt,21.4,21.4,46.36,46.72,13.3,21.22,34.519999999999996,1412.82,45.7,9.07,1412.82,45.7,9.07,36.37,42.69,0.94,80.01,0.4081,False,False
1780909219.62203,archive_flood_airfield_274c83,archive_flood_airfield_274c83.mp4,95,50.0,640,480,combined,detect_combined,Flooded,deeplabv3plus,False,False,0,tensorrt,tensorrt,tensorrt,20.09,20.09,49.39,49.77,14.22,22.14,36.36,1412.82,34.0,9.07,1412.82,34.0,9.07,36.37,42.69,0.94,80.01,0.4643,False,False
1780909219.712847,archive_flood_airfield_274c83,archive_flood_airfield_274c83.mp4,96,50.0,640,480,combined,detect_combined,Flooded,deeplabv3plus,False,False,0,tensorrt,tensorrt,tensorrt,20.13,20.13,49.24,49.68,10.72,23.71,34.43,1412.82,29.6,8.46,1412.82,29.6,9.07,36.37,42.69,0.94,80.01,0.3995,False,False
1780909219.8071005,archive_flood_airfield_274c83,archive_flood_airfield_274c83.mp4,97,50.0,640,480,combined,detect_combined,Flooded,deeplabv3plus,False,False,0,tensorrt,tensorrt,tensorrt,20.13,20.13,49.28,49.67,13.89,22.18,36.07,1412.82,30.5,8.46,1412.82,30.5,9.07,36.37,42.69,0.94,80.01,0.4563,False,False
1780909219.8958127,archive_flood_airfield_274c83,archive_flood_airfield_274c83.mp4,98,50.0,640,480,combined,detect_combined,Flooded,deeplabv3plus,False,False,0,tensorrt,tensorrt,tensorrt,22.2,22.2,44.68,45.05,7.02,20.7,27.72,1412.82,25.5,8.46,1412.82,25.5,9.07,36.37,42.69,0.94,80.01,0.3844,False,False
1780909219.975102,archive_flood_airfield_274c83,archive_flood_airfield_274c83.mp4,99,50.0,640,480,combined,detect_combined,Flooded,deeplabv3plus,False,False,0,tensorrt,tensorrt,tensorrt,24.73,24.73,40.09,40.44,5.88,13.36,19.24,1412.82,29.2,8.46,1412.82,29.2,9.07,36.37,42.69,0.94,80.01,0.4798,False,False
1780909220.061915,archive_flood_airfield_274c83,archive_flood_airfield_274c83.mp4,100,50.0,640,480,combined,detect_combined,Flooded,deeplabv3plus,False,False,0,tensorrt,tensorrt,tensorrt,22.66,22.66,43.76,44.14,5.9,18.33,24.229999999999997,1412.82,33.3,8.46,1412.82,33.3,9.07,36.37,42.69,0.94,80.01,0.4716,False,False
1780909220.1555607,archive_flood_airfield_274c83,archive_flood_airfield_274c83.mp4,101,50.0,640,480,combined,detect_combined,Flooded,deeplabv3plus,False,False,0,tensorrt,tensorrt,tensorrt,20.32,20.32,48.83,49.21,14.14,21.28,35.42,1412.82,24.5,8.46,1412.82,24.5,9.07,36.37,42.69,0.94,80.01,0.4786,False,False
1780909220.2706516,archive_flood_airfield_274c83,archive_flood_airfield_274c83.mp4,102,50.0,640,480,combined,detect_combined,Flooded,deeplabv3plus,False,False,0,tensorrt,tensorrt,tensorrt,13.7,13.7,72.65,73.0,6.98,20.74,27.72,1412.82,30.4,7.85,1412.82,30.4,9.07,36.37,42.69,0.94,80.01,0.4405,False,False
1780909220.3778875,archive_flood_airfield_274c83,archive_flood_airfield_274c83.mp4,103,50.0,640,480,combined,detect_combined,Flooded,deeplabv3plus,False,False,0,tensorrt,tensorrt,tensorrt,18.88,18.88,52.51,52.97,16.35,21.06,37.41,1412.82,38.2,7.85,1412.82,38.2,9.07,36.37,42.69,0.94,80.01,0.4726,False,False
1780909220.47162,archive_flood_airfield_274c83,archive_flood_airfield_274c83.mp4,104,50.0,640,480,combined,detect_combined,Flooded,deeplabv3plus,False,False,0,tensorrt,tensorrt,tensorrt,20.13,20.13,49.23,49.67,11.41,24.55,35.96,1412.82,26.4,7.85,1412.82,26.4,9.07,36.37,42.69,0.94,80.01,0.5059,False,False
1780909220.5713089,archive_flood_airfield_274c83,archive_flood_airfield_274c83.mp4,105,50.0,640,480,combined,detect_combined,Flooded,deeplabv3plus,False,False,0,tensorrt,tensorrt,tensorrt,19.82,19.82,50.03,50.46,14.59,22.1,36.69,1412.82,36.2,7.85,1412.82,36.2,9.07,36.37,42.69,0.94,80.01,0.4806,False,False
1780909220.6520407,archive_flood_airfield_274c83,archive_flood_airfield_274c83.mp4,106,50.0,640,480,combined,detect_combined,Flooded,deeplabv3plus,False,False,0,tensorrt,tensorrt,tensorrt,23.24,23.24,42.66,43.02,6.9,22.91,29.810000000000002,1412.82,46.9,7.85,1412.82,46.9,9.07,36.37,42.69,0.94,80.01,0.486,False,False
1780909220.722105,archive_flood_airfield_274c83,archive_flood_airfield_274c83.mp4,107,50.0,640,480,combined,detect_combined,Flooded,deeplabv3plus,False,False,0,tensorrt,tensorrt,tensorrt,24.11,24.11,41.15,41.48,6.39,12.97,19.36,1412.82,43.9,7.85,1412.82,43.9,9.07,36.37,42.69,0.94,80.01,0.4854,False,False
1780909220.7993596,archive_flood_airfield_274c83,archive_flood_airfield_274c83.mp4,108,50.0,640,480,combined,detect_combined,Flooded,deeplabv3plus,False,False,0,tensorrt,tensorrt,tensorrt,22.38,22.38,44.34,44.68,12.48,21.09,33.57,1412.82,47.7,7.85,1412.82,47.7,9.07,36.37,42.69,0.94,80.01,0.5005,False,False
1780909220.877914,archive_flood_airfield_274c83,archive_flood_airfield_274c83.mp4,109,50.0,640,480,combined,detect_combined,Flooded,deeplabv3plus,False,False,0,tensorrt,tensorrt,tensorrt,20.75,20.75,47.81,48.19,6.58,18.89,25.47,1412.82,46.7,8.0,1412.82,46.7,9.07,36.37,42.69,0.94,80.01,0.5337,False,False
1780909220.9614997,archive_flood_airfield_274c83,archive_flood_airfield_274c83.mp4,110,50.0,640,480,combined,detect_combined,Flooded,deeplabv3plus,False,False,0,tensorrt,tensorrt,tensorrt,19.88,19.88,49.93,50.3,6.25,21.19,27.44,1412.82,38.8,8.0,1412.82,38.8,9.07,36.37,42.69,0.94,80.01,0.5203,False,False
1780909221.0579233,archive_flood_airfield_274c83,archive_flood_airfield_274c83.mp4,111,50.0,640,480,combined,detect_combined,Flooded,deeplabv3plus,False,False,0,tensorrt,tensorrt,tensorrt,18.17,18.17,54.6,55.05,15.56,25.73,41.29,1412.82,20.4,8.0,1412.82,20.4,9.07,36.37,42.69,0.94,80.01,0.5179,False,False
1780909221.150556,archive_flood_airfield_274c83,archive_flood_airfield_274c83.mp4,112,50.0,640,480,combined,detect_combined,Flooded,deeplabv3plus,False,False,0,tensorrt,tensorrt,tensorrt,21.83,21.83,45.45,45.8,12.84,21.67,34.510000000000005,1412.82,27.8,8.0,1412.82,27.8,9.07,36.37,42.69,0.94,80.01,0.544,False,False
1780909221.2246904,archive_flood_airfield_274c83,archive_flood_airfield_274c83.mp4,113,50.0,640,480,combined,detect_combined,Flooded,deeplabv3plus,False,False,0,tensorrt,tensorrt,tensorrt,22.22,22.22,44.66,45.01,6.48,18.19,24.67,1412.82,36.4,8.0,1412.82,36.4,9.07,36.37,42.69,0.94,80.01,0.5441,False,False
1780909221.2821705,archive_flood_airfield_274c83,archive_flood_airfield_274c83.mp4,114,50.0,640,480,combined,detect_combined,Flooded,deeplabv3plus,False,False,0,tensorrt,tensorrt,tensorrt,33.33,33.33,29.68,30.0,5.91,9.31,15.22,1412.82,34.3,8.0,1412.82,34.3,9.07,36.37,42.69,0.94,80.01,0.523,False,False
1780909221.3464112,archive_flood_airfield_274c83,archive_flood_airfield_274c83.mp4,115,50.0,640,480,combined,detect_combined,Flooded,deeplabv3plus,False,False,0,tensorrt,tensorrt,tensorrt,25.69,25.69,38.58,38.93,6.15,14.29,20.439999999999998,1412.82,26.5,8.0,1412.82,26.5,9.07,36.37,42.69,0.94,80.01,0.529,False,False
1780909221.4177725,archive_flood_airfield_274c83,archive_flood_airfield_274c83.mp4,116,50.0,640,480,combined,detect_combined,Flooded,deeplabv3plus,False,False,0,tensorrt,tensorrt,tensorrt,24.33,24.33,40.72,41.11,6.53,22.1,28.630000000000003,1412.82,33.3,8.0,1412.82,33.3,9.07,36.37,42.69,0.94,80.01,0.4747,False,False
1780909221.4927099,archive_flood_airfield_274c83,archive_flood_airfield_274c83.mp4,117,50.0,640,480,combined,detect_combined,Flooded,deeplabv3plus,False,False,0,tensorrt,tensorrt,tensorrt,22.71,22.71,43.68,44.04,6.67,13.28,19.95,1412.82,27.7,8.0,1412.82,27.7,9.07,36.37,42.69,0.94,80.01,0.5695,False,False
1780909221.5873563,archive_flood_airfield_274c83,archive_flood_airfield_274c83.mp4,118,50.0,640,480,combined,detect_combined,Flooded,deeplabv3plus,False,False,0,tensorrt,tensorrt,tensorrt,18.44,18.44,53.69,54.22,14.78,23.98,38.76,1412.82,28.1,8.0,1412.82,28.1,9.07,36.37,42.69,0.94,80.01,0.4886,False,False
1780909221.6694477,archive_flood_airfield_274c83,archive_flood_airfield_274c83.mp4,119,50.0,640,480,combined,detect_combined,Flooded,deeplabv3plus,False,False,0,tensorrt,tensorrt,tensorrt,22.14,22.14,44.81,45.17,7.39,23.45,30.84,1412.82,27.1,8.0,1412.82,27.1,9.07,36.37,42.69,0.94,80.01,0.5413,False,False
1780909221.7468657,archive_flood_airfield_274c83,archive_flood_airfield_274c83.mp4,120,50.0,640,480,combined,detect_combined,Flooded,deeplabv3plus,False,False,0,tensorrt,tensorrt,tensorrt,24.58,24.58,40.25,40.68,7.06,15.14,22.2,1412.82,23.3,8.0,1412.82,23.3,9.07,36.37,42.69,0.94,80.01,0.4922,False,False
1780909221.8343549,archive_flood_airfield_274c83,archive_flood_airfield_274c83.mp4,121,50.0,640,480,combined,detect_combined,Flooded,deeplabv3plus,False,False,0,tensorrt,tensorrt,tensorrt,22.24,22.24,44.39,44.96,10.49,21.66,32.15,1412.82,32.7,8.0,1412.82,32.7,9.07,36.37,42.69,0.94,80.01,0.5274,False,False
1780909221.9120293,archive_flood_airfield_274c83,archive_flood_airfield_274c83.mp4,122,50.0,640,480,combined,detect_combined,Flooded,deeplabv3plus,False,False,0,tensorrt,tensorrt,tensorrt,21.64,21.64,45.85,46.22,14.11,14.35,28.46,1412.82,54.2,8.0,1412.82,54.2,9.07,36.37,42.69,0.94,80.01,0.4899,False,False
1780909221.9921088,archive_flood_airfield_274c83,archive_flood_airfield_274c83.mp4,123,50.0,640,480,combined,detect_combined,Flooded,deeplabv3plus,False,False,0,tensorrt,tensorrt,tensorrt,20.4,20.4,48.67,49.01,6.09,20.49,26.58,1412.82,43.5,8.0,1412.82,43.5,9.07,36.37,42.69,0.94,80.01,0.3137,False,False
1780909222.0739274,archive_flood_airfield_274c83,archive_flood_airfield_274c83.mp4,124,50.0,640,480,combined,detect_combined,Flooded,deeplabv3plus,False,False,0,tensorrt,tensorrt,tensorrt,20.41,20.41,48.65,49.0,6.07,20.4,26.47,1412.82,41.7,8.0,1412.82,41.7,9.07,36.37,42.69,0.94,80.01,0.351,False,False
1780909222.1578114,archive_flood_airfield_274c83,archive_flood_airfield_274c83.mp4,125,50.0,640,480,combined,detect_combined,Flooded,deeplabv3plus,False,False,0,tensorrt,tensorrt,tensorrt,20.68,20.68,48.02,48.36,6.62,19.56,26.18,1412.82,44.0,8.0,1412.82,44.0,9.07,36.37,42.69,0.94,80.01,0.3056,False,False
1780909222.2299943,archive_flood_airfield_274c83,archive_flood_airfield_274c83.mp4,126,50.0,640,480,combined,detect_combined,Flooded,deeplabv3plus,False,False,0,tensorrt,tensorrt,tensorrt,23.89,23.89,41.5,41.86,8.81,21.4,30.21,1412.82,41.5,8.0,1412.82,41.5,9.07,36.37,42.69,0.94,80.01,0.3621,False,False
1780909222.3185573,archive_flood_airfield_274c83,archive_flood_airfield_274c83.mp4,127,50.0,640,480,combined,detect_combined,Flooded,deeplabv3plus,False,False,0,tensorrt,tensorrt,tensorrt,19.33,19.33,51.31,51.72,14.23,24.6,38.83,1412.82,23.1,8.0,1412.82,23.1,9.07,36.37,42.69,0.94,80.01,0.4498,False,False
1780909222.401503,archive_flood_airfield_274c83,archive_flood_airfield_274c83.mp4,128,50.0,640,480,combined,detect_combined,Flooded,deeplabv3plus,False,False,0,tensorrt,tensorrt,tensorrt,23.24,23.24,42.69,43.03,8.3,11.58,19.880000000000003,1412.82,33.3,8.0,1412.82,33.3,9.07,36.37,42.69,0.94,80.01,0.4948,False,False
1780909222.4871736,archive_flood_airfield_274c83,archive_flood_airfield_274c83.mp4,129,50.0,640,480,combined,detect_combined,Flooded,deeplabv3plus,False,False,0,tensorrt,tensorrt,tensorrt,22.19,22.19,44.7,45.06,6.97,20.53,27.5,1412.82,26.5,8.0,1412.82,26.5,9.07,36.37,42.69,0.94,80.01,0.5542,False,False
1780909222.5812635,archive_flood_airfield_274c83,archive_flood_airfield_274c83.mp4,130,50.0,640,480,combined,detect_combined,Flooded,deeplabv3plus,False,False,0,tensorrt,tensorrt,tensorrt,21.3,21.3,46.61,46.94,11.91,22.01,33.92,1412.82,23.6,8.0,1412.82,23.6,9.07,36.37,42.69,0.94,80.01,0.6311,False,False
1780909222.6734428,archive_flood_airfield_274c83,archive_flood_airfield_274c83.mp4,131,50.0,640,480,combined,detect_combined,Flooded,deeplabv3plus,False,False,0,tensorrt,tensorrt,tensorrt,21.88,21.88,45.35,45.71,7.15,16.91,24.060000000000002,1412.82,30.9,7.85,1412.82,30.9,9.07,36.37,42.69,0.94,80.01,0.483,False,False
1780909222.7692206,archive_flood_airfield_274c83,archive_flood_airfield_274c83.mp4,132,50.0,640,480,combined,detect_combined,Flooded,deeplabv3plus,False,False,0,tensorrt,tensorrt,tensorrt,18.99,18.99,52.34,52.67,6.42,15.01,21.43,1412.82,32.7,7.85,1412.82,32.7,9.07,36.37,42.69,0.94,80.01,0.5717,False,False
1780909222.8610246,archive_flood_airfield_274c83,archive_flood_airfield_274c83.mp4,133,50.0,640,480,combined,detect_combined,Flooded,deeplabv3plus,False,False,0,tensorrt,tensorrt,tensorrt,20.95,20.95,47.36,47.74,15.73,17.46,33.19,1412.82,37.5,7.85,1412.82,37.5,9.07,36.37,42.69,0.94,80.01,0.4125,False,False
1780909222.9408302,archive_flood_airfield_274c83,archive_flood_airfield_274c83.mp4,134,50.0,640,480,combined,detect_combined,Flooded,deeplabv3plus,False,False,0,tensorrt,tensorrt,tensorrt,20.98,20.98,47.2,47.66,6.7,13.69,20.39,1412.82,29.8,7.85,1412.82,29.8,9.07,36.37,42.69,0.94,80.01,0.5425,False,False
1780909223.0226617,archive_flood_airfield_274c83,archive_flood_airfield_274c83.mp4,135,50.0,640,480,combined,detect_combined,Flooded,deeplabv3plus,False,False,0,tensorrt,tensorrt,tensorrt,22.36,22.36,44.34,44.72,5.72,18.15,23.869999999999997,1412.82,24.4,7.85,1412.82,24.4,9.07,36.37,42.69,0.94,80.01,0.3696,False,False
1780909223.1160834,archive_flood_airfield_274c83,archive_flood_airfield_274c83.mp4,136,50.0,640,480,combined,detect_combined,Flooded,deeplabv3plus,False,False,0,tensorrt,tensorrt,tensorrt,18.92,18.92,52.44,52.85,14.26,23.66,37.92,1412.82,40.0,7.85,1412.82,40.0,9.07,36.37,42.69,0.94,80.01,0.3326,False,False
1780909223.1997573,archive_flood_airfield_274c83,archive_flood_airfield_274c83.mp4,137,50.0,640,480,combined,detect_combined,Flooded,deeplabv3plus,False,False,0,tensorrt,tensorrt,tensorrt,21.76,21.76,45.53,45.96,7.14,23.65,30.79,1412.82,46.9,7.69,1412.82,46.9,9.07,36.37,42.69,0.94,80.01,0.4792,False,False
1780909223.283011,archive_flood_airfield_274c83,archive_flood_airfield_274c83.mp4,138,50.0,640,480,combined,detect_combined,Flooded,deeplabv3plus,False,False,0,tensorrt,tensorrt,tensorrt,21.24,21.24,46.66,47.09,7.06,24.43,31.49,1412.82,42.9,7.69,1412.82,42.9,9.07,36.37,42.69,0.94,80.01,0.4524,False,False
1780909223.3723128,archive_flood_airfield_274c83,archive_flood_airfield_274c83.mp4,139,50.0,640,480,combined,detect_combined,Flooded,deeplabv3plus,False,False,0,tensorrt,tensorrt,tensorrt,21.55,21.55,46.01,46.4,6.97,16.88,23.849999999999998,1412.82,40.0,7.69,1412.82,40.0,9.07,36.37,42.69,0.94,80.01,0.5131,False,False
1780909223.4691417,archive_flood_airfield_274c83,archive_flood_airfield_274c83.mp4,140,50.0,640,480,combined,detect_combined,Flooded,deeplabv3plus,False,False,0,tensorrt,tensorrt,tensorrt,19.44,19.44,51.01,51.45,9.44,26.22,35.66,1412.82,42.1,7.69,1412.82,42.1,9.07,36.37,42.69,0.94,80.01,0.418,False,False
1780909223.568405,archive_flood_airfield_274c83,archive_flood_airfield_274c83.mp4,141,50.0,640,480,combined,detect_combined,Flooded,deeplabv3plus,False,False,0,tensorrt,tensorrt,tensorrt,20.72,20.72,47.84,48.26,8.91,23.98,32.89,1412.82,26.3,7.69,1412.82,26.3,9.07,36.37,42.69,0.94,80.01,0.3374,False,False
1780909223.668908,archive_flood_airfield_274c83,archive_flood_airfield_274c83.mp4,142,50.0,640,480,combined,detect_combined,Flooded,deeplabv3plus,False,False,0,tensorrt,tensorrt,tensorrt,19.99,19.99,49.61,50.03,7.8,26.54,34.339999999999996,1412.82,27.1,7.69,1412.82,27.1,9.07,36.37,42.69,0.94,80.01,0.2703,False,False
1780909223.769025,archive_flood_airfield_274c83,archive_flood_airfield_274c83.mp4,143,50.0,640,480,combined,detect_combined,Flooded,deeplabv3plus,False,False,0,tensorrt,tensorrt,tensorrt,20.85,20.85,47.54,47.97,7.69,24.61,32.3,1412.82,28.3,7.69,1412.82,28.3,9.07,36.37,42.69,0.94,80.01,0.2855,False,False
1780909223.8596125,archive_flood_airfield_274c83,archive_flood_airfield_274c83.mp4,144,50.0,640,480,combined,detect_combined,Flooded,deeplabv3plus,False,False,0,tensorrt,tensorrt,tensorrt,23.24,23.24,42.6,43.03,7.44,16.53,23.970000000000002,1412.82,28.8,7.69,1412.82,28.8,9.07,36.37,42.69,0.94,80.01,0.2915,False,False
1780909223.9446764,archive_flood_airfield_274c83,archive_flood_airfield_274c83.mp4,145,50.0,640,480,combined,detect_combined,Flooded,deeplabv3plus,False,False,0,tensorrt,tensorrt,tensorrt,22.98,22.98,43.06,43.52,7.73,20.56,28.29,1412.82,30.2,7.69,1412.82,30.2,9.07,36.37,42.69,0.94,80.01,0.3829,False,False
1780909224.0474808,archive_flood_airfield_274c83,archive_flood_airfield_274c83.mp4,146,50.0,640,480,combined,detect_combined,Flooded,deeplabv3plus,False,False,0,tensorrt,tensorrt,tensorrt,19.47,19.47,50.91,51.35,15.65,20.25,35.9,1412.82,24.1,7.69,1412.82,24.1,9.07,36.37,42.69,0.94,80.01,0.4659,False,False
1780909224.1363828,archive_flood_airfield_274c83,archive_flood_airfield_274c83.mp4,147,50.0,640,480,combined,detect_combined,Flooded,deeplabv3plus,False,False,0,tensorrt,tensorrt,tensorrt,22.11,22.11,44.82,45.23,6.19,15.17,21.36,1412.82,30.9,7.69,1412.82,30.9,9.07,36.37,42.69,0.94,80.01,0.5636,False,False
1780909224.2208695,archive_flood_airfield_274c83,archive_flood_airfield_274c83.mp4,148,50.0,640,480,combined,detect_combined,Flooded,deeplabv3plus,False,False,0,tensorrt,tensorrt,tensorrt,23.25,23.25,42.57,43.02,8.08,16.38,24.46,1412.82,26.5,7.69,1412.82,26.5,9.07,36.37,42.69,0.94,80.01,0.5935,False,False
1780909224.3093376,archive_flood_airfield_274c83,archive_flood_airfield_274c83.mp4,149,50.0,640,480,combined,detect_combined,Flooded,deeplabv3plus,False,False,0,tensorrt,tensorrt,tensorrt,20.18,20.18,49.06,49.55,14.56,22.48,37.04,1412.82,30.8,7.69,1412.82,30.8,9.07,36.37,42.69,0.94,80.01,0.6484,False,False
1780909224.397547,archive_flood_airfield_274c83,archive_flood_airfield_274c83.mp4,150,50.0,640,480,combined,detect_combined,Flooded,deeplabv3plus,False,False,0,tensorrt,tensorrt,tensorrt,21.58,21.58,45.94,46.34,7.37,25.85,33.22,1412.82,39.6,7.38,1412.82,39.6,9.07,36.37,42.69,0.94,80.01,0.4691,False,False
1780909224.4863777,archive_flood_airfield_274c83,archive_flood_airfield_274c83.mp4,151,50.0,640,480,combined,detect_combined,Flooded,deeplabv3plus,False,False,0,tensorrt,tensorrt,tensorrt,21.31,21.31,46.5,46.94,7.29,17.73,25.02,1412.82,47.2,7.38,1412.82,47.2,9.07,36.37,42.69,0.94,80.01,0.4464,False,False
1780909224.5834482,archive_flood_airfield_274c83,archive_flood_airfield_274c83.mp4,152,50.0,640,480,combined,detect_combined,Flooded,deeplabv3plus,False,False,0,tensorrt,tensorrt,tensorrt,19.72,19.72,50.29,50.71,10.72,24.6,35.32,1412.82,43.9,7.38,1412.82,43.9,9.07,36.37,42.69,0.94,80.01,0.5706,False,False
1780909224.67983,archive_flood_airfield_274c83,archive_flood_airfield_274c83.mp4,153,50.0,640,480,combined,detect_combined,Flooded,deeplabv3plus,False,False,0,tensorrt,tensorrt,tensorrt,18.59,18.59,53.34,53.78,15.11,24.56,39.67,1412.82,46.6,7.38,1412.82,46.6,9.07,36.37,42.69,0.94,80.01,0.5525,False,False
1780909224.7663658,archive_flood_airfield_274c83,archive_flood_airfield_274c83.mp4,154,50.0,640,480,combined,detect_combined,Flooded,deeplabv3plus,False,False,0,tensorrt,tensorrt,tensorrt,21.44,21.44,46.18,46.63,9.42,15.47,24.89,1412.82,54.9,7.38,1412.82,54.9,9.07,36.37,42.69,0.94,80.01,0.5412,False,False
1780909224.8587863,archive_flood_airfield_274c83,archive_flood_airfield_274c83.mp4,155,50.0,640,480,combined,detect_combined,Flooded,deeplabv3plus,False,False,0,tensorrt,tensorrt,tensorrt,22.7,22.7,43.64,44.06,8.8,21.17,29.970000000000002,1412.82,41.5,7.38,1412.82,41.5,9.07,36.37,42.69,0.94,80.01,0.6275,False,False
1780909224.9509256,archive_flood_airfield_274c83,archive_flood_airfield_274c83.mp4,156,50.0,640,480,combined,detect_combined,Flooded,deeplabv3plus,False,False,0,tensorrt,tensorrt,tensorrt,20.39,20.39,48.64,49.06,7.13,14.78,21.91,1412.82,27.3,8.3,1412.82,27.3,9.07,36.37,42.69,0.94,80.01,0.598,False,False
1780909225.0527084,archive_flood_airfield_274c83,archive_flood_airfield_274c83.mp4,157,50.0,640,480,combined,detect_combined,Flooded,deeplabv3plus,False,False,0,tensorrt,tensorrt,tensorrt,19.72,19.72,50.28,50.7,9.22,15.26,24.48,1412.82,26.2,8.3,1412.82,26.2,9.07,36.37,42.69,0.94,80.01,0.5505,False,False
1780909225.1511376,archive_flood_airfield_274c83,archive_flood_airfield_274c83.mp4,158,50.0,640,480,combined,detect_combined,Flooded,deeplabv3plus,False,False,0,tensorrt,tensorrt,tensorrt,20.56,20.56,48.21,48.63,7.99,18.38,26.369999999999997,1412.82,30.0,8.3,1412.82,30.0,9.07,36.37,42.69,0.94,80.01,0.4164,False,False
1780909225.281722,archive_flood_airfield_274c83,archive_flood_airfield_274c83.mp4,159,50.0,640,480,combined,detect_combined,Flooded,deeplabv3plus,False,False,0,tensorrt,tensorrt,tensorrt,14.36,14.36,69.19,69.66,9.45,15.69,25.14,1412.82,27.4,8.3,1412.82,27.4,9.07,36.37,42.69,0.94,80.01,0.4898,False,False
1780909225.380896,archive_flood_airfield_274c83,archive_flood_airfield_274c83.mp4,160,50.0,640,480,combined,detect_combined,Flooded,deeplabv3plus,False,False,0,tensorrt,tensorrt,tensorrt,18.8,18.8,52.75,53.2,12.01,25.92,37.93,1412.82,32.8,8.3,1412.82,32.8,9.07,36.37,42.69,0.94,80.01,0.5214,False,False
1780909225.4761744,archive_flood_airfield_274c83,archive_flood_airfield_274c83.mp4,161,50.0,640,480,combined,detect_combined,Flooded,deeplabv3plus,False,False,0,tensorrt,tensorrt,tensorrt,19.69,19.69,50.38,50.8,11.34,24.21,35.55,1412.82,31.0,8.3,1412.82,31.0,9.07,36.37,42.69,0.94,80.01,0.5718,False,False
1780909225.5800164,archive_flood_airfield_274c83,archive_flood_airfield_274c83.mp4,162,50.0,640,480,combined,detect_combined,Flooded,deeplabv3plus,False,False,0,tensorrt,tensorrt,tensorrt,18.92,18.92,52.36,52.85,12.66,24.53,37.19,1412.82,25.8,7.54,1412.82,25.8,9.07,36.37,42.69,0.94,80.01,0.512,False,False
1780909225.664095,archive_flood_airfield_274c83,archive_flood_airfield_274c83.mp4,163,50.0,640,480,combined,detect_combined,Flooded,deeplabv3plus,False,False,0,tensorrt,tensorrt,tensorrt,23.24,23.24,42.62,43.03,7.35,15.12,22.47,1412.82,38.5,7.54,1412.82,38.5,9.07,36.37,42.69,0.94,80.01,0.4886,False,False
1780909225.7356598,archive_flood_airfield_274c83,archive_flood_airfield_274c83.mp4,164,50.0,640,480,combined,detect_combined,Flooded,deeplabv3plus,False,False,0,tensorrt,tensorrt,tensorrt,24.67,24.67,40.15,40.53,6.61,13.96,20.57,1412.82,45.0,7.54,1412.82,45.0,9.07,36.37,42.69,0.94,80.01,0.5829,False,False
1780909225.8276322,archive_flood_airfield_274c83,archive_flood_airfield_274c83.mp4,165,50.0,640,480,combined,detect_combined,Flooded,deeplabv3plus,False,False,0,tensorrt,tensorrt,tensorrt,18.44,18.44,53.79,54.24,14.69,24.95,39.64,1412.82,39.2,7.54,1412.82,39.2,9.07,36.37,42.69,0.94,80.01,0.515,False,False
1780909225.911037,archive_flood_airfield_274c83,archive_flood_airfield_274c83.mp4,166,50.0,640,480,combined,detect_combined,Flooded,deeplabv3plus,False,False,0,tensorrt,tensorrt,tensorrt,23.67,23.67,41.73,42.25,6.01,17.95,23.96,1412.82,44.7,7.54,1412.82,44.7,9.07,36.37,42.69,0.94,80.01,0.5193,False,False
1780909225.9886448,archive_flood_airfield_274c83,archive_flood_airfield_274c83.mp4,167,50.0,640,480,combined,detect_combined,Flooded,deeplabv3plus,False,False,0,tensorrt,tensorrt,tensorrt,23.42,23.42,42.31,42.7,8.63,21.48,30.11,1412.82,45.8,7.54,1412.82,45.8,9.07,36.37,42.69,0.94,80.01,0.4849,False,False
1780909226.0804732,archive_flood_airfield_274c83,archive_flood_airfield_274c83.mp4,168,50.0,640,480,combined,detect_combined,Flooded,deeplabv3plus,False,False,0,tensorrt,tensorrt,tensorrt,24.67,24.67,39.92,40.54,14.41,12.44,26.85,1412.82,24.1,7.54,1412.82,24.1,9.07,36.37,42.69,0.94,80.01,0.4794,False,False
1780909226.162787,archive_flood_airfield_274c83,archive_flood_airfield_274c83.mp4,169,50.0,640,480,combined,detect_combined,Flooded,deeplabv3plus,False,False,0,tensorrt,tensorrt,tensorrt,21.19,21.19,46.85,47.18,6.79,19.82,26.61,1412.82,32.0,7.85,1412.82,32.0,9.07,36.37,42.69,0.94,80.01,0.5173,False,False
1780909226.2348692,archive_flood_airfield_274c83,archive_flood_airfield_274c83.mp4,170,50.0,640,480,combined,detect_combined,Flooded,deeplabv3plus,False,False,0,tensorrt,tensorrt,tensorrt,24.04,24.04,41.27,41.6,10.25,19.89,30.14,1412.82,37.2,7.85,1412.82,37.2,9.07,36.37,42.69,0.94,80.01,0.5264,False,False
1780909226.3043087,archive_flood_airfield_274c83,archive_flood_airfield_274c83.mp4,171,50.0,640,480,combined,detect_combined,Flooded,deeplabv3plus,False,False,0,tensorrt,tensorrt,tensorrt,25.5,25.5,38.89,39.22,6.79,20.24,27.029999999999998,1412.82,36.4,7.85,1412.82,36.4,9.07,36.37,42.69,0.94,80.01,0.5962,False,False
1780909226.3744621,archive_flood_airfield_274c83,archive_flood_airfield_274c83.mp4,172,50.0,640,480,combined,detect_combined,Flooded,deeplabv3plus,False,False,0,tensorrt,tensorrt,tensorrt,23.19,23.19,42.82,43.13,6.43,12.79,19.22,1412.81,26.2,7.85,1412.81,26.2,9.07,36.37,42.69,0.94,80.01,0.5223,False,False
1780909226.4579427,archive_flood_airfield_274c83,archive_flood_airfield_274c83.mp4,173,50.0,640,480,combined,detect_combined,Flooded,deeplabv3plus,False,False,0,tensorrt,tensorrt,tensorrt,21.68,21.68,45.7,46.13,7.04,22.84,29.88,1412.81,30.8,7.85,1412.81,30.8,9.07,36.37,42.69,0.94,80.01,0.554,False,False
1780909226.5317392,archive_flood_airfield_274c83,archive_flood_airfield_274c83.mp4,174,50.0,640,480,combined,detect_combined,Flooded,deeplabv3plus,False,False,0,tensorrt,tensorrt,tensorrt,25.79,25.79,38.38,38.77,6.95,14.94,21.89,1412.81,30.4,7.85,1412.81,30.4,9.07,36.37,42.69,0.94,80.01,0.5583,False,False
1780909226.6139138,archive_flood_airfield_274c83,archive_flood_airfield_274c83.mp4,175,50.0,640,480,combined,detect_combined,Flooded,deeplabv3plus,False,False,0,tensorrt,tensorrt,tensorrt,23.3,23.3,42.52,42.91,7.07,13.56,20.630000000000003,1412.81,26.1,7.85,1412.81,26.1,9.07,36.37,42.69,0.94,80.01,0.5047,False,False
1780909226.6963153,archive_flood_airfield_274c83,archive_flood_airfield_274c83.mp4,176,50.0,640,480,combined,detect_combined,Flooded,deeplabv3plus,False,False,0,tensorrt,tensorrt,tensorrt,23.08,23.08,42.91,43.32,7.41,14.23,21.64,1412.81,24.5,7.69,1412.81,24.5,9.07,36.37,42.69,0.94,80.01,0.6543,False,False
1780909226.778859,archive_flood_airfield_274c83,archive_flood_airfield_274c83.mp4,177,50.0,640,480,combined,detect_combined,Flooded,deeplabv3plus,False,False,0,tensorrt,tensorrt,tensorrt,21.32,21.32,46.51,46.9,8.64,13.07,21.71,1412.81,30.0,7.69,1412.81,30.0,9.07,36.37,42.69,0.94,80.01,0.5529,False,False
1780909226.8761702,archive_flood_airfield_274c83,archive_flood_airfield_274c83.mp4,178,50.0,640,480,combined,detect_combined,Flooded,deeplabv3plus,False,False,0,tensorrt,tensorrt,tensorrt,18.48,18.48,53.68,54.12,13.82,24.91,38.730000000000004,1412.81,21.8,7.69,1412.81,21.8,9.07,36.37,42.69,0.94,80.01,0.6319,False,False
1780909226.9736195,archive_flood_airfield_274c83,archive_flood_airfield_274c83.mp4,179,50.0,640,480,combined,detect_combined,Flooded,deeplabv3plus,False,False,0,tensorrt,tensorrt,tensorrt,18.61,18.61,53.31,53.74,14.9,25.31,40.21,1412.81,26.8,7.69,1412.81,26.8,9.07,36.37,42.69,0.94,80.01,0.5251,False,False
1780909227.0518105,archive_flood_airfield_274c83,archive_flood_airfield_274c83.mp4,180,50.0,640,480,combined,detect_combined,Flooded,deeplabv3plus,False,False,0,tensorrt,tensorrt,tensorrt,22.78,22.78,43.5,43.91,9.44,21.78,31.22,1412.81,47.8,7.69,1412.81,47.8,9.07,36.37,42.69,0.94,80.01,0.6051,False,False
1780909227.1271255,archive_flood_airfield_274c83,archive_flood_airfield_274c83.mp4,181,50.0,640,480,combined,detect_combined,Flooded,deeplabv3plus,False,False,0,tensorrt,tensorrt,tensorrt,21.26,21.26,46.67,47.04,6.29,21.15,27.439999999999998,1412.81,40.0,7.69,1412.81,40.0,9.07,36.37,42.69,0.94,80.01,0.5993,False,False
1780909227.2020388,archive_flood_airfield_274c83,archive_flood_airfield_274c83.mp4,182,50.0,640,480,combined,detect_combined,Flooded,deeplabv3plus,False,False,0,tensorrt,tensorrt,tensorrt,22.26,22.26,44.57,44.92,10.23,21.11,31.34,1412.81,48.9,7.69,1412.81,48.9,9.07,36.37,42.69,0.94,80.01,0.541,False,False
1780909227.2915661,archive_flood_airfield_274c83,archive_flood_airfield_274c83.mp4,183,50.0,640,480,combined,detect_combined,Flooded,deeplabv3plus,False,False,0,tensorrt,tensorrt,tensorrt,18.4,18.4,53.91,54.34,15.19,24.28,39.47,1412.81,42.3,8.0,1412.81,42.3,9.07,36.37,42.69,0.94,80.01,0.6356,False,False
1780909227.378836,archive_flood_airfield_274c83,archive_flood_airfield_274c83.mp4,184,50.0,640,480,combined,detect_combined,Flooded,deeplabv3plus,False,False,0,tensorrt,tensorrt,tensorrt,21.69,21.69,45.68,46.11,7.17,19.97,27.14,1412.81,42.0,8.0,1412.81,42.0,9.07,36.37,42.69,0.94,80.01,0.5869,False,False
1780909227.4749768,archive_flood_airfield_274c83,archive_flood_airfield_274c83.mp4,185,50.0,640,480,combined,detect_combined,Flooded,deeplabv3plus,False,False,0,tensorrt,tensorrt,tensorrt,21.17,21.17,46.8,47.23,7.45,23.89,31.34,1412.81,28.6,8.0,1412.81,28.6,9.07,36.37,42.69,0.94,80.01,0.5589,False,False
1780909227.5724385,archive_flood_airfield_274c83,archive_flood_airfield_274c83.mp4,186,50.0,640,480,combined,detect_combined,Flooded,deeplabv3plus,False,False,0,tensorrt,tensorrt,tensorrt,20.78,20.78,47.67,48.13,8.97,23.82,32.79,1412.81,29.5,8.0,1412.81,29.5,9.07,36.37,42.69,0.94,80.01,0.5143,False,False
1780909227.6704268,archive_flood_airfield_274c83,archive_flood_airfield_274c83.mp4,187,50.0,640,480,combined,detect_combined,Flooded,deeplabv3plus,False,False,0,tensorrt,tensorrt,tensorrt,20.64,20.64,48.03,48.45,9.46,23.46,32.92,1412.81,27.6,8.0,1412.81,27.6,9.07,36.37,42.69,0.94,80.01,0.5233,False,False
1780909227.7812028,archive_flood_airfield_274c83,archive_flood_airfield_274c83.mp4,188,50.0,640,480,combined,detect_combined,Flooded,deeplabv3plus,False,False,0,tensorrt,tensorrt,tensorrt,17.16,17.16,57.86,58.29,11.1,30.95,42.05,1412.82,29.7,8.0,1412.82,29.7,9.07,36.37,42.69,0.94,80.01,0.6596,False,False
1780909227.8913603,archive_flood_airfield_274c83,archive_flood_airfield_274c83.mp4,189,50.0,640,480,combined,detect_combined,Flooded,deeplabv3plus,False,False,0,tensorrt,tensorrt,tensorrt,19.45,19.45,50.96,51.41,13.79,21.91,35.7,1412.82,41.3,7.69,1412.82,41.3,9.07,36.37,42.69,0.94,80.01,0.5703,False,False
1780909227.9866872,archive_flood_airfield_274c83,archive_flood_airfield_274c83.mp4,190,50.0,640,480,combined,detect_combined,Flooded,deeplabv3plus,False,False,0,tensorrt,tensorrt,tensorrt,19.05,19.05,52.06,52.49,12.71,24.19,36.900000000000006,1412.82,25.9,7.69,1412.82,25.9,9.07,36.37,42.69,0.94,80.01,0.6987,False,False
1780909228.076151,archive_flood_airfield_274c83,archive_flood_airfield_274c83.mp4,191,50.0,640,480,combined,detect_combined,Flooded,deeplabv3plus,False,False,0,tensorrt,tensorrt,tensorrt,21.97,21.97,45.08,45.51,7.58,15.29,22.869999999999997,1412.82,26.9,7.69,1412.82,26.9,9.07,36.37,42.69,0.94,80.01,0.5764,False,False
1780909228.1594346,archive_flood_airfield_274c83,archive_flood_airfield_274c83.mp4,192,50.0,640,480,combined,detect_combined,Flooded,deeplabv3plus,False,False,0,tensorrt,tensorrt,tensorrt,25.2,25.2,39.27,39.69,7.5,14.74,22.240000000000002,1412.82,23.9,7.69,1412.82,23.9,9.07,36.37,42.69,0.94,80.01,0.6262,False,False
1780909228.2471976,archive_flood_airfield_274c83,archive_flood_airfield_274c83.mp4,193,50.0,640,480,combined,detect_combined,Flooded,deeplabv3plus,False,False,0,tensorrt,tensorrt,tensorrt,22.97,22.97,43.1,43.53,8.14,20.05,28.19,1412.82,26.5,7.69,1412.82,26.5,9.07,36.37,42.69,0.94,80.01,0.6268,False,False
1780909228.3415198,archive_flood_airfield_274c83,archive_flood_airfield_274c83.mp4,194,50.0,640,480,combined,detect_combined,Flooded,deeplabv3plus,False,False,0,tensorrt,tensorrt,tensorrt,21.15,21.15,46.84,47.27,7.27,19.55,26.82,1412.82,28.6,7.69,1412.82,28.6,9.07,36.37,42.69,0.94,80.01,0.5796,False,False
1780909228.4396517,archive_flood_airfield_274c83,archive_flood_airfield_274c83.mp4,195,50.0,640,480,combined,detect_combined,Flooded,deeplabv3plus,False,False,0,tensorrt,tensorrt,tensorrt,20.14,20.14,49.24,49.66,7.77,26.38,34.15,1412.82,43.9,7.54,1412.82,43.9,9.07,36.37,42.69,0.94,80.01,0.5423,False,False
1780909228.5364964,archive_flood_airfield_274c83,archive_flood_airfield_274c83.mp4,196,50.0,640,480,combined,detect_combined,Flooded,deeplabv3plus,False,False,0,tensorrt,tensorrt,tensorrt,20.97,20.97,47.27,47.69,10.29,22.05,32.34,1412.82,45.6,7.54,1412.82,45.6,9.07,36.37,42.69,0.94,80.01,0.5321,False,False
1780909228.6301196,archive_flood_airfield_274c83,archive_flood_airfield_274c83.mp4,197,50.0,640,480,combined,detect_combined,Flooded,deeplabv3plus,False,False,0,tensorrt,tensorrt,tensorrt,19.89,19.89,49.93,50.28,15.21,22.7,37.91,1412.82,41.5,7.54,1412.82,41.5,9.07,36.37,42.69,0.94,80.01,0.5683,False,False
1780909228.7147605,archive_flood_airfield_274c83,archive_flood_airfield_274c83.mp4,198,50.0,640,480,combined,detect_combined,Flooded,deeplabv3plus,False,False,0,tensorrt,tensorrt,tensorrt,23.71,23.71,41.82,42.18,6.4,22.6,29.0,1412.82,40.0,7.54,1412.82,40.0,9.07,36.37,42.69,0.94,80.01,0.5628,False,False
1780909228.8009517,archive_flood_airfield_274c83,archive_flood_airfield_274c83.mp4,199,50.0,640,480,combined,detect_combined,Flooded,deeplabv3plus,False,False,0,tensorrt,tensorrt,tensorrt,20.05,20.05,49.52,49.87,12.13,24.71,36.84,1412.82,36.5,7.54,1412.82,36.5,9.07,36.37,42.69,0.94,80.01,0.6286,False,False
1780909228.875141,archive_flood_airfield_274c83,archive_flood_airfield_274c83.mp4,200,50.0,640,480,combined,detect_combined,Flooded,deeplabv3plus,False,False,0,tensorrt,tensorrt,tensorrt,23.59,23.59,42.02,42.39,6.41,11.79,18.2,1412.82,27.9,7.54,1412.82,27.9,9.07,36.37,42.69,0.94,80.01,0.5807,False,False
1780909228.9546125,archive_flood_airfield_274c83,archive_flood_airfield_274c83.mp4,201,50.0,640,480,combined,detect_combined,Flooded,deeplabv3plus,False,False,0,tensorrt,tensorrt,tensorrt,22.53,22.53,44.03,44.38,7.13,13.83,20.96,1412.82,25.5,7.54,1412.82,25.5,9.07,36.37,42.69,0.94,80.01,0.5502,False,False
1780909229.0295568,archive_flood_airfield_274c83,archive_flood_airfield_274c83.mp4,202,50.0,640,480,combined,detect_combined,Flooded,deeplabv3plus,False,False,0,tensorrt,tensorrt,tensorrt,23.86,23.86,41.58,41.92,7.0,22.9,29.9,1412.82,25.0,7.69,1412.82,25.0,9.07,36.37,42.69,0.94,80.01,0.5588,False,False
1780909229.1071787,archive_flood_airfield_274c83,archive_flood_airfield_274c83.mp4,203,50.0,640,480,combined,detect_combined,Flooded,deeplabv3plus,False,False,0,tensorrt,tensorrt,tensorrt,23.15,23.15,42.82,43.2,5.83,13.63,19.46,1412.82,23.3,7.69,1412.82,23.3,9.07,36.37,42.69,0.94,80.01,0.3943,False,False
1780909229.1856802,archive_flood_airfield_274c83,archive_flood_airfield_274c83.mp4,204,50.0,640,480,combined,detect_combined,Flooded,deeplabv3plus,False,False,0,tensorrt,tensorrt,tensorrt,22.34,22.34,44.43,44.76,7.07,13.82,20.89,1412.82,27.1,7.69,1412.82,27.1,9.07,36.37,42.69,0.94,80.01,0.4668,False,False
1780909229.2775292,archive_flood_airfield_274c83,archive_flood_airfield_274c83.mp4,205,50.0,640,480,combined,detect_combined,Flooded,deeplabv3plus,False,False,0,tensorrt,tensorrt,tensorrt,22.0,22.0,45.05,45.45,17.76,12.3,30.060000000000002,1412.82,19.6,7.69,1412.82,19.6,9.07,36.37,42.69,0.94,80.01,0.5316,False,False
1780909229.3686266,archive_flood_airfield_274c83,archive_flood_airfield_274c83.mp4,206,50.0,640,480,combined,detect_combined,Flooded,deeplabv3plus,False,False,0,tensorrt,tensorrt,tensorrt,21.17,21.17,46.84,47.23,9.64,20.8,30.44,1412.82,30.4,7.69,1412.82,30.4,9.07,36.37,42.69,0.94,80.01,0.6132,False,False
1780909229.445177,archive_flood_airfield_274c83,archive_flood_airfield_274c83.mp4,207,50.0,640,480,combined,detect_combined,Flooded,deeplabv3plus,False,False,0,tensorrt,tensorrt,tensorrt,22.91,22.91,43.3,43.65,9.73,22.57,32.3,1412.82,23.3,7.69,1412.82,23.3,9.07,36.37,42.69,0.94,80.01,0.5711,False,False
1780909229.5320163,archive_flood_airfield_274c83,archive_flood_airfield_274c83.mp4,208,50.0,640,480,combined,detect_combined,Flooded,deeplabv3plus,False,False,0,tensorrt,tensorrt,tensorrt,19.33,19.33,51.35,51.74,14.41,23.28,37.69,1412.82,25.0,7.69,1412.82,25.0,9.07,36.37,42.69,0.94,80.01,0.6287,False,False
1780909229.614673,archive_flood_airfield_274c83,archive_flood_airfield_274c83.mp4,209,50.0,640,480,combined,detect_combined,Flooded,deeplabv3plus,False,False,0,tensorrt,tensorrt,tensorrt,22.75,22.75,43.6,43.96,9.03,23.32,32.35,1412.82,34.0,7.38,1412.82,34.0,9.07,36.37,42.69,0.94,80.01,0.5838,False,False
1780909229.6932995,archive_flood_airfield_274c83,archive_flood_airfield_274c83.mp4,210,50.0,640,480,combined,detect_combined,Flooded,deeplabv3plus,False,False,0,tensorrt,tensorrt,tensorrt,21.35,21.35,46.47,46.85,14.02,21.11,35.129999999999995,1412.82,48.0,7.38,1412.82,48.0,9.07,36.37,42.69,0.94,80.01,0.5389,False,False
1780909229.7759967,archive_flood_airfield_274c83,archive_flood_airfield_274c83.mp4,211,50.0,640,480,combined,detect_combined,Flooded,deeplabv3plus,False,False,0,tensorrt,tensorrt,tensorrt,22.34,22.34,44.34,44.76,13.01,20.83,33.839999999999996,1412.82,41.3,7.38,1412.82,41.3,9.07,36.37,42.69,0.94,80.01,0.5088,False,False
1780909229.853799,archive_flood_airfield_274c83,archive_flood_airfield_274c83.mp4,212,50.0,640,480,combined,detect_combined,Flooded,deeplabv3plus,False,False,0,tensorrt,tensorrt,tensorrt,22.61,22.61,43.88,44.23,5.98,17.02,23.0,1412.82,48.9,7.38,1412.82,48.9,9.07,36.37,42.69,0.94,80.01,0.4395,False,False
1780909229.9366994,archive_flood_airfield_274c83,archive_flood_airfield_274c83.mp4,213,50.0,640,480,combined,detect_combined,Flooded,deeplabv3plus,False,False,0,tensorrt,tensorrt,tensorrt,20.64,20.64,48.08,48.45,6.01,21.01,27.020000000000003,1412.82,46.0,7.38,1412.82,46.0,9.07,36.37,42.69,0.94,80.01,0.3705,False,False
1780909230.010608,archive_flood_airfield_274c83,archive_flood_airfield_274c83.mp4,214,50.0,640,480,combined,detect_combined,Flooded,deeplabv3plus,False,False,0,tensorrt,tensorrt,tensorrt,29.07,29.07,33.99,34.4,4.24,11.67,15.91,1412.82,38.6,7.38,1412.82,38.6,9.07,36.37,42.69,0.94,80.01,0.4093,False,False
1780909230.0941074,archive_flood_airfield_274c83,archive_flood_airfield_274c83.mp4,215,50.0,640,480,combined,detect_combined,Flooded,deeplabv3plus,False,False,0,tensorrt,tensorrt,tensorrt,21.8,21.8,45.51,45.86,11.35,22.0,33.35,1412.82,22.9,7.38,1412.82,22.9,9.07,36.37,42.69,0.94,80.01,0.3409,False,False
1780909230.1813147,archive_flood_airfield_274c83,archive_flood_airfield_274c83.mp4,216,50.0,640,480,combined,detect_combined,Flooded,deeplabv3plus,False,False,0,tensorrt,tensorrt,tensorrt,19.01,19.01,52.14,52.6,14.22,25.5,39.72,1412.82,25.0,7.38,1412.82,25.0,9.07,36.37,42.69,0.94,80.01,0.3604,False,False
1780909230.2973619,archive_flood_airfield_274c83,archive_flood_airfield_274c83.mp4,217,50.0,640,480,combined,detect_combined,Flooded,deeplabv3plus,False,False,0,tensorrt,tensorrt,tensorrt,15.63,15.63,63.51,63.96,16.89,32.3,49.19,1417.29,0.0,7.85,1417.29,0.0,9.07,36.37,42.69,0.94,80.01,0.3496,False,False
1780909230.3961518,archive_flood_airfield_274c83,archive_flood_airfield_274c83.mp4,218,50.0,640,480,combined,detect_combined,Flooded,deeplabv3plus,False,False,0,tensorrt,tensorrt,tensorrt,19.88,19.88,49.88,50.3,14.0,24.64,38.64,1418.57,54.7,7.85,1418.57,54.7,9.07,36.37,42.69,0.94,80.01,0.441,False,False
1780909230.47035,archive_flood_airfield_274c83,archive_flood_airfield_274c83.mp4,219,50.0,640,480,combined,detect_combined,Flooded,deeplabv3plus,False,False,0,tensorrt,tensorrt,tensorrt,27.62,27.62,35.81,36.21,6.05,12.38,18.43,1418.83,46.5,7.85,1418.83,46.5,9.07,36.37,42.69,0.94,80.01,0.4368,False,False
1780909230.5473685,archive_flood_airfield_274c83,archive_flood_airfield_274c83.mp4,220,50.0,640,480,combined,detect_combined,Flooded,deeplabv3plus,False,False,0,tensorrt,tensorrt,tensorrt,23.32,23.32,42.54,42.88,6.46,12.86,19.32,1418.83,47.8,7.85,1418.83,47.8,9.07,36.37,42.69,0.94,80.01,0.6547,False,False
1780909230.6164207,archive_flood_airfield_274c83,archive_flood_airfield_274c83.mp4,221,50.0,640,480,combined,detect_combined,Flooded,deeplabv3plus,False,False,0,tensorrt,tensorrt,tensorrt,24.36,24.36,40.73,41.06,6.24,11.33,17.57,1418.83,35.9,7.85,1418.83,35.9,9.07,36.37,42.69,0.94,80.01,0.6085,False,False
1780909230.6866827,archive_flood_airfield_274c83,archive_flood_airfield_274c83.mp4,222,50.0,640,480,combined,detect_combined,Flooded,deeplabv3plus,False,False,0,tensorrt,tensorrt,tensorrt,25.28,25.28,39.2,39.56,6.23,11.72,17.950000000000003,1418.83,26.8,7.85,1418.83,26.8,9.07,36.37,42.69,0.94,80.01,0.5522,False,False
1780909230.7704506,archive_flood_airfield_274c83,archive_flood_airfield_274c83.mp4,223,50.0,640,480,combined,detect_combined,Flooded,deeplabv3plus,False,False,0,tensorrt,tensorrt,tensorrt,21.53,21.53,46.08,46.45,8.21,19.05,27.26,1418.83,26.0,8.0,1418.83,26.0,9.07,36.37,42.69,0.94,80.01,0.5342,False,False
1780909230.856073,archive_flood_airfield_274c83,archive_flood_airfield_274c83.mp4,224,50.0,640,480,combined,detect_combined,Flooded,deeplabv3plus,False,False,0,tensorrt,tensorrt,tensorrt,21.6,21.6,45.88,46.3,14.36,18.98,33.34,1418.83,36.0,8.0,1418.83,36.0,9.07,36.37,42.69,0.94,80.01,0.5982,False,False
1780909230.934436,archive_flood_airfield_274c83,archive_flood_airfield_274c83.mp4,225,50.0,640,480,combined,detect_combined,Flooded,deeplabv3plus,False,False,0,tensorrt,tensorrt,tensorrt,22.64,22.64,43.79,44.17,10.53,14.46,24.990000000000002,1418.83,44.4,8.0,1418.83,44.4,9.07,36.37,42.69,0.94,80.01,0.5127,False,False
1780909231.0319502,archive_flood_airfield_274c83,archive_flood_airfield_274c83.mp4,226,50.0,640,480,combined,detect_combined,Flooded,deeplabv3plus,False,False,0,tensorrt,tensorrt,tensorrt,17.75,17.75,55.83,56.35,14.23,26.6,40.83,1418.83,47.5,8.0,1418.83,47.5,9.07,36.37,42.69,0.94,80.01,0.4728,False,False
1780909231.1295257,archive_flood_airfield_274c83,archive_flood_airfield_274c83.mp4,227,50.0,640,480,combined,detect_combined,Flooded,deeplabv3plus,False,False,0,tensorrt,tensorrt,tensorrt,18.12,18.12,54.75,55.18,14.4,23.75,38.15,1418.83,45.8,8.0,1418.83,45.8,9.07,36.37,42.69,0.94,80.01,0.5795,False,False
1780909231.220757,archive_flood_airfield_274c83,archive_flood_airfield_274c83.mp4,228,50.0,640,480,combined,detect_combined,Flooded,deeplabv3plus,False,False,0,tensorrt,tensorrt,tensorrt,20.13,20.13,49.27,49.68,15.48,14.95,30.43,1418.83,46.2,8.0,1418.83,46.2,9.07,36.37,42.69,0.94,80.01,0.4681,False,False
1780909231.3192132,archive_flood_airfield_274c83,archive_flood_airfield_274c83.mp4,229,50.0,640,480,combined,detect_combined,Flooded,deeplabv3plus,False,False,0,tensorrt,tensorrt,tensorrt,19.75,19.75,50.22,50.64,10.02,14.6,24.619999999999997,1418.83,31.1,8.0,1418.83,31.1,9.07,36.37,42.69,0.94,80.01,0.4441,False,False
1780909231.409551,archive_flood_airfield_274c83,archive_flood_airfield_274c83.mp4,230,50.0,640,480,combined,detect_combined,Flooded,deeplabv3plus,False,False,0,tensorrt,tensorrt,tensorrt,21.51,21.51,46.03,46.48,7.83,23.61,31.439999999999998,1418.83,26.9,8.0,1418.83,26.9,9.07,36.37,42.69,0.94,80.01,0.4116,False,False
1780909231.4934664,archive_flood_airfield_274c83,archive_flood_airfield_274c83.mp4,231,50.0,640,480,combined,detect_combined,Flooded,deeplabv3plus,False,False,0,tensorrt,tensorrt,tensorrt,21.84,21.84,45.31,45.78,7.48,24.07,31.55,1418.83,28.0,8.0,1418.83,28.0,9.07,36.37,42.69,0.94,80.01,0.4839,False,False
1780909231.5782826,archive_flood_airfield_274c83,archive_flood_airfield_274c83.mp4,232,50.0,640,480,combined,detect_combined,Flooded,deeplabv3plus,False,False,0,tensorrt,tensorrt,tensorrt,21.16,21.16,46.85,47.25,7.36,24.45,31.81,1418.83,25.0,8.0,1418.83,25.0,9.07,36.37,42.69,0.94,80.01,0.4883,False,False
1780909231.670877,archive_flood_airfield_274c83,archive_flood_airfield_274c83.mp4,233,50.0,640,480,combined,detect_combined,Flooded,deeplabv3plus,False,False,0,tensorrt,tensorrt,tensorrt,23.39,23.39,42.34,42.75,14.19,13.66,27.85,1418.83,25.5,8.0,1418.83,25.5,9.07,36.37,42.69,0.94,80.01,0.5042,False,False
1780909231.756896,archive_flood_airfield_274c83,archive_flood_airfield_274c83.mp4,234,50.0,640,480,combined,detect_combined,Flooded,deeplabv3plus,False,False,0,tensorrt,tensorrt,tensorrt,20.24,20.24,49.0,49.41,6.65,14.59,21.240000000000002,1418.83,30.0,8.0,1418.83,30.0,9.07,36.37,42.69,0.94,80.01,0.4549,False,False
1780909231.8570862,archive_flood_airfield_274c83,archive_flood_airfield_274c83.mp4,235,50.0,640,480,combined,detect_combined,Flooded,deeplabv3plus,False,False,0,tensorrt,tensorrt,tensorrt,15.65,15.65,63.48,63.88,11.08,24.38,35.46,1418.83,35.6,8.0,1418.83,35.6,9.07,36.37,42.69,0.94,80.01,0.4775,False,False
1780909231.940519,archive_flood_airfield_274c83,archive_flood_airfield_274c83.mp4,236,50.0,640,480,combined,detect_combined,Flooded,deeplabv3plus,False,False,0,tensorrt,tensorrt,tensorrt,19.51,19.51,50.93,51.26,9.34,17.07,26.41,1418.83,34.7,7.69,1418.83,34.7,9.07,36.37,42.69,0.94,80.01,0.4593,False,False
1780909232.0209453,archive_flood_airfield_274c83,archive_flood_airfield_274c83.mp4,237,50.0,640,480,combined,detect_combined,Flooded,deeplabv3plus,False,False,0,tensorrt,tensorrt,tensorrt,20.99,20.99,47.22,47.65,7.77,18.54,26.31,1418.83,31.1,7.69,1418.83,31.1,9.07,36.37,42.69,0.94,80.01,0.4324,False,False
1780909232.081436,archive_flood_airfield_274c83,archive_flood_airfield_274c83.mp4,238,50.0,640,480,combined,detect_combined,Flooded,deeplabv3plus,False,False,0,tensorrt,tensorrt,tensorrt,34.16,34.16,28.74,29.27,5.16,9.65,14.81,1418.83,43.2,7.69,1418.83,43.2,9.07,36.37,42.69,0.94,80.01,0.4602,False,False
1780909232.1459765,archive_flood_airfield_274c83,archive_flood_airfield_274c83.mp4,239,50.0,640,480,combined,detect_combined,Flooded,deeplabv3plus,False,False,0,tensorrt,tensorrt,tensorrt,28.26,28.26,35.05,35.39,5.04,13.06,18.1,1418.83,59.0,7.69,1418.83,59.0,9.07,36.37,42.69,0.94,80.01,0.5475,False,False
1780909232.2147937,archive_flood_airfield_274c83,archive_flood_airfield_274c83.mp4,240,50.0,640,480,combined,detect_combined,Flooded,deeplabv3plus,False,False,0,tensorrt,tensorrt,tensorrt,23.18,23.18,42.81,43.15,9.11,15.73,24.84,1418.83,53.7,7.69,1418.83,53.7,9.07,36.37,42.69,0.94,80.01,0.376,False,False
1780909232.2911093,archive_flood_airfield_274c83,archive_flood_airfield_274c83.mp4,241,50.0,640,480,combined,detect_combined,Flooded,deeplabv3plus,False,False,0,tensorrt,tensorrt,tensorrt,21.41,21.41,46.37,46.71,10.21,23.99,34.2,1418.83,44.4,7.69,1418.83,44.4,9.07,36.37,42.69,0.94,80.01,0.2837,False,False
1780909232.3706915,archive_flood_airfield_274c83,archive_flood_airfield_274c83.mp4,242,50.0,640,480,combined,detect_combined,Flooded,deeplabv3plus,False,False,0,tensorrt,tensorrt,tensorrt,21.52,21.52,46.11,46.47,11.93,22.51,34.44,1418.83,45.8,7.69,1418.83,45.8,9.07,36.37,42.69,0.94,80.01,0.2814,False,False
1780909232.448902,archive_flood_airfield_274c83,archive_flood_airfield_274c83.mp4,243,50.0,640,480,combined,detect_combined,Flooded,deeplabv3plus,False,False,0,tensorrt,tensorrt,tensorrt,23.91,23.91,41.48,41.82,12.15,17.49,29.64,1418.83,39.1,7.69,1418.83,39.1,9.07,36.37,42.69,0.94,80.01,0.2672,False,False
1780909232.520981,archive_flood_airfield_274c83,archive_flood_airfield_274c83.mp4,244,50.0,640,480,combined,detect_combined,Flooded,deeplabv3plus,False,False,0,tensorrt,tensorrt,tensorrt,23.42,23.42,42.36,42.7,8.95,13.12,22.07,1418.83,38.1,8.61,1418.83,38.1,9.07,36.37,42.69,0.94,80.01,0.2946,False,False
1780909232.595962,archive_flood_airfield_274c83,archive_flood_airfield_274c83.mp4,245,50.0,640,480,combined,detect_combined,Flooded,deeplabv3plus,False,False,0,tensorrt,tensorrt,tensorrt,22.18,22.18,44.57,45.09,5.66,19.11,24.77,1418.82,34.1,8.61,1418.82,34.1,9.07,36.37,42.69,0.94,80.01,0.3221,False,False
1780909232.6770086,archive_flood_airfield_274c83,archive_flood_airfield_274c83.mp4,246,50.0,640,480,combined,detect_combined,Flooded,deeplabv3plus,False,False,0,tensorrt,tensorrt,tensorrt,22.28,22.28,44.5,44.89,6.55,19.22,25.77,1418.82,27.7,8.61,1418.82,27.7,9.07,36.37,42.69,0.94,80.01,0.4214,False,False
1780909232.7993677,archive_flood_airfield_274c83,archive_flood_airfield_274c83.mp4,247,50.0,640,480,combined,detect_combined,Flooded,deeplabv3plus,False,False,0,tensorrt,tensorrt,tensorrt,11.77,11.77,84.6,84.98,7.23,23.11,30.34,1418.82,31.0,8.61,1418.82,31.0,9.07,36.37,42.69,0.94,80.01,0.4456,False,False
1780909232.9052858,archive_flood_airfield_274c83,archive_flood_airfield_274c83.mp4,248,50.0,640,480,combined,detect_combined,Flooded,deeplabv3plus,False,False,0,tensorrt,tensorrt,tensorrt,20.72,20.72,47.94,48.27,15.76,11.4,27.16,1418.82,43.1,8.61,1418.82,43.1,9.07,36.37,42.69,0.94,80.01,0.4495,False,False
1780909232.988946,archive_flood_airfield_274c83,archive_flood_airfield_274c83.mp4,249,50.0,640,480,combined,detect_combined,Flooded,deeplabv3plus,False,False,0,tensorrt,tensorrt,tensorrt,19.01,19.01,52.23,52.59,9.44,18.68,28.119999999999997,1418.82,38.8,8.61,1418.82,38.8,9.07,36.37,42.69,0.94,80.01,0.497,False,False
1780909233.070894,archive_flood_airfield_274c83,archive_flood_airfield_274c83.mp4,250,50.0,640,480,combined,detect_combined,Flooded,deeplabv3plus,False,False,0,tensorrt,tensorrt,tensorrt,20.5,20.5,48.47,48.79,6.55,18.57,25.12,1418.82,39.1,8.61,1418.82,39.1,9.07,36.37,42.69,0.94,80.01,0.4754,False,False
1780909233.1284595,archive_flood_airfield_274c83,archive_flood_airfield_274c83.mp4,251,50.0,640,480,combined,detect_combined,Flooded,deeplabv3plus,False,False,0,tensorrt,tensorrt,tensorrt,33.96,33.96,29.06,29.44,4.26,9.35,13.61,1418.82,44.1,8.3,1418.82,44.1,9.07,36.37,42.69,0.94,80.01,0.4892,False,False
1780909233.1948674,archive_flood_airfield_274c83,archive_flood_airfield_274c83.mp4,252,50.0,640,480,combined,detect_combined,Flooded,deeplabv3plus,False,False,0,tensorrt,tensorrt,tensorrt,24.84,24.84,39.88,40.25,6.32,15.6,21.92,1418.82,40.0,8.3,1418.82,40.0,9.07,36.37,42.69,0.94,80.01,0.5154,False,False
1780909233.2620292,archive_flood_airfield_274c83,archive_flood_airfield_274c83.mp4,253,50.0,640,480,combined,detect_combined,Flooded,deeplabv3plus,False,False,0,tensorrt,tensorrt,tensorrt,26.97,26.97,36.72,37.07,5.57,13.25,18.82,1418.82,30.0,8.3,1418.82,30.0,9.07,36.37,42.69,0.94,80.01,0.4817,False,False
1780909233.3566422,archive_flood_airfield_274c83,archive_flood_airfield_274c83.mp4,254,50.0,640,480,combined,detect_combined,Flooded,deeplabv3plus,False,False,0,tensorrt,tensorrt,tensorrt,19.65,19.65,50.44,50.9,12.12,25.56,37.68,1418.82,26.3,8.3,1418.82,26.3,9.07,36.37,42.69,0.94,80.01,0.4232,False,False
1780909233.4536114,archive_flood_airfield_274c83,archive_flood_airfield_274c83.mp4,255,50.0,640,480,combined,detect_combined,Flooded,deeplabv3plus,False,False,0,tensorrt,tensorrt,tensorrt,20.29,20.29,48.88,49.29,15.52,21.75,37.269999999999996,1418.82,25.0,8.3,1418.82,25.0,9.07,36.37,42.69,0.94,80.01,0.345,False,False
1780909233.5318274,archive_flood_airfield_274c83,archive_flood_airfield_274c83.mp4,256,50.0,640,480,combined,detect_combined,Flooded,deeplabv3plus,False,False,0,tensorrt,tensorrt,tensorrt,21.92,21.92,45.31,45.62,13.49,21.55,35.04,1418.82,44.4,8.3,1418.82,44.4,9.07,36.37,42.69,0.94,80.01,0.4224,False,False
1780909233.617348,archive_flood_airfield_274c83,archive_flood_airfield_274c83.mp4,257,50.0,640,480,combined,detect_combined,Flooded,deeplabv3plus,False,False,0,tensorrt,tensorrt,tensorrt,21.01,21.01,47.22,47.6,14.87,21.26,36.13,1418.82,48.0,8.3,1418.82,48.0,9.07,36.37,42.69,0.94,80.01,0.4028,False,False
1780909233.6951425,archive_flood_airfield_274c83,archive_flood_airfield_274c83.mp4,258,50.0,640,480,combined,detect_combined,Flooded,deeplabv3plus,False,False,0,tensorrt,tensorrt,tensorrt,22.11,22.11,44.79,45.23,13.1,15.46,28.560000000000002,1418.82,45.5,8.3,1418.82,45.5,9.07,36.37,42.69,0.94,80.01,0.4223,False,False
1780909233.7765813,archive_flood_airfield_274c83,archive_flood_airfield_274c83.mp4,259,50.0,640,480,combined,detect_combined,Flooded,deeplabv3plus,False,False,0,tensorrt,tensorrt,tensorrt,21.26,21.26,46.67,47.04,6.61,19.17,25.78,1418.82,46.0,8.3,1418.82,46.0,9.07,36.37,42.69,0.94,80.01,0.4188,False,False
1780909233.8579464,archive_flood_airfield_274c83,archive_flood_airfield_274c83.mp4,260,50.0,640,480,combined,detect_combined,Flooded,deeplabv3plus,False,False,0,tensorrt,tensorrt,tensorrt,21.25,21.25,46.68,47.06,6.89,21.63,28.52,1418.82,36.2,8.3,1418.82,36.2,9.07,36.37,42.69,0.94,80.01,0.3929,False,False
1780909233.953571,archive_flood_airfield_274c83,archive_flood_airfield_274c83.mp4,261,50.0,640,480,combined,detect_combined,Flooded,deeplabv3plus,False,False,0,tensorrt,tensorrt,tensorrt,20.07,20.07,49.43,49.84,12.16,23.84,36.0,1418.82,25.5,8.3,1418.82,25.5,9.07,36.37,42.69,0.94,80.01,0.4366,False,False
1780909234.0559716,archive_flood_airfield_274c83,archive_flood_airfield_274c83.mp4,262,50.0,640,480,combined,detect_combined,Flooded,deeplabv3plus,False,False,0,tensorrt,tensorrt,tensorrt,18.91,18.91,52.45,52.88,14.75,24.7,39.45,1418.82,36.2,8.3,1418.82,36.2,9.07,36.37,42.69,0.94,80.01,0.418,False,False
1780909234.144776,archive_flood_airfield_274c83,archive_flood_airfield_274c83.mp4,263,50.0,640,480,combined,detect_combined,Flooded,deeplabv3plus,False,False,0,tensorrt,tensorrt,tensorrt,21.4,21.4,46.3,46.72,7.69,15.36,23.05,1418.82,25.0,8.3,1418.82,25.0,9.07,36.37,42.69,0.94,80.01,0.4153,False,False
1780909234.229456,archive_flood_airfield_274c83,archive_flood_airfield_274c83.mp4,264,50.0,640,480,combined,detect_combined,Flooded,deeplabv3plus,False,False,0,tensorrt,tensorrt,tensorrt,24.22,24.22,40.83,41.3,7.49,16.57,24.060000000000002,1418.82,27.1,8.3,1418.82,27.1,9.07,36.37,42.69,0.94,80.01,0.3999,False,False
1780909234.3128638,archive_flood_airfield_274c83,archive_flood_airfield_274c83.mp4,265,50.0,640,480,combined,detect_combined,Flooded,deeplabv3plus,False,False,0,tensorrt,tensorrt,tensorrt,24.08,24.08,41.11,41.53,7.63,16.44,24.07,1418.82,35.3,7.69,1418.82,35.3,9.07,36.37,42.69,0.94,80.01,0.4143,False,False
1780909234.407881,archive_flood_airfield_274c83,archive_flood_airfield_274c83.mp4,266,50.0,640,480,combined,detect_combined,Flooded,deeplabv3plus,False,False,0,tensorrt,tensorrt,tensorrt,20.65,20.65,48.01,48.43,7.75,15.25,23.0,1418.82,26.8,7.69,1418.82,26.8,9.07,36.37,42.69,0.94,80.01,0.3689,False,False
1780909234.5128493,archive_flood_airfield_274c83,archive_flood_airfield_274c83.mp4,267,50.0,640,480,combined,detect_combined,Flooded,deeplabv3plus,False,False,0,tensorrt,tensorrt,tensorrt,21.63,21.63,45.81,46.24,16.83,15.31,32.14,1418.82,28.3,7.69,1418.82,28.3,9.07,36.37,42.69,0.94,80.01,0.3957,False,False
1780909234.6080692,archive_flood_airfield_274c83,archive_flood_airfield_274c83.mp4,268,50.0,640,480,combined,detect_combined,Flooded,deeplabv3plus,False,False,0,tensorrt,tensorrt,tensorrt,21.84,21.84,45.37,45.8,7.65,17.62,25.270000000000003,1418.82,28.6,7.69,1418.82,28.6,9.07,36.37,42.69,0.94,80.01,0.4062,False,False
1780909234.7016628,archive_flood_airfield_274c83,archive_flood_airfield_274c83.mp4,269,50.0,640,480,combined,detect_combined,Flooded,deeplabv3plus,False,False,0,tensorrt,tensorrt,tensorrt,18.56,18.56,53.44,53.87,14.87,25.24,40.11,1418.82,30.9,7.69,1418.82,30.9,9.07,36.37,42.69,0.94,80.01,0.3384,False,False
1780909234.792087,archive_flood_airfield_274c83,archive_flood_airfield_274c83.mp4,270,50.0,640,480,combined,detect_combined,Flooded,deeplabv3plus,False,False,0,tensorrt,tensorrt,tensorrt,21.86,21.86,45.33,45.75,6.4,17.23,23.630000000000003,1418.82,44.2,7.69,1418.82,44.2,9.07,36.37,42.69,0.94,80.01,0.3823,False,False
1780909234.8891318,archive_flood_airfield_274c83,archive_flood_airfield_274c83.mp4,271,50.0,640,480,combined,detect_combined,Flooded,deeplabv3plus,False,False,0,tensorrt,tensorrt,tensorrt,18.79,18.79,52.76,53.21,11.11,28.22,39.33,1418.82,44.6,7.69,1418.82,44.6,9.07,36.37,42.69,0.94,80.01,0.3359,False,False
1780909234.983393,archive_flood_airfield_274c83,archive_flood_airfield_274c83.mp4,272,50.0,640,480,combined,detect_combined,Flooded,deeplabv3plus,False,False,0,tensorrt,tensorrt,tensorrt,18.46,18.46,53.71,54.17,15.64,24.58,40.22,1418.82,48.3,7.69,1418.82,48.3,9.07,36.37,42.69,0.94,80.01,0.4459,False,False
1780909235.0879424,archive_flood_airfield_274c83,archive_flood_airfield_274c83.mp4,273,50.0,640,480,combined,detect_combined,Flooded,deeplabv3plus,False,False,0,tensorrt,tensorrt,tensorrt,17.55,17.55,56.54,56.97,15.16,26.54,41.7,1418.82,29.5,7.69,1418.82,29.5,9.07,36.37,42.69,0.94,80.01,0.4581,False,False
1780909235.181251,archive_flood_airfield_274c83,archive_flood_airfield_274c83.mp4,274,50.0,640,480,combined,detect_combined,Flooded,deeplabv3plus,False,False,0,tensorrt,tensorrt,tensorrt,21.71,21.71,45.67,46.06,11.04,22.5,33.54,1418.82,24.5,7.69,1418.82,24.5,9.07,36.37,42.69,0.94,80.01,0.4784,False,False
1780909235.2805417,archive_flood_airfield_274c83,archive_flood_airfield_274c83.mp4,275,50.0,640,480,combined,detect_combined,Flooded,deeplabv3plus,False,False,0,tensorrt,tensorrt,tensorrt,17.39,17.39,57.01,57.52,6.97,12.6,19.57,1418.82,29.3,7.69,1418.82,29.3,9.07,36.37,42.69,0.94,80.01,0.5075,False,False
1780909235.3745666,archive_flood_airfield_274c83,archive_flood_airfield_274c83.mp4,276,50.0,640,480,combined,detect_combined,Flooded,deeplabv3plus,False,False,0,tensorrt,tensorrt,tensorrt,22.06,22.06,44.93,45.33,8.05,18.47,26.52,1418.81,39.2,7.69,1418.81,39.2,9.07,36.37,42.69,0.94,80.01,0.463,False,False
1780909235.4588623,archive_flood_airfield_274c83,archive_flood_airfield_274c83.mp4,277,50.0,640,480,combined,detect_combined,Flooded,deeplabv3plus,False,False,0,tensorrt,tensorrt,tensorrt,21.23,21.23,46.72,47.11,6.79,14.22,21.01,1418.81,28.0,7.69,1418.81,28.0,9.07,36.37,42.69,0.94,80.01,0.4729,False,False
1780909235.540405,archive_flood_airfield_274c83,archive_flood_airfield_274c83.mp4,278,50.0,640,480,combined,detect_combined,Flooded,deeplabv3plus,False,False,0,tensorrt,tensorrt,tensorrt,22.14,22.14,44.77,45.17,7.14,14.53,21.669999999999998,1418.81,28.6,7.69,1418.81,28.6,9.07,36.37,42.69,0.94,80.01,0.5179,False,False
1780909235.6233335,archive_flood_airfield_274c83,archive_flood_airfield_274c83.mp4,279,50.0,640,480,combined,detect_combined,Flooded,deeplabv3plus,False,False,0,tensorrt,tensorrt,tensorrt,21.51,21.51,46.09,46.5,7.03,14.4,21.43,1418.81,30.2,7.69,1418.81,30.2,9.07,36.37,42.69,0.94,80.01,0.5458,False,False
1780909235.7051806,archive_flood_airfield_274c83,archive_flood_airfield_274c83.mp4,280,50.0,640,480,combined,detect_combined,Flooded,deeplabv3plus,False,False,0,tensorrt,tensorrt,tensorrt,22.19,22.19,44.67,45.07,7.19,14.52,21.71,1418.81,28.6,7.69,1418.81,28.6,9.07,36.37,42.69,0.94,80.01,0.5726,False,False
1780909235.8005397,archive_flood_airfield_274c83,archive_flood_airfield_274c83.mp4,281,50.0,640,480,combined,detect_combined,Flooded,deeplabv3plus,False,False,0,tensorrt,tensorrt,tensorrt,19.84,19.84,50.05,50.41,11.64,27.19,38.83,1418.81,30.4,7.69,1418.81,30.4,9.07,36.37,42.69,0.94,80.01,0.5594,False,False
1780909235.8896568,archive_flood_airfield_274c83,archive_flood_airfield_274c83.mp4,282,50.0,640,480,combined,detect_combined,Flooded,deeplabv3plus,False,False,0,tensorrt,tensorrt,tensorrt,21.51,21.51,46.07,46.49,7.04,20.57,27.61,1418.81,27.8,7.69,1418.81,27.8,9.07,36.37,42.69,0.94,80.01,0.525,False,False
1780909235.9830217,archive_flood_airfield_274c83,archive_flood_airfield_274c83.mp4,283,50.0,640,480,combined,detect_combined,Flooded,deeplabv3plus,False,False,0,tensorrt,tensorrt,tensorrt,22.25,22.25,44.52,44.94,8.33,21.56,29.89,1418.81,33.9,7.69,1418.81,33.9,9.07,36.37,42.69,0.94,80.01,0.5338,False,False
1780909236.0828836,archive_flood_airfield_274c83,archive_flood_airfield_274c83.mp4,284,50.0,640,480,combined,detect_combined,Flooded,deeplabv3plus,False,False,0,tensorrt,tensorrt,tensorrt,18.51,18.51,53.62,54.02,15.34,24.36,39.7,1418.81,37.5,7.39,1418.81,37.5,9.07,36.37,42.69,0.94,80.01,0.5929,False,False
1780909236.1623828,archive_flood_airfield_274c83,archive_flood_airfield_274c83.mp4,285,50.0,640,480,combined,detect_combined,Flooded,deeplabv3plus,False,False,0,tensorrt,tensorrt,tensorrt,20.87,20.87,47.49,47.92,12.86,21.97,34.83,1418.81,51.0,7.39,1418.81,51.0,9.07,36.37,42.69,0.94,80.01,0.5716,False,False
1780909236.2382953,archive_flood_airfield_274c83,archive_flood_airfield_274c83.mp4,286,50.0,640,480,combined,detect_combined,Flooded,deeplabv3plus,False,False,0,tensorrt,tensorrt,tensorrt,22.6,22.6,43.9,44.25,5.94,20.3,26.240000000000002,1418.81,67.4,7.39,1418.81,67.4,9.07,36.37,42.69,0.94,80.01,0.56,False,False
1780909236.3100207,archive_flood_airfield_274c83,archive_flood_airfield_274c83.mp4,287,50.0,640,480,combined,detect_combined,Flooded,deeplabv3plus,False,False,0,tensorrt,tensorrt,tensorrt,23.33,23.33,42.52,42.86,10.43,19.98,30.41,1418.81,47.6,7.39,1418.81,47.6,9.07,36.37,42.69,0.94,80.01,0.5196,False,False
1780909236.3866594,archive_flood_airfield_274c83,archive_flood_airfield_274c83.mp4,288,50.0,640,480,combined,detect_combined,Flooded,deeplabv3plus,False,False,0,tensorrt,tensorrt,tensorrt,21.64,21.64,45.87,46.22,5.79,23.72,29.509999999999998,1418.81,46.5,7.39,1418.81,46.5,9.07,36.37,42.69,0.94,80.01,0.5498,False,False
1780909236.4542446,archive_flood_airfield_274c83,archive_flood_airfield_274c83.mp4,289,50.0,640,480,combined,detect_combined,Flooded,deeplabv3plus,False,False,0,tensorrt,tensorrt,tensorrt,23.92,23.92,41.46,41.8,5.98,11.75,17.73,1418.81,50.0,7.39,1418.81,50.0,9.07,36.37,42.69,0.94,80.01,0.5539,False,False
1780909236.5201445,archive_flood_airfield_274c83,archive_flood_airfield_274c83.mp4,290,50.0,640,480,combined,detect_combined,Flooded,deeplabv3plus,False,False,0,tensorrt,tensorrt,tensorrt,24.36,24.36,40.73,41.05,6.3,11.63,17.93,1418.81,41.7,7.39,1418.81,41.7,9.07,36.37,42.69,0.94,80.01,0.5592,False,False
1780909236.5852044,archive_flood_airfield_274c83,archive_flood_airfield_274c83.mp4,291,50.0,640,480,combined,detect_combined,Flooded,deeplabv3plus,False,False,0,tensorrt,tensorrt,tensorrt,25.01,25.01,39.68,39.98,5.67,10.7,16.369999999999997,1418.8,42.1,7.39,1418.8,42.1,9.07,36.37,42.69,0.94,80.01,0.5544,False,False
1780909236.651348,archive_flood_airfield_274c83,archive_flood_airfield_274c83.mp4,292,50.0,640,480,combined,detect_combined,Flooded,deeplabv3plus,False,False,0,tensorrt,tensorrt,tensorrt,23.76,23.76,41.76,42.09,5.8,11.36,17.16,1418.8,26.3,8.76,1418.8,26.3,9.07,36.37,42.69,0.94,80.01,0.5637,False,False
1780909236.7225895,archive_flood_airfield_274c83,archive_flood_airfield_274c83.mp4,293,50.0,640,480,combined,detect_combined,Flooded,deeplabv3plus,False,False,0,tensorrt,tensorrt,tensorrt,25.08,25.08,39.5,39.88,6.49,13.92,20.41,1418.8,18.9,8.76,1418.8,18.9,9.07,36.37,42.69,0.94,80.01,0.5644,False,False
1780909236.801882,archive_flood_airfield_274c83,archive_flood_airfield_274c83.mp4,294,50.0,640,480,combined,detect_combined,Flooded,deeplabv3plus,False,False,0,tensorrt,tensorrt,tensorrt,22.64,22.64,43.76,44.17,6.99,18.87,25.86,1418.8,30.4,8.76,1418.8,30.4,9.07,36.37,42.69,0.94,80.01,0.5964,False,False
1780909236.8792076,archive_flood_airfield_274c83,archive_flood_airfield_274c83.mp4,295,50.0,640,480,combined,detect_combined,Flooded,deeplabv3plus,False,False,0,tensorrt,tensorrt,tensorrt,24.87,24.87,39.83,40.2,5.61,11.28,16.89,1418.8,32.7,8.76,1418.8,32.7,9.07,36.37,42.69,0.94,80.01,0.5662,False,False
1780909236.966597,archive_flood_airfield_274c83,archive_flood_airfield_274c83.mp4,296,50.0,640,480,combined,detect_combined,Flooded,deeplabv3plus,False,False,0,tensorrt,tensorrt,tensorrt,22.13,22.13,44.86,45.18,6.98,17.91,24.89,1418.8,28.8,8.76,1418.8,28.8,9.07,36.37,42.69,0.94,80.01,0.5959,False,False
1780909237.0475876,archive_flood_airfield_274c83,archive_flood_airfield_274c83.mp4,297,50.0,640,480,combined,detect_combined,Flooded,deeplabv3plus,False,False,0,tensorrt,tensorrt,tensorrt,22.02,22.02,45.03,45.42,10.39,11.47,21.86,1418.8,21.7,8.76,1418.8,21.7,9.07,36.37,42.69,0.94,80.01,0.5924,False,False
1780909237.1356168,archive_flood_airfield_274c83,archive_flood_airfield_274c83.mp4,298,50.0,640,480,combined,detect_combined,Flooded,deeplabv3plus,False,False,0,tensorrt,tensorrt,tensorrt,20.53,20.53,48.31,48.72,7.08,19.56,26.64,1418.8,27.5,8.76,1418.8,27.5,9.07,36.37,42.69,0.94,80.01,0.5871,False,False
1780909237.214505,archive_flood_airfield_274c83,archive_flood_airfield_274c83.mp4,299,50.0,640,480,combined,detect_combined,Flooded,deeplabv3plus,False,False,0,tensorrt,tensorrt,tensorrt,25.53,25.53,38.75,39.17,5.17,11.67,16.84,1418.8,25.0,7.85,1418.8,25.0,9.07,36.37,42.69,0.94,80.01,0.5692,False,False
1780909237.295517,archive_flood_airfield_274c83,archive_flood_airfield_274c83.mp4,300,50.0,640,480,combined,detect_combined,Flooded,deeplabv3plus,False,False,0,tensorrt,tensorrt,tensorrt,21.8,21.8,45.54,45.87,9.12,22.23,31.35,1418.8,34.7,7.85,1418.8,34.7,9.07,36.37,42.69,0.94,80.01,0.406,False,False
1780909237.3774974,archive_flood_airfield_274c83,archive_flood_airfield_274c83.mp4,301,50.0,640,480,combined,detect_combined,Flooded,deeplabv3plus,False,False,0,tensorrt,tensorrt,tensorrt,21.7,21.7,45.74,46.09,11.35,20.59,31.939999999999998,1418.8,50.0,7.85,1418.8,50.0,9.07,36.37,42.69,0.94,80.01,0.5172,False,False
1780909237.4623334,archive_flood_airfield_274c83,archive_flood_airfield_274c83.mp4,302,50.0,640,480,combined,detect_combined,Flooded,deeplabv3plus,False,False,0,tensorrt,tensorrt,tensorrt,22.24,22.24,44.56,44.96,6.81,13.56,20.37,1418.79,52.0,7.85,1418.79,52.0,9.07,36.37,42.69,0.94,80.01,0.5697,False,False
1780909237.549864,archive_flood_airfield_274c83,archive_flood_airfield_274c83.mp4,303,50.0,640,480,combined,detect_combined,Flooded,deeplabv3plus,False,False,0,tensorrt,tensorrt,tensorrt,20.53,20.53,48.35,48.7,6.78,20.86,27.64,1418.79,46.3,7.85,1418.79,46.3,9.07,36.37,42.69,0.94,80.01,0.4725,False,False
1780909237.6261404,archive_flood_airfield_274c83,archive_flood_airfield_274c83.mp4,304,50.0,640,480,combined,detect_combined,Flooded,deeplabv3plus,False,False,0,tensorrt,tensorrt,tensorrt,25.86,25.86,38.32,38.68,7.57,19.04,26.61,1418.79,44.4,7.85,1418.79,44.4,9.07,36.37,42.69,0.94,80.01,0.503,False,False
1780909237.7112358,archive_flood_airfield_274c83,archive_flood_airfield_274c83.mp4,305,50.0,640,480,combined,detect_combined,Flooded,deeplabv3plus,False,False,0,tensorrt,tensorrt,tensorrt,20.01,20.01,49.56,49.97,12.44,24.65,37.089999999999996,1418.79,22.9,7.85,1418.79,22.9,9.07,36.37,42.69,0.94,80.01,0.5516,False,False
1780909237.812432,archive_flood_airfield_274c83,archive_flood_airfield_274c83.mp4,306,50.0,640,480,combined,detect_combined,Flooded,deeplabv3plus,False,False,0,tensorrt,tensorrt,tensorrt,16.58,16.58,59.92,60.31,19.5,22.32,41.82,1418.79,36.4,8.15,1418.79,36.4,9.07,36.37,42.69,0.94,80.01,0.5093,False,False
1780909237.9126332,archive_flood_airfield_274c83,archive_flood_airfield_274c83.mp4,307,50.0,640,480,combined,detect_combined,Flooded,deeplabv3plus,False,False,0,tensorrt,tensorrt,tensorrt,21.23,21.23,46.62,47.1,8.03,25.26,33.29,1418.79,35.0,8.15,1418.79,35.0,9.07,36.37,42.69,0.94,80.01,0.5409,False,False
1780909237.9995916,archive_flood_airfield_274c83,archive_flood_airfield_274c83.mp4,308,50.0,640,480,combined,detect_combined,Flooded,deeplabv3plus,False,False,0,tensorrt,tensorrt,tensorrt,23.06,23.06,42.91,43.37,8.21,15.37,23.58,1418.79,28.0,8.15,1418.79,28.0,9.07,36.37,42.69,0.94,80.01,0.4733,False,False
1780909238.0838208,archive_flood_airfield_274c83,archive_flood_airfield_274c83.mp4,309,50.0,640,480,combined,detect_combined,Flooded,deeplabv3plus,False,False,0,tensorrt,tensorrt,tensorrt,23.92,23.92,41.38,41.8,7.99,16.36,24.35,1418.79,29.4,8.15,1418.79,29.4,9.07,36.37,42.69,0.94,80.01,0.43,False,False
1780909238.1668375,archive_flood_airfield_274c83,archive_flood_airfield_274c83.mp4,310,50.0,640,480,combined,detect_combined,Flooded,deeplabv3plus,False,False,0,tensorrt,tensorrt,tensorrt,23.59,23.59,41.9,42.39,7.09,12.69,19.78,1418.79,26.5,8.15,1418.79,26.5,9.07,36.37,42.69,0.94,80.01,0.4848,False,False
1780909238.2527137,archive_flood_airfield_274c83,archive_flood_airfield_274c83.mp4,311,50.0,640,480,combined,detect_combined,Flooded,deeplabv3plus,False,False,0,tensorrt,tensorrt,tensorrt,23.36,23.36,42.39,42.82,7.24,15.47,22.71,1418.79,30.8,8.15,1418.79,30.8,9.07,36.37,42.69,0.94,80.01,0.5832,False,False
1780909238.3461514,archive_flood_airfield_274c83,archive_flood_airfield_274c83.mp4,312,50.0,640,480,combined,detect_combined,Flooded,deeplabv3plus,False,False,0,tensorrt,tensorrt,tensorrt,22.85,22.85,43.37,43.76,7.23,19.56,26.79,1418.73,30.8,8.15,1418.73,30.8,9.07,36.37,42.69,0.94,80.01,0.6255,False,False
1780909238.4407084,archive_flood_airfield_274c83,archive_flood_airfield_274c83.mp4,313,50.0,640,480,combined,detect_combined,Flooded,deeplabv3plus,False,False,0,tensorrt,tensorrt,tensorrt,22.09,22.09,44.85,45.26,9.9,22.22,32.12,1418.09,42.1,7.54,1418.09,42.1,9.07,36.37,42.69,0.94,80.01,0.5381,False,False
1780909238.543309,archive_flood_airfield_274c83,archive_flood_airfield_274c83.mp4,314,50.0,640,480,combined,detect_combined,Flooded,deeplabv3plus,False,False,0,tensorrt,tensorrt,tensorrt,18.36,18.36,54.06,54.47,14.56,24.54,39.1,1418.09,25.4,7.54,1418.09,25.4,9.07,36.37,42.69,0.94,80.01,0.5439,False,False
1780909238.6437647,archive_flood_airfield_274c83,archive_flood_airfield_274c83.mp4,315,50.0,640,480,combined,detect_combined,Flooded,deeplabv3plus,False,False,0,tensorrt,tensorrt,tensorrt,18.67,18.67,53.13,53.57,12.24,27.35,39.59,1418.09,42.4,7.54,1418.09,42.4,9.07,36.37,42.69,0.94,80.01,0.4902,False,False
1780909238.7410507,archive_flood_airfield_274c83,archive_flood_airfield_274c83.mp4,316,50.0,640,480,combined,detect_combined,Flooded,deeplabv3plus,False,False,0,tensorrt,tensorrt,tensorrt,20.43,20.43,48.47,48.95,11.18,23.98,35.16,1418.09,43.6,7.54,1418.09,43.6,9.07,36.37,42.69,0.94,80.01,0.4556,False,False
1780909238.8388155,archive_flood_airfield_274c83,archive_flood_airfield_274c83.mp4,317,50.0,640,480,combined,detect_combined,Flooded,deeplabv3plus,False,False,0,tensorrt,tensorrt,tensorrt,19.71,19.71,50.31,50.73,14.43,22.32,36.75,1418.09,42.9,7.54,1418.09,42.9,9.07,36.37,42.69,0.94,80.01,0.4624,False,False
1780909238.9222748,archive_flood_airfield_274c83,archive_flood_airfield_274c83.mp4,318,50.0,640,480,combined,detect_combined,Flooded,deeplabv3plus,False,False,0,tensorrt,tensorrt,tensorrt,22.34,22.34,44.26,44.77,7.37,23.64,31.01,1418.09,39.6,7.54,1418.09,39.6,9.07,36.37,42.69,0.94,80.01,0.4754,False,False
1780909238.998988,archive_flood_airfield_274c83,archive_flood_airfield_274c83.mp4,319,50.0,640,480,combined,detect_combined,Flooded,deeplabv3plus,False,False,0,tensorrt,tensorrt,tensorrt,24.04,24.04,41.18,41.59,6.55,12.5,19.05,1418.09,41.3,7.85,1418.09,41.3,9.07,36.37,42.69,0.94,80.01,0.4404,False,False
1780909239.0808125,archive_flood_airfield_274c83,archive_flood_airfield_274c83.mp4,320,50.0,640,480,combined,detect_combined,Flooded,deeplabv3plus,False,False,0,tensorrt,tensorrt,tensorrt,20.79,20.79,47.67,48.09,6.7,13.93,20.63,1418.09,39.6,7.85,1418.09,39.6,9.07,36.37,42.69,0.94,80.01,0.4931,False,False
1780909239.162834,archive_flood_airfield_274c83,archive_flood_airfield_274c83.mp4,321,50.0,640,480,combined,detect_combined,Flooded,deeplabv3plus,False,False,0,tensorrt,tensorrt,tensorrt,22.1,22.1,44.82,45.24,7.38,14.59,21.97,1418.09,28.6,7.85,1418.09,28.6,9.07,36.37,42.69,0.94,80.01,0.4762,False,False
1780909239.2498198,archive_flood_airfield_274c83,archive_flood_airfield_274c83.mp4,322,50.0,640,480,combined,detect_combined,Flooded,deeplabv3plus,False,False,0,tensorrt,tensorrt,tensorrt,21.74,21.74,45.55,46.0,7.4,14.84,22.240000000000002,1418.09,32.7,7.85,1418.09,32.7,9.07,36.37,42.69,0.94,80.01,0.46,False,False
1780909239.3453548,archive_flood_airfield_274c83,archive_flood_airfield_274c83.mp4,323,50.0,640,480,combined,detect_combined,Flooded,deeplabv3plus,False,False,0,tensorrt,tensorrt,tensorrt,19.73,19.73,50.28,50.7,8.08,15.29,23.369999999999997,1418.09,32.8,7.85,1418.09,32.8,9.07,36.37,42.69,0.94,80.01,0.5076,False,False
1780909239.4407036,archive_flood_airfield_274c83,archive_flood_airfield_274c83.mp4,324,50.0,640,480,combined,detect_combined,Flooded,deeplabv3plus,False,False,0,tensorrt,tensorrt,tensorrt,20.21,20.21,49.05,49.49,11.1,23.02,34.12,1418.09,25.5,7.85,1418.09,25.5,9.07,36.37,42.69,0.94,80.01,0.4877,False,False
1780909239.5398855,archive_flood_airfield_274c83,archive_flood_airfield_274c83.mp4,325,50.0,640,480,combined,detect_combined,Flooded,deeplabv3plus,False,False,0,tensorrt,tensorrt,tensorrt,20.05,20.05,49.47,49.88,12.13,22.62,34.75,1418.09,29.5,7.54,1418.09,29.5,9.07,36.37,42.69,0.94,80.01,0.5339,False,False
1780909239.6429386,archive_flood_airfield_274c83,archive_flood_airfield_274c83.mp4,326,50.0,640,480,combined,detect_combined,Flooded,deeplabv3plus,False,False,0,tensorrt,tensorrt,tensorrt,17.92,17.92,55.36,55.82,14.41,26.0,40.41,1418.09,25.4,7.54,1418.09,25.4,9.07,36.37,42.69,0.94,80.01,0.4981,False,False
1780909239.742059,archive_flood_airfield_274c83,archive_flood_airfield_274c83.mp4,327,50.0,640,480,combined,detect_combined,Flooded,deeplabv3plus,False,False,0,tensorrt,tensorrt,tensorrt,20.62,20.62,48.08,48.49,8.08,24.97,33.05,1418.09,25.4,7.54,1418.09,25.4,9.07,36.37,42.69,0.94,80.01,0.4485,False,False
1780909239.8425634,archive_flood_airfield_274c83,archive_flood_airfield_274c83.mp4,328,50.0,640,480,combined,detect_combined,Flooded,deeplabv3plus,False,False,0,tensorrt,tensorrt,tensorrt,20.06,20.06,49.41,49.85,7.65,26.52,34.17,1418.09,37.9,7.54,1418.09,37.9,9.07,36.37,42.69,0.94,80.01,0.5146,False,False
1780909239.934199,archive_flood_airfield_274c83,archive_flood_airfield_274c83.mp4,329,50.0,640,480,combined,detect_combined,Flooded,deeplabv3plus,False,False,0,tensorrt,tensorrt,tensorrt,21.36,21.36,46.43,46.82,11.3,23.51,34.81,1418.09,44.4,7.54,1418.09,44.4,9.07,36.37,42.69,0.94,80.01,0.4706,False,False
1780909240.0144083,archive_flood_airfield_274c83,archive_flood_airfield_274c83.mp4,330,50.0,640,480,combined,detect_combined,Flooded,deeplabv3plus,False,False,0,tensorrt,tensorrt,tensorrt,21.18,21.18,46.83,47.21,14.36,19.32,33.68,1418.09,43.5,7.54,1418.09,43.5,9.07,36.37,42.69,0.94,80.01,0.5157,False,False
1780909240.0977674,archive_flood_airfield_274c83,archive_flood_airfield_274c83.mp4,331,50.0,640,480,combined,detect_combined,Flooded,deeplabv3plus,False,False,0,tensorrt,tensorrt,tensorrt,21.08,21.08,47.1,47.43,14.89,21.77,36.66,1418.09,42.6,7.54,1418.09,42.6,9.07,36.37,42.69,0.94,80.01,0.5464,False,False
1780909240.1812937,archive_flood_airfield_274c83,archive_flood_airfield_274c83.mp4,332,50.0,640,480,combined,detect_combined,Flooded,deeplabv3plus,False,False,0,tensorrt,tensorrt,tensorrt,20.42,20.42,48.55,48.98,14.57,16.91,31.48,1418.09,29.2,8.0,1418.09,29.2,9.07,36.37,42.69,0.94,80.01,0.4871,False,False
1780909240.2861488,archive_flood_airfield_274c83,archive_flood_airfield_274c83.mp4,333,50.0,640,480,combined,detect_combined,Flooded,deeplabv3plus,False,False,0,tensorrt,tensorrt,tensorrt,19.04,19.04,52.12,52.53,13.76,23.34,37.1,1418.09,31.7,8.0,1418.09,31.7,9.07,36.37,42.69,0.94,80.01,0.5359,False,False
1780909240.391265,archive_flood_airfield_274c83,archive_flood_airfield_274c83.mp4,334,50.0,640,480,combined,detect_combined,Flooded,deeplabv3plus,False,False,0,tensorrt,tensorrt,tensorrt,18.75,18.75,52.91,53.35,12.83,26.61,39.44,1418.09,35.9,8.0,1418.09,35.9,9.07,36.37,42.69,0.94,80.01,0.5618,False,False
1780909240.475375,archive_flood_airfield_274c83,archive_flood_airfield_274c83.mp4,335,50.0,640,480,combined,detect_combined,Flooded,deeplabv3plus,False,False,0,tensorrt,tensorrt,tensorrt,23.7,23.7,41.83,42.19,7.5,14.43,21.93,1418.09,28.6,8.0,1418.09,28.6,9.07,36.37,42.69,0.94,80.01,0.531,False,False
1780909240.5601528,archive_flood_airfield_274c83,archive_flood_airfield_274c83.mp4,336,50.0,640,480,combined,detect_combined,Flooded,deeplabv3plus,False,False,0,tensorrt,tensorrt,tensorrt,20.93,20.93,47.37,47.79,6.98,14.41,21.39,1418.09,27.5,8.0,1418.09,27.5,9.07,36.37,42.69,0.94,80.01,0.4639,False,False
1780909240.6400542,archive_flood_airfield_274c83,archive_flood_airfield_274c83.mp4,337,50.0,640,480,combined,detect_combined,Flooded,deeplabv3plus,False,False,0,tensorrt,tensorrt,tensorrt,22.16,22.16,44.74,45.14,7.06,14.03,21.09,1418.09,29.2,8.0,1418.09,29.2,9.07,36.37,42.69,0.94,80.01,0.4572,False,False
1780909240.7315655,archive_flood_airfield_274c83,archive_flood_airfield_274c83.mp4,338,50.0,640,480,combined,detect_combined,Flooded,deeplabv3plus,False,False,0,tensorrt,tensorrt,tensorrt,19.59,19.59,50.65,51.03,14.67,24.25,38.92,1418.09,30.4,7.38,1418.09,30.4,9.07,36.37,42.69,0.94,80.01,0.4326,False,False
1780909240.8155303,archive_flood_airfield_274c83,archive_flood_airfield_274c83.mp4,339,50.0,640,480,combined,detect_combined,Flooded,deeplabv3plus,False,False,0,tensorrt,tensorrt,tensorrt,23.43,23.43,42.34,42.69,8.69,20.82,29.509999999999998,1418.09,31.4,7.38,1418.09,31.4,9.07,36.37,42.69,0.94,80.01,0.4427,False,False
1780909240.906496,archive_flood_airfield_274c83,archive_flood_airfield_274c83.mp4,340,50.0,640,480,combined,detect_combined,Flooded,deeplabv3plus,False,False,0,tensorrt,tensorrt,tensorrt,24.22,24.22,40.85,41.28,8.05,19.51,27.560000000000002,1418.09,25.9,7.38,1418.09,25.9,9.07,36.37,42.69,0.94,80.01,0.4896,False,False
1780909240.9989893,archive_flood_airfield_274c83,archive_flood_airfield_274c83.mp4,341,50.0,640,480,combined,detect_combined,Flooded,deeplabv3plus,False,False,0,tensorrt,tensorrt,tensorrt,21.9,21.9,45.25,45.65,12.02,21.24,33.26,1418.09,29.1,7.38,1418.09,29.1,9.07,36.37,42.69,0.94,80.01,0.4598,False,False
1780909241.0760481,archive_flood_airfield_274c83,archive_flood_airfield_274c83.mp4,342,50.0,640,480,combined,detect_combined,Flooded,deeplabv3plus,False,False,0,tensorrt,tensorrt,tensorrt,24.33,24.33,40.75,41.1,12.23,17.21,29.44,1418.09,48.9,7.38,1418.09,48.9,9.07,36.37,42.69,0.94,80.01,0.4053,False,False
1780909241.1491642,archive_flood_airfield_274c83,archive_flood_airfield_274c83.mp4,343,50.0,640,480,combined,detect_combined,Flooded,deeplabv3plus,False,False,0,tensorrt,tensorrt,tensorrt,23.52,23.52,42.14,42.52,9.13,11.88,21.01,1418.09,46.3,7.38,1418.09,46.3,9.07,36.37,42.69,0.94,80.01,0.3746,False,False
1780909241.2238293,archive_flood_airfield_274c83,archive_flood_airfield_274c83.mp4,344,50.0,640,480,combined,detect_combined,Flooded,deeplabv3plus,False,False,0,tensorrt,tensorrt,tensorrt,21.89,21.89,45.31,45.68,6.88,17.1,23.98,1418.09,54.3,7.38,1418.09,54.3,9.07,36.37,42.69,0.94,80.01,0.422,False,False
1780909241.297346,archive_flood_airfield_274c83,archive_flood_airfield_274c83.mp4,345,50.0,640,480,combined,detect_combined,Flooded,deeplabv3plus,False,False,0,tensorrt,tensorrt,tensorrt,26.66,26.66,37.15,37.52,5.34,13.82,19.16,1418.09,45.2,8.15,1418.09,45.2,9.07,36.37,42.69,0.94,80.01,0.4248,False,False
1780909241.4040778,archive_flood_airfield_274c83,archive_flood_airfield_274c83.mp4,346,50.0,640,480,combined,detect_combined,Flooded,deeplabv3plus,False,False,0,tensorrt,tensorrt,tensorrt,24.01,24.01,41.23,41.65,8.09,20.16,28.25,1418.09,42.2,8.15,1418.09,42.2,9.07,36.37,42.69,0.94,80.01,0.2735,False,False
1780909241.5017312,archive_flood_airfield_274c83,archive_flood_airfield_274c83.mp4,347,50.0,640,480,combined,detect_combined,Flooded,deeplabv3plus,False,False,0,tensorrt,tensorrt,tensorrt,20.26,20.26,48.93,49.35,11.55,22.32,33.870000000000005,1418.09,32.2,8.15,1418.09,32.2,9.07,36.37,42.69,0.94,80.01,0.3536,False,False
1780909241.5905633,archive_flood_airfield_274c83,archive_flood_airfield_274c83.mp4,348,50.0,640,480,combined,detect_combined,Flooded,deeplabv3plus,False,False,0,tensorrt,tensorrt,tensorrt,22.72,22.72,43.54,44.01,10.07,16.5,26.57,1418.09,42.6,8.15,1418.09,42.6,9.07,36.37,42.69,0.94,80.01,0.4095,False,False
1780909241.673958,archive_flood_airfield_274c83,archive_flood_airfield_274c83.mp4,349,50.0,640,480,combined,detect_combined,Flooded,deeplabv3plus,False,False,0,tensorrt,tensorrt,tensorrt,21.68,21.68,45.73,46.13,7.24,14.52,21.759999999999998,1418.09,29.4,8.15,1418.09,29.4,9.07,36.37,42.69,0.94,80.01,0.3965,False,False
1780909241.7568483,archive_flood_airfield_274c83,archive_flood_airfield_274c83.mp4,350,50.0,640,480,combined,detect_combined,Flooded,deeplabv3plus,False,False,0,tensorrt,tensorrt,tensorrt,23.41,23.41,42.3,42.72,7.38,15.52,22.9,1418.09,30.0,8.15,1418.09,30.0,9.07,36.37,42.69,0.94,80.01,0.4103,False,False
1780909241.8398836,archive_flood_airfield_274c83,archive_flood_airfield_274c83.mp4,351,50.0,640,480,combined,detect_combined,Flooded,deeplabv3plus,False,False,0,tensorrt,tensorrt,tensorrt,24.04,24.04,41.16,41.59,7.48,15.22,22.700000000000003,1418.09,29.2,8.15,1418.09,29.2,9.07,36.37,42.69,0.94,80.01,0.4208,False,False
1780909241.9420927,archive_flood_airfield_274c83,archive_flood_airfield_274c83.mp4,352,50.0,640,480,combined,detect_combined,Flooded,deeplabv3plus,False,False,0,tensorrt,tensorrt,tensorrt,21.63,21.63,45.82,46.24,16.43,14.38,30.810000000000002,1418.09,25.0,7.69,1418.09,25.0,9.07,36.37,42.69,0.94,80.01,0.4402,False,False
1780909242.040111,archive_flood_airfield_274c83,archive_flood_airfield_274c83.mp4,353,50.0,640,480,combined,detect_combined,Flooded,deeplabv3plus,False,False,0,tensorrt,tensorrt,tensorrt,20.18,20.18,49.14,49.56,9.21,15.31,24.520000000000003,1418.09,26.3,7.69,1418.09,26.3,9.07,36.37,42.69,0.94,80.01,0.3602,False,False
1780909242.1340716,archive_flood_airfield_274c83,archive_flood_airfield_274c83.mp4,354,50.0,640,480,combined,detect_combined,Flooded,deeplabv3plus,False,False,0,tensorrt,tensorrt,tensorrt,22.23,22.23,44.63,44.98,7.66,13.5,21.16,1418.09,49.1,7.69,1418.09,49.1,9.07,36.37,42.69,0.94,80.01,0.3862,False,False
1780909242.22115,archive_flood_airfield_274c83,archive_flood_airfield_274c83.mp4,355,50.0,640,480,combined,detect_combined,Flooded,deeplabv3plus,False,False,0,tensorrt,tensorrt,tensorrt,21.15,21.15,46.87,47.27,7.38,19.09,26.47,1418.09,46.9,7.69,1418.09,46.9,9.07,36.37,42.69,0.94,80.01,0.4665,False,False
1780909242.2998564,archive_flood_airfield_274c83,archive_flood_airfield_274c83.mp4,356,50.0,640,480,combined,detect_combined,Flooded,deeplabv3plus,False,False,0,tensorrt,tensorrt,tensorrt,21.91,21.91,45.28,45.64,8.27,13.17,21.439999999999998,1418.09,42.2,7.69,1418.09,42.2,9.07,36.37,42.69,0.94,80.01,0.4379,False,False
1780909242.3735895,archive_flood_airfield_274c83,archive_flood_airfield_274c83.mp4,357,50.0,640,480,combined,detect_combined,Flooded,deeplabv3plus,False,False,0,tensorrt,tensorrt,tensorrt,22.61,22.61,43.87,44.22,13.62,13.73,27.35,1418.09,40.0,7.69,1418.09,40.0,9.07,36.37,42.69,0.94,80.01,0.4187,False,False
1780909242.4536233,archive_flood_airfield_274c83,archive_flood_airfield_274c83.mp4,358,50.0,640,480,combined,detect_combined,Flooded,deeplabv3plus,False,False,0,tensorrt,tensorrt,tensorrt,20.14,20.14,49.28,49.66,6.43,22.53,28.96,1418.09,48.9,8.3,1418.09,48.9,9.07,36.37,42.69,0.94,80.01,0.4477,False,False
1780909242.5349762,archive_flood_airfield_274c83,archive_flood_airfield_274c83.mp4,359,50.0,640,480,combined,detect_combined,Flooded,deeplabv3plus,False,False,0,tensorrt,tensorrt,tensorrt,21.55,21.55,46.07,46.4,6.26,20.75,27.009999999999998,1418.09,45.8,8.3,1418.09,45.8,9.07,36.37,42.69,0.94,80.01,0.4855,False,False
1780909242.6094217,archive_flood_airfield_274c83,archive_flood_airfield_274c83.mp4,360,50.0,640,480,combined,detect_combined,Flooded,deeplabv3plus,False,False,0,tensorrt,tensorrt,tensorrt,25.85,25.85,38.34,38.68,4.87,12.0,16.87,1418.09,48.9,8.3,1418.09,48.9,9.07,36.37,42.69,0.94,80.01,0.4193,False,False
1780909242.685501,archive_flood_airfield_274c83,archive_flood_airfield_274c83.mp4,361,50.0,640,480,combined,detect_combined,Flooded,deeplabv3plus,False,False,0,tensorrt,tensorrt,tensorrt,21.93,21.93,45.26,45.61,6.44,17.59,24.03,1418.09,41.9,8.3,1418.09,41.9,9.07,36.37,42.69,0.94,80.01,0.4265,False,False
1780909242.773377,archive_flood_airfield_274c83,archive_flood_airfield_274c83.mp4,362,50.0,640,480,combined,detect_combined,Flooded,deeplabv3plus,False,False,0,tensorrt,tensorrt,tensorrt,17.86,17.86,55.6,55.98,9.87,21.41,31.28,1418.09,47.1,8.3,1418.09,47.1,9.07,36.37,42.69,0.94,80.01,0.4182,False,False
1780909242.8832917,archive_flood_airfield_274c83,archive_flood_airfield_274c83.mp4,363,50.0,640,480,combined,detect_combined,Flooded,deeplabv3plus,False,False,0,tensorrt,tensorrt,tensorrt,20.25,20.25,48.9,49.38,11.85,22.47,34.32,1418.09,32.8,8.3,1418.09,32.8,9.07,36.37,42.69,0.94,80.01,0.3844,False,False
1780909242.978107,archive_flood_airfield_274c83,archive_flood_airfield_274c83.mp4,364,50.0,640,480,combined,detect_combined,Flooded,deeplabv3plus,False,False,0,tensorrt,tensorrt,tensorrt,19.49,19.49,50.9,51.31,14.86,22.3,37.16,1418.09,24.1,8.3,1418.09,24.1,9.07,36.37,42.69,0.94,80.01,0.3463,False,False
1780909243.0568724,archive_flood_airfield_274c83,archive_flood_airfield_274c83.mp4,365,50.0,640,480,combined,detect_combined,Flooded,deeplabv3plus,False,False,0,tensorrt,tensorrt,tensorrt,24.57,24.57,40.33,40.7,7.23,14.14,21.37,1418.09,26.1,8.0,1418.09,26.1,9.07,36.37,42.69,0.94,80.01,0.3943,False,False
1780909243.1299853,archive_flood_airfield_274c83,archive_flood_airfield_274c83.mp4,366,50.0,640,480,combined,detect_combined,Flooded,deeplabv3plus,False,False,0,tensorrt,tensorrt,tensorrt,23.0,23.0,43.14,43.48,6.61,13.28,19.89,1418.09,25.6,8.0,1418.09,25.6,9.07,36.37,42.69,0.94,80.01,0.3632,False,False
1780909243.2030256,archive_flood_airfield_274c83,archive_flood_airfield_274c83.mp4,367,50.0,640,480,combined,detect_combined,Flooded,deeplabv3plus,False,False,0,tensorrt,tensorrt,tensorrt,24.88,24.88,39.78,40.2,6.81,13.13,19.94,1418.09,26.2,8.0,1418.09,26.2,9.07,36.37,42.69,0.94,80.01,0.3393,False,False
1780909243.2944436,archive_flood_airfield_274c83,archive_flood_airfield_274c83.mp4,368,50.0,640,480,combined,detect_combined,Flooded,deeplabv3plus,False,False,0,tensorrt,tensorrt,tensorrt,18.82,18.82,52.77,53.14,15.16,23.18,38.34,1418.09,27.8,8.0,1418.09,27.8,9.07,36.37,42.69,0.94,80.01,0.3663,False,False
1780909243.3768249,archive_flood_airfield_274c83,archive_flood_airfield_274c83.mp4,369,50.0,640,480,combined,detect_combined,Flooded,deeplabv3plus,False,False,0,tensorrt,tensorrt,tensorrt,23.62,23.62,41.97,42.33,8.66,12.0,20.66,1418.09,26.1,8.0,1418.09,26.1,9.07,36.37,42.69,0.94,80.01,0.3628,False,False
1780909243.458636,archive_flood_airfield_274c83,archive_flood_airfield_274c83.mp4,370,50.0,640,480,combined,detect_combined,Flooded,deeplabv3plus,False,False,0,tensorrt,tensorrt,tensorrt,20.14,20.14,49.18,49.65,14.15,22.21,36.36,1418.09,25.0,8.0,1418.09,25.0,9.07,36.37,42.69,0.94,80.01,0.3371,False,False
1780909243.5424116,archive_flood_airfield_274c83,archive_flood_airfield_274c83.mp4,371,50.0,640,480,combined,detect_combined,Flooded,deeplabv3plus,False,False,0,tensorrt,tensorrt,tensorrt,22.49,22.49,44.06,44.46,9.45,21.93,31.38,1418.09,28.0,8.0,1418.09,28.0,9.07,36.37,42.69,0.94,80.01,0.3272,False,False
1780909243.6283772,archive_flood_airfield_274c83,archive_flood_airfield_274c83.mp4,372,50.0,640,480,combined,detect_combined,Flooded,deeplabv3plus,False,False,0,tensorrt,tensorrt,tensorrt,19.2,19.2,51.68,52.08,13.95,24.88,38.83,1418.09,33.3,7.69,1418.09,33.3,9.07,36.37,42.69,0.94,80.01,0.3352,False,False
1780909243.7077425,archive_flood_airfield_274c83,archive_flood_airfield_274c83.mp4,373,50.0,640,480,combined,detect_combined,Flooded,deeplabv3plus,False,False,0,tensorrt,tensorrt,tensorrt,20.75,20.75,47.77,48.2,13.24,22.15,35.39,1418.09,45.7,7.69,1418.09,45.7,9.07,36.37,42.69,0.94,80.01,0.3234,False,False
1780909243.7898817,archive_flood_airfield_274c83,archive_flood_airfield_274c83.mp4,374,50.0,640,480,combined,detect_combined,Flooded,deeplabv3plus,False,False,0,tensorrt,tensorrt,tensorrt,24.86,24.86,39.85,40.23,6.55,21.61,28.16,1418.09,51.0,7.69,1418.09,51.0,9.07,36.37,42.69,0.94,80.01,0.3226,False,False
1780909243.8689427,archive_flood_airfield_274c83,archive_flood_airfield_274c83.mp4,375,50.0,640,480,combined,detect_combined,Flooded,deeplabv3plus,False,False,0,tensorrt,tensorrt,tensorrt,21.76,21.76,45.63,45.96,14.34,18.43,32.769999999999996,1418.09,47.9,7.69,1418.09,47.9,9.07,36.37,42.69,0.94,80.01,0.4097,False,False
1780909243.9319274,archive_flood_airfield_274c83,archive_flood_airfield_274c83.mp4,376,50.0,640,480,combined,detect_combined,Flooded,deeplabv3plus,False,False,0,tensorrt,tensorrt,tensorrt,28.66,28.66,34.54,34.89,5.55,11.12,16.669999999999998,1418.09,44.4,7.69,1418.09,44.4,9.07,36.37,42.69,0.94,80.01,0.4291,False,False
1780909244.0004237,archive_flood_airfield_274c83,archive_flood_airfield_274c83.mp4,377,50.0,640,480,combined,detect_combined,Flooded,deeplabv3plus,False,False,0,tensorrt,tensorrt,tensorrt,24.7,24.7,40.05,40.49,6.05,11.16,17.21,1418.09,45.2,7.69,1418.09,45.2,9.07,36.37,42.69,0.94,80.01,0.3801,False,False
1780909244.066047,archive_flood_airfield_274c83,archive_flood_airfield_274c83.mp4,378,50.0,640,480,combined,detect_combined,Flooded,deeplabv3plus,False,False,0,tensorrt,tensorrt,tensorrt,27.29,27.29,36.3,36.64,5.81,11.67,17.48,1418.09,27.5,7.69,1418.09,27.5,9.07,36.37,42.69,0.94,80.01,0.421,False,False
1780909244.1554585,archive_flood_airfield_274c83,archive_flood_airfield_274c83.mp4,379,50.0,640,480,combined,detect_combined,Flooded,deeplabv3plus,False,False,0,tensorrt,tensorrt,tensorrt,20.6,20.6,48.19,48.54,14.43,22.34,36.769999999999996,1418.09,28.8,7.69,1418.09,28.8,9.07,36.37,42.69,0.94,80.01,0.3694,False,False
1780909244.239299,archive_flood_airfield_274c83,archive_flood_airfield_274c83.mp4,380,50.0,640,480,combined,detect_combined,Flooded,deeplabv3plus,False,False,0,tensorrt,tensorrt,tensorrt,19.61,19.61,50.59,51.0,6.8,13.59,20.39,1418.09,21.7,8.15,1418.09,21.7,9.07,36.37,42.69,0.94,80.01,0.4135,False,False
1780909244.3305895,archive_flood_airfield_274c83,archive_flood_airfield_274c83.mp4,381,50.0,640,480,combined,detect_combined,Flooded,deeplabv3plus,False,False,0,tensorrt,tensorrt,tensorrt,22.06,22.06,44.92,45.32,7.32,21.43,28.75,1418.09,27.8,8.15,1418.09,27.8,9.07,36.37,42.69,0.94,80.01,0.4836,False,False
1780909244.4126039,archive_flood_airfield_274c83,archive_flood_airfield_274c83.mp4,382,50.0,640,480,combined,detect_combined,Flooded,deeplabv3plus,False,False,0,tensorrt,tensorrt,tensorrt,30.07,30.07,32.89,33.26,5.72,13.41,19.13,1418.09,29.2,8.15,1418.09,29.2,9.07,36.37,42.69,0.94,80.01,0.44,False,False
1780909244.5000956,archive_flood_airfield_274c83,archive_flood_airfield_274c83.mp4,383,50.0,640,480,combined,detect_combined,Flooded,deeplabv3plus,False,False,0,tensorrt,tensorrt,tensorrt,21.76,21.76,45.57,45.95,6.97,15.75,22.72,1418.09,27.5,8.15,1418.09,27.5,9.07,36.37,42.69,0.94,80.01,0.4236,False,False
1780909244.5894496,archive_flood_airfield_274c83,archive_flood_airfield_274c83.mp4,384,50.0,640,480,combined,detect_combined,Flooded,deeplabv3plus,False,False,0,tensorrt,tensorrt,tensorrt,21.39,21.39,46.39,46.76,10.37,22.71,33.08,1418.09,26.9,8.15,1418.09,26.9,9.07,36.37,42.69,0.94,80.01,0.4875,False,False
1780909244.6807497,archive_flood_airfield_274c83,archive_flood_airfield_274c83.mp4,385,50.0,640,480,combined,detect_combined,Flooded,deeplabv3plus,False,False,0,tensorrt,tensorrt,tensorrt,21.23,21.23,46.68,47.1,7.12,20.58,27.7,1418.09,25.5,8.15,1418.09,25.5,9.07,36.37,42.69,0.94,80.01,0.5045,False,False
1780909244.7756171,archive_flood_airfield_274c83,archive_flood_airfield_274c83.mp4,386,50.0,640,480,combined,detect_combined,Flooded,deeplabv3plus,False,False,0,tensorrt,tensorrt,tensorrt,19.86,19.86,49.97,50.36,14.43,23.1,37.53,1418.09,26.8,7.54,1418.09,26.8,9.07,36.37,42.69,0.94,80.01,0.474,False,False
1780909244.8726885,archive_flood_airfield_274c83,archive_flood_airfield_274c83.mp4,387,50.0,640,480,combined,detect_combined,Flooded,deeplabv3plus,False,False,0,tensorrt,tensorrt,tensorrt,20.17,20.17,49.19,49.58,13.57,23.34,36.91,1418.09,31.0,7.54,1418.09,31.0,9.07,36.37,42.69,0.94,80.01,0.4882,False,False
1780909244.9559073,archive_flood_airfield_274c83,archive_flood_airfield_274c83.mp4,388,50.0,640,480,combined,detect_combined,Flooded,deeplabv3plus,False,False,0,tensorrt,tensorrt,tensorrt,21.68,21.68,45.75,46.12,9.24,23.12,32.36,1418.09,41.7,7.54,1418.09,41.7,9.07,36.37,42.69,0.94,80.01,0.4857,False,False
1780909245.0348132,archive_flood_airfield_274c83,archive_flood_airfield_274c83.mp4,389,50.0,640,480,combined,detect_combined,Flooded,deeplabv3plus,False,False,0,tensorrt,tensorrt,tensorrt,22.74,22.74,43.62,43.98,13.87,16.62,30.490000000000002,1418.09,46.8,7.54,1418.09,46.8,9.07,36.37,42.69,0.94,80.01,0.5063,False,False
1780909245.113818,archive_flood_airfield_274c83,archive_flood_airfield_274c83.mp4,390,50.0,640,480,combined,detect_combined,Flooded,deeplabv3plus,False,False,0,tensorrt,tensorrt,tensorrt,21.53,21.53,45.99,46.45,6.8,17.63,24.43,1418.09,43.5,7.54,1418.09,43.5,9.07,36.37,42.69,0.94,80.01,0.4501,False,False
1780909245.1944902,archive_flood_airfield_274c83,archive_flood_airfield_274c83.mp4,391,50.0,640,480,combined,detect_combined,Flooded,deeplabv3plus,False,False,0,tensorrt,tensorrt,tensorrt,21.5,21.5,46.17,46.52,10.11,11.86,21.97,1418.09,51.1,7.54,1418.09,51.1,9.07,36.37,42.69,0.94,80.01,0.3974,False,False
1780909245.284171,archive_flood_airfield_274c83,archive_flood_airfield_274c83.mp4,392,50.0,640,480,combined,detect_combined,Flooded,deeplabv3plus,False,False,0,tensorrt,tensorrt,tensorrt,19.82,19.82,49.64,50.45,7.83,22.0,29.83,1418.09,49.1,7.54,1418.09,49.1,9.07,36.37,42.69,0.94,80.01,0.4001,False,False
1780909245.3646832,archive_flood_airfield_274c83,archive_flood_airfield_274c83.mp4,393,50.0,640,480,combined,detect_combined,Flooded,deeplabv3plus,False,False,0,tensorrt,tensorrt,tensorrt,22.31,22.31,44.46,44.82,4.85,13.71,18.560000000000002,1418.09,40.0,8.3,1418.09,40.0,9.07,36.37,42.69,0.94,80.01,0.4725,False,False
1780909245.4482226,archive_flood_airfield_274c83,archive_flood_airfield_274c83.mp4,394,50.0,640,480,combined,detect_combined,Flooded,deeplabv3plus,False,False,0,tensorrt,tensorrt,tensorrt,20.78,20.78,47.71,48.11,6.89,14.16,21.05,1418.09,32.7,8.3,1418.09,32.7,9.07,36.37,42.69,0.94,80.01,0.4663,False,False
1780909245.5308025,archive_flood_airfield_274c83,archive_flood_airfield_274c83.mp4,395,50.0,640,480,combined,detect_combined,Flooded,deeplabv3plus,False,False,0,tensorrt,tensorrt,tensorrt,25.05,25.05,39.5,39.92,7.57,16.07,23.64,1418.09,27.1,8.3,1418.09,27.1,9.07,36.37,42.69,0.94,80.01,0.4474,False,False
1780909245.6235435,archive_flood_airfield_274c83,archive_flood_airfield_274c83.mp4,396,50.0,640,480,combined,detect_combined,Flooded,deeplabv3plus,False,False,0,tensorrt,tensorrt,tensorrt,20.92,20.92,47.33,47.81,8.57,24.01,32.58,1418.09,29.8,8.3,1418.09,29.8,9.07,36.37,42.69,0.94,80.01,0.4646,False,False
1780909245.7163131,archive_flood_airfield_274c83,archive_flood_airfield_274c83.mp4,397,50.0,640,480,combined,detect_combined,Flooded,deeplabv3plus,False,False,0,tensorrt,tensorrt,tensorrt,20.37,20.37,48.68,49.1,7.52,14.85,22.369999999999997,1418.09,26.4,8.3,1418.09,26.4,9.07,36.37,42.69,0.94,80.01,0.498,False,False
1780909245.8098183,archive_flood_airfield_274c83,archive_flood_airfield_274c83.mp4,398,50.0,640,480,combined,detect_combined,Flooded,deeplabv3plus,False,False,0,tensorrt,tensorrt,tensorrt,20.71,20.71,47.86,48.29,7.77,25.11,32.879999999999995,1418.09,32.8,8.3,1418.09,32.8,9.07,36.37,42.69,0.94,80.01,0.4864,False,False
1780909245.9072816,archive_flood_airfield_274c83,archive_flood_airfield_274c83.mp4,399,50.0,640,480,combined,detect_combined,Flooded,deeplabv3plus,False,False,0,tensorrt,tensorrt,tensorrt,21.38,21.38,46.25,46.77,7.9,23.42,31.32,1418.09,25.0,8.3,1418.09,25.0,9.07,36.37,42.69,0.94,80.01,0.45,False,False
1780909246.008515,archive_flood_airfield_274c83,archive_flood_airfield_274c83.mp4,400,50.0,640,480,combined,detect_combined,Flooded,deeplabv3plus,False,False,0,tensorrt,tensorrt,tensorrt,21.1,21.1,46.97,47.4,7.44,24.69,32.13,1418.09,24.6,7.38,1418.09,24.6,9.07,36.37,42.69,0.94,80.01,0.405,False,False
1780909246.1058192,archive_flood_airfield_274c83,archive_flood_airfield_274c83.mp4,401,50.0,640,480,combined,detect_combined,Flooded,deeplabv3plus,False,False,0,tensorrt,tensorrt,tensorrt,23.13,23.13,42.81,43.24,9.41,18.37,27.78,1418.09,26.3,7.38,1418.09,26.3,9.07,36.37,42.69,0.94,80.01,0.4408,False,False
1780909246.2047951,archive_flood_airfield_274c83,archive_flood_airfield_274c83.mp4,402,50.0,640,480,combined,detect_combined,Flooded,deeplabv3plus,False,False,0,tensorrt,tensorrt,tensorrt,18.48,18.48,53.66,54.12,15.61,23.12,38.730000000000004,1418.09,52.5,7.38,1418.09,52.5,9.07,36.37,42.69,0.94,80.01,0.346,False,False
1780909246.3054945,archive_flood_airfield_274c83,archive_flood_airfield_274c83.mp4,403,50.0,640,480,combined,detect_combined,Flooded,deeplabv3plus,False,False,0,tensorrt,tensorrt,tensorrt,17.98,17.98,55.18,55.62,14.87,23.82,38.69,1418.09,44.1,7.38,1418.09,44.1,9.07,36.37,42.69,0.94,80.01,0.4558,False,False
1780909246.3771791,archive_flood_airfield_274c83,archive_flood_airfield_274c83.mp4,404,50.0,640,480,combined,detect_combined,Flooded,deeplabv3plus,False,False,0,tensorrt,tensorrt,tensorrt,26.51,26.51,37.38,37.73,6.51,12.53,19.04,1418.09,52.3,7.38,1418.09,52.3,9.07,36.37,42.69,0.94,80.01,0.4795,False,False
1780909246.443653,archive_flood_airfield_274c83,archive_flood_airfield_274c83.mp4,405,50.0,640,480,combined,detect_combined,Flooded,deeplabv3plus,False,False,0,tensorrt,tensorrt,tensorrt,25.6,25.6,38.69,39.07,6.84,12.38,19.22,1418.09,43.2,7.38,1418.09,43.2,9.07,36.37,42.69,0.94,80.01,0.4681,False,False
1780909246.525437,archive_flood_airfield_274c83,archive_flood_airfield_274c83.mp4,406,50.0,640,480,combined,detect_combined,Flooded,deeplabv3plus,False,False,0,tensorrt,tensorrt,tensorrt,21.56,21.56,45.99,46.39,7.01,18.66,25.67,1418.09,43.8,8.15,1418.09,43.8,9.07,36.37,42.69,0.94,80.01,0.5056,False,False
1780909246.6108465,archive_flood_airfield_274c83,archive_flood_airfield_274c83.mp4,407,50.0,640,480,combined,detect_combined,Flooded,deeplabv3plus,False,False,0,tensorrt,tensorrt,tensorrt,21.26,21.26,46.62,47.03,7.12,14.32,21.44,1418.09,26.5,8.15,1418.09,26.5,9.07,36.37,42.69,0.94,80.01,0.4953,False,False
1780909246.695423,archive_flood_airfield_274c83,archive_flood_airfield_274c83.mp4,408,50.0,640,480,combined,detect_combined,Flooded,deeplabv3plus,False,False,0,tensorrt,tensorrt,tensorrt,23.05,23.05,42.97,43.38,6.97,14.72,21.69,1418.09,32.7,8.15,1418.09,32.7,9.07,36.37,42.69,0.94,80.01,0.4315,False,False
1780909246.7859569,archive_flood_airfield_274c83,archive_flood_airfield_274c83.mp4,409,50.0,640,480,combined,detect_combined,Flooded,deeplabv3plus,False,False,0,tensorrt,tensorrt,tensorrt,20.68,20.68,47.93,48.36,9.33,23.84,33.17,1418.09,30.9,8.15,1418.09,30.9,9.07,36.37,42.69,0.94,80.01,0.4998,False,False
1780909246.888601,archive_flood_airfield_274c83,archive_flood_airfield_274c83.mp4,410,50.0,640,480,combined,detect_combined,Flooded,deeplabv3plus,False,False,0,tensorrt,tensorrt,tensorrt,19.13,19.13,51.74,52.28,13.46,21.81,35.269999999999996,1418.09,29.0,8.15,1418.09,29.0,9.07,36.37,42.69,0.94,80.01,0.5336,False,False
1780909246.98915,archive_flood_airfield_274c83,archive_flood_airfield_274c83.mp4,411,50.0,640,480,combined,detect_combined,Flooded,deeplabv3plus,False,False,0,tensorrt,tensorrt,tensorrt,19.75,19.75,50.14,50.63,9.9,26.77,36.67,1418.09,25.4,8.15,1418.09,25.4,9.07,36.37,42.69,0.94,80.01,0.5162,False,False
1780909247.0900626,archive_flood_airfield_274c83,archive_flood_airfield_274c83.mp4,412,50.0,640,480,combined,detect_combined,Flooded,deeplabv3plus,False,False,0,tensorrt,tensorrt,tensorrt,20.14,20.14,49.24,49.66,8.26,26.18,34.44,1418.09,25.9,8.15,1418.09,25.9,9.07,36.37,42.69,0.94,80.01,0.5897,False,False
1780909247.1851904,archive_flood_airfield_274c83,archive_flood_airfield_274c83.mp4,413,50.0,640,480,combined,detect_combined,Flooded,deeplabv3plus,False,False,0,tensorrt,tensorrt,tensorrt,22.51,22.51,44.0,44.42,8.0,22.56,30.56,1418.09,30.9,7.54,1418.09,30.9,9.07,36.37,42.69,0.94,80.01,0.5302,False,False
1780909247.2880998,archive_flood_airfield_274c83,archive_flood_airfield_274c83.mp4,414,50.0,640,480,combined,detect_combined,Flooded,deeplabv3plus,False,False,0,tensorrt,tensorrt,tensorrt,18.89,18.89,52.5,52.94,12.39,26.71,39.1,1418.09,27.9,7.54,1418.09,27.9,9.07,36.37,42.69,0.94,80.01,0.4997,False,False
1780909247.3943655,archive_flood_airfield_274c83,archive_flood_airfield_274c83.mp4,415,50.0,640,480,combined,detect_combined,Flooded,deeplabv3plus,False,False,0,tensorrt,tensorrt,tensorrt,21.66,21.66,45.71,46.17,17.2,15.28,32.48,1418.09,27.0,7.54,1418.09,27.0,9.07,36.37,42.69,0.94,80.01,0.5564,False,False
1780909247.4942975,archive_flood_airfield_274c83,archive_flood_airfield_274c83.mp4,416,50.0,640,480,combined,detect_combined,Flooded,deeplabv3plus,False,False,0,tensorrt,tensorrt,tensorrt,20.87,20.87,47.5,47.92,14.92,15.64,30.560000000000002,1418.09,32.1,7.54,1418.09,32.1,9.07,36.37,42.69,0.94,80.01,0.5059,False,False
1780909247.5858426,archive_flood_airfield_274c83,archive_flood_airfield_274c83.mp4,417,50.0,640,480,combined,detect_combined,Flooded,deeplabv3plus,False,False,0,tensorrt,tensorrt,tensorrt,21.39,21.39,46.32,46.74,9.83,13.24,23.07,1418.09,46.4,7.54,1418.09,46.4,9.07,36.37,42.69,0.94,80.01,0.5329,False,False
1780909247.6823223,archive_flood_airfield_274c83,archive_flood_airfield_274c83.mp4,418,50.0,640,480,combined,detect_combined,Flooded,deeplabv3plus,False,False,0,tensorrt,tensorrt,tensorrt,18.29,18.29,54.23,54.67,15.25,25.73,40.980000000000004,1418.09,40.0,7.54,1418.09,40.0,9.07,36.37,42.69,0.94,80.01,0.5087,False,False
1780909247.792712,archive_flood_airfield_274c83,archive_flood_airfield_274c83.mp4,419,50.0,640,480,combined,detect_combined,Flooded,deeplabv3plus,False,False,0,tensorrt,tensorrt,tensorrt,15.15,15.15,65.5,66.01,9.49,37.52,47.010000000000005,1418.09,46.2,7.69,1418.09,46.2,9.07,36.37,42.69,0.94,80.01,0.4882,False,False
1780909247.8912072,archive_flood_airfield_274c83,archive_flood_airfield_274c83.mp4,420,50.0,640,480,combined,detect_combined,Flooded,deeplabv3plus,False,False,0,tensorrt,tensorrt,tensorrt,22.91,22.91,43.3,43.64,7.33,19.52,26.85,1418.37,51.7,7.69,1418.37,51.7,9.07,36.37,42.69,0.94,80.01,0.4945,False,False
1780909247.9790354,archive_flood_airfield_274c83,archive_flood_airfield_274c83.mp4,421,50.0,640,480,combined,detect_combined,Flooded,deeplabv3plus,False,False,0,tensorrt,tensorrt,tensorrt,20.36,20.36,48.74,49.11,13.94,23.08,37.019999999999996,1418.37,40.8,7.69,1418.37,40.8,9.07,36.37,42.69,0.94,80.01,0.485,False,False
1780909248.0536323,archive_flood_airfield_274c83,archive_flood_airfield_274c83.mp4,422,50.0,640,480,combined,detect_combined,Flooded,deeplabv3plus,False,False,0,tensorrt,tensorrt,tensorrt,24.67,24.67,40.09,40.53,7.06,13.71,20.77,1418.37,44.4,7.69,1418.37,44.4,9.07,36.37,42.69,0.94,80.01,0.5349,False,False
1780909248.1198878,archive_flood_airfield_274c83,archive_flood_airfield_274c83.mp4,423,50.0,640,480,combined,detect_combined,Flooded,deeplabv3plus,False,False,0,tensorrt,tensorrt,tensorrt,27.16,27.16,36.47,36.82,6.79,13.77,20.56,1418.37,38.5,7.69,1418.37,38.5,9.07,36.37,42.69,0.94,80.01,0.424,False,False
1780909248.190281,archive_flood_airfield_274c83,archive_flood_airfield_274c83.mp4,424,50.0,640,480,combined,detect_combined,Flooded,deeplabv3plus,False,False,0,tensorrt,tensorrt,tensorrt,26.04,26.04,38.02,38.41,6.45,14.31,20.76,1418.37,28.6,7.69,1418.37,28.6,9.07,36.37,42.69,0.94,80.01,0.5181,False,False
1780909248.2729127,archive_flood_airfield_274c83,archive_flood_airfield_274c83.mp4,425,50.0,640,480,combined,detect_combined,Flooded,deeplabv3plus,False,False,0,tensorrt,tensorrt,tensorrt,22.67,22.67,43.73,44.12,6.7,13.41,20.11,1418.37,29.2,8.0,1418.37,29.2,9.07,36.37,42.69,0.94,80.01,0.4759,False,False
1780909248.3649325,archive_flood_airfield_274c83,archive_flood_airfield_274c83.mp4,426,50.0,640,480,combined,detect_combined,Flooded,deeplabv3plus,False,False,0,tensorrt,tensorrt,tensorrt,21.96,21.96,45.14,45.53,8.24,23.98,32.22,1418.37,32.8,8.0,1418.37,32.8,9.07,36.37,42.69,0.94,80.01,0.4177,False,False
1780909248.4668832,archive_flood_airfield_274c83,archive_flood_airfield_274c83.mp4,427,50.0,640,480,combined,detect_combined,Flooded,deeplabv3plus,False,False,0,tensorrt,tensorrt,tensorrt,19.34,19.34,51.27,51.71,11.65,26.36,38.01,1418.37,22.8,8.0,1418.37,22.8,9.07,36.37,42.69,0.94,80.01,0.4803,False,False
1780909248.566897,archive_flood_airfield_274c83,archive_flood_airfield_274c83.mp4,428,50.0,640,480,combined,detect_combined,Flooded,deeplabv3plus,False,False,0,tensorrt,tensorrt,tensorrt,21.36,21.36,46.4,46.82,7.75,25.28,33.03,1418.37,26.7,8.0,1418.37,26.7,9.07,36.37,42.69,0.94,80.01,0.4853,False,False
1780909248.6675458,archive_flood_airfield_274c83,archive_flood_airfield_274c83.mp4,429,50.0,640,480,combined,detect_combined,Flooded,deeplabv3plus,False,False,0,tensorrt,tensorrt,tensorrt,20.34,20.34,48.48,49.16,10.18,24.85,35.03,1418.37,25.9,8.0,1418.37,25.9,9.07,36.37,42.69,0.94,80.01,0.5521,False,False
1780909248.7648094,archive_flood_airfield_274c83,archive_flood_airfield_274c83.mp4,430,50.0,640,480,combined,detect_combined,Flooded,deeplabv3plus,False,False,0,tensorrt,tensorrt,tensorrt,21.61,21.61,45.85,46.27,8.08,23.77,31.85,1418.37,36.2,8.0,1418.37,36.2,9.07,36.37,42.69,0.94,80.01,0.469,False,False
1780909248.8674326,archive_flood_airfield_274c83,archive_flood_airfield_274c83.mp4,431,50.0,640,480,combined,detect_combined,Flooded,deeplabv3plus,False,False,0,tensorrt,tensorrt,tensorrt,17.28,17.28,57.44,57.88,14.96,24.3,39.260000000000005,1418.37,43.9,7.54,1418.37,43.9,9.07,36.37,42.69,0.94,80.01,0.5024,False,False
1780909248.9395864,archive_flood_airfield_274c83,archive_flood_airfield_274c83.mp4,432,50.0,640,480,combined,detect_combined,Flooded,deeplabv3plus,False,False,0,tensorrt,tensorrt,tensorrt,26.56,26.56,37.3,37.65,6.9,17.07,23.97,1418.37,42.5,7.54,1418.37,42.5,9.07,36.37,42.69,0.94,80.01,0.4846,False,False
1780909249.001713,archive_flood_airfield_274c83,archive_flood_airfield_274c83.mp4,433,50.0,640,480,combined,detect_combined,Flooded,deeplabv3plus,False,False,0,tensorrt,tensorrt,tensorrt,27.12,27.12,36.51,36.87,6.5,11.55,18.05,1418.37,45.9,7.54,1418.37,45.9,9.07,36.37,42.69,0.94,80.01,0.4164,False,False
1780909249.0696847,archive_flood_airfield_274c83,archive_flood_airfield_274c83.mp4,434,50.0,640,480,combined,detect_combined,Flooded,deeplabv3plus,False,False,0,tensorrt,tensorrt,tensorrt,24.56,24.56,40.38,40.72,6.33,11.99,18.32,1418.37,46.3,7.54,1418.37,46.3,9.07,36.37,42.69,0.94,80.01,0.4718,False,False
1780909249.1360235,archive_flood_airfield_274c83,archive_flood_airfield_274c83.mp4,435,50.0,640,480,combined,detect_combined,Flooded,deeplabv3plus,False,False,0,tensorrt,tensorrt,tensorrt,26.12,26.12,37.92,38.29,6.39,12.0,18.39,1418.37,47.2,7.54,1418.37,47.2,9.07,36.37,42.69,0.94,80.01,0.4056,False,False
1780909249.2047536,archive_flood_airfield_274c83,archive_flood_airfield_274c83.mp4,436,50.0,640,480,combined,detect_combined,Flooded,deeplabv3plus,False,False,0,tensorrt,tensorrt,tensorrt,26.47,26.47,37.28,37.78,6.54,12.66,19.2,1418.36,30.2,7.54,1418.36,30.2,9.07,36.37,42.69,0.94,80.01,0.4471,False,False
1780909249.270912,archive_flood_airfield_274c83,archive_flood_airfield_274c83.mp4,437,50.0,640,480,combined,detect_combined,Flooded,deeplabv3plus,False,False,0,tensorrt,tensorrt,tensorrt,24.65,24.65,40.25,40.56,5.64,10.66,16.3,1418.36,30.8,7.54,1418.36,30.8,9.07,36.37,42.69,0.94,80.01,0.3319,False,False
1780909249.349972,archive_flood_airfield_274c83,archive_flood_airfield_274c83.mp4,438,50.0,640,480,combined,detect_combined,Flooded,deeplabv3plus,False,False,0,tensorrt,tensorrt,tensorrt,21.11,21.11,47.04,47.37,6.41,20.84,27.25,1418.36,31.9,7.54,1418.36,31.9,9.07,36.37,42.69,0.94,80.01,0.3055,False,False
1780909249.4450455,archive_flood_airfield_274c83,archive_flood_airfield_274c83.mp4,439,50.0,640,480,combined,detect_combined,Flooded,deeplabv3plus,False,False,0,tensorrt,tensorrt,tensorrt,18.94,18.94,52.35,52.79,15.13,23.5,38.63,1418.36,26.8,8.0,1418.36,26.8,9.07,36.37,42.69,0.94,80.01,0.2701,False,False
1780909249.5449388,archive_flood_airfield_274c83,archive_flood_airfield_274c83.mp4,440,50.0,640,480,combined,detect_combined,Flooded,deeplabv3plus,False,False,0,tensorrt,tensorrt,tensorrt,19.92,19.92,49.77,50.21,13.94,23.89,37.83,1418.36,24.6,8.0,1418.36,24.6,9.07,36.37,42.69,0.94,80.01,0.3197,False,False
1780909249.6324496,archive_flood_airfield_274c83,archive_flood_airfield_274c83.mp4,441,50.0,640,480,combined,detect_combined,Flooded,deeplabv3plus,False,False,0,tensorrt,tensorrt,tensorrt,23.19,23.19,42.7,43.12,7.32,18.2,25.52,1418.36,28.8,8.0,1418.36,28.8,9.07,36.37,42.69,0.94,80.01,0.365,False,False
1780909249.7311764,archive_flood_airfield_274c83,archive_flood_airfield_274c83.mp4,442,50.0,640,480,combined,detect_combined,Flooded,deeplabv3plus,False,False,0,tensorrt,tensorrt,tensorrt,18.81,18.81,52.7,53.17,13.14,25.81,38.95,1418.36,24.1,8.0,1418.36,24.1,9.07,36.37,42.69,0.94,80.01,0.3211,False,False
1780909249.8250046,archive_flood_airfield_274c83,archive_flood_airfield_274c83.mp4,443,50.0,640,480,combined,detect_combined,Flooded,deeplabv3plus,False,False,0,tensorrt,tensorrt,tensorrt,21.04,21.04,47.17,47.53,12.17,22.05,34.22,1418.36,29.3,8.0,1418.36,29.3,9.07,36.37,42.69,0.94,80.01,0.3077,False,False
1780909249.9094684,archive_flood_airfield_274c83,archive_flood_airfield_274c83.mp4,444,50.0,640,480,combined,detect_combined,Flooded,deeplabv3plus,False,False,0,tensorrt,tensorrt,tensorrt,22.22,22.22,44.63,45.0,9.8,23.84,33.64,1418.36,28.0,8.0,1418.36,28.0,9.07,36.37,42.69,0.94,80.01,0.4002,False,False
1780909250.001023,archive_flood_airfield_274c83,archive_flood_airfield_274c83.mp4,445,50.0,640,480,combined,detect_combined,Flooded,deeplabv3plus,False,False,0,tensorrt,tensorrt,tensorrt,20.48,20.48,48.42,48.82,6.96,24.07,31.03,1418.36,28.6,8.0,1418.36,28.6,9.07,36.37,42.69,0.94,80.01,0.3638,False,False
1780909250.0969172,archive_flood_airfield_274c83,archive_flood_airfield_274c83.mp4,446,50.0,640,480,combined,detect_combined,Flooded,deeplabv3plus,False,False,0,tensorrt,tensorrt,tensorrt,19.34,19.34,51.26,51.7,12.07,25.68,37.75,1418.36,25.5,7.54,1418.36,25.5,9.07,36.37,42.69,0.94,80.01,0.4084,False,False
1780909250.1886895,archive_flood_airfield_274c83,archive_flood_airfield_274c83.mp4,447,50.0,640,480,combined,detect_combined,Flooded,deeplabv3plus,False,False,0,tensorrt,tensorrt,tensorrt,22.11,22.11,44.85,45.22,12.51,21.27,33.78,1418.36,40.4,7.54,1418.36,40.4,9.07,36.37,42.69,0.94,80.01,0.4075,False,False
1780909250.2933097,archive_flood_airfield_274c83,archive_flood_airfield_274c83.mp4,448,50.0,640,480,combined,detect_combined,Flooded,deeplabv3plus,False,False,0,tensorrt,tensorrt,tensorrt,14.78,14.78,67.31,67.68,13.89,26.11,40.0,1418.36,49.2,7.54,1418.36,49.2,9.07,36.37,42.69,0.94,80.01,0.4111,False,False
1780909250.371942,archive_flood_airfield_274c83,archive_flood_airfield_274c83.mp4,449,50.0,640,480,combined,detect_combined,Flooded,deeplabv3plus,False,False,0,tensorrt,tensorrt,tensorrt,21.5,21.5,46.15,46.51,14.19,20.9,35.089999999999996,1418.36,47.7,7.54,1418.36,47.7,9.07,36.37,42.69,0.94,80.01,0.4443,False,False
1780909250.4432557,archive_flood_airfield_274c83,archive_flood_airfield_274c83.mp4,450,50.0,640,480,combined,detect_combined,Flooded,deeplabv3plus,False,False,0,tensorrt,tensorrt,tensorrt,25.22,25.22,39.31,39.66,5.86,12.02,17.88,1418.36,51.2,7.54,1418.36,51.2,9.07,36.37,42.69,0.94,80.01,0.4331,False,False
1780909250.515954,archive_flood_airfield_274c83,archive_flood_airfield_274c83.mp4,451,50.0,640,480,combined,detect_combined,Flooded,deeplabv3plus,False,False,0,tensorrt,tensorrt,tensorrt,22.9,22.9,43.28,43.67,6.2,12.46,18.66,1418.36,38.1,7.54,1418.36,38.1,9.07,36.37,42.69,0.94,80.01,0.4416,False,False
1780909250.6060798,archive_flood_airfield_274c83,archive_flood_airfield_274c83.mp4,452,50.0,640,480,combined,detect_combined,Flooded,deeplabv3plus,False,False,0,tensorrt,tensorrt,tensorrt,20.68,20.68,47.92,48.35,13.23,22.02,35.25,1418.36,30.8,8.15,1418.36,30.8,9.07,36.37,42.69,0.94,80.01,0.4069,False,False
1780909250.6910937,archive_flood_airfield_274c83,archive_flood_airfield_274c83.mp4,453,50.0,640,480,combined,detect_combined,Flooded,deeplabv3plus,False,False,0,tensorrt,tensorrt,tensorrt,22.53,22.53,44.01,44.4,7.7,23.94,31.64,1418.36,30.2,8.15,1418.36,30.2,9.07,36.37,42.69,0.94,80.01,0.3867,False,False
1780909250.7721803,archive_flood_airfield_274c83,archive_flood_airfield_274c83.mp4,454,50.0,640,480,combined,detect_combined,Flooded,deeplabv3plus,False,False,0,tensorrt,tensorrt,tensorrt,24.16,24.16,41.02,41.4,6.88,22.35,29.23,1418.36,29.2,8.15,1418.36,29.2,9.07,36.37,42.69,0.94,80.01,0.3639,False,False
1780909250.8651593,archive_flood_airfield_274c83,archive_flood_airfield_274c83.mp4,455,50.0,640,480,combined,detect_combined,Flooded,deeplabv3plus,False,False,0,tensorrt,tensorrt,tensorrt,20.23,20.23,48.99,49.42,10.78,12.8,23.58,1418.36,26.4,8.15,1418.36,26.4,9.07,36.37,42.69,0.94,80.01,0.3844,False,False
1780909250.9633148,archive_flood_airfield_274c83,archive_flood_airfield_274c83.mp4,456,50.0,640,480,combined,detect_combined,Flooded,deeplabv3plus,False,False,0,tensorrt,tensorrt,tensorrt,20.65,20.65,48.04,48.44,9.05,14.85,23.9,1418.36,28.1,8.15,1418.36,28.1,9.07,36.37,42.69,0.94,80.01,0.4014,False,False
1780909251.0527322,archive_flood_airfield_274c83,archive_flood_airfield_274c83.mp4,457,50.0,640,480,combined,detect_combined,Flooded,deeplabv3plus,False,False,0,tensorrt,tensorrt,tensorrt,22.9,22.9,43.19,43.67,11.82,18.41,30.23,1418.36,30.8,8.15,1418.36,30.8,9.07,36.37,42.69,0.94,80.01,0.369,False,False
1780909251.1369185,archive_flood_airfield_274c83,archive_flood_airfield_274c83.mp4,458,50.0,640,480,combined,detect_combined,Flooded,deeplabv3plus,False,False,0,tensorrt,tensorrt,tensorrt,23.78,23.78,41.67,42.06,14.16,16.05,30.21,1418.36,28.6,8.15,1418.36,28.6,9.07,36.37,42.69,0.94,80.01,0.2504,False,False
1780909251.2184837,archive_flood_airfield_274c83,archive_flood_airfield_274c83.mp4,459,50.0,640,480,combined,detect_combined,Flooded,deeplabv3plus,False,False,0,tensorrt,tensorrt,tensorrt,23.91,23.91,41.32,41.83,9.49,21.31,30.799999999999997,1418.36,37.5,7.54,1418.36,37.5,9.07,36.37,42.69,0.94,80.01,0.2848,False,False
1780909251.2941587,archive_flood_airfield_274c83,archive_flood_airfield_274c83.mp4,460,50.0,640,480,combined,detect_combined,Flooded,deeplabv3plus,False,False,0,tensorrt,tensorrt,tensorrt,23.22,23.22,42.7,43.07,6.29,18.38,24.669999999999998,1418.36,27.3,7.54,1418.36,27.3,9.07,36.37,42.69,0.94,80.01,0.3441,False,False
1780909251.3976626,archive_flood_airfield_274c83,archive_flood_airfield_274c83.mp4,461,50.0,640,480,combined,detect_combined,Flooded,deeplabv3plus,False,False,0,tensorrt,tensorrt,tensorrt,17.43,17.43,56.93,57.37,13.02,25.31,38.33,1418.36,31.7,7.54,1418.36,31.7,9.07,36.37,42.69,0.94,80.01,0.4391,False,False
1780909251.4883308,archive_flood_airfield_274c83,archive_flood_airfield_274c83.mp4,462,50.0,640,480,combined,detect_combined,Flooded,deeplabv3plus,False,False,0,tensorrt,tensorrt,tensorrt,22.09,22.09,44.85,45.27,7.79,23.82,31.61,1418.36,36.5,7.54,1418.36,36.5,9.07,36.37,42.69,0.94,80.01,0.3948,False,False
1780909251.5767984,archive_flood_airfield_274c83,archive_flood_airfield_274c83.mp4,463,50.0,640,480,combined,detect_combined,Flooded,deeplabv3plus,False,False,0,tensorrt,tensorrt,tensorrt,24.33,24.33,40.72,41.1,13.85,14.45,28.299999999999997,1418.36,51.9,7.54,1418.36,51.9,9.07,36.37,42.69,0.94,80.01,0.3347,False,False
1780909251.6510634,archive_flood_airfield_274c83,archive_flood_airfield_274c83.mp4,464,50.0,640,480,combined,detect_combined,Flooded,deeplabv3plus,False,False,0,tensorrt,tensorrt,tensorrt,24.75,24.75,39.95,40.4,6.51,23.04,29.549999999999997,1418.36,50.0,7.54,1418.36,50.0,9.07,36.37,42.69,0.94,80.01,0.2354,False,False
1780909251.721087,archive_flood_airfield_274c83,archive_flood_airfield_274c83.mp4,465,50.0,640,480,combined,detect_combined,Flooded,deeplabv3plus,False,False,0,tensorrt,tensorrt,tensorrt,26.23,26.23,37.75,38.12,6.13,11.42,17.55,1418.36,42.9,7.54,1418.36,42.9,9.07,36.37,42.69,0.94,80.01,0.2342,False,False
1780909251.7939699,archive_flood_airfield_274c83,archive_flood_airfield_274c83.mp4,466,50.0,640,480,combined,detect_combined,Flooded,deeplabv3plus,False,False,0,tensorrt,tensorrt,tensorrt,24.08,24.08,41.14,41.53,6.6,12.62,19.22,1418.36,40.5,8.15,1418.36,40.5,9.07,36.37,42.69,0.94,80.01,0.2621,False,False
1780909251.8635247,archive_flood_airfield_274c83,archive_flood_airfield_274c83.mp4,467,50.0,640,480,combined,detect_combined,Flooded,deeplabv3plus,False,False,0,tensorrt,tensorrt,tensorrt,26.6,26.6,37.21,37.59,6.3,12.83,19.13,1418.36,43.2,8.15,1418.36,43.2,9.07,36.37,42.69,0.94,80.01,0.3337,False,False
1780909251.9446611,archive_flood_airfield_274c83,archive_flood_airfield_274c83.mp4,468,50.0,640,480,combined,detect_combined,Flooded,deeplabv3plus,False,False,0,tensorrt,tensorrt,tensorrt,21.89,21.89,45.31,45.68,6.49,17.85,24.340000000000003,1418.36,22.2,8.15,1418.36,22.2,9.07,36.37,42.69,0.94,80.01,0.4099,False,False
1780909252.0390482,archive_flood_airfield_274c83,archive_flood_airfield_274c83.mp4,469,50.0,640,480,combined,detect_combined,Flooded,deeplabv3plus,False,False,0,tensorrt,tensorrt,tensorrt,19.42,19.42,51.04,51.48,14.12,23.71,37.83,1418.36,26.3,8.15,1418.36,26.3,9.07,36.37,42.69,0.94,80.01,0.2907,False,False
1780909252.1357238,archive_flood_airfield_274c83,archive_flood_airfield_274c83.mp4,470,50.0,640,480,combined,detect_combined,Flooded,deeplabv3plus,False,False,0,tensorrt,tensorrt,tensorrt,19.99,19.99,49.65,50.02,15.59,22.63,38.22,1418.36,25.5,8.15,1418.36,25.5,9.07,36.37,42.69,0.94,80.01,0.3056,False,False
1780909252.2179914,archive_flood_airfield_274c83,archive_flood_airfield_274c83.mp4,471,50.0,640,480,combined,detect_combined,Flooded,deeplabv3plus,False,False,0,tensorrt,tensorrt,tensorrt,22.37,22.37,44.32,44.7,10.63,22.31,32.94,1418.36,28.6,8.15,1418.36,28.6,9.07,36.37,42.69,0.94,80.01,0.274,False,False
1780909252.3058686,archive_flood_airfield_274c83,archive_flood_airfield_274c83.mp4,472,50.0,640,480,combined,detect_combined,Flooded,deeplabv3plus,False,False,0,tensorrt,tensorrt,tensorrt,20.67,20.67,47.74,48.38,10.02,25.39,35.41,1418.36,25.5,8.15,1418.36,25.5,9.07,36.37,42.69,0.94,80.01,0.3293,False,False
1780909252.3933232,archive_flood_airfield_274c83,archive_flood_airfield_274c83.mp4,473,50.0,640,480,combined,detect_combined,Flooded,deeplabv3plus,False,False,0,tensorrt,tensorrt,tensorrt,21.58,21.58,45.84,46.34,7.07,22.25,29.32,1418.36,30.8,7.69,1418.36,30.8,9.07,36.37,42.69,0.94,80.01,0.4175,False,False
1780909252.4851236,archive_flood_airfield_274c83,archive_flood_airfield_274c83.mp4,474,50.0,640,480,combined,detect_combined,Flooded,deeplabv3plus,False,False,0,tensorrt,tensorrt,tensorrt,20.97,20.97,47.3,47.68,12.2,21.98,34.18,1418.36,25.9,7.69,1418.36,25.9,9.07,36.37,42.69,0.94,80.01,0.3781,False,False
1780909252.582565,archive_flood_airfield_274c83,archive_flood_airfield_274c83.mp4,475,50.0,640,480,combined,detect_combined,Flooded,deeplabv3plus,False,False,0,tensorrt,tensorrt,tensorrt,19.83,19.83,49.99,50.42,14.85,21.61,36.46,1418.36,28.8,7.69,1418.36,28.8,9.07,36.37,42.69,0.94,80.01,0.3579,False,False
1780909252.6846483,archive_flood_airfield_274c83,archive_flood_airfield_274c83.mp4,476,50.0,640,480,combined,detect_combined,Flooded,deeplabv3plus,False,False,0,tensorrt,tensorrt,tensorrt,20.02,20.02,49.45,49.95,15.01,22.24,37.25,1418.36,25.0,7.69,1418.36,25.0,9.07,36.37,42.69,0.94,80.01,0.3363,False,False
1780909252.784393,archive_flood_airfield_274c83,archive_flood_airfield_274c83.mp4,477,50.0,640,480,combined,detect_combined,Flooded,deeplabv3plus,False,False,0,tensorrt,tensorrt,tensorrt,16.48,16.48,60.33,60.68,10.34,23.79,34.129999999999995,1421.14,48.4,7.69,1421.14,48.4,9.07,36.37,42.69,0.94,80.01,0.3672,False,False
1780909252.8694847,archive_flood_airfield_274c83,archive_flood_airfield_274c83.mp4,478,50.0,640,480,combined,detect_combined,Flooded,deeplabv3plus,False,False,0,tensorrt,tensorrt,tensorrt,21.92,21.92,45.23,45.61,11.13,22.25,33.38,1421.14,54.0,7.69,1421.14,54.0,9.07,36.37,42.69,0.94,80.01,0.3217,False,False
1780909252.941392,archive_flood_airfield_274c83,archive_flood_airfield_274c83.mp4,479,50.0,640,480,combined,detect_combined,Flooded,deeplabv3plus,False,False,0,tensorrt,tensorrt,tensorrt,23.14,23.14,42.86,43.22,6.39,12.15,18.54,1421.14,48.9,8.0,1421.14,48.9,9.07,36.37,42.69,0.94,80.01,0.3705,False,False
1780909253.0104353,archive_flood_airfield_274c83,archive_flood_airfield_274c83.mp4,480,50.0,640,480,combined,detect_combined,Flooded,deeplabv3plus,False,False,0,tensorrt,tensorrt,tensorrt,25.17,25.17,39.32,39.73,6.01,11.35,17.36,1421.14,46.3,8.0,1421.14,46.3,9.07,36.37,42.69,0.94,80.01,0.2585,False,False
1780909253.0926685,archive_flood_airfield_274c83,archive_flood_airfield_274c83.mp4,481,50.0,640,480,combined,detect_combined,Flooded,deeplabv3plus,False,False,0,tensorrt,tensorrt,tensorrt,21.82,21.82,45.45,45.82,6.09,17.41,23.5,1421.14,45.1,8.0,1421.14,45.1,9.07,36.37,42.69,0.94,80.01,0.3454,False,False
1780909253.1719713,archive_flood_airfield_274c83,archive_flood_airfield_274c83.mp4,482,50.0,640,480,combined,detect_combined,Flooded,deeplabv3plus,False,False,0,tensorrt,tensorrt,tensorrt,25.84,25.84,38.32,38.7,4.96,10.89,15.850000000000001,1421.14,32.6,8.0,1421.14,32.6,9.07,36.37,42.69,0.94,80.01,0.366,False,False
1780909253.2675247,archive_flood_airfield_274c83,archive_flood_airfield_274c83.mp4,483,50.0,640,480,combined,detect_combined,Flooded,deeplabv3plus,False,False,0,tensorrt,tensorrt,tensorrt,18.88,18.88,52.54,52.95,14.47,24.26,38.730000000000004,1421.14,26.3,8.0,1421.14,26.3,9.07,36.37,42.69,0.94,80.01,0.3751,False,False
1780909253.3484178,archive_flood_airfield_274c83,archive_flood_airfield_274c83.mp4,484,50.0,640,480,combined,detect_combined,Flooded,deeplabv3plus,False,False,0,tensorrt,tensorrt,tensorrt,21.16,21.16,46.87,47.27,13.46,21.07,34.53,1421.14,23.9,8.0,1421.14,23.9,9.07,36.37,42.69,0.94,80.01,0.4081,False,False
1780909253.4330583,archive_flood_airfield_274c83,archive_flood_airfield_274c83.mp4,485,50.0,640,480,combined,detect_combined,Flooded,deeplabv3plus,False,False,0,tensorrt,tensorrt,tensorrt,21.53,21.53,46.1,46.46,11.17,21.46,32.63,1421.14,27.5,8.0,1421.14,27.5,9.07,36.37,42.69,0.94,80.01,0.4465,False,False
1780909253.5228572,archive_flood_airfield_274c83,archive_flood_airfield_274c83.mp4,486,50.0,640,480,combined,detect_combined,Flooded,deeplabv3plus,False,False,0,tensorrt,tensorrt,tensorrt,21.15,21.15,46.91,47.29,9.93,14.05,23.98,1421.14,25.0,7.85,1421.14,25.0,9.07,36.37,42.69,0.94,80.01,0.4476,False,False
1780909253.618168,archive_flood_airfield_274c83,archive_flood_airfield_274c83.mp4,487,50.0,640,480,combined,detect_combined,Flooded,deeplabv3plus,False,False,0,tensorrt,tensorrt,tensorrt,20.76,20.76,47.8,48.16,11.71,24.0,35.71,1421.14,35.1,7.85,1421.14,35.1,9.07,36.37,42.69,0.94,80.01,0.4499,False,False
1780909253.6995518,archive_flood_airfield_274c83,archive_flood_airfield_274c83.mp4,488,50.0,640,480,combined,detect_combined,Flooded,deeplabv3plus,False,False,0,tensorrt,tensorrt,tensorrt,20.76,20.76,47.8,48.18,13.33,21.37,34.7,1421.14,45.7,7.85,1421.14,45.7,9.07,36.37,42.69,0.94,80.01,0.4396,False,False
1780909253.7849774,archive_flood_airfield_274c83,archive_flood_airfield_274c83.mp4,489,50.0,640,480,combined,detect_combined,Flooded,deeplabv3plus,False,False,0,tensorrt,tensorrt,tensorrt,21.96,21.96,45.16,45.53,8.67,13.86,22.53,1421.14,44.0,7.85,1421.14,44.0,9.07,36.37,42.69,0.94,80.01,0.4788,False,False
1780909253.864441,archive_flood_airfield_274c83,archive_flood_airfield_274c83.mp4,490,50.0,640,480,combined,detect_combined,Flooded,deeplabv3plus,False,False,0,tensorrt,tensorrt,tensorrt,21.86,21.86,45.43,45.75,9.64,21.88,31.52,1421.14,42.0,7.85,1421.14,42.0,9.07,36.37,42.69,0.94,80.01,0.4292,False,False
1780909253.935741,archive_flood_airfield_274c83,archive_flood_airfield_274c83.mp4,491,50.0,640,480,combined,detect_combined,Flooded,deeplabv3plus,False,False,0,tensorrt,tensorrt,tensorrt,22.83,22.83,43.44,43.81,6.72,12.79,19.509999999999998,1421.14,25.0,7.85,1421.14,25.0,9.07,36.37,42.69,0.94,80.01,0.4961,False,False
1780909254.0339246,archive_flood_airfield_274c83,archive_flood_airfield_274c83.mp4,492,50.0,640,480,combined,detect_combined,Flooded,deeplabv3plus,False,False,0,tensorrt,tensorrt,tensorrt,18.94,18.94,52.37,52.81,13.8,23.61,37.41,1421.14,33.9,7.85,1421.14,33.9,9.07,36.37,42.69,0.94,80.01,0.4646,False,False
1780909254.1291664,archive_flood_airfield_274c83,archive_flood_airfield_274c83.mp4,493,50.0,640,480,combined,detect_combined,Flooded,deeplabv3plus,False,False,0,tensorrt,tensorrt,tensorrt,19.26,19.26,51.49,51.93,14.5,22.14,36.64,1421.13,43.9,7.85,1421.13,43.9,9.07,36.37,42.69,0.94,80.01,0.5074,False,False
1780909254.206859,archive_flood_airfield_274c83,archive_flood_airfield_274c83.mp4,494,50.0,640,480,combined,detect_combined,Flooded,deeplabv3plus,False,False,0,tensorrt,tensorrt,tensorrt,25.86,25.86,38.29,38.66,5.85,11.94,17.79,1421.13,51.1,7.85,1421.13,51.1,9.07,36.37,42.69,0.94,80.01,0.521,False,False
1780909254.3071947,archive_flood_airfield_274c83,archive_flood_airfield_274c83.mp4,495,50.0,640,480,combined,detect_combined,Flooded,deeplabv3plus,False,False,0,tensorrt,tensorrt,tensorrt,17.8,17.8,55.81,56.19,11.85,22.14,33.99,1421.13,74.6,7.85,1421.13,74.6,9.07,36.37,42.69,0.94,80.01,0.5385,False,False
1780909254.3862402,archive_flood_airfield_274c83,archive_flood_airfield_274c83.mp4,496,50.0,640,480,combined,detect_combined,Flooded,deeplabv3plus,False,False,0,tensorrt,tensorrt,tensorrt,22.58,22.58,43.95,44.29,6.31,17.05,23.36,1421.13,80.9,7.85,1421.13,80.9,9.07,36.37,42.69,0.94,80.01,0.487,False,False
1780909254.459873,archive_flood_airfield_274c83,archive_flood_airfield_274c83.mp4,497,50.0,640,480,combined,detect_combined,Flooded,deeplabv3plus,False,False,0,tensorrt,tensorrt,tensorrt,22.69,22.69,43.57,44.07,11.38,22.23,33.61,1421.13,53.5,7.85,1421.13,53.5,9.07,36.37,42.69,0.94,80.01,0.4013,False,False
1780909254.53628,archive_flood_airfield_274c83,archive_flood_airfield_274c83.mp4,498,50.0,640,480,combined,detect_combined,Flooded,deeplabv3plus,False,False,0,tensorrt,tensorrt,tensorrt,21.36,21.36,46.47,46.81,5.99,19.96,25.950000000000003,1421.13,24.4,7.85,1421.13,24.4,9.07,36.37,42.69,0.94,80.01,0.4806,False,False
1780909254.6204946,archive_flood_airfield_274c83,archive_flood_airfield_274c83.mp4,499,50.0,640,480,combined,detect_combined,Flooded,deeplabv3plus,False,False,0,tensorrt,tensorrt,tensorrt,21.24,21.24,46.65,47.08,7.0,20.92,27.92,1421.13,28.0,7.85,1421.13,28.0,9.07,36.37,42.69,0.94,80.01,0.4565,False,False
1780909254.716375,archive_flood_airfield_274c83,archive_flood_airfield_274c83.mp4,500,50.0,640,480,combined,detect_combined,Flooded,deeplabv3plus,False,False,0,tensorrt,tensorrt,tensorrt,20.4,20.4,48.6,49.03,10.65,23.27,33.92,1421.13,28.1,8.46,1421.13,28.1,9.07,36.37,42.69,0.94,80.01,0.4102,False,False
1780909254.8168359,archive_flood_airfield_274c83,archive_flood_airfield_274c83.mp4,501,50.0,640,480,combined,detect_combined,Flooded,deeplabv3plus,False,False,0,tensorrt,tensorrt,tensorrt,20.05,20.05,49.45,49.88,10.89,23.7,34.59,1421.13,27.1,8.46,1421.13,27.1,9.07,36.37,42.69,0.94,80.01,0.4631,False,False
1780909254.9180365,archive_flood_airfield_274c83,archive_flood_airfield_274c83.mp4,502,50.0,640,480,combined,detect_combined,Flooded,deeplabv3plus,False,False,0,tensorrt,tensorrt,tensorrt,20.15,20.15,49.19,49.64,8.98,26.57,35.55,1421.13,25.0,8.46,1421.13,25.0,9.07,36.37,42.69,0.94,80.01,0.5325,False,False
1780909255.018318,archive_flood_airfield_274c83,archive_flood_airfield_274c83.mp4,503,50.0,640,480,combined,detect_combined,Flooded,deeplabv3plus,False,False,0,tensorrt,tensorrt,tensorrt,22.08,22.08,44.9,45.3,7.56,22.85,30.41,1421.13,30.2,8.46,1421.13,30.2,9.07,36.37,42.69,0.94,80.01,0.4655,False,False
1780909255.0991745,archive_flood_airfield_274c83,archive_flood_airfield_274c83.mp4,504,50.0,640,480,combined,detect_combined,Flooded,deeplabv3plus,False,False,0,tensorrt,tensorrt,tensorrt,23.69,23.69,41.86,42.21,5.66,17.96,23.62,1421.13,23.9,8.46,1421.13,23.9,9.07,36.37,42.69,0.94,80.01,0.4971,False,False
1780909255.1752927,archive_flood_airfield_274c83,archive_flood_airfield_274c83.mp4,505,50.0,640,480,combined,detect_combined,Flooded,deeplabv3plus,False,False,0,tensorrt,tensorrt,tensorrt,24.84,24.84,39.92,40.25,7.86,21.03,28.89,1421.13,26.7,8.46,1421.13,26.7,9.07,36.37,42.69,0.94,80.01,0.5655,False,False
1780909255.2748792,archive_flood_airfield_274c83,archive_flood_airfield_274c83.mp4,506,50.0,640,480,combined,detect_combined,Flooded,deeplabv3plus,False,False,0,tensorrt,tensorrt,tensorrt,16.36,16.36,60.77,61.11,11.3,22.54,33.84,1421.13,26.8,7.85,1421.13,26.8,9.07,36.37,42.69,0.94,80.01,0.5078,False,False
1780909255.3824012,archive_flood_airfield_274c83,archive_flood_airfield_274c83.mp4,507,50.0,640,480,combined,detect_combined,Flooded,deeplabv3plus,False,False,0,tensorrt,tensorrt,tensorrt,21.16,21.16,46.84,47.26,8.82,24.67,33.49,1421.13,37.5,7.85,1421.13,37.5,9.07,36.37,42.69,0.94,80.01,0.5347,False,False
1780909255.4710877,archive_flood_airfield_274c83,archive_flood_airfield_274c83.mp4,508,50.0,640,480,combined,detect_combined,Flooded,deeplabv3plus,False,False,0,tensorrt,tensorrt,tensorrt,21.75,21.75,45.63,45.98,13.78,14.47,28.25,1421.13,46.3,7.85,1421.13,46.3,9.07,36.37,42.69,0.94,80.01,0.5063,False,False
1780909255.549695,archive_flood_airfield_274c83,archive_flood_airfield_274c83.mp4,509,50.0,640,480,combined,detect_combined,Flooded,deeplabv3plus,False,False,0,tensorrt,tensorrt,tensorrt,21.89,21.89,45.28,45.69,7.0,13.86,20.86,1421.13,45.7,7.85,1421.13,45.7,9.07,36.37,42.69,0.94,80.01,0.5828,False,False
1780909255.6439774,archive_flood_airfield_274c83,archive_flood_airfield_274c83.mp4,510,50.0,640,480,combined,detect_combined,Flooded,deeplabv3plus,False,False,0,tensorrt,tensorrt,tensorrt,19.45,19.45,51.02,51.42,17.24,21.24,38.48,1421.13,45.5,7.85,1421.13,45.5,9.07,36.37,42.69,0.94,80.01,0.5725,False,False
1780909255.7306588,archive_flood_airfield_274c83,archive_flood_airfield_274c83.mp4,511,50.0,640,480,combined,detect_combined,Flooded,deeplabv3plus,False,False,0,tensorrt,tensorrt,tensorrt,20.15,20.15,49.21,49.64,7.25,23.48,30.73,1421.13,37.0,7.85,1421.13,37.0,9.07,36.37,42.69,0.94,80.01,0.6022,False,False
1780909255.8270814,archive_flood_airfield_274c83,archive_flood_airfield_274c83.mp4,512,50.0,640,480,combined,detect_combined,Flooded,deeplabv3plus,False,False,0,tensorrt,tensorrt,tensorrt,18.84,18.84,52.66,53.08,14.92,24.44,39.36,1421.13,31.6,7.85,1421.13,31.6,9.07,36.37,42.69,0.94,80.01,0.5505,False,False
1780909255.9270306,archive_flood_airfield_274c83,archive_flood_airfield_274c83.mp4,513,50.0,640,480,combined,detect_combined,Flooded,deeplabv3plus,False,False,0,tensorrt,tensorrt,tensorrt,19.34,19.34,51.31,51.7,15.29,22.79,38.08,1421.13,29.5,7.85,1421.13,29.5,9.07,36.37,42.69,0.94,80.01,0.5713,False,False
1780909256.0252259,archive_flood_airfield_274c83,archive_flood_airfield_274c83.mp4,514,50.0,640,480,combined,detect_combined,Flooded,deeplabv3plus,False,False,0,tensorrt,tensorrt,tensorrt,19.73,19.73,50.26,50.67,15.59,22.56,38.15,1421.13,24.6,7.85,1421.13,24.6,9.07,36.37,42.69,0.94,80.01,0.5851,False,False
1780909256.1154754,archive_flood_airfield_274c83,archive_flood_airfield_274c83.mp4,515,50.0,640,480,combined,detect_combined,Flooded,deeplabv3plus,False,False,0,tensorrt,tensorrt,tensorrt,23.39,23.39,42.35,42.75,9.62,17.64,27.259999999999998,1421.13,29.6,7.85,1421.13,29.6,9.07,36.37,42.69,0.94,80.01,0.5565,False,False
1780909256.20452,archive_flood_airfield_274c83,archive_flood_airfield_274c83.mp4,516,50.0,640,480,combined,detect_combined,Flooded,deeplabv3plus,False,False,0,tensorrt,tensorrt,tensorrt,21.58,21.58,46.02,46.34,13.76,22.25,36.01,1421.13,37.0,7.85,1421.13,37.0,9.07,36.37,42.69,0.94,80.01,0.596,False,False
1780909256.273995,archive_flood_airfield_274c83,archive_flood_airfield_274c83.mp4,517,50.0,640,480,combined,detect_combined,Flooded,deeplabv3plus,False,False,0,tensorrt,tensorrt,tensorrt,23.13,23.13,42.86,43.24,10.44,12.16,22.6,1421.13,20.5,7.85,1421.13,20.5,9.07,36.37,42.69,0.94,80.01,0.5809,False,False
1780909256.347352,archive_flood_airfield_274c83,archive_flood_airfield_274c83.mp4,518,50.0,640,480,combined,detect_combined,Flooded,deeplabv3plus,False,False,0,tensorrt,tensorrt,tensorrt,24.01,24.01,41.3,41.65,6.17,16.22,22.39,1421.13,27.9,7.85,1421.13,27.9,9.07,36.37,42.69,0.94,80.01,0.62,False,False
1780909256.4221287,archive_flood_airfield_274c83,archive_flood_airfield_274c83.mp4,519,50.0,640,480,combined,detect_combined,Flooded,deeplabv3plus,False,False,0,tensorrt,tensorrt,tensorrt,23.18,23.18,42.77,43.14,7.91,16.07,23.98,1421.13,30.2,7.69,1421.13,30.2,9.07,36.37,42.69,0.94,80.01,0.6047,False,False
1780909256.4948752,archive_flood_airfield_274c83,archive_flood_airfield_274c83.mp4,520,50.0,640,480,combined,detect_combined,Flooded,deeplabv3plus,False,False,0,tensorrt,tensorrt,tensorrt,22.98,22.98,43.15,43.51,6.33,12.62,18.95,1421.13,27.3,7.69,1421.13,27.3,9.07,36.37,42.69,0.94,80.01,0.5737,False,False
1780909256.5706294,archive_flood_airfield_274c83,archive_flood_airfield_274c83.mp4,521,50.0,640,480,combined,detect_combined,Flooded,deeplabv3plus,False,False,0,tensorrt,tensorrt,tensorrt,24.07,24.07,41.18,41.54,6.98,13.67,20.65,1421.13,28.9,7.69,1421.13,28.9,9.07,36.37,42.69,0.94,80.01,0.5088,False,False
1780909256.6473725,archive_flood_airfield_274c83,archive_flood_airfield_274c83.mp4,522,50.0,640,480,combined,detect_combined,Flooded,deeplabv3plus,False,False,0,tensorrt,tensorrt,tensorrt,24.27,24.27,40.85,41.2,7.13,13.97,21.1,1421.13,36.4,7.69,1421.13,36.4,9.07,36.37,42.69,0.94,80.01,0.6046,False,False
1780909256.715663,archive_flood_airfield_274c83,archive_flood_airfield_274c83.mp4,523,50.0,640,480,combined,detect_combined,Flooded,deeplabv3plus,False,False,0,tensorrt,tensorrt,tensorrt,25.95,25.95,38.17,38.53,6.6,12.27,18.869999999999997,1421.13,45.0,7.69,1421.13,45.0,9.07,36.37,42.69,0.94,80.01,0.5594,False,False
1780909256.7821233,archive_flood_airfield_274c83,archive_flood_airfield_274c83.mp4,524,50.0,640,480,combined,detect_combined,Flooded,deeplabv3plus,False,False,0,tensorrt,tensorrt,tensorrt,27.4,27.4,36.17,36.49,6.16,11.73,17.89,1421.13,50.0,7.69,1421.13,50.0,9.07,36.37,42.69,0.94,80.01,0.5414,False,False
1780909256.8493638,archive_flood_airfield_274c83,archive_flood_airfield_274c83.mp4,525,50.0,640,480,combined,detect_combined,Flooded,deeplabv3plus,False,False,0,tensorrt,tensorrt,tensorrt,24.08,24.08,41.16,41.52,5.85,11.98,17.83,1421.13,51.2,7.69,1421.13,51.2,9.07,36.37,42.69,0.94,80.01,0.5532,False,False
1780909256.9220757,archive_flood_airfield_274c83,archive_flood_airfield_274c83.mp4,526,50.0,640,480,combined,detect_combined,Flooded,deeplabv3plus,False,False,0,tensorrt,tensorrt,tensorrt,24.4,24.4,40.63,40.98,9.01,11.57,20.58,1421.13,42.9,7.69,1421.13,42.9,9.07,36.37,42.69,0.94,80.01,0.5217,False,False
1780909256.9960785,archive_flood_airfield_274c83,archive_flood_airfield_274c83.mp4,527,50.0,640,480,combined,detect_combined,Flooded,deeplabv3plus,False,False,0,tensorrt,tensorrt,tensorrt,22.35,22.35,44.39,44.74,5.97,19.07,25.04,1421.13,40.9,7.69,1421.13,40.9,9.07,36.37,42.69,0.94,80.01,0.4891,False,False
1780909257.0724227,archive_flood_airfield_274c83,archive_flood_airfield_274c83.mp4,528,50.0,640,480,combined,detect_combined,Flooded,deeplabv3plus,False,False,0,tensorrt,tensorrt,tensorrt,21.46,21.46,46.23,46.59,12.57,21.52,34.09,1421.13,33.3,8.3,1421.13,33.3,9.07,36.37,42.69,0.94,80.01,0.5023,False,False
1780909257.1544423,archive_flood_airfield_274c83,archive_flood_airfield_274c83.mp4,529,50.0,640,480,combined,detect_combined,Flooded,deeplabv3plus,False,False,0,tensorrt,tensorrt,tensorrt,23.99,23.99,41.31,41.68,7.66,22.37,30.03,1421.13,25.0,8.3,1421.13,25.0,9.07,36.37,42.69,0.94,80.01,0.5479,False,False
1780909257.238507,archive_flood_airfield_274c83,archive_flood_airfield_274c83.mp4,530,50.0,640,480,combined,detect_combined,Flooded,deeplabv3plus,False,False,0,tensorrt,tensorrt,tensorrt,21.62,21.62,45.88,46.25,10.55,22.48,33.03,1421.13,30.0,8.3,1421.13,30.0,9.07,36.37,42.69,0.94,80.01,0.5685,False,False
1780909257.323195,archive_flood_airfield_274c83,archive_flood_airfield_274c83.mp4,531,50.0,640,480,combined,detect_combined,Flooded,deeplabv3plus,False,False,0,tensorrt,tensorrt,tensorrt,22.14,22.14,44.82,45.17,9.39,22.49,31.88,1421.13,28.8,8.3,1421.13,28.8,9.07,36.37,42.69,0.94,80.01,0.5855,False,False
1780909257.411193,archive_flood_airfield_274c83,archive_flood_airfield_274c83.mp4,532,50.0,640,480,combined,detect_combined,Flooded,deeplabv3plus,False,False,0,tensorrt,tensorrt,tensorrt,20.6,20.6,48.14,48.54,8.87,14.21,23.08,1421.13,38.5,8.3,1421.13,38.5,9.07,36.37,42.69,0.94,80.01,0.5899,False,False
1780909257.5073655,archive_flood_airfield_274c83,archive_flood_airfield_274c83.mp4,533,50.0,640,480,combined,detect_combined,Flooded,deeplabv3plus,False,False,0,tensorrt,tensorrt,tensorrt,18.58,18.58,53.4,53.83,13.73,25.26,38.99,1421.13,52.8,8.3,1421.13,52.8,9.07,36.37,42.69,0.94,80.01,0.5771,False,False
1780909257.602186,archive_flood_airfield_274c83,archive_flood_airfield_274c83.mp4,534,50.0,640,480,combined,detect_combined,Flooded,deeplabv3plus,False,False,0,tensorrt,tensorrt,tensorrt,19.82,19.82,50.01,50.46,14.62,17.38,32.0,1421.13,23.6,8.15,1421.13,23.6,9.07,36.37,42.69,0.94,80.01,0.5914,False,False
1780909257.698029,archive_flood_airfield_274c83,archive_flood_airfield_274c83.mp4,535,50.0,640,480,combined,detect_combined,Flooded,deeplabv3plus,False,False,0,tensorrt,tensorrt,tensorrt,20.27,20.27,48.89,49.33,7.15,20.83,27.979999999999997,1421.13,29.3,8.15,1421.13,29.3,9.07,36.37,42.69,0.94,80.01,0.5838,False,False
1780909257.8275282,archive_flood_airfield_274c83,archive_flood_airfield_274c83.mp4,536,50.0,640,480,combined,detect_combined,Flooded,deeplabv3plus,False,False,0,tensorrt,tensorrt,tensorrt,13.39,13.39,74.27,74.69,23.71,26.96,50.67,1421.14,34.9,8.15,1421.14,34.9,9.07,36.37,42.69,0.94,80.01,0.5889,False,False
1780909257.9297261,archive_flood_airfield_274c83,archive_flood_airfield_274c83.mp4,537,50.0,640,480,combined,detect_combined,Flooded,deeplabv3plus,False,False,0,tensorrt,tensorrt,tensorrt,18.94,18.94,52.36,52.81,10.81,26.61,37.42,1421.39,37.7,8.15,1421.39,37.7,9.07,36.37,42.69,0.94,80.01,0.562,False,False
1780909258.0292418,archive_flood_airfield_274c83,archive_flood_airfield_274c83.mp4,538,50.0,640,480,combined,detect_combined,Flooded,deeplabv3plus,False,False,0,tensorrt,tensorrt,tensorrt,18.08,18.08,54.88,55.32,12.81,27.09,39.9,1421.39,46.7,8.15,1421.39,46.7,9.07,36.37,42.69,0.94,80.01,0.5588,False,False
1780909258.1143808,archive_flood_airfield_274c83,archive_flood_airfield_274c83.mp4,539,50.0,640,480,combined,detect_combined,Flooded,deeplabv3plus,False,False,0,tensorrt,tensorrt,tensorrt,22.12,22.12,44.78,45.2,7.59,15.33,22.92,1421.39,46.2,8.15,1421.39,46.2,9.07,36.37,42.69,0.94,80.01,0.552,False,False
1780909258.1936238,archive_flood_airfield_274c83,archive_flood_airfield_274c83.mp4,540,50.0,640,480,combined,detect_combined,Flooded,deeplabv3plus,False,False,0,tensorrt,tensorrt,tensorrt,24.81,24.81,39.95,40.31,7.47,13.59,21.06,1421.39,45.8,7.85,1421.39,45.8,9.07,36.37,42.69,0.94,80.01,0.5324,False,False
1780909258.2703073,archive_flood_airfield_274c83,archive_flood_airfield_274c83.mp4,541,50.0,640,480,combined,detect_combined,Flooded,deeplabv3plus,False,False,0,tensorrt,tensorrt,tensorrt,21.49,21.49,46.16,46.53,6.02,12.07,18.09,1421.39,47.8,7.85,1421.39,47.8,9.07,36.37,42.69,0.94,80.01,0.5301,False,False
1780909258.3555026,archive_flood_airfield_274c83,archive_flood_airfield_274c83.mp4,542,50.0,640,480,combined,detect_combined,Flooded,deeplabv3plus,False,False,0,tensorrt,tensorrt,tensorrt,22.55,22.55,43.82,44.35,6.09,23.12,29.21,1421.39,33.3,7.85,1421.39,33.3,9.07,36.37,42.69,0.94,80.01,0.4599,False,False
1780909258.455875,archive_flood_airfield_274c83,archive_flood_airfield_274c83.mp4,543,50.0,640,480,combined,detect_combined,Flooded,deeplabv3plus,False,False,0,tensorrt,tensorrt,tensorrt,18.56,18.56,53.44,53.87,14.73,23.95,38.68,1421.39,25.9,7.85,1421.39,25.9,9.07,36.37,42.69,0.94,80.01,0.4805,False,False
1780909258.5561635,archive_flood_airfield_274c83,archive_flood_airfield_274c83.mp4,544,50.0,640,480,combined,detect_combined,Flooded,deeplabv3plus,False,False,0,tensorrt,tensorrt,tensorrt,19.79,19.79,50.11,50.53,11.82,23.48,35.3,1421.39,27.6,7.85,1421.39,27.6,9.07,36.37,42.69,0.94,80.01,0.4886,False,False
1780909258.6561944,archive_flood_airfield_274c83,archive_flood_airfield_274c83.mp4,545,50.0,640,480,combined,detect_combined,Flooded,deeplabv3plus,False,False,0,tensorrt,tensorrt,tensorrt,20.07,20.07,49.41,49.83,9.94,24.65,34.589999999999996,1421.39,24.1,7.85,1421.39,24.1,9.07,36.37,42.69,0.94,80.01,0.5195,False,False
1780909258.7557085,archive_flood_airfield_274c83,archive_flood_airfield_274c83.mp4,546,50.0,640,480,combined,detect_combined,Flooded,deeplabv3plus,False,False,0,tensorrt,tensorrt,tensorrt,20.55,20.55,48.17,48.66,10.06,23.15,33.21,1421.39,26.3,7.54,1421.39,26.3,9.07,36.37,42.69,0.94,80.01,0.5454,False,False
1780909258.8558915,archive_flood_airfield_274c83,archive_flood_airfield_274c83.mp4,547,50.0,640,480,combined,detect_combined,Flooded,deeplabv3plus,False,False,0,tensorrt,tensorrt,tensorrt,20.83,20.83,47.51,48.02,9.05,23.39,32.44,1421.39,27.6,7.54,1421.39,27.6,9.07,36.37,42.69,0.94,80.01,0.5072,False,False
1780909258.944918,archive_flood_airfield_274c83,archive_flood_airfield_274c83.mp4,548,50.0,640,480,combined,detect_combined,Flooded,deeplabv3plus,False,False,0,tensorrt,tensorrt,tensorrt,21.55,21.55,46.0,46.41,7.76,14.79,22.549999999999997,1421.39,23.5,7.54,1421.39,23.5,9.07,36.37,42.69,0.94,80.01,0.5192,False,False
1780909259.026198,archive_flood_airfield_274c83,archive_flood_airfield_274c83.mp4,549,50.0,640,480,combined,detect_combined,Flooded,deeplabv3plus,False,False,0,tensorrt,tensorrt,tensorrt,23.31,23.31,42.46,42.89,7.41,14.2,21.61,1421.39,42.6,7.54,1421.39,42.6,9.07,36.37,42.69,0.94,80.01,0.455,False,False
1780909259.1079369,archive_flood_airfield_274c83,archive_flood_airfield_274c83.mp4,550,50.0,640,480,combined,detect_combined,Flooded,deeplabv3plus,False,False,0,tensorrt,tensorrt,tensorrt,22.7,22.7,43.74,44.05,5.81,15.63,21.44,1421.39,39.6,7.54,1421.39,39.6,9.07,36.37,42.69,0.94,80.01,0.4552,False,False
1780909259.172423,archive_flood_airfield_274c83,archive_flood_airfield_274c83.mp4,551,50.0,640,480,combined,detect_combined,Flooded,deeplabv3plus,False,False,0,tensorrt,tensorrt,tensorrt,25.76,25.76,38.49,38.83,5.47,11.29,16.759999999999998,1421.39,42.1,7.54,1421.39,42.1,9.07,36.37,42.69,0.94,80.01,0.4359,False,False
1780909259.2421286,archive_flood_airfield_274c83,archive_flood_airfield_274c83.mp4,552,50.0,640,480,combined,detect_combined,Flooded,deeplabv3plus,False,False,0,tensorrt,tensorrt,tensorrt,23.0,23.0,43.12,43.47,6.16,11.85,18.009999999999998,1421.39,41.0,7.54,1421.39,41.0,9.07,36.37,42.69,0.94,80.01,0.4245,False,False
1780909259.3128295,archive_flood_airfield_274c83,archive_flood_airfield_274c83.mp4,553,50.0,640,480,combined,detect_combined,Flooded,deeplabv3plus,False,False,0,tensorrt,tensorrt,tensorrt,23.86,23.86,41.54,41.91,8.55,15.02,23.57,1421.39,60.5,7.54,1421.39,60.5,9.07,36.37,42.69,0.94,80.01,0.4563,False,False
1780909259.3825595,archive_flood_airfield_274c83,archive_flood_airfield_274c83.mp4,554,50.0,640,480,combined,detect_combined,Flooded,deeplabv3plus,False,False,0,tensorrt,tensorrt,tensorrt,25.49,25.49,38.85,39.23,7.02,11.01,18.03,1421.39,58.5,8.3,1421.39,58.5,9.07,36.37,42.69,0.94,80.01,0.4753,False,False
1780909259.4562578,archive_flood_airfield_274c83,archive_flood_airfield_274c83.mp4,555,50.0,640,480,combined,detect_combined,Flooded,deeplabv3plus,False,False,0,tensorrt,tensorrt,tensorrt,23.14,23.14,42.88,43.21,5.69,17.39,23.080000000000002,1421.39,45.0,8.3,1421.39,45.0,9.07,36.37,42.69,0.94,80.01,0.534,False,False
1780909259.5158894,archive_flood_airfield_274c83,archive_flood_airfield_274c83.mp4,556,50.0,640,480,combined,detect_combined,Flooded,deeplabv3plus,False,False,0,tensorrt,tensorrt,tensorrt,36.03,36.03,27.43,27.75,4.75,7.98,12.73,1421.39,57.1,8.3,1421.39,57.1,9.07,36.37,42.69,0.94,80.01,0.5626,False,False
1780909259.5922763,archive_flood_airfield_274c83,archive_flood_airfield_274c83.mp4,557,50.0,640,480,combined,detect_combined,Flooded,deeplabv3plus,False,False,0,tensorrt,tensorrt,tensorrt,22.85,22.85,43.4,43.76,8.4,16.55,24.950000000000003,1421.39,47.7,8.3,1421.39,47.7,9.07,36.37,42.69,0.94,80.01,0.6127,False,False
1780909259.6664782,archive_flood_airfield_274c83,archive_flood_airfield_274c83.mp4,558,50.0,640,480,combined,detect_combined,Flooded,deeplabv3plus,False,False,0,tensorrt,tensorrt,tensorrt,25.66,25.66,38.62,38.98,5.49,11.76,17.25,1421.39,44.4,8.3,1421.39,44.4,9.07,36.37,42.69,0.94,80.01,0.6753,False,False
1780909259.7424378,archive_flood_airfield_274c83,archive_flood_airfield_274c83.mp4,559,50.0,640,480,combined,detect_combined,Flooded,deeplabv3plus,False,False,0,tensorrt,tensorrt,tensorrt,21.84,21.84,45.43,45.78,13.29,13.08,26.369999999999997,1421.39,42.2,8.3,1421.39,42.2,9.07,36.37,42.69,0.94,80.01,0.6605,False,False
1780909259.821416,archive_flood_airfield_274c83,archive_flood_airfield_274c83.mp4,560,50.0,640,480,combined,detect_combined,Flooded,deeplabv3plus,False,False,0,tensorrt,tensorrt,tensorrt,23.4,23.4,42.38,42.74,6.75,16.47,23.22,1421.39,24.4,8.3,1421.39,24.4,9.07,36.37,42.69,0.94,80.01,0.6584,False,False
1780909259.9073462,archive_flood_airfield_274c83,archive_flood_airfield_274c83.mp4,561,50.0,640,480,combined,detect_combined,Flooded,deeplabv3plus,False,False,0,tensorrt,tensorrt,tensorrt,23.07,23.07,42.96,43.34,5.42,12.1,17.52,1421.39,28.0,8.3,1421.39,28.0,9.07,36.37,42.69,0.94,80.01,0.659,False,False
1780909260.0096827,archive_flood_airfield_274c83,archive_flood_airfield_274c83.mp4,562,50.0,640,480,combined,detect_combined,Flooded,deeplabv3plus,False,False,0,tensorrt,tensorrt,tensorrt,19.23,19.23,51.59,52.01,10.99,15.12,26.11,1421.39,27.9,8.61,1421.39,27.9,9.07,36.37,42.69,0.94,80.01,0.6439,False,False
1780909260.1067302,archive_flood_airfield_274c83,archive_flood_airfield_274c83.mp4,563,50.0,640,480,combined,detect_combined,Flooded,deeplabv3plus,False,False,0,tensorrt,tensorrt,tensorrt,20.93,20.93,47.37,47.78,8.04,19.57,27.61,1421.39,24.1,8.61,1421.39,24.1,9.07,36.37,42.69,0.94,80.01,0.6091,False,False
1780909260.2078981,archive_flood_airfield_274c83,archive_flood_airfield_274c83.mp4,564,50.0,640,480,combined,detect_combined,Flooded,deeplabv3plus,False,False,0,tensorrt,tensorrt,tensorrt,23.3,23.3,42.45,42.92,10.59,16.79,27.38,1421.39,31.7,8.61,1421.39,31.7,9.07,36.37,42.69,0.94,80.01,0.6529,False,False
1780909260.3303366,archive_flood_airfield_274c83,archive_flood_airfield_274c83.mp4,565,50.0,640,480,combined,detect_combined,Flooded,deeplabv3plus,False,False,0,tensorrt,tensorrt,tensorrt,14.81,14.81,67.09,67.52,14.6,30.02,44.62,1421.39,36.7,8.61,1421.39,36.7,9.07,36.37,42.69,0.94,80.01,0.6478,False,False
1780909260.4205465,archive_flood_airfield_274c83,archive_flood_airfield_274c83.mp4,566,50.0,640,480,combined,detect_combined,Flooded,deeplabv3plus,False,False,0,tensorrt,tensorrt,tensorrt,21.48,21.48,45.85,46.55,7.08,23.23,30.310000000000002,1421.34,42.6,8.61,1421.34,42.6,9.07,36.37,42.69,0.94,80.01,0.6486,False,False
1780909260.509522,archive_flood_airfield_274c83,archive_flood_airfield_274c83.mp4,567,50.0,640,480,combined,detect_combined,Flooded,deeplabv3plus,False,False,0,tensorrt,tensorrt,tensorrt,19.92,19.92,49.77,50.19,7.61,14.65,22.26,1421.34,29.6,7.69,1421.34,29.6,9.07,36.37,42.69,0.94,80.01,0.6443,False,False
1780909260.5885239,archive_flood_airfield_274c83,archive_flood_airfield_274c83.mp4,568,50.0,640,480,combined,detect_combined,Flooded,deeplabv3plus,False,False,0,tensorrt,tensorrt,tensorrt,23.06,23.06,42.86,43.37,7.23,14.09,21.32,1421.34,43.5,7.69,1421.34,43.5,9.07,36.37,42.69,0.94,80.01,0.6191,False,False
1780909260.6610134,archive_flood_airfield_274c83,archive_flood_airfield_274c83.mp4,569,50.0,640,480,combined,detect_combined,Flooded,deeplabv3plus,False,False,0,tensorrt,tensorrt,tensorrt,24.94,24.94,39.72,40.1,6.13,21.13,27.259999999999998,1421.34,45.2,7.69,1421.34,45.2,9.07,36.37,42.69,0.94,80.01,0.5721,False,False
1780909260.7413712,archive_flood_airfield_274c83,archive_flood_airfield_274c83.mp4,570,50.0,640,480,combined,detect_combined,Flooded,deeplabv3plus,False,False,0,tensorrt,tensorrt,tensorrt,21.73,21.73,45.65,46.03,13.61,14.82,28.43,1421.34,44.7,7.69,1421.34,44.7,9.07,36.37,42.69,0.94,80.01,0.5759,False,False
1780909260.817433,archive_flood_airfield_274c83,archive_flood_airfield_274c83.mp4,571,50.0,640,480,combined,detect_combined,Flooded,deeplabv3plus,False,False,0,tensorrt,tensorrt,tensorrt,22.62,22.62,43.88,44.22,5.91,20.37,26.28,1421.34,51.1,7.69,1421.34,51.1,9.07,36.37,42.69,0.94,80.01,0.5865,False,False
1780909260.8944373,archive_flood_airfield_274c83,archive_flood_airfield_274c83.mp4,572,50.0,640,480,combined,detect_combined,Flooded,deeplabv3plus,False,False,0,tensorrt,tensorrt,tensorrt,23.5,23.5,42.2,42.54,9.14,21.13,30.27,1421.34,47.8,7.69,1421.34,47.8,9.07,36.37,42.69,0.94,80.01,0.6103,False,False
1780909260.980807,archive_flood_airfield_274c83,archive_flood_airfield_274c83.mp4,573,50.0,640,480,combined,detect_combined,Flooded,deeplabv3plus,False,False,0,tensorrt,tensorrt,tensorrt,19.6,19.6,50.45,51.02,12.82,23.75,36.57,1421.34,30.8,7.69,1421.34,30.8,9.07,36.37,42.69,0.94,80.01,0.5586,False,False
1780909261.0651906,archive_flood_airfield_274c83,archive_flood_airfield_274c83.mp4,574,50.0,640,480,combined,detect_combined,Flooded,deeplabv3plus,False,False,0,tensorrt,tensorrt,tensorrt,21.47,21.47,46.18,46.58,9.67,22.59,32.26,1421.34,24.5,7.69,1421.34,24.5,9.07,36.37,42.69,0.94,80.01,0.5878,False,False
1780909261.1467156,archive_flood_airfield_274c83,archive_flood_airfield_274c83.mp4,575,50.0,640,480,combined,detect_combined,Flooded,deeplabv3plus,False,False,0,tensorrt,tensorrt,tensorrt,23.14,23.14,42.85,43.21,9.09,12.11,21.2,1421.34,28.3,8.0,1421.34,28.3,9.07,36.37,42.69,0.94,80.01,0.5857,False,False
1780909261.2256808,archive_flood_airfield_274c83,archive_flood_airfield_274c83.mp4,576,50.0,640,480,combined,detect_combined,Flooded,deeplabv3plus,False,False,0,tensorrt,tensorrt,tensorrt,21.12,21.12,47.03,47.36,14.3,21.32,35.620000000000005,1421.34,39.1,8.0,1421.34,39.1,9.07,36.37,42.69,0.94,80.01,0.6069,False,False
1780909261.303485,archive_flood_airfield_274c83,archive_flood_airfield_274c83.mp4,577,50.0,640,480,combined,detect_combined,Flooded,deeplabv3plus,False,False,0,tensorrt,tensorrt,tensorrt,20.37,20.37,48.73,49.08,6.15,20.23,26.380000000000003,1421.33,25.0,8.0,1421.33,25.0,9.07,36.37,42.69,0.94,80.01,0.5787,False,False
1780909261.385005,archive_flood_airfield_274c83,archive_flood_airfield_274c83.mp4,578,50.0,640,480,combined,detect_combined,Flooded,deeplabv3plus,False,False,0,tensorrt,tensorrt,tensorrt,23.3,23.3,42.55,42.92,10.47,11.79,22.259999999999998,1421.33,22.2,8.0,1421.33,22.2,9.07,36.37,42.69,0.94,80.01,0.6015,False,False
1780909261.4695184,archive_flood_airfield_274c83,archive_flood_airfield_274c83.mp4,579,50.0,640,480,combined,detect_combined,Flooded,deeplabv3plus,False,False,0,tensorrt,tensorrt,tensorrt,28.15,28.15,35.22,35.52,5.98,10.58,16.560000000000002,1421.33,32.7,8.0,1421.33,32.7,9.07,36.37,42.69,0.94,80.01,0.5685,False,False
1780909261.5355725,archive_flood_airfield_274c83,archive_flood_airfield_274c83.mp4,580,50.0,640,480,combined,detect_combined,Flooded,deeplabv3plus,False,False,0,tensorrt,tensorrt,tensorrt,23.44,23.44,42.3,42.66,6.32,12.2,18.52,1421.33,33.3,8.0,1421.33,33.3,9.07,36.37,42.69,0.94,80.01,0.5585,False,False
1780909261.6018536,archive_flood_airfield_274c83,archive_flood_airfield_274c83.mp4,581,50.0,640,480,combined,detect_combined,Flooded,deeplabv3plus,False,False,0,tensorrt,tensorrt,tensorrt,30.18,30.18,32.76,33.13,6.71,13.18,19.89,1421.33,39.5,8.0,1421.33,39.5,9.07,36.37,42.69,0.94,80.01,0.5382,False,False
1780909261.671592,archive_flood_airfield_274c83,archive_flood_airfield_274c83.mp4,582,50.0,640,480,combined,detect_combined,Flooded,deeplabv3plus,False,False,0,tensorrt,tensorrt,tensorrt,24.71,24.71,40.09,40.46,6.69,14.66,21.35,1421.33,29.3,8.0,1421.33,29.3,9.07,36.37,42.69,0.94,80.01,0.5907,False,False
1780909261.7536006,archive_flood_airfield_274c83,archive_flood_airfield_274c83.mp4,583,50.0,640,480,combined,detect_combined,Flooded,deeplabv3plus,False,False,0,tensorrt,tensorrt,tensorrt,22.28,22.28,44.48,44.88,6.69,13.69,20.38,1421.33,28.6,8.0,1421.33,28.6,9.07,36.37,42.69,0.94,80.01,0.5353,False,False
1780909261.845815,archive_flood_airfield_274c83,archive_flood_airfield_274c83.mp4,584,50.0,640,480,combined,detect_combined,Flooded,deeplabv3plus,False,False,0,tensorrt,tensorrt,tensorrt,18.75,18.75,52.84,53.33,7.23,14.72,21.950000000000003,1421.33,27.8,8.0,1421.33,27.8,9.07,36.37,42.69,0.94,80.01,0.5456,False,False
1780909261.9422112,archive_flood_airfield_274c83,archive_flood_airfield_274c83.mp4,585,50.0,640,480,combined,detect_combined,Flooded,deeplabv3plus,False,False,0,tensorrt,tensorrt,tensorrt,22.36,22.36,44.35,44.71,10.66,21.78,32.44,1421.33,37.9,8.0,1421.33,37.9,9.07,36.37,42.69,0.94,80.01,0.5621,False,False
1780909262.0347111,archive_flood_airfield_274c83,archive_flood_airfield_274c83.mp4,586,50.0,640,480,combined,detect_combined,Flooded,deeplabv3plus,False,False,0,tensorrt,tensorrt,tensorrt,23.14,23.14,42.79,43.21,8.46,19.45,27.91,1421.33,44.4,8.0,1421.33,44.4,9.07,36.37,42.69,0.94,80.01,0.5082,False,False
1780909262.1276553,archive_flood_airfield_274c83,archive_flood_airfield_274c83.mp4,587,50.0,640,480,combined,detect_combined,Flooded,deeplabv3plus,False,False,0,tensorrt,tensorrt,tensorrt,19.07,19.07,52.0,52.43,14.84,23.78,38.620000000000005,1421.33,41.5,8.0,1421.33,41.5,9.07,36.37,42.69,0.94,80.01,0.5493,False,False
1780909262.2190092,archive_flood_airfield_274c83,archive_flood_airfield_274c83.mp4,588,50.0,640,480,combined,detect_combined,Flooded,deeplabv3plus,False,False,0,tensorrt,tensorrt,tensorrt,19.69,19.69,50.36,50.79,9.44,15.15,24.59,1421.33,48.2,8.0,1421.33,48.2,9.07,36.37,42.69,0.94,80.01,0.5519,False,False
1780909262.310667,archive_flood_airfield_274c83,archive_flood_airfield_274c83.mp4,589,50.0,640,480,combined,detect_combined,Flooded,deeplabv3plus,False,False,0,tensorrt,tensorrt,tensorrt,23.74,23.74,41.79,42.12,7.59,11.61,19.2,1421.33,38.5,8.0,1421.33,38.5,9.07,36.37,42.69,0.94,80.01,0.556,False,False
1780909262.4007196,archive_flood_airfield_274c83,archive_flood_airfield_274c83.mp4,590,50.0,640,480,combined,detect_combined,Flooded,deeplabv3plus,False,False,0,tensorrt,tensorrt,tensorrt,21.36,21.36,46.37,46.82,7.06,18.57,25.63,1421.33,27.8,8.0,1421.33,27.8,9.07,36.37,42.69,0.94,80.01,0.5838,False,False
1780909262.4935057,archive_flood_airfield_274c83,archive_flood_airfield_274c83.mp4,591,50.0,640,480,combined,detect_combined,Flooded,deeplabv3plus,False,False,0,tensorrt,tensorrt,tensorrt,19.6,19.6,50.63,51.01,14.79,22.46,37.25,1421.33,26.9,8.0,1421.33,26.9,9.07,36.37,42.69,0.94,80.01,0.519,False,False
1780909262.5823362,archive_flood_airfield_274c83,archive_flood_airfield_274c83.mp4,592,50.0,640,480,combined,detect_combined,Flooded,deeplabv3plus,False,False,0,tensorrt,tensorrt,tensorrt,21.96,21.96,45.18,45.54,7.2,17.76,24.96,1421.33,26.4,8.0,1421.33,26.4,9.07,36.37,42.69,0.94,80.01,0.4904,False,False
1780909262.6630783,archive_flood_airfield_274c83,archive_flood_airfield_274c83.mp4,593,50.0,640,480,combined,detect_combined,Flooded,deeplabv3plus,False,False,0,tensorrt,tensorrt,tensorrt,21.21,21.21,46.53,47.14,10.03,12.61,22.64,1421.33,24.4,8.0,1421.33,24.4,9.07,36.37,42.69,0.94,80.01,0.4937,False,False
1780909262.7474573,archive_flood_airfield_274c83,archive_flood_airfield_274c83.mp4,594,50.0,640,480,combined,detect_combined,Flooded,deeplabv3plus,False,False,0,tensorrt,tensorrt,tensorrt,21.81,21.81,45.45,45.86,6.79,19.7,26.49,1421.33,28.0,8.0,1421.33,28.0,9.07,36.37,42.69,0.94,80.01,0.4917,False,False
1780909262.8378067,archive_flood_airfield_274c83,archive_flood_airfield_274c83.mp4,595,50.0,640,480,combined,detect_combined,Flooded,deeplabv3plus,False,False,0,tensorrt,tensorrt,tensorrt,18.83,18.83,52.67,53.11,8.34,25.95,34.29,1421.33,47.3,7.69,1421.33,47.3,9.07,36.37,42.69,0.94,80.01,0.4787,False,False
1780909262.9183354,archive_flood_airfield_274c83,archive_flood_airfield_274c83.mp4,596,50.0,640,480,combined,detect_combined,Flooded,deeplabv3plus,False,False,0,tensorrt,tensorrt,tensorrt,24.47,24.47,40.45,40.87,7.17,14.09,21.259999999999998,1421.33,38.0,7.69,1421.33,38.0,9.07,36.37,42.69,0.94,80.01,0.4884,False,False
1780909263.0095513,archive_flood_airfield_274c83,archive_flood_airfield_274c83.mp4,597,50.0,640,480,combined,detect_combined,Flooded,deeplabv3plus,False,False,0,tensorrt,tensorrt,tensorrt,20.79,20.79,47.67,48.11,8.26,24.48,32.74,1421.33,26.4,7.69,1421.33,26.4,9.07,36.37,42.69,0.94,80.01,0.5075,False,False
1780909263.1114101,archive_flood_airfield_274c83,archive_flood_airfield_274c83.mp4,598,50.0,640,480,combined,detect_combined,Flooded,deeplabv3plus,False,False,0,tensorrt,tensorrt,tensorrt,18.67,18.67,53.12,53.56,12.81,25.33,38.14,1421.33,23.2,7.69,1421.33,23.2,9.07,36.37,42.69,0.94,80.01,0.5348,False,False
1780909263.1974375,archive_flood_airfield_274c83,archive_flood_airfield_274c83.mp4,599,50.0,640,480,combined,detect_combined,Flooded,deeplabv3plus,False,False,0,tensorrt,tensorrt,tensorrt,22.39,22.39,44.2,44.67,7.67,17.09,24.759999999999998,1421.33,33.3,7.69,1421.33,33.3,9.07,36.37,42.69,0.94,80.01,0.5109,False,False
1780909263.2676404,archive_flood_airfield_274c83,archive_flood_airfield_274c83.mp4,600,50.0,640,480,combined,detect_combined,Flooded,deeplabv3plus,False,False,0,tensorrt,tensorrt,tensorrt,25.74,25.74,38.51,38.85,6.51,14.02,20.53,1421.33,50.0,7.69,1421.33,50.0,9.07,36.37,42.69,0.94,80.01,0.3996,False,False
1780909263.34708,archive_flood_airfield_274c83,archive_flood_airfield_274c83.mp4,601,50.0,640,480,combined,detect_combined,Flooded,deeplabv3plus,False,False,0,tensorrt,tensorrt,tensorrt,22.19,22.19,44.72,45.07,6.62,17.27,23.89,1421.33,47.9,7.69,1421.33,47.9,9.07,36.37,42.69,0.94,80.01,0.4075,False,False
1780909263.427016,archive_flood_airfield_274c83,archive_flood_airfield_274c83.mp4,602,50.0,640,480,combined,detect_combined,Flooded,deeplabv3plus,False,False,0,tensorrt,tensorrt,tensorrt,21.79,21.79,45.58,45.9,8.16,13.49,21.65,1421.33,44.7,7.85,1421.33,44.7,9.07,36.37,42.69,0.94,80.01,0.5176,False,False
1780909263.502955,archive_flood_airfield_274c83,archive_flood_airfield_274c83.mp4,603,50.0,640,480,combined,detect_combined,Flooded,deeplabv3plus,False,False,0,tensorrt,tensorrt,tensorrt,23.26,23.26,42.64,42.99,9.4,21.34,30.740000000000002,1421.33,44.4,7.85,1421.33,44.4,9.07,36.37,42.69,0.94,80.01,0.4708,False,False
1780909263.5832844,archive_flood_airfield_274c83,archive_flood_airfield_274c83.mp4,604,50.0,640,480,combined,detect_combined,Flooded,deeplabv3plus,False,False,0,tensorrt,tensorrt,tensorrt,21.28,21.28,46.57,46.99,13.56,14.93,28.490000000000002,1421.33,41.7,7.85,1421.33,41.7,9.07,36.37,42.69,0.94,80.01,0.4736,False,False
1780909263.664812,archive_flood_airfield_274c83,archive_flood_airfield_274c83.mp4,605,50.0,640,480,combined,detect_combined,Flooded,deeplabv3plus,False,False,0,tensorrt,tensorrt,tensorrt,19.88,19.88,49.96,50.31,6.26,20.18,26.439999999999998,1421.33,20.5,7.85,1421.33,20.5,9.07,36.37,42.69,0.94,80.01,0.4883,False,False
1780909263.746481,archive_flood_airfield_274c83,archive_flood_airfield_274c83.mp4,606,50.0,640,480,combined,detect_combined,Flooded,deeplabv3plus,False,False,0,tensorrt,tensorrt,tensorrt,22.34,22.34,44.37,44.76,6.88,17.46,24.34,1421.33,26.5,7.85,1421.33,26.5,9.07,36.37,42.69,0.94,80.01,0.4872,False,False
1780909263.8305817,archive_flood_airfield_274c83,archive_flood_airfield_274c83.mp4,607,50.0,640,480,combined,detect_combined,Flooded,deeplabv3plus,False,False,0,tensorrt,tensorrt,tensorrt,20.16,20.16,49.2,49.6,6.44,21.73,28.17,1421.33,30.8,7.85,1421.33,30.8,9.07,36.37,42.69,0.94,80.01,0.385,False,False
1780909263.9109535,archive_flood_airfield_274c83,archive_flood_airfield_274c83.mp4,608,50.0,640,480,combined,detect_combined,Flooded,deeplabv3plus,False,False,0,tensorrt,tensorrt,tensorrt,22.47,22.47,44.17,44.51,7.08,12.67,19.75,1421.33,30.6,7.85,1421.33,30.6,9.07,36.37,42.69,0.94,80.01,0.5435,False,False
1780909263.980874,archive_flood_airfield_274c83,archive_flood_airfield_274c83.mp4,609,50.0,640,480,combined,detect_combined,Flooded,deeplabv3plus,False,False,0,tensorrt,tensorrt,tensorrt,26.35,26.35,37.56,37.95,6.44,13.97,20.41,1421.33,24.4,7.85,1421.33,24.4,9.07,36.37,42.69,0.94,80.01,0.5204,False,False
1780909264.052335,archive_flood_airfield_274c83,archive_flood_airfield_274c83.mp4,610,50.0,640,480,combined,detect_combined,Flooded,deeplabv3plus,False,False,0,tensorrt,tensorrt,tensorrt,24.18,24.18,40.98,41.36,6.78,22.41,29.19,1421.33,30.2,7.85,1421.33,30.2,9.07,36.37,42.69,0.94,80.01,0.5004,False,False
1780909264.1285858,archive_flood_airfield_274c83,archive_flood_airfield_274c83.mp4,611,50.0,640,480,combined,detect_combined,Flooded,deeplabv3plus,False,False,0,tensorrt,tensorrt,tensorrt,22.85,22.85,43.34,43.76,6.87,13.51,20.38,1421.33,24.4,7.85,1421.33,24.4,9.07,36.37,42.69,0.94,80.01,0.4398,False,False
1780909264.220026,archive_flood_airfield_274c83,archive_flood_airfield_274c83.mp4,612,50.0,640,480,combined,detect_combined,Flooded,deeplabv3plus,False,False,0,tensorrt,tensorrt,tensorrt,19.54,19.54,50.8,51.18,14.69,24.03,38.72,1421.33,27.3,7.85,1421.33,27.3,9.07,36.37,42.69,0.94,80.01,0.426,False,False
1780909264.3024652,archive_flood_airfield_274c83,archive_flood_airfield_274c83.mp4,613,50.0,640,480,combined,detect_combined,Flooded,deeplabv3plus,False,False,0,tensorrt,tensorrt,tensorrt,20.79,20.79,47.7,48.1,11.79,24.23,36.019999999999996,1421.33,25.5,7.85,1421.33,25.5,9.07,36.37,42.69,0.94,80.01,0.4121,False,False
1780909264.3900867,archive_flood_airfield_274c83,archive_flood_airfield_274c83.mp4,614,50.0,640,480,combined,detect_combined,Flooded,deeplabv3plus,False,False,0,tensorrt,tensorrt,tensorrt,22.6,22.6,43.92,44.24,8.86,12.3,21.16,1421.33,26.0,7.85,1421.33,26.0,9.07,36.37,42.69,0.94,80.01,0.4565,False,False
1780909264.4768128,archive_flood_airfield_274c83,archive_flood_airfield_274c83.mp4,615,50.0,640,480,combined,detect_combined,Flooded,deeplabv3plus,False,False,0,tensorrt,tensorrt,tensorrt,23.25,23.25,42.58,43.01,9.48,19.8,29.28,1421.33,30.2,7.85,1421.33,30.2,9.07,36.37,42.69,0.94,80.01,0.4106,False,False
1780909264.5713158,archive_flood_airfield_274c83,archive_flood_airfield_274c83.mp4,616,50.0,640,480,combined,detect_combined,Flooded,deeplabv3plus,False,False,0,tensorrt,tensorrt,tensorrt,20.01,20.01,49.54,49.98,13.04,23.7,36.739999999999995,1421.33,25.9,7.85,1421.33,25.9,9.07,36.37,42.69,0.94,80.01,0.3567,False,False
1780909264.6564121,archive_flood_airfield_274c83,archive_flood_airfield_274c83.mp4,617,50.0,640,480,combined,detect_combined,Flooded,deeplabv3plus,False,False,0,tensorrt,tensorrt,tensorrt,21.38,21.38,46.33,46.78,14.7,20.07,34.769999999999996,1421.33,47.1,7.54,1421.33,47.1,9.07,36.37,42.69,0.94,80.01,0.3491,False,False
1780909264.7345638,archive_flood_airfield_274c83,archive_flood_airfield_274c83.mp4,618,50.0,640,480,combined,detect_combined,Flooded,deeplabv3plus,False,False,0,tensorrt,tensorrt,tensorrt,23.03,23.03,43.07,43.42,12.2,20.15,32.349999999999994,1421.33,45.7,7.54,1421.33,45.7,9.07,36.37,42.69,0.94,80.01,0.3814,False,False
1780909264.8193674,archive_flood_airfield_274c83,archive_flood_airfield_274c83.mp4,619,50.0,640,480,combined,detect_combined,Flooded,deeplabv3plus,False,False,0,tensorrt,tensorrt,tensorrt,19.22,19.22,51.61,52.02,14.58,24.37,38.95,1421.33,36.5,7.54,1421.33,36.5,9.07,36.37,42.69,0.94,80.01,0.3816,False,False
1780909264.9182992,archive_flood_airfield_274c83,archive_flood_airfield_274c83.mp4,620,50.0,640,480,combined,detect_combined,Flooded,deeplabv3plus,False,False,0,tensorrt,tensorrt,tensorrt,19.05,19.05,52.1,52.48,15.11,25.53,40.64,1421.33,28.6,7.54,1421.33,28.6,9.07,36.37,42.69,0.94,80.01,0.3118,False,False
1780909264.9978588,archive_flood_airfield_274c83,archive_flood_airfield_274c83.mp4,621,50.0,640,480,combined,detect_combined,Flooded,deeplabv3plus,False,False,0,tensorrt,tensorrt,tensorrt,21.17,21.17,46.89,47.24,14.39,21.62,36.010000000000005,1421.33,44.0,7.54,1421.33,44.0,9.07,36.37,42.69,0.94,80.01,0.4267,False,False
1780909265.083647,archive_flood_airfield_274c83,archive_flood_airfield_274c83.mp4,622,50.0,640,480,combined,detect_combined,Flooded,deeplabv3plus,False,False,0,tensorrt,tensorrt,tensorrt,20.31,20.31,48.86,49.23,14.36,22.89,37.25,1421.33,28.6,7.54,1421.33,28.6,9.07,36.37,42.69,0.94,80.01,0.351,False,False
1780909265.1730032,archive_flood_airfield_274c83,archive_flood_airfield_274c83.mp4,623,50.0,640,480,combined,detect_combined,Flooded,deeplabv3plus,False,False,0,tensorrt,tensorrt,tensorrt,26.14,26.14,37.92,38.26,11.28,14.96,26.240000000000002,1421.33,35.2,7.69,1421.33,35.2,9.07,36.37,42.69,0.94,80.01,0.3489,False,False
1780909265.2567961,archive_flood_airfield_274c83,archive_flood_airfield_274c83.mp4,624,50.0,640,480,combined,detect_combined,Flooded,deeplabv3plus,False,False,0,tensorrt,tensorrt,tensorrt,21.01,21.01,47.21,47.61,8.95,25.22,34.17,1421.33,37.5,7.69,1421.33,37.5,9.07,36.37,42.69,0.94,80.01,0.3487,False,False
1780909265.3485115,archive_flood_airfield_274c83,archive_flood_airfield_274c83.mp4,625,50.0,640,480,combined,detect_combined,Flooded,deeplabv3plus,False,False,0,tensorrt,tensorrt,tensorrt,17.12,17.12,57.8,58.4,9.93,22.34,32.269999999999996,1421.33,57.4,7.69,1421.33,57.4,9.07,36.37,42.69,0.94,80.01,0.3205,False,False
1780909265.4260638,archive_flood_airfield_274c83,archive_flood_airfield_274c83.mp4,626,50.0,640,480,combined,detect_combined,Flooded,deeplabv3plus,False,False,0,tensorrt,tensorrt,tensorrt,22.14,22.14,44.79,45.16,6.83,17.61,24.439999999999998,1421.33,46.5,7.69,1421.33,46.5,9.07,36.37,42.69,0.94,80.01,0.3536,False,False
1780909265.4980102,archive_flood_airfield_274c83,archive_flood_airfield_274c83.mp4,627,50.0,640,480,combined,detect_combined,Flooded,deeplabv3plus,False,False,0,tensorrt,tensorrt,tensorrt,31.99,31.99,30.93,31.26,5.1,13.7,18.799999999999997,1421.33,42.5,7.69,1421.33,42.5,9.07,36.37,42.69,0.94,80.01,0.3139,False,False
1780909265.5764868,archive_flood_airfield_274c83,archive_flood_airfield_274c83.mp4,628,50.0,640,480,combined,detect_combined,Flooded,deeplabv3plus,False,False,0,tensorrt,tensorrt,tensorrt,21.06,21.06,47.08,47.48,5.85,17.43,23.28,1421.33,41.3,7.69,1421.33,41.3,9.07,36.37,42.69,0.94,80.01,0.2759,False,False
1780909265.6460497,archive_flood_airfield_274c83,archive_flood_airfield_274c83.mp4,629,50.0,640,480,combined,detect_combined,Flooded,deeplabv3plus,False,False,0,tensorrt,tensorrt,tensorrt,25.09,25.09,39.51,39.86,6.64,13.98,20.62,1421.33,27.5,7.69,1421.33,27.5,9.07,36.37,42.69,0.94,80.01,0.3253,False,False
1780909265.7247665,archive_flood_airfield_274c83,archive_flood_airfield_274c83.mp4,630,50.0,640,480,combined,detect_combined,Flooded,deeplabv3plus,False,False,0,tensorrt,tensorrt,tensorrt,23.65,23.65,41.88,42.28,6.69,13.85,20.54,1421.33,24.4,7.69,1421.33,24.4,9.07,36.37,42.69,0.94,80.01,0.3377,False,False
1780909265.8224878,archive_flood_airfield_274c83,archive_flood_airfield_274c83.mp4,631,50.0,640,480,combined,detect_combined,Flooded,deeplabv3plus,False,False,0,tensorrt,tensorrt,tensorrt,17.94,17.94,55.3,55.74,14.33,26.0,40.33,1421.33,25.0,8.0,1421.33,25.0,9.07,36.37,42.69,0.94,80.01,0.3474,False,False
1780909265.921564,archive_flood_airfield_274c83,archive_flood_airfield_274c83.mp4,632,50.0,640,480,combined,detect_combined,Flooded,deeplabv3plus,False,False,0,tensorrt,tensorrt,tensorrt,20.22,20.22,48.95,49.46,8.97,24.88,33.85,1421.33,22.8,8.0,1421.33,22.8,9.07,36.37,42.69,0.94,80.01,0.353,False,False
1780909266.0203662,archive_flood_airfield_274c83,archive_flood_airfield_274c83.mp4,633,50.0,640,480,combined,detect_combined,Flooded,deeplabv3plus,False,False,0,tensorrt,tensorrt,tensorrt,18.74,18.74,52.86,53.37,13.42,24.6,38.02,1421.33,22.8,8.0,1421.33,22.8,9.07,36.37,42.69,0.94,80.01,0.3283,False,False
1780909266.1165576,archive_flood_airfield_274c83,archive_flood_airfield_274c83.mp4,634,50.0,640,480,combined,detect_combined,Flooded,deeplabv3plus,False,False,0,tensorrt,tensorrt,tensorrt,19.8,19.8,50.1,50.5,13.35,23.51,36.86,1421.33,43.6,8.0,1421.33,43.6,9.07,36.37,42.69,0.94,80.01,0.3264,False,False
1780909266.2078705,archive_flood_airfield_274c83,archive_flood_airfield_274c83.mp4,635,50.0,640,480,combined,detect_combined,Flooded,deeplabv3plus,False,False,0,tensorrt,tensorrt,tensorrt,20.58,20.58,48.18,48.58,5.86,20.72,26.58,1421.33,52.8,8.0,1421.33,52.8,9.07,36.37,42.69,0.94,80.01,0.3273,False,False
1780909266.3010802,archive_flood_airfield_274c83,archive_flood_airfield_274c83.mp4,636,50.0,640,480,combined,detect_combined,Flooded,deeplabv3plus,False,False,0,tensorrt,tensorrt,tensorrt,19.21,19.21,51.65,52.06,12.68,24.1,36.78,1421.33,40.7,8.0,1421.33,40.7,9.07,36.37,42.69,0.94,80.01,0.3361,False,False
1780909266.3844292,archive_flood_airfield_274c83,archive_flood_airfield_274c83.mp4,637,50.0,640,480,combined,detect_combined,Flooded,deeplabv3plus,False,False,0,tensorrt,tensorrt,tensorrt,21.19,21.19,46.79,47.2,7.39,24.49,31.88,1421.33,48.0,8.15,1421.33,48.0,9.07,36.37,42.69,0.94,80.01,0.3712,False,False
1780909266.471693,archive_flood_airfield_274c83,archive_flood_airfield_274c83.mp4,638,50.0,640,480,combined,detect_combined,Flooded,deeplabv3plus,False,False,0,tensorrt,tensorrt,tensorrt,19.92,19.92,49.78,50.21,7.8,26.92,34.72,1421.33,27.1,8.15,1421.33,27.1,9.07,36.37,42.69,0.94,80.01,0.3663,False,False
1780909266.5587852,archive_flood_airfield_274c83,archive_flood_airfield_274c83.mp4,639,50.0,640,480,combined,detect_combined,Flooded,deeplabv3plus,False,False,0,tensorrt,tensorrt,tensorrt,22.14,22.14,44.74,45.17,7.8,15.33,23.13,1421.33,24.5,8.15,1421.33,24.5,9.07,36.37,42.69,0.94,80.01,0.3591,False,False
1780909266.6442442,archive_flood_airfield_274c83,archive_flood_airfield_274c83.mp4,640,50.0,640,480,combined,detect_combined,Flooded,deeplabv3plus,False,False,0,tensorrt,tensorrt,tensorrt,23.22,23.22,42.59,43.06,7.24,16.39,23.630000000000003,1421.33,25.0,8.15,1421.33,25.0,9.07,36.37,42.69,0.94,80.01,0.3365,False,False
1780909266.7320027,archive_flood_airfield_274c83,archive_flood_airfield_274c83.mp4,641,50.0,640,480,combined,detect_combined,Flooded,deeplabv3plus,False,False,0,tensorrt,tensorrt,tensorrt,21.15,21.15,46.86,47.29,7.65,24.41,32.06,1421.33,27.5,8.15,1421.33,27.5,9.07,36.37,42.69,0.94,80.01,0.3468,False,False
1780909266.8344398,archive_flood_airfield_274c83,archive_flood_airfield_274c83.mp4,642,50.0,640,480,combined,detect_combined,Flooded,deeplabv3plus,False,False,0,tensorrt,tensorrt,tensorrt,18.74,18.74,52.91,53.35,13.55,24.03,37.58,1421.33,31.3,8.15,1421.33,31.3,9.07,36.37,42.69,0.94,80.01,0.2862,False,False
1780909266.9322894,archive_flood_airfield_274c83,archive_flood_airfield_274c83.mp4,643,50.0,640,480,combined,detect_combined,Flooded,deeplabv3plus,False,False,0,tensorrt,tensorrt,tensorrt,21.15,21.15,46.87,47.27,9.88,23.65,33.53,1421.33,30.0,7.54,1421.33,30.0,9.07,36.37,42.69,0.94,80.01,0.3217,False,False
1780909267.0339854,archive_flood_airfield_274c83,archive_flood_airfield_274c83.mp4,644,50.0,640,480,combined,detect_combined,Flooded,deeplabv3plus,False,False,0,tensorrt,tensorrt,tensorrt,19.4,19.4,51.11,51.55,12.18,23.68,35.86,1421.33,26.2,7.54,1421.33,26.2,9.07,36.37,42.69,0.94,80.01,0.3054,False,False
1780909267.133792,archive_flood_airfield_274c83,archive_flood_airfield_274c83.mp4,645,50.0,640,480,combined,detect_combined,Flooded,deeplabv3plus,False,False,0,tensorrt,tensorrt,tensorrt,19.73,19.73,50.26,50.67,11.81,23.57,35.38,1421.33,28.3,7.54,1421.33,28.3,9.07,36.37,42.69,0.94,80.01,0.2584,False,False
1780909267.2329829,archive_flood_airfield_274c83,archive_flood_airfield_274c83.mp4,646,50.0,640,480,combined,detect_combined,Flooded,deeplabv3plus,False,False,0,tensorrt,tensorrt,tensorrt,19.02,19.02,52.12,52.56,13.68,23.41,37.09,1421.33,35.6,7.54,1421.33,35.6,9.07,36.37,42.69,0.94,80.01,0.2525,False,False
1780909267.3324597,archive_flood_airfield_274c83,archive_flood_airfield_274c83.mp4,647,50.0,640,480,combined,detect_combined,Flooded,deeplabv3plus,False,False,0,tensorrt,tensorrt,tensorrt,18.19,18.19,54.55,54.98,16.06,23.7,39.76,1421.33,25.9,7.54,1421.33,25.9,9.07,36.37,42.69,0.94,80.01,0.2446,False,False
1780909267.431957,archive_flood_airfield_274c83,archive_flood_airfield_274c83.mp4,648,50.0,640,480,combined,detect_combined,Flooded,deeplabv3plus,False,False,0,tensorrt,tensorrt,tensorrt,21.32,21.32,46.47,46.9,7.7,24.05,31.75,1421.33,39.0,7.54,1421.33,39.0,9.07,36.37,42.69,0.94,80.01,0.2439,False,False
1780909267.5326476,archive_flood_airfield_274c83,archive_flood_airfield_274c83.mp4,649,50.0,640,480,combined,detect_combined,Flooded,deeplabv3plus,False,False,0,tensorrt,tensorrt,tensorrt,17.51,17.51,56.6,57.12,15.65,26.09,41.74,1421.33,44.1,7.54,1421.33,44.1,9.07,36.37,42.69,0.94,80.01,0.2285,False,False
1780909267.632452,archive_flood_airfield_274c83,archive_flood_airfield_274c83.mp4,650,50.0,640,480,combined,detect_combined,Flooded,deeplabv3plus,False,False,0,tensorrt,tensorrt,tensorrt,18.91,18.91,52.45,52.89,12.58,25.04,37.62,1421.33,44.4,7.54,1421.33,44.4,9.07,36.37,42.69,0.94,80.01,0.2457,False,False
1780909267.7268565,archive_flood_airfield_274c83,archive_flood_airfield_274c83.mp4,651,50.0,640,480,combined,detect_combined,Flooded,deeplabv3plus,False,False,0,tensorrt,tensorrt,tensorrt,19.93,19.93,49.8,50.17,14.51,23.37,37.88,1421.33,38.9,7.54,1421.33,38.9,9.07,36.37,42.69,0.94,80.01,0.232,False,False
1780909267.837592,archive_flood_airfield_274c83,archive_flood_airfield_274c83.mp4,652,50.0,640,480,combined,detect_combined,Flooded,deeplabv3plus,False,False,0,tensorrt,tensorrt,tensorrt,13.34,13.34,74.43,74.95,27.97,22.72,50.69,1421.34,39.4,7.54,1421.34,39.4,9.07,36.37,42.69,0.94,80.01,0.2183,False,False
1780909267.927498,archive_flood_airfield_274c83,archive_flood_airfield_274c83.mp4,653,50.0,640,480,combined,detect_combined,Flooded,deeplabv3plus,False,False,0,tensorrt,tensorrt,tensorrt,19.39,19.39,51.21,51.58,15.56,22.71,38.27,1421.34,32.7,7.54,1421.34,32.7,9.07,36.37,42.69,0.94,80.01,0.2599,False,False
1780909268.0050952,archive_flood_airfield_274c83,archive_flood_airfield_274c83.mp4,654,50.0,640,480,combined,detect_combined,Flooded,deeplabv3plus,False,False,0,tensorrt,tensorrt,tensorrt,23.64,23.64,41.89,42.29,7.17,14.46,21.630000000000003,1421.34,23.8,7.54,1421.34,23.8,9.07,36.37,42.69,0.94,80.01,0.2829,False,False
1780909268.0880847,archive_flood_airfield_274c83,archive_flood_airfield_274c83.mp4,655,50.0,640,480,combined,detect_combined,Flooded,deeplabv3plus,False,False,0,tensorrt,tensorrt,tensorrt,21.04,21.04,47.12,47.53,6.76,14.09,20.85,1421.34,29.4,7.69,1421.34,29.4,9.07,36.37,42.69,0.94,80.01,0.2662,False,False
1780909268.1691875,archive_flood_airfield_274c83,archive_flood_airfield_274c83.mp4,656,50.0,640,480,combined,detect_combined,Flooded,deeplabv3plus,False,False,0,tensorrt,tensorrt,tensorrt,23.56,23.56,42.0,42.45,7.38,15.15,22.53,1421.34,27.7,7.69,1421.34,27.7,9.07,36.37,42.69,0.94,80.01,0.2284,False,False
1780909268.2516851,archive_flood_airfield_274c83,archive_flood_airfield_274c83.mp4,657,50.0,640,480,combined,detect_combined,Flooded,deeplabv3plus,False,False,0,tensorrt,tensorrt,tensorrt,22.33,22.33,44.42,44.78,7.38,14.92,22.3,1421.34,29.4,7.69,1421.34,29.4,9.07,36.37,42.69,0.94,80.01,0.2528,False,False
1780909268.3446507,archive_flood_airfield_274c83,archive_flood_airfield_274c83.mp4,658,50.0,640,480,combined,detect_combined,Flooded,deeplabv3plus,False,False,0,tensorrt,tensorrt,tensorrt,19.24,19.24,51.49,51.97,14.36,24.01,38.370000000000005,1421.34,28.6,7.69,1421.34,28.6,9.07,36.37,42.69,0.94,80.01,0.3,False,False
1780909268.436305,archive_flood_airfield_274c83,archive_flood_airfield_274c83.mp4,659,50.0,640,480,combined,detect_combined,Flooded,deeplabv3plus,False,False,0,tensorrt,tensorrt,tensorrt,21.39,21.39,46.32,46.74,7.0,17.55,24.55,1421.34,27.8,7.69,1421.34,27.8,9.07,36.37,42.69,0.94,80.01,0.3027,False,False
1780909268.529921,archive_flood_airfield_274c83,archive_flood_airfield_274c83.mp4,660,50.0,640,480,combined,detect_combined,Flooded,deeplabv3plus,False,False,0,tensorrt,tensorrt,tensorrt,20.85,20.85,47.53,47.95,9.11,23.44,32.55,1421.34,26.8,7.69,1421.34,26.8,9.07,36.37,42.69,0.94,80.01,0.3047,False,False
1780909268.6289527,archive_flood_airfield_274c83,archive_flood_airfield_274c83.mp4,661,50.0,640,480,combined,detect_combined,Flooded,deeplabv3plus,False,False,0,tensorrt,tensorrt,tensorrt,19.68,19.68,50.37,50.8,13.69,21.74,35.43,1421.34,26.8,7.69,1421.34,26.8,9.07,36.37,42.69,0.94,80.01,0.2822,False,False
1780909268.730083,archive_flood_airfield_274c83,archive_flood_airfield_274c83.mp4,662,50.0,640,480,combined,detect_combined,Flooded,deeplabv3plus,False,False,0,tensorrt,tensorrt,tensorrt,18.49,18.49,53.62,54.07,14.18,24.42,38.6,1421.34,40.0,7.39,1421.34,40.0,9.07,36.37,42.69,0.94,80.01,0.3109,False,False
1780909268.8296561,archive_flood_airfield_274c83,archive_flood_airfield_274c83.mp4,663,50.0,640,480,combined,detect_combined,Flooded,deeplabv3plus,False,False,0,tensorrt,tensorrt,tensorrt,18.98,18.98,52.24,52.68,12.38,24.98,37.36,1421.33,49.2,7.39,1421.33,49.2,9.07,36.37,42.69,0.94,80.01,0.2931,False,False
1780909268.9177403,archive_flood_airfield_274c83,archive_flood_airfield_274c83.mp4,664,50.0,640,480,combined,detect_combined,Flooded,deeplabv3plus,False,False,0,tensorrt,tensorrt,tensorrt,21.84,21.84,45.4,45.79,11.61,14.87,26.479999999999997,1421.33,48.1,7.39,1421.33,48.1,9.07,36.37,42.69,0.94,80.01,0.3182,False,False
1780909269.010383,archive_flood_airfield_274c83,archive_flood_airfield_274c83.mp4,665,50.0,640,480,combined,detect_combined,Flooded,deeplabv3plus,False,False,0,tensorrt,tensorrt,tensorrt,18.82,18.82,52.62,53.12,15.45,23.26,38.71,1421.33,41.5,7.39,1421.33,41.5,9.07,36.37,42.69,0.94,80.01,0.332,False,False
1780909269.0845385,archive_flood_airfield_274c83,archive_flood_airfield_274c83.mp4,666,50.0,640,480,combined,detect_combined,Flooded,deeplabv3plus,False,False,0,tensorrt,tensorrt,tensorrt,22.14,22.14,44.79,45.16,7.15,13.03,20.18,1421.33,43.2,7.39,1421.33,43.2,9.07,36.37,42.69,0.94,80.01,0.3479,False,False
1780909269.169306,archive_flood_airfield_274c83,archive_flood_airfield_274c83.mp4,667,50.0,640,480,combined,detect_combined,Flooded,deeplabv3plus,False,False,0,tensorrt,tensorrt,tensorrt,20.76,20.76,47.75,48.17,14.18,15.31,29.490000000000002,1421.33,28.0,7.39,1421.33,28.0,9.07,36.37,42.69,0.94,80.01,0.3403,False,False
1780909269.2498062,archive_flood_airfield_274c83,archive_flood_airfield_274c83.mp4,668,50.0,640,480,combined,detect_combined,Flooded,deeplabv3plus,False,False,0,tensorrt,tensorrt,tensorrt,21.27,21.27,46.61,47.01,6.89,13.87,20.759999999999998,1421.33,28.0,7.39,1421.33,28.0,9.07,36.37,42.69,0.94,80.01,0.3509,False,False
1780909269.3338344,archive_flood_airfield_274c83,archive_flood_airfield_274c83.mp4,669,50.0,640,480,combined,detect_combined,Flooded,deeplabv3plus,False,False,0,tensorrt,tensorrt,tensorrt,22.27,22.27,44.49,44.91,7.08,14.04,21.119999999999997,1421.33,26.5,7.69,1421.33,26.5,9.07,36.37,42.69,0.94,80.01,0.3808,False,False
1780909269.4205446,archive_flood_airfield_274c83,archive_flood_airfield_274c83.mp4,670,50.0,640,480,combined,detect_combined,Flooded,deeplabv3plus,False,False,0,tensorrt,tensorrt,tensorrt,22.32,22.32,44.28,44.8,11.53,19.31,30.839999999999996,1421.33,29.4,7.69,1421.33,29.4,9.07,36.37,42.69,0.94,80.01,0.4606,False,False
1780909269.5097785,archive_flood_airfield_274c83,archive_flood_airfield_274c83.mp4,671,50.0,640,480,combined,detect_combined,Flooded,deeplabv3plus,False,False,0,tensorrt,tensorrt,tensorrt,18.84,18.84,52.64,53.08,15.08,23.07,38.15,1421.33,26.4,7.69,1421.33,26.4,9.07,36.37,42.69,0.94,80.01,0.4068,False,False
1780909269.597774,archive_flood_airfield_274c83,archive_flood_airfield_274c83.mp4,672,50.0,640,480,combined,detect_combined,Flooded,deeplabv3plus,False,False,0,tensorrt,tensorrt,tensorrt,21.83,21.83,45.39,45.81,7.11,17.25,24.36,1421.33,31.5,7.69,1421.33,31.5,9.07,36.37,42.69,0.94,80.01,0.4392,False,False
1780909269.677365,archive_flood_airfield_274c83,archive_flood_airfield_274c83.mp4,673,50.0,640,480,combined,detect_combined,Flooded,deeplabv3plus,False,False,0,tensorrt,tensorrt,tensorrt,24.23,24.23,40.85,41.27,6.7,12.97,19.67,1421.33,31.9,7.69,1421.33,31.9,9.07,36.37,42.69,0.94,80.01,0.4685,False,False
1780909269.7649097,archive_flood_airfield_274c83,archive_flood_airfield_274c83.mp4,674,50.0,640,480,combined,detect_combined,Flooded,deeplabv3plus,False,False,0,tensorrt,tensorrt,tensorrt,20.98,20.98,47.27,47.67,7.04,21.75,28.79,1421.33,32.1,7.69,1421.33,32.1,9.07,36.37,42.69,0.94,80.01,0.4564,False,False
1780909269.8463337,archive_flood_airfield_274c83,archive_flood_airfield_274c83.mp4,675,50.0,640,480,combined,detect_combined,Flooded,deeplabv3plus,False,False,0,tensorrt,tensorrt,tensorrt,22.06,22.06,44.96,45.33,6.87,17.12,23.990000000000002,1421.33,33.3,7.54,1421.33,33.3,9.07,36.37,42.69,0.94,80.01,0.4611,False,False
1780909269.929504,archive_flood_airfield_274c83,archive_flood_airfield_274c83.mp4,676,50.0,640,480,combined,detect_combined,Flooded,deeplabv3plus,False,False,0,tensorrt,tensorrt,tensorrt,22.28,22.28,44.52,44.89,7.03,16.79,23.82,1421.33,29.4,7.54,1421.33,29.4,9.07,36.37,42.69,0.94,80.01,0.4789,False,False
1780909270.0136404,archive_flood_airfield_274c83,archive_flood_airfield_274c83.mp4,677,50.0,640,480,combined,detect_combined,Flooded,deeplabv3plus,False,False,0,tensorrt,tensorrt,tensorrt,21.43,21.43,46.3,46.66,7.4,18.48,25.880000000000003,1421.33,40.8,7.54,1421.33,40.8,9.07,36.37,42.69,0.94,80.01,0.4208,False,False
1780909270.087445,archive_flood_airfield_274c83,archive_flood_airfield_274c83.mp4,678,50.0,640,480,combined,detect_combined,Flooded,deeplabv3plus,False,False,0,tensorrt,tensorrt,tensorrt,23.08,23.08,42.96,43.32,8.44,22.55,30.990000000000002,1421.33,45.5,7.54,1421.33,45.5,9.07,36.37,42.69,0.94,80.01,0.3822,False,False
1780909270.1711957,archive_flood_airfield_274c83,archive_flood_airfield_274c83.mp4,679,50.0,640,480,combined,detect_combined,Flooded,deeplabv3plus,False,False,0,tensorrt,tensorrt,tensorrt,21.5,21.5,46.16,46.51,11.13,22.78,33.910000000000004,1421.33,43.7,7.54,1421.33,43.7,9.07,36.37,42.69,0.94,80.01,0.4311,False,False
1780909270.2473185,archive_flood_airfield_274c83,archive_flood_airfield_274c83.mp4,680,50.0,640,480,combined,detect_combined,Flooded,deeplabv3plus,False,False,0,tensorrt,tensorrt,tensorrt,22.54,22.54,43.98,44.37,8.37,17.26,25.630000000000003,1421.33,45.2,7.54,1421.33,45.2,9.07,36.37,42.69,0.94,80.01,0.4628,False,False
1780909270.3257492,archive_flood_airfield_274c83,archive_flood_airfield_274c83.mp4,681,50.0,640,480,combined,detect_combined,Flooded,deeplabv3plus,False,False,0,tensorrt,tensorrt,tensorrt,22.85,22.85,43.41,43.76,5.22,15.85,21.07,1421.33,61.7,7.54,1421.33,61.7,9.07,36.37,42.69,0.94,80.01,0.4208,False,False
1780909270.3879979,archive_flood_airfield_274c83,archive_flood_airfield_274c83.mp4,682,50.0,640,480,combined,detect_combined,Flooded,deeplabv3plus,False,False,0,tensorrt,tensorrt,tensorrt,30.13,30.13,32.85,33.19,6.16,12.92,19.08,1421.33,57.1,7.54,1421.33,57.1,9.07,36.37,42.69,0.94,80.01,0.4231,False,False
1780909270.4528348,archive_flood_airfield_274c83,archive_flood_airfield_274c83.mp4,683,50.0,640,480,combined,detect_combined,Flooded,deeplabv3plus,False,False,0,tensorrt,tensorrt,tensorrt,25.68,25.68,38.6,38.95,6.06,12.08,18.14,1421.33,34.2,8.46,1421.33,34.2,9.07,36.37,42.69,0.94,80.01,0.3975,False,False
1780909270.5307658,archive_flood_airfield_274c83,archive_flood_airfield_274c83.mp4,684,50.0,640,480,combined,detect_combined,Flooded,deeplabv3plus,False,False,0,tensorrt,tensorrt,tensorrt,22.64,22.64,43.78,44.17,6.59,13.65,20.240000000000002,1421.33,21.4,8.46,1421.33,21.4,9.07,36.37,42.69,0.94,80.01,0.3609,False,False
1780909270.6120574,archive_flood_airfield_274c83,archive_flood_airfield_274c83.mp4,685,50.0,640,480,combined,detect_combined,Flooded,deeplabv3plus,False,False,0,tensorrt,tensorrt,tensorrt,23.73,23.73,41.73,42.13,6.95,14.74,21.69,1421.33,28.0,8.46,1421.33,28.0,9.07,36.37,42.69,0.94,80.01,0.4038,False,False
1780909270.6980343,archive_flood_airfield_274c83,archive_flood_airfield_274c83.mp4,686,50.0,640,480,combined,detect_combined,Flooded,deeplabv3plus,False,False,0,tensorrt,tensorrt,tensorrt,21.44,21.44,46.22,46.65,7.58,14.95,22.53,1421.33,27.5,8.46,1421.33,27.5,9.07,36.37,42.69,0.94,80.01,0.4321,False,False
1780909270.793891,archive_flood_airfield_274c83,archive_flood_airfield_274c83.mp4,687,50.0,640,480,combined,detect_combined,Flooded,deeplabv3plus,False,False,0,tensorrt,tensorrt,tensorrt,18.46,18.46,53.73,54.16,11.04,27.76,38.8,1421.33,31.0,8.46,1421.33,31.0,9.07,36.37,42.69,0.94,80.01,0.425,False,False
1780909270.8879156,archive_flood_airfield_274c83,archive_flood_airfield_274c83.mp4,688,50.0,640,480,combined,detect_combined,Flooded,deeplabv3plus,False,False,0,tensorrt,tensorrt,tensorrt,21.49,21.49,46.1,46.53,9.93,22.91,32.84,1421.33,24.1,8.46,1421.33,24.1,9.07,36.37,42.69,0.94,80.01,0.4055,False,False
1780909270.9880557,archive_flood_airfield_274c83,archive_flood_airfield_274c83.mp4,689,50.0,640,480,combined,detect_combined,Flooded,deeplabv3plus,False,False,0,tensorrt,tensorrt,tensorrt,20.38,20.38,48.66,49.07,11.52,23.4,34.92,1421.33,37.1,8.46,1421.33,37.1,9.07,36.37,42.69,0.94,80.01,0.4382,False,False
1780909271.0871978,archive_flood_airfield_274c83,archive_flood_airfield_274c83.mp4,690,50.0,640,480,combined,detect_combined,Flooded,deeplabv3plus,False,False,0,tensorrt,tensorrt,tensorrt,18.56,18.56,53.45,53.87,15.24,24.9,40.14,1421.33,41.4,7.54,1421.33,41.4,9.07,36.37,42.69,0.94,80.01,0.4242,False,False
1780909271.1738913,archive_flood_airfield_274c83,archive_flood_airfield_274c83.mp4,691,50.0,640,480,combined,detect_combined,Flooded,deeplabv3plus,False,False,0,tensorrt,tensorrt,tensorrt,22.3,22.3,44.48,44.84,7.34,14.18,21.52,1421.33,52.9,7.54,1421.33,52.9,9.07,36.37,42.69,0.94,80.01,0.4096,False,False
1780909271.2489617,archive_flood_airfield_274c83,archive_flood_airfield_274c83.mp4,692,50.0,640,480,combined,detect_combined,Flooded,deeplabv3plus,False,False,0,tensorrt,tensorrt,tensorrt,25.49,25.49,38.77,39.23,5.79,21.65,27.439999999999998,1421.33,46.7,7.54,1421.33,46.7,9.07,36.37,42.69,0.94,80.01,0.4393,False,False
1780909271.3195326,archive_flood_airfield_274c83,archive_flood_airfield_274c83.mp4,693,50.0,640,480,combined,detect_combined,Flooded,deeplabv3plus,False,False,0,tensorrt,tensorrt,tensorrt,24.28,24.28,40.86,41.19,5.79,21.97,27.759999999999998,1421.33,41.5,7.54,1421.33,41.5,9.07,36.37,42.69,0.94,80.01,0.453,False,False
1780909271.399502,archive_flood_airfield_274c83,archive_flood_airfield_274c83.mp4,694,50.0,640,480,combined,detect_combined,Flooded,deeplabv3plus,False,False,0,tensorrt,tensorrt,tensorrt,20.75,20.75,47.87,48.2,13.85,22.41,36.26,1421.33,46.8,7.54,1421.33,46.8,9.07,36.37,42.69,0.94,80.01,0.477,False,False
1780909271.4946468,archive_flood_airfield_274c83,archive_flood_airfield_274c83.mp4,695,50.0,640,480,combined,detect_combined,Flooded,deeplabv3plus,False,False,0,tensorrt,tensorrt,tensorrt,23.44,23.44,42.19,42.66,11.19,12.92,24.11,1421.33,44.6,7.54,1421.33,44.6,9.07,36.37,42.69,0.94,80.01,0.4789,False,False
1780909271.559753,archive_flood_airfield_274c83,archive_flood_airfield_274c83.mp4,696,50.0,640,480,combined,detect_combined,Flooded,deeplabv3plus,False,False,0,tensorrt,tensorrt,tensorrt,27.03,27.03,36.66,37.0,6.65,11.54,18.189999999999998,1421.33,47.4,7.54,1421.33,47.4,9.07,36.37,42.69,0.94,80.01,0.5258,False,False
1780909271.6186469,archive_flood_airfield_274c83,archive_flood_airfield_274c83.mp4,697,50.0,640,480,combined,detect_combined,Flooded,deeplabv3plus,False,False,0,tensorrt,tensorrt,tensorrt,34.23,34.23,28.79,29.21,6.35,10.91,17.259999999999998,1421.33,57.1,8.61,1421.33,57.1,9.07,36.37,42.69,0.94,80.01,0.4984,False,False
1780909271.6838136,archive_flood_airfield_274c83,archive_flood_airfield_274c83.mp4,698,50.0,640,480,combined,detect_combined,Flooded,deeplabv3plus,False,False,0,tensorrt,tensorrt,tensorrt,25.42,25.42,38.98,39.34,5.53,11.63,17.16,1421.33,36.8,8.61,1421.33,36.8,9.07,36.37,42.69,0.94,80.01,0.478,False,False
1780909271.7575977,archive_flood_airfield_274c83,archive_flood_airfield_274c83.mp4,699,50.0,640,480,combined,detect_combined,Flooded,deeplabv3plus,False,False,0,tensorrt,tensorrt,tensorrt,22.4,22.4,44.28,44.65,6.32,12.75,19.07,1421.33,28.9,8.61,1421.33,28.9,9.07,36.37,42.69,0.94,80.01,0.439,False,False
1780909271.8548045,archive_flood_airfield_274c83,archive_flood_airfield_274c83.mp4,700,50.0,640,480,combined,detect_combined,Flooded,deeplabv3plus,False,False,0,tensorrt,tensorrt,tensorrt,18.13,18.13,54.7,55.15,14.96,24.52,39.480000000000004,1421.33,31.7,8.61,1421.33,31.7,9.07,36.37,42.69,0.94,80.01,0.4503,False,False
1780909271.9386387,archive_flood_airfield_274c83,archive_flood_airfield_274c83.mp4,701,50.0,640,480,combined,detect_combined,Flooded,deeplabv3plus,False,False,0,tensorrt,tensorrt,tensorrt,23.49,23.49,42.21,42.57,7.23,18.03,25.26,1421.33,33.3,8.61,1421.33,33.3,9.07,36.37,42.69,0.94,80.01,0.3902,False,False
1780909272.0171099,archive_flood_airfield_274c83,archive_flood_airfield_274c83.mp4,702,50.0,640,480,combined,detect_combined,Flooded,deeplabv3plus,False,False,0,tensorrt,tensorrt,tensorrt,24.05,24.05,41.19,41.58,8.32,20.98,29.3,1421.33,23.3,8.61,1421.33,23.3,9.07,36.37,42.69,0.94,80.01,0.3609,False,False
1780909272.0996177,archive_flood_airfield_274c83,archive_flood_airfield_274c83.mp4,703,50.0,640,480,combined,detect_combined,Flooded,deeplabv3plus,False,False,0,tensorrt,tensorrt,tensorrt,22.25,22.25,44.45,44.94,9.64,22.79,32.43,1421.33,26.1,8.61,1421.33,26.1,9.07,36.37,42.69,0.94,80.01,0.3468,False,False
1780909272.1890748,archive_flood_airfield_274c83,archive_flood_airfield_274c83.mp4,704,50.0,640,480,combined,detect_combined,Flooded,deeplabv3plus,False,False,0,tensorrt,tensorrt,tensorrt,21.83,21.83,45.41,45.81,7.41,13.78,21.189999999999998,1421.33,29.6,7.84,1421.33,29.6,9.07,36.37,42.69,0.94,80.01,0.3324,False,False
1780909272.2846973,archive_flood_airfield_274c83,archive_flood_airfield_274c83.mp4,705,50.0,640,480,combined,detect_combined,Flooded,deeplabv3plus,False,False,0,tensorrt,tensorrt,tensorrt,20.88,20.88,47.47,47.9,12.29,21.79,34.08,1421.33,29.3,7.84,1421.33,29.3,9.07,36.37,42.69,0.94,80.01,0.3379,False,False
1780909272.382766,archive_flood_airfield_274c83,archive_flood_airfield_274c83.mp4,706,50.0,640,480,combined,detect_combined,Flooded,deeplabv3plus,False,False,0,tensorrt,tensorrt,tensorrt,20.43,20.43,48.54,48.94,13.29,23.15,36.44,1421.33,28.3,7.84,1421.33,28.3,9.07,36.37,42.69,0.94,80.01,0.3089,False,False
1780909272.4808955,archive_flood_airfield_274c83,archive_flood_airfield_274c83.mp4,707,50.0,640,480,combined,detect_combined,Flooded,deeplabv3plus,False,False,0,tensorrt,tensorrt,tensorrt,19.27,19.27,51.51,51.9,14.54,24.25,38.79,1421.33,28.3,7.84,1421.33,28.3,9.07,36.37,42.69,0.94,80.01,0.3624,False,False
1780909272.571172,archive_flood_airfield_274c83,archive_flood_airfield_274c83.mp4,708,50.0,640,480,combined,detect_combined,Flooded,deeplabv3plus,False,False,0,tensorrt,tensorrt,tensorrt,22.55,22.55,43.98,44.35,6.4,17.6,24.0,1421.33,37.0,7.84,1421.33,37.0,9.07,36.37,42.69,0.94,80.01,0.3095,False,False
1780909272.6563153,archive_flood_airfield_274c83,archive_flood_airfield_274c83.mp4,709,50.0,640,480,combined,detect_combined,Flooded,deeplabv3plus,False,False,0,tensorrt,tensorrt,tensorrt,21.63,21.63,45.86,46.24,7.12,16.48,23.6,1421.33,45.8,7.84,1421.33,45.8,9.07,36.37,42.69,0.94,80.01,0.2992,False,False
1780909272.7380707,archive_flood_airfield_274c83,archive_flood_airfield_274c83.mp4,710,50.0,640,480,combined,detect_combined,Flooded,deeplabv3plus,False,False,0,tensorrt,tensorrt,tensorrt,21.47,21.47,46.25,46.59,5.85,19.9,25.75,1421.33,40.4,7.84,1421.33,40.4,9.07,36.37,42.69,0.94,80.01,0.2867,False,False
1780909272.8324704,archive_flood_airfield_274c83,archive_flood_airfield_274c83.mp4,711,50.0,640,480,combined,detect_combined,Flooded,deeplabv3plus,False,False,0,tensorrt,tensorrt,tensorrt,17.52,17.52,56.72,57.07,5.01,32.5,37.51,1421.33,35.0,7.85,1421.33,35.0,9.07,36.37,42.69,0.94,80.01,0.3008,False,False
1780909272.921099,archive_flood_airfield_274c83,archive_flood_airfield_274c83.mp4,712,50.0,640,480,combined,detect_combined,Flooded,deeplabv3plus,False,False,0,tensorrt,tensorrt,tensorrt,19.79,19.79,50.11,50.54,11.05,24.26,35.31,1421.33,54.7,7.85,1421.33,54.7,9.07,36.37,42.69,0.94,80.01,0.3327,False,False
1780909273.0064132,archive_flood_airfield_274c83,archive_flood_airfield_274c83.mp4,713,50.0,640,480,combined,detect_combined,Flooded,deeplabv3plus,False,False,0,tensorrt,tensorrt,tensorrt,21.82,21.82,45.43,45.84,7.13,14.13,21.26,1421.33,28.6,7.85,1421.33,28.6,9.07,36.37,42.69,0.94,80.01,0.3216,False,False
1780909273.0891843,archive_flood_airfield_274c83,archive_flood_airfield_274c83.mp4,714,50.0,640,480,combined,detect_combined,Flooded,deeplabv3plus,False,False,0,tensorrt,tensorrt,tensorrt,24.25,24.25,40.82,41.24,7.42,15.37,22.79,1421.33,31.4,7.85,1421.33,31.4,9.07,36.37,42.69,0.94,80.01,0.3191,False,False
1780909273.1727064,archive_flood_airfield_274c83,archive_flood_airfield_274c83.mp4,715,50.0,640,480,combined,detect_combined,Flooded,deeplabv3plus,False,False,0,tensorrt,tensorrt,tensorrt,24.24,24.24,40.83,41.25,7.42,16.33,23.75,1421.33,25.0,7.85,1421.33,25.0,9.07,36.37,42.69,0.94,80.01,0.3689,False,False
1780909273.2559786,archive_flood_airfield_274c83,archive_flood_airfield_274c83.mp4,716,50.0,640,480,combined,detect_combined,Flooded,deeplabv3plus,False,False,0,tensorrt,tensorrt,tensorrt,24.42,24.42,40.51,40.95,7.82,15.45,23.27,1421.33,29.2,7.85,1421.33,29.2,9.07,36.37,42.69,0.94,80.01,0.3702,False,False
1780909273.3486428,archive_flood_airfield_274c83,archive_flood_airfield_274c83.mp4,717,50.0,640,480,combined,detect_combined,Flooded,deeplabv3plus,False,False,0,tensorrt,tensorrt,tensorrt,22.08,22.08,44.78,45.29,9.12,22.39,31.509999999999998,1421.33,29.1,7.69,1421.33,29.1,9.07,36.37,42.69,0.94,80.01,0.3029,False,False
1780909273.4492726,archive_flood_airfield_274c83,archive_flood_airfield_274c83.mp4,718,50.0,640,480,combined,detect_combined,Flooded,deeplabv3plus,False,False,0,tensorrt,tensorrt,tensorrt,19.56,19.56,50.63,51.13,13.25,24.09,37.34,1421.33,30.0,7.69,1421.33,30.0,9.07,36.37,42.69,0.94,80.01,0.3826,False,False
1780909273.5508804,archive_flood_airfield_274c83,archive_flood_airfield_274c83.mp4,719,50.0,640,480,combined,detect_combined,Flooded,deeplabv3plus,False,False,0,tensorrt,tensorrt,tensorrt,19.72,19.72,50.26,50.7,10.53,26.16,36.69,1421.33,33.3,7.69,1421.33,33.3,9.07,36.37,42.69,0.94,80.01,0.3925,False,False
1780909273.6488438,archive_flood_airfield_274c83,archive_flood_airfield_274c83.mp4,720,50.0,640,480,combined,detect_combined,Flooded,deeplabv3plus,False,False,0,tensorrt,tensorrt,tensorrt,18.13,18.13,54.69,55.14,15.08,26.24,41.32,1421.33,40.7,7.69,1421.33,40.7,9.07,36.37,42.69,0.94,80.01,0.3472,False,False
1780909273.7378402,archive_flood_airfield_274c83,archive_flood_airfield_274c83.mp4,721,50.0,640,480,combined,detect_combined,Flooded,deeplabv3plus,False,False,0,tensorrt,tensorrt,tensorrt,20.65,20.65,48.03,48.42,16.6,13.64,30.240000000000002,1421.33,30.2,7.69,1421.33,30.2,9.07,36.37,42.69,0.94,80.01,0.3188,False,False
1780909273.8307004,archive_flood_airfield_274c83,archive_flood_airfield_274c83.mp4,722,50.0,640,480,combined,detect_combined,Flooded,deeplabv3plus,False,False,0,tensorrt,tensorrt,tensorrt,22.44,22.44,44.15,44.55,8.01,22.91,30.92,1421.33,30.4,7.69,1421.33,30.4,9.07,36.37,42.69,0.94,80.01,0.3004,False,False
1780909273.9302778,archive_flood_airfield_274c83,archive_flood_airfield_274c83.mp4,723,50.0,640,480,combined,detect_combined,Flooded,deeplabv3plus,False,False,0,tensorrt,tensorrt,tensorrt,18.59,18.59,53.35,53.78,15.05,25.02,40.07,1421.33,39.3,7.85,1421.33,39.3,9.07,36.37,42.69,0.94,80.01,0.2902,False,False
1780909274.0214405,archive_flood_airfield_274c83,archive_flood_airfield_274c83.mp4,724,50.0,640,480,combined,detect_combined,Flooded,deeplabv3plus,False,False,0,tensorrt,tensorrt,tensorrt,21.19,21.19,46.76,47.19,7.4,15.02,22.42,1421.33,41.5,7.85,1421.33,41.5,9.07,36.37,42.69,0.94,80.01,0.3211,False,False
1780909274.1009667,archive_flood_airfield_274c83,archive_flood_airfield_274c83.mp4,725,50.0,640,480,combined,detect_combined,Flooded,deeplabv3plus,False,False,0,tensorrt,tensorrt,tensorrt,24.93,24.93,39.7,40.11,6.68,15.47,22.15,1421.33,42.2,7.85,1421.33,42.2,9.07,36.37,42.69,0.94,80.01,0.2494,False,False
1780909274.1856525,archive_flood_airfield_274c83,archive_flood_airfield_274c83.mp4,726,50.0,640,480,combined,detect_combined,Flooded,deeplabv3plus,False,False,0,tensorrt,tensorrt,tensorrt,21.77,21.77,45.53,45.93,7.37,14.68,22.05,1421.33,42.0,7.85,1421.33,42.0,9.07,36.37,42.69,0.94,80.01,0.2351,False,False
1780909274.2585752,archive_flood_airfield_274c83,archive_flood_airfield_274c83.mp4,727,50.0,640,480,combined,detect_combined,Flooded,deeplabv3plus,False,False,0,tensorrt,tensorrt,tensorrt,25.53,25.53,38.84,39.17,5.71,11.58,17.29,1421.33,40.5,7.85,1421.33,40.5,9.07,36.37,42.69,0.94,80.01,0.2382,False,False
1780909274.334527,archive_flood_airfield_274c83,archive_flood_airfield_274c83.mp4,728,50.0,640,480,combined,detect_combined,Flooded,deeplabv3plus,False,False,0,tensorrt,tensorrt,tensorrt,21.55,21.55,46.06,46.41,5.41,19.92,25.330000000000002,1421.33,28.9,7.85,1421.33,28.9,9.07,36.37,42.69,0.94,80.01,0.2586,False,False
1780909274.4174938,archive_flood_airfield_274c83,archive_flood_airfield_274c83.mp4,729,50.0,640,480,combined,detect_combined,Flooded,deeplabv3plus,False,False,0,tensorrt,tensorrt,tensorrt,20.83,20.83,47.64,48.0,6.05,20.51,26.560000000000002,1421.33,25.5,7.85,1421.33,25.5,9.07,36.37,42.69,0.94,80.01,0.2638,False,False
1780909274.500186,archive_flood_airfield_274c83,archive_flood_airfield_274c83.mp4,730,50.0,640,480,combined,detect_combined,Flooded,deeplabv3plus,False,False,0,tensorrt,tensorrt,tensorrt,22.53,22.53,44.03,44.39,6.87,17.23,24.1,1421.33,30.0,7.85,1421.33,30.0,9.07,36.37,42.69,0.94,80.01,0.2861,False,False
1780909274.5854123,archive_flood_airfield_274c83,archive_flood_airfield_274c83.mp4,731,50.0,640,480,combined,detect_combined,Flooded,deeplabv3plus,False,False,0,tensorrt,tensorrt,tensorrt,20.68,20.68,47.98,48.36,6.61,20.27,26.88,1421.33,28.0,7.85,1421.33,28.0,9.07,36.37,42.69,0.94,80.01,0.2956,False,False
1780909274.678327,archive_flood_airfield_274c83,archive_flood_airfield_274c83.mp4,732,50.0,640,480,combined,detect_combined,Flooded,deeplabv3plus,False,False,0,tensorrt,tensorrt,tensorrt,19.38,19.38,51.18,51.61,14.31,23.99,38.3,1421.33,24.1,7.85,1421.33,24.1,9.07,36.37,42.69,0.94,80.01,0.2537,False,False
1780909274.7682369,archive_flood_airfield_274c83,archive_flood_airfield_274c83.mp4,733,50.0,640,480,combined,detect_combined,Flooded,deeplabv3plus,False,False,0,tensorrt,tensorrt,tensorrt,22.13,22.13,44.79,45.19,11.98,15.18,27.16,1421.33,31.5,7.85,1421.33,31.5,9.07,36.37,42.69,0.94,80.01,0.2625,False,False
1780909274.8500676,archive_flood_airfield_274c83,archive_flood_airfield_274c83.mp4,734,50.0,640,480,combined,detect_combined,Flooded,deeplabv3plus,False,False,0,tensorrt,tensorrt,tensorrt,20.35,20.35,48.78,49.15,6.87,20.99,27.86,1421.33,23.9,7.85,1421.33,23.9,9.07,36.37,42.69,0.94,80.01,0.2612,False,False
1780909274.9328682,archive_flood_airfield_274c83,archive_flood_airfield_274c83.mp4,735,50.0,640,480,combined,detect_combined,Flooded,deeplabv3plus,False,False,0,tensorrt,tensorrt,tensorrt,21.11,21.11,46.98,47.36,5.69,15.9,21.59,1421.33,29.2,7.85,1421.33,29.2,9.07,36.37,42.69,0.94,80.01,0.2595,False,False
1780909275.015497,archive_flood_airfield_274c83,archive_flood_airfield_274c83.mp4,736,50.0,640,480,combined,detect_combined,Flooded,deeplabv3plus,False,False,0,tensorrt,tensorrt,tensorrt,21.34,21.34,46.48,46.86,6.99,19.61,26.6,1421.33,31.4,7.85,1421.33,31.4,9.07,36.37,42.69,0.94,80.01,0.222,False,False
1780909275.0998266,archive_flood_airfield_274c83,archive_flood_airfield_274c83.mp4,737,50.0,640,480,combined,detect_combined,Flooded,deeplabv3plus,False,False,0,tensorrt,tensorrt,tensorrt,21.21,21.21,46.75,47.15,6.95,18.72,25.669999999999998,1421.33,24.5,7.54,1421.33,24.5,9.07,36.37,42.69,0.94,80.01,0.2528,False,False
1780909275.1801565,archive_flood_airfield_274c83,archive_flood_airfield_274c83.mp4,738,50.0,640,480,combined,detect_combined,Flooded,deeplabv3plus,False,False,0,tensorrt,tensorrt,tensorrt,22.18,22.18,44.77,45.08,6.71,19.67,26.380000000000003,1421.33,35.4,7.54,1421.33,35.4,9.07,36.37,42.69,0.94,80.01,0.2406,False,False
1780909275.2630405,archive_flood_airfield_274c83,archive_flood_airfield_274c83.mp4,739,50.0,640,480,combined,detect_combined,Flooded,deeplabv3plus,False,False,0,tensorrt,tensorrt,tensorrt,20.29,20.29,48.71,49.27,14.34,18.2,32.54,1421.33,48.0,7.54,1421.33,48.0,9.07,36.37,42.69,0.94,80.01,0.2264,False,False
1780909275.355503,archive_flood_airfield_274c83,archive_flood_airfield_274c83.mp4,740,50.0,640,480,combined,detect_combined,Flooded,deeplabv3plus,False,False,0,tensorrt,tensorrt,tensorrt,20.62,20.62,48.1,48.5,8.54,19.01,27.55,1421.33,34.9,7.54,1421.33,34.9,9.07,36.37,42.69,0.94,80.01,0.2761,False,False
1780909275.429261,archive_flood_airfield_274c83,archive_flood_airfield_274c83.mp4,741,50.0,640,480,combined,detect_combined,Flooded,deeplabv3plus,False,False,0,tensorrt,tensorrt,tensorrt,23.09,23.09,42.94,43.31,6.26,18.09,24.35,1421.33,47.6,7.54,1421.33,47.6,9.07,36.37,42.69,0.94,80.01,0.2847,False,False
1780909275.4990087,archive_flood_airfield_274c83,archive_flood_airfield_274c83.mp4,742,50.0,640,480,combined,detect_combined,Flooded,deeplabv3plus,False,False,0,tensorrt,tensorrt,tensorrt,22.79,22.79,43.55,43.89,12.32,13.61,25.93,1421.33,47.6,7.54,1421.33,47.6,9.07,36.37,42.69,0.94,80.01,0.2388,False,False
1780909275.5721471,archive_flood_airfield_274c83,archive_flood_airfield_274c83.mp4,743,50.0,640,480,combined,detect_combined,Flooded,deeplabv3plus,False,False,0,tensorrt,tensorrt,tensorrt,24.78,24.78,39.98,40.36,6.61,20.85,27.46,1421.33,36.6,7.54,1421.33,36.6,9.07,36.37,42.69,0.94,80.01,0.2514,False,False
1780909275.651826,archive_flood_airfield_274c83,archive_flood_airfield_274c83.mp4,744,50.0,640,480,combined,detect_combined,Flooded,deeplabv3plus,False,False,0,tensorrt,tensorrt,tensorrt,22.03,22.03,44.98,45.4,6.81,13.47,20.28,1421.33,22.2,7.54,1421.33,22.2,9.07,36.37,42.69,0.94,80.01,0.2305,False,False
1780909275.7321093,archive_flood_airfield_274c83,archive_flood_airfield_274c83.mp4,745,50.0,640,480,combined,detect_combined,Flooded,deeplabv3plus,False,False,0,tensorrt,tensorrt,tensorrt,21.25,21.25,46.64,47.06,6.77,13.59,20.36,1421.33,29.2,8.0,1421.33,29.2,9.07,36.37,42.69,0.94,80.01,0.2024,False,False
1780909275.8118248,archive_flood_airfield_274c83,archive_flood_airfield_274c83.mp4,746,50.0,640,480,combined,detect_combined,Flooded,deeplabv3plus,False,False,0,tensorrt,tensorrt,tensorrt,23.39,23.39,42.43,42.75,7.3,16.62,23.92,1421.33,26.7,8.0,1421.33,26.7,9.07,36.37,42.69,0.94,80.01,0.2087,False,False
1780909275.8981352,archive_flood_airfield_274c83,archive_flood_airfield_274c83.mp4,747,50.0,640,480,combined,detect_combined,Non-Flooded,resnet18,True,False,0,tensorrt,tensorrt,tensorrt,20.9,20.9,47.38,47.85,7.08,19.44,26.520000000000003,1421.33,24.5,8.0,1421.33,24.5,9.07,36.37,42.69,0.94,80.01,0.1982,False,False
1780909275.9893546,archive_flood_airfield_274c83,archive_flood_airfield_274c83.mp4,748,50.0,640,480,combined,detect_combined,Flooded,deeplabv3plus,True,False,0,tensorrt,tensorrt,tensorrt,20.83,20.83,47.58,48.01,12.82,22.98,35.8,1421.33,29.1,8.0,1421.33,29.1,9.07,36.37,42.69,0.94,80.01,0.2069,False,False
1780909276.0788245,archive_flood_airfield_274c83,archive_flood_airfield_274c83.mp4,749,50.0,640,480,combined,detect_combined,Flooded,deeplabv3plus,False,False,0,tensorrt,tensorrt,tensorrt,23.53,23.53,42.1,42.5,9.6,19.05,28.65,1421.33,23.5,8.0,1421.33,23.5,9.07,36.37,42.69,0.94,80.01,0.235,False,False
1780909276.16975,archive_flood_airfield_274c83,archive_flood_airfield_274c83.mp4,750,50.0,640,480,combined,detect_combined,Flooded,deeplabv3plus,False,False,0,tensorrt,tensorrt,tensorrt,23.37,23.37,42.44,42.79,9.41,21.98,31.39,1421.33,32.1,8.0,1421.33,32.1,9.07,36.37,42.69,0.94,80.01,0.2163,False,False
1780909276.2544775,archive_flood_airfield_274c83,archive_flood_airfield_274c83.mp4,751,50.0,640,480,combined,detect_combined,Non-Flooded,resnet18,True,False,0,tensorrt,tensorrt,tensorrt,20.66,20.66,47.95,48.39,14.25,22.45,36.7,1421.33,27.1,8.0,1421.33,27.1,9.07,36.37,42.69,0.94,80.01,0.1898,False,False
1780909276.333929,archive_flood_airfield_274c83,archive_flood_airfield_274c83.mp4,752,50.0,640,480,combined,detect_combined,Non-Flooded,resnet18,False,False,0,tensorrt,tensorrt,tensorrt,25.0,25.0,39.64,40.0,9.48,17.69,27.17,1421.33,28.3,7.69,1421.33,28.3,9.07,36.37,42.69,0.94,80.01,0.1879,False,False
1780909276.416044,archive_flood_airfield_274c83,archive_flood_airfield_274c83.mp4,753,50.0,640,480,combined,detect_combined,Flooded,deeplabv3plus,True,False,0,tensorrt,tensorrt,tensorrt,20.91,20.91,47.33,47.82,6.59,14.69,21.28,1421.32,27.1,7.69,1421.32,27.1,9.07,36.37,42.69,0.94,80.01,0.2744,False,False
1780909276.4964042,archive_flood_airfield_274c83,archive_flood_airfield_274c83.mp4,754,50.0,640,480,combined,detect_combined,Flooded,deeplabv3plus,False,False,0,tensorrt,tensorrt,tensorrt,21.46,21.46,46.19,46.6,7.13,14.29,21.419999999999998,1421.32,22.2,7.69,1421.32,22.2,9.07,36.37,42.69,0.94,80.01,0.2845,False,False
1780909276.568695,archive_flood_airfield_274c83,archive_flood_airfield_274c83.mp4,755,50.0,640,480,combined,detect_combined,Flooded,deeplabv3plus,False,False,0,tensorrt,tensorrt,tensorrt,24.65,24.65,40.24,40.57,7.24,21.54,28.78,1421.32,47.7,7.69,1421.32,47.7,9.07,36.37,42.69,0.94,80.01,0.3134,False,False
1780909276.6456835,archive_flood_airfield_274c83,archive_flood_airfield_274c83.mp4,756,50.0,640,480,combined,detect_combined,Flooded,deeplabv3plus,False,False,0,tensorrt,tensorrt,tensorrt,22.09,22.09,44.86,45.26,6.59,13.26,19.85,1421.32,41.9,7.69,1421.32,41.9,9.07,36.37,42.69,0.94,80.01,0.2672,False,False
1780909276.717715,archive_flood_airfield_274c83,archive_flood_airfield_274c83.mp4,757,50.0,640,480,combined,detect_combined,Flooded,deeplabv3plus,False,False,0,tensorrt,tensorrt,tensorrt,24.55,24.55,40.37,40.73,7.46,21.64,29.1,1421.32,44.2,7.69,1421.32,44.2,9.07,36.37,42.69,0.94,80.01,0.2797,False,False
1780909276.7917113,archive_flood_airfield_274c83,archive_flood_airfield_274c83.mp4,758,50.0,640,480,combined,detect_combined,Flooded,deeplabv3plus,False,False,0,tensorrt,tensorrt,tensorrt,23.21,23.21,42.74,43.08,6.88,17.14,24.02,1421.32,46.5,7.69,1421.32,46.5,9.07,36.37,42.69,0.94,80.01,0.2541,False,False
1780909276.869584,archive_flood_airfield_274c83,archive_flood_airfield_274c83.mp4,759,50.0,640,480,combined,detect_combined,Flooded,deeplabv3plus,False,False,0,tensorrt,tensorrt,tensorrt,23.52,23.52,42.07,42.51,8.34,22.03,30.37,1421.32,42.2,8.0,1421.32,42.2,9.07,36.37,42.69,0.94,80.01,0.2759,False,False
1780909276.9472368,archive_flood_airfield_274c83,archive_flood_airfield_274c83.mp4,760,50.0,640,480,combined,detect_combined,Flooded,deeplabv3plus,False,False,0,tensorrt,tensorrt,tensorrt,26.55,26.55,37.33,37.67,7.64,17.54,25.18,1421.32,58.7,8.0,1421.32,58.7,9.07,36.37,42.69,0.94,80.01,0.2202,False,False
1780909277.0271366,archive_flood_airfield_274c83,archive_flood_airfield_274c83.mp4,761,50.0,640,480,combined,detect_combined,Flooded,deeplabv3plus,False,False,0,tensorrt,tensorrt,tensorrt,22.74,22.74,43.63,43.97,6.32,18.02,24.34,1421.32,43.5,8.0,1421.32,43.5,9.07,36.37,42.69,0.94,80.01,0.2648,False,False
1780909277.1055207,archive_flood_airfield_274c83,archive_flood_airfield_274c83.mp4,762,50.0,640,480,combined,detect_combined,Flooded,deeplabv3plus,False,False,0,tensorrt,tensorrt,tensorrt,24.78,24.78,39.95,40.36,5.5,21.56,27.06,1421.32,45.8,8.0,1421.32,45.8,9.07,36.37,42.69,0.94,80.01,0.3123,False,False
1780909277.1834915,archive_flood_airfield_274c83,archive_flood_airfield_274c83.mp4,763,50.0,640,480,combined,detect_combined,Flooded,deeplabv3plus,False,False,0,tensorrt,tensorrt,tensorrt,20.11,20.11,49.36,49.73,14.85,23.15,38.0,1421.32,36.7,8.0,1421.32,36.7,9.07,36.37,42.69,0.94,80.01,0.346,False,False
1780909277.2681565,archive_flood_airfield_274c83,archive_flood_airfield_274c83.mp4,764,50.0,640,480,combined,detect_combined,Flooded,deeplabv3plus,False,False,0,tensorrt,tensorrt,tensorrt,21.39,21.39,46.22,46.76,10.99,23.71,34.7,1421.32,28.0,8.0,1421.32,28.0,9.07,36.37,42.69,0.94,80.01,0.4072,False,False
1780909277.3510706,archive_flood_airfield_274c83,archive_flood_airfield_274c83.mp4,765,50.0,640,480,combined,detect_combined,Flooded,deeplabv3plus,False,False,0,tensorrt,tensorrt,tensorrt,23.71,23.71,41.82,42.18,8.27,22.04,30.31,1421.32,23.9,8.0,1421.32,23.9,9.07,36.37,42.69,0.94,80.01,0.4114,False,False
1780909277.4357176,archive_flood_airfield_274c83,archive_flood_airfield_274c83.mp4,766,50.0,640,480,combined,detect_combined,Flooded,deeplabv3plus,False,False,0,tensorrt,tensorrt,tensorrt,24.64,24.64,40.2,40.58,6.77,12.62,19.39,1421.32,27.5,8.0,1421.32,27.5,9.07,36.37,42.69,0.94,80.01,0.3766,False,False
1780909277.519307,archive_flood_airfield_274c83,archive_flood_airfield_274c83.mp4,767,50.0,640,480,combined,detect_combined,Flooded,deeplabv3plus,False,False,0,tensorrt,tensorrt,tensorrt,22.6,22.6,43.86,44.26,9.99,21.92,31.910000000000004,1421.32,25.0,8.0,1421.32,25.0,9.07,36.37,42.69,0.94,80.01,0.3777,False,False
1780909277.6060712,archive_flood_airfield_274c83,archive_flood_airfield_274c83.mp4,768,50.0,640,480,combined,detect_combined,Flooded,deeplabv3plus,False,False,0,tensorrt,tensorrt,tensorrt,20.58,20.58,48.2,48.6,10.0,25.78,35.78,1421.32,28.3,8.0,1421.32,28.3,9.07,36.37,42.69,0.94,80.01,0.2977,False,False
1780909277.6974525,archive_flood_airfield_274c83,archive_flood_airfield_274c83.mp4,769,50.0,640,480,combined,detect_combined,Flooded,deeplabv3plus,False,False,0,tensorrt,tensorrt,tensorrt,20.46,20.46,48.44,48.87,14.63,17.62,32.25,1421.32,29.1,8.0,1421.32,29.1,9.07,36.37,42.69,0.94,80.01,0.264,False,False
1780909277.8181906,archive_flood_airfield_274c83,archive_flood_airfield_274c83.mp4,770,50.0,640,480,combined,detect_combined,Flooded,deeplabv3plus,False,False,0,tensorrt,tensorrt,tensorrt,15.12,15.12,65.72,66.14,11.65,17.28,28.93,1421.52,37.7,8.0,1421.52,37.7,9.07,36.37,42.69,0.94,80.01,0.2572,False,False
1780909277.9073665,archive_flood_airfield_274c83,archive_flood_airfield_274c83.mp4,771,50.0,640,480,combined,detect_combined,Flooded,deeplabv3plus,False,False,0,tensorrt,tensorrt,tensorrt,24.02,24.02,41.22,41.63,8.57,18.39,26.96,1421.52,50.0,8.0,1421.52,50.0,9.07,36.37,42.69,0.94,80.01,0.2279,False,False
1780909277.9918091,archive_flood_airfield_274c83,archive_flood_airfield_274c83.mp4,772,50.0,640,480,combined,detect_combined,Flooded,deeplabv3plus,False,False,0,tensorrt,tensorrt,tensorrt,21.62,21.62,45.73,46.26,7.88,14.89,22.77,1421.52,40.4,8.0,1421.52,40.4,9.07,36.37,42.69,0.94,80.01,0.3118,False,False
1780909278.0754123,archive_flood_airfield_274c83,archive_flood_airfield_274c83.mp4,773,50.0,640,480,combined,detect_combined,Flooded,deeplabv3plus,False,False,0,tensorrt,tensorrt,tensorrt,22.87,22.87,43.32,43.73,7.46,14.73,22.19,1421.52,42.9,8.0,1421.52,42.9,9.07,36.37,42.69,0.94,80.01,0.2564,False,False
1780909278.1683917,archive_flood_airfield_274c83,archive_flood_airfield_274c83.mp4,774,50.0,640,480,combined,detect_combined,Flooded,deeplabv3plus,False,False,0,tensorrt,tensorrt,tensorrt,18.26,18.26,54.34,54.77,15.11,25.99,41.099999999999994,1421.52,40.4,8.0,1421.52,40.4,9.07,36.37,42.69,0.94,80.01,0.2792,False,False
1780909278.2735395,archive_flood_airfield_274c83,archive_flood_airfield_274c83.mp4,775,50.0,640,480,combined,detect_combined,Flooded,deeplabv3plus,False,False,0,tensorrt,tensorrt,tensorrt,17.65,17.65,56.19,56.64,14.37,23.72,38.089999999999996,1421.52,30.2,8.0,1421.52,30.2,9.07,36.37,42.69,0.94,80.01,0.3033,False,False
1780909278.3753273,archive_flood_airfield_274c83,archive_flood_airfield_274c83.mp4,776,50.0,640,480,combined,detect_combined,Flooded,deeplabv3plus,False,False,0,tensorrt,tensorrt,tensorrt,23.1,23.1,42.88,43.29,12.7,17.02,29.72,1421.52,28.3,8.0,1421.52,28.3,9.07,36.37,42.69,0.94,80.01,0.2194,False,False
1780909278.4732957,archive_flood_airfield_274c83,archive_flood_airfield_274c83.mp4,777,50.0,640,480,combined,detect_combined,Non-Flooded,resnet18,True,False,0,tensorrt,tensorrt,tensorrt,20.56,20.56,48.1,48.63,7.84,15.41,23.25,1421.52,28.1,8.0,1421.52,28.1,9.07,36.37,42.69,0.94,80.01,0.1969,False,False
1780909278.5685985,archive_flood_airfield_274c83,archive_flood_airfield_274c83.mp4,778,50.0,640,480,combined,detect_combined,Flooded,deeplabv3plus,True,False,0,tensorrt,tensorrt,tensorrt,22.29,22.29,44.28,44.85,7.77,23.15,30.919999999999998,1421.52,31.7,8.0,1421.52,31.7,9.07,36.37,42.69,0.94,80.01,0.2052,False,False
1780909278.6682417,archive_flood_airfield_274c83,archive_flood_airfield_274c83.mp4,779,50.0,640,480,combined,detect_combined,Flooded,deeplabv3plus,False,False,0,tensorrt,tensorrt,tensorrt,19.75,19.75,50.19,50.63,12.5,24.36,36.86,1421.52,29.5,7.54,1421.52,29.5,9.07,36.37,42.69,0.94,80.01,0.2266,False,False
1780909278.7702973,archive_flood_airfield_274c83,archive_flood_airfield_274c83.mp4,780,50.0,640,480,combined,detect_combined,Flooded,deeplabv3plus,False,False,0,tensorrt,tensorrt,tensorrt,19.38,19.38,51.17,51.61,11.36,26.44,37.8,1421.52,31.7,7.54,1421.52,31.7,9.07,36.37,42.69,0.94,80.01,0.3477,False,False
1780909278.8729033,archive_flood_airfield_274c83,archive_flood_airfield_274c83.mp4,781,50.0,640,480,combined,detect_combined,Flooded,deeplabv3plus,False,False,0,tensorrt,tensorrt,tensorrt,18.78,18.78,52.82,53.26,10.98,23.9,34.879999999999995,1421.52,29.0,7.54,1421.52,29.0,9.07,36.37,42.69,0.94,80.01,0.2621,False,False
1780909278.9587262,archive_flood_airfield_274c83,archive_flood_airfield_274c83.mp4,782,50.0,640,480,combined,detect_combined,Flooded,deeplabv3plus,False,False,0,tensorrt,tensorrt,tensorrt,23.78,23.78,41.68,42.06,7.43,16.89,24.32,1421.52,25.5,7.54,1421.52,25.5,9.07,36.37,42.69,0.94,80.01,0.2151,False,False
1780909279.0404854,archive_flood_airfield_274c83,archive_flood_airfield_274c83.mp4,783,50.0,640,480,combined,detect_combined,Non-Flooded,resnet18,True,False,0,tensorrt,tensorrt,tensorrt,24.7,24.7,39.97,40.48,7.57,14.91,22.48,1421.52,30.6,7.54,1421.52,30.6,9.07,36.37,42.69,0.94,80.01,0.1877,False,False
1780909279.122736,archive_flood_airfield_274c83,archive_flood_airfield_274c83.mp4,784,50.0,640,480,combined,detect_combined,Non-Flooded,resnet18,False,False,0,tensorrt,tensorrt,tensorrt,22.49,22.49,44.05,44.47,6.54,15.11,21.65,1421.52,42.9,7.54,1421.52,42.9,9.07,36.37,42.69,0.94,80.01,0.1991,False,False
1780909279.2062418,archive_flood_airfield_274c83,archive_flood_airfield_274c83.mp4,785,50.0,640,480,combined,detect_combined,Non-Flooded,resnet18,False,False,0,tensorrt,tensorrt,tensorrt,23.17,23.17,42.72,43.15,8.34,16.56,24.9,1421.52,46.9,7.38,1421.52,46.9,9.07,36.37,42.69,0.94,80.01,0.1452,False,False
1780909279.2860594,archive_flood_airfield_274c83,archive_flood_airfield_274c83.mp4,786,50.0,640,480,combined,detect_combined,Non-Flooded,resnet18,False,False,0,tensorrt,tensorrt,tensorrt,25.01,25.01,39.59,39.98,7.98,15.53,23.509999999999998,1421.52,46.7,7.38,1421.52,46.7,9.07,36.37,42.69,0.94,80.01,0.1351,False,False
1780909279.360664,archive_flood_airfield_274c83,archive_flood_airfield_274c83.mp4,787,50.0,640,480,combined,detect_combined,Non-Flooded,resnet18,False,False,0,tensorrt,tensorrt,tensorrt,23.63,23.63,41.96,42.32,8.04,22.37,30.41,1421.52,45.5,7.38,1421.52,45.5,9.07,36.37,42.69,0.94,80.01,0.1478,False,False
1780909279.444962,archive_flood_airfield_274c83,archive_flood_airfield_274c83.mp4,788,50.0,640,480,combined,detect_combined,Non-Flooded,resnet18,False,False,0,tensorrt,tensorrt,tensorrt,22.29,22.29,44.49,44.86,10.93,22.16,33.09,1421.52,48.1,7.38,1421.52,48.1,9.07,36.37,42.69,0.94,80.01,0.1367,False,False
1780909279.5275867,archive_flood_airfield_274c83,archive_flood_airfield_274c83.mp4,789,50.0,640,480,combined,detect_combined,Non-Flooded,resnet18,False,False,0,tensorrt,tensorrt,tensorrt,22.24,22.24,44.61,44.97,11.01,22.69,33.7,1421.52,23.4,7.38,1421.52,23.4,9.07,36.37,42.69,0.94,80.01,0.119,False,False
1780909279.6125758,archive_flood_airfield_274c83,archive_flood_airfield_274c83.mp4,790,50.0,640,480,combined,detect_combined,Non-Flooded,resnet18,False,False,0,tensorrt,tensorrt,tensorrt,21.96,21.96,45.15,45.54,10.03,23.71,33.74,1421.52,22.9,7.38,1421.52,22.9,9.07,36.37,42.69,0.94,80.01,0.0951,False,False
1780909279.6994755,archive_flood_airfield_274c83,archive_flood_airfield_274c83.mp4,791,50.0,640,480,combined,detect_combined,Non-Flooded,resnet18,False,False,0,tensorrt,tensorrt,tensorrt,22.42,22.42,44.24,44.61,8.0,12.78,20.78,1421.52,27.5,7.38,1421.52,27.5,9.07,36.37,42.69,0.94,80.01,0.1591,False,False
1780909279.7969735,archive_flood_airfield_274c83,archive_flood_airfield_274c83.mp4,792,50.0,640,480,combined,detect_combined,Non-Flooded,resnet18,False,False,0,tensorrt,tensorrt,tensorrt,19.52,19.52,50.8,51.24,13.9,23.66,37.56,1421.52,25.0,7.54,1421.52,25.0,9.07,36.37,42.69,0.94,80.01,0.1602,False,False
1780909279.8951607,archive_flood_airfield_274c83,archive_flood_airfield_274c83.mp4,793,50.0,640,480,combined,detect_combined,Non-Flooded,resnet18,False,False,0,tensorrt,tensorrt,tensorrt,19.44,19.44,51.04,51.44,15.38,23.47,38.85,1421.52,25.9,7.54,1421.52,25.9,9.07,36.37,42.69,0.94,80.01,0.1767,False,False
1780909279.9769418,archive_flood_airfield_274c83,archive_flood_airfield_274c83.mp4,794,50.0,640,480,combined,detect_combined,Non-Flooded,resnet18,False,False,0,tensorrt,tensorrt,tensorrt,21.02,21.02,47.22,47.57,13.64,22.62,36.260000000000005,1421.52,23.9,7.54,1421.52,23.9,9.07,36.37,42.69,0.94,80.01,0.1538,False,False
1780909280.060581,archive_flood_airfield_274c83,archive_flood_airfield_274c83.mp4,795,50.0,640,480,combined,detect_combined,Non-Flooded,resnet18,False,False,0,tensorrt,tensorrt,tensorrt,19.98,19.98,49.56,50.05,14.7,23.07,37.769999999999996,1421.52,26.5,7.54,1421.52,26.5,9.07,36.37,42.69,0.94,80.01,0.187,False,False
1780909280.1442647,archive_flood_airfield_274c83,archive_flood_airfield_274c83.mp4,796,50.0,640,480,combined,detect_combined,Flooded,deeplabv3plus,True,False,0,tensorrt,tensorrt,tensorrt,23.85,23.85,41.5,41.93,8.42,21.66,30.08,1421.52,33.3,7.54,1421.52,33.3,9.07,36.37,42.69,0.94,80.01,0.2132,False,False
1780909280.2346632,archive_flood_airfield_274c83,archive_flood_airfield_274c83.mp4,797,50.0,640,480,combined,detect_combined,Flooded,deeplabv3plus,False,False,0,tensorrt,tensorrt,tensorrt,21.19,21.19,46.76,47.19,11.9,13.65,25.55,1421.52,25.5,7.54,1421.52,25.5,9.07,36.37,42.69,0.94,80.01,0.2725,False,False
1780909280.3497727,archive_flood_airfield_274c83,archive_flood_airfield_274c83.mp4,798,50.0,640,480,combined,detect_combined,Flooded,deeplabv3plus,False,False,0,tensorrt,tensorrt,tensorrt,16.55,16.55,59.91,60.41,16.06,30.41,46.47,1421.52,34.5,7.69,1421.52,34.5,9.07,36.37,42.69,0.94,80.01,0.2686,False,False
1780909280.4369173,archive_flood_airfield_274c83,archive_flood_airfield_274c83.mp4,799,50.0,640,480,combined,detect_combined,Flooded,deeplabv3plus,False,False,0,tensorrt,tensorrt,tensorrt,21.16,21.16,46.84,47.26,7.82,17.2,25.02,1421.52,53.6,7.69,1421.52,53.6,9.07,36.37,42.69,0.94,80.01,0.2992,False,False
1780909280.520893,archive_flood_airfield_274c83,archive_flood_airfield_274c83.mp4,800,50.0,640,480,combined,detect_combined,Flooded,deeplabv3plus,False,False,0,tensorrt,tensorrt,tensorrt,23.16,23.16,42.73,43.18,6.87,14.97,21.84,1421.52,49.0,7.69,1421.52,49.0,9.07,36.37,42.69,0.94,80.01,0.2409,False,False
1780909280.6011837,archive_flood_airfield_274c83,archive_flood_airfield_274c83.mp4,801,50.0,640,480,combined,detect_combined,Flooded,deeplabv3plus,False,False,0,tensorrt,tensorrt,tensorrt,22.97,22.97,43.16,43.54,7.38,14.38,21.76,1421.52,44.7,7.69,1421.52,44.7,9.07,36.37,42.69,0.94,80.01,0.223,False,False
1780909280.6728158,archive_flood_airfield_274c83,archive_flood_airfield_274c83.mp4,802,50.0,640,480,combined,detect_combined,Flooded,deeplabv3plus,False,False,0,tensorrt,tensorrt,tensorrt,25.34,25.34,39.08,39.47,6.03,13.73,19.76,1421.52,53.5,7.69,1421.52,53.5,9.07,36.37,42.69,0.94,80.01,0.2347,False,False
1780909280.7603388,archive_flood_airfield_274c83,archive_flood_airfield_274c83.mp4,803,50.0,640,480,combined,detect_combined,Flooded,deeplabv3plus,False,False,0,tensorrt,tensorrt,tensorrt,19.28,19.28,51.43,51.87,6.48,13.66,20.14,1421.52,29.4,7.69,1421.52,29.4,9.07,36.37,42.69,0.94,80.01,0.2659,False,False
1780909280.8477266,archive_flood_airfield_274c83,archive_flood_airfield_274c83.mp4,804,50.0,640,480,combined,detect_combined,Flooded,deeplabv3plus,False,False,0,tensorrt,tensorrt,tensorrt,22.26,22.26,44.59,44.92,7.22,19.85,27.07,1421.52,27.5,7.69,1421.52,27.5,9.07,36.37,42.69,0.94,80.01,0.2854,False,False
1780909280.9438326,archive_flood_airfield_274c83,archive_flood_airfield_274c83.mp4,805,50.0,640,480,combined,detect_combined,Flooded,deeplabv3plus,False,False,0,tensorrt,tensorrt,tensorrt,20.25,20.25,48.91,49.39,12.26,24.28,36.54,1421.52,26.3,7.69,1421.52,26.3,9.07,36.37,42.69,0.94,80.01,0.2575,False,False
1780909281.0333893,archive_flood_airfield_274c83,archive_flood_airfield_274c83.mp4,806,50.0,640,480,combined,detect_combined,Flooded,deeplabv3plus,False,False,0,tensorrt,tensorrt,tensorrt,20.98,20.98,47.26,47.66,11.4,13.89,25.29,1421.52,26.9,7.69,1421.52,26.9,9.07,36.37,42.69,0.94,80.01,0.2596,False,False
1780909281.1201193,archive_flood_airfield_274c83,archive_flood_airfield_274c83.mp4,807,50.0,640,480,combined,detect_combined,Flooded,deeplabv3plus,False,False,0,tensorrt,tensorrt,tensorrt,22.02,22.02,45.01,45.4,11.11,17.06,28.169999999999998,1421.52,27.5,7.69,1421.52,27.5,9.07,36.37,42.69,0.94,80.01,0.2246,False,False
1780909281.2117422,archive_flood_airfield_274c83,archive_flood_airfield_274c83.mp4,808,50.0,640,480,combined,detect_combined,Non-Flooded,resnet18,True,False,0,tensorrt,tensorrt,tensorrt,21.56,21.56,45.88,46.38,7.45,25.11,32.56,1421.52,39.3,7.69,1421.52,39.3,9.07,36.37,42.69,0.94,80.01,0.1812,False,False
1780909281.310648,archive_flood_airfield_274c83,archive_flood_airfield_274c83.mp4,809,50.0,640,480,combined,detect_combined,Flooded,deeplabv3plus,True,False,0,tensorrt,tensorrt,tensorrt,19.92,19.92,49.64,50.19,12.56,23.79,36.35,1421.52,26.3,7.69,1421.52,26.3,9.07,36.37,42.69,0.94,80.01,0.2233,False,False
1780909281.4105027,archive_flood_airfield_274c83,archive_flood_airfield_274c83.mp4,810,50.0,640,480,combined,detect_combined,Flooded,deeplabv3plus,False,False,0,tensorrt,tensorrt,tensorrt,19.21,19.21,51.66,52.07,15.34,22.82,38.16,1421.52,24.6,7.69,1421.52,24.6,9.07,36.37,42.69,0.94,80.01,0.2074,False,False
1780909281.5124166,archive_flood_airfield_274c83,archive_flood_airfield_274c83.mp4,811,50.0,640,480,combined,detect_combined,Flooded,deeplabv3plus,False,False,0,tensorrt,tensorrt,tensorrt,19.1,19.1,51.96,52.37,13.27,15.35,28.619999999999997,1421.52,34.4,7.54,1421.52,34.4,9.07,36.37,42.69,0.94,80.01,0.2088,False,False
1780909281.5988808,archive_flood_airfield_274c83,archive_flood_airfield_274c83.mp4,812,50.0,640,480,combined,detect_combined,Flooded,deeplabv3plus,False,False,0,tensorrt,tensorrt,tensorrt,22.88,22.88,43.28,43.7,7.18,16.25,23.43,1421.52,50.9,7.54,1421.52,50.9,9.07,36.37,42.69,0.94,80.01,0.2256,False,False
1780909281.6805804,archive_flood_airfield_274c83,archive_flood_airfield_274c83.mp4,813,50.0,640,480,combined,detect_combined,Flooded,deeplabv3plus,False,False,0,tensorrt,tensorrt,tensorrt,24.22,24.22,40.83,41.29,7.68,15.4,23.08,1421.52,48.9,7.54,1421.52,48.9,9.07,36.37,42.69,0.94,80.01,0.2643,False,False
1780909281.762479,archive_flood_airfield_274c83,archive_flood_airfield_274c83.mp4,814,50.0,640,480,combined,detect_combined,Flooded,deeplabv3plus,False,False,0,tensorrt,tensorrt,tensorrt,25.16,25.16,39.26,39.74,7.89,12.94,20.83,1421.52,56.0,7.54,1421.52,56.0,9.07,36.37,42.69,0.94,80.01,0.2961,False,False
1780909281.8349333,archive_flood_airfield_274c83,archive_flood_airfield_274c83.mp4,815,50.0,640,480,combined,detect_combined,Flooded,deeplabv3plus,False,False,0,tensorrt,tensorrt,tensorrt,23.66,23.66,41.92,42.27,9.5,18.33,27.83,1421.52,45.2,7.54,1421.52,45.2,9.07,36.37,42.69,0.94,80.01,0.2801,False,False
1780909281.9126172,archive_flood_airfield_274c83,archive_flood_airfield_274c83.mp4,816,50.0,640,480,combined,detect_combined,Flooded,deeplabv3plus,False,False,0,tensorrt,tensorrt,tensorrt,22.23,22.23,44.6,44.99,6.57,18.23,24.8,1421.52,26.7,7.54,1421.52,26.7,9.07,36.37,42.69,0.94,80.01,0.2326,False,False
1780909282.0061197,archive_flood_airfield_274c83,archive_flood_airfield_274c83.mp4,817,50.0,640,480,combined,detect_combined,Flooded,deeplabv3plus,False,False,0,tensorrt,tensorrt,tensorrt,20.68,20.68,47.97,48.36,14.05,21.89,35.94,1421.52,25.5,7.54,1421.52,25.5,9.07,36.37,42.69,0.94,80.01,0.2774,False,False
1780909282.0947256,archive_flood_airfield_274c83,archive_flood_airfield_274c83.mp4,818,50.0,640,480,combined,detect_combined,Non-Flooded,resnet18,True,False,0,tensorrt,tensorrt,tensorrt,23.61,23.61,41.83,42.36,7.51,17.09,24.6,1421.52,29.4,7.85,1421.52,29.4,9.07,36.37,42.69,0.94,80.01,0.1208,False,False
1780909282.179248,archive_flood_airfield_274c83,archive_flood_airfield_274c83.mp4,819,50.0,640,480,combined,detect_combined,Non-Flooded,resnet18,False,False,0,tensorrt,tensorrt,tensorrt,24.04,24.04,41.2,41.59,5.76,12.06,17.82,1421.52,25.0,7.85,1421.52,25.0,9.07,36.37,42.69,0.94,80.01,0.1224,False,False
1780909282.2636406,archive_flood_airfield_274c83,archive_flood_airfield_274c83.mp4,820,50.0,640,480,combined,detect_combined,Non-Flooded,resnet18,False,False,0,tensorrt,tensorrt,tensorrt,21.03,21.03,47.14,47.54,7.14,21.62,28.76,1421.52,29.2,7.85,1421.52,29.2,9.07,36.37,42.69,0.94,80.01,0.1481,False,False
1780909282.3437746,archive_flood_airfield_274c83,archive_flood_airfield_274c83.mp4,821,50.0,640,480,combined,detect_combined,Non-Flooded,resnet18,False,False,0,tensorrt,tensorrt,tensorrt,23.56,23.56,41.93,42.45,6.99,18.8,25.79,1421.52,35.3,7.85,1421.52,35.3,9.07,36.37,42.69,0.94,80.01,0.1429,False,False
1780909282.4305003,archive_flood_airfield_274c83,archive_flood_airfield_274c83.mp4,822,50.0,640,480,combined,detect_combined,Flooded,deeplabv3plus,True,False,0,tensorrt,tensorrt,tensorrt,21.37,21.37,46.28,46.78,7.11,18.55,25.66,1421.52,27.5,7.85,1421.52,27.5,9.07,36.37,42.69,0.94,80.01,0.2555,False,False
1780909282.5300603,archive_flood_airfield_274c83,archive_flood_airfield_274c83.mp4,823,50.0,640,480,combined,detect_combined,Flooded,deeplabv3plus,False,False,0,tensorrt,tensorrt,tensorrt,22.95,22.95,43.14,43.58,7.44,15.26,22.7,1421.52,34.4,7.85,1421.52,34.4,9.07,36.37,42.69,0.94,80.01,0.2645,False,False
1780909282.6247764,archive_flood_airfield_274c83,archive_flood_airfield_274c83.mp4,824,50.0,640,480,combined,detect_combined,Flooded,deeplabv3plus,False,False,0,tensorrt,tensorrt,tensorrt,21.55,21.55,45.99,46.41,7.86,24.94,32.800000000000004,1421.52,24.1,7.85,1421.52,24.1,9.07,36.37,42.69,0.94,80.01,0.2861,False,False
1780909282.718535,archive_flood_airfield_274c83,archive_flood_airfield_274c83.mp4,825,50.0,640,480,combined,detect_combined,Non-Flooded,resnet18,True,False,0,tensorrt,tensorrt,tensorrt,21.66,21.66,45.6,46.16,12.35,22.61,34.96,1421.52,40.4,7.38,1421.52,40.4,9.07,36.37,42.69,0.94,80.01,0.1521,False,False
1780909282.8251014,archive_flood_airfield_274c83,archive_flood_airfield_274c83.mp4,826,50.0,640,480,combined,detect_combined,Non-Flooded,resnet18,False,False,0,tensorrt,tensorrt,tensorrt,15.02,15.02,66.0,66.58,12.27,33.88,46.150000000000006,1421.52,48.4,7.38,1421.52,48.4,9.07,36.37,42.69,0.94,80.01,0.196,False,False
1780909282.9195533,archive_flood_airfield_274c83,archive_flood_airfield_274c83.mp4,827,50.0,640,480,combined,detect_combined,Non-Flooded,resnet18,False,False,0,tensorrt,tensorrt,tensorrt,24.94,24.94,39.73,40.09,7.15,21.73,28.880000000000003,1421.52,50.9,7.38,1421.52,50.9,9.07,36.37,42.69,0.94,80.01,0.0869,False,False
1780909282.9854813,archive_flood_airfield_274c83,archive_flood_airfield_274c83.mp4,828,50.0,640,480,combined,detect_combined,Non-Flooded,resnet18,False,False,0,tensorrt,tensorrt,tensorrt,26.48,26.48,37.39,37.76,6.11,11.66,17.77,1421.52,47.5,7.38,1421.52,47.5,9.07,36.37,42.69,0.94,80.01,0.1984,False,False
1780909283.0515828,archive_flood_airfield_274c83,archive_flood_airfield_274c83.mp4,829,50.0,640,480,combined,detect_combined,Flooded,deeplabv3plus,True,False,0,tensorrt,tensorrt,tensorrt,26.01,26.01,37.98,38.45,7.4,10.71,18.11,1421.52,50.0,7.38,1421.52,50.0,9.07,36.37,42.69,0.94,80.01,0.2566,False,False
1780909283.1274924,archive_flood_airfield_274c83,archive_flood_airfield_274c83.mp4,830,50.0,640,480,combined,detect_combined,Non-Flooded,resnet18,True,False,0,tensorrt,tensorrt,tensorrt,22.0,22.0,45.0,45.46,5.5,18.16,23.66,1421.52,45.5,7.38,1421.52,45.5,9.07,36.37,42.69,0.94,80.01,0.1201,False,False
1780909283.1968424,archive_flood_airfield_274c83,archive_flood_airfield_274c83.mp4,831,50.0,640,480,combined,detect_combined,Non-Flooded,resnet18,False,False,0,tensorrt,tensorrt,tensorrt,26.11,26.11,37.97,38.3,6.77,13.72,20.490000000000002,1421.52,40.5,7.38,1421.52,40.5,9.07,36.37,42.69,0.94,80.01,0.1082,False,False
1780909283.2591577,archive_flood_airfield_274c83,archive_flood_airfield_274c83.mp4,832,50.0,640,480,combined,detect_combined,Non-Flooded,resnet18,False,False,0,tensorrt,tensorrt,tensorrt,27.33,27.33,36.23,36.58,5.84,11.56,17.4,1421.52,36.8,8.46,1421.52,36.8,9.07,36.37,42.69,0.94,80.01,0.0656,False,False
1780909283.3300638,archive_flood_airfield_274c83,archive_flood_airfield_274c83.mp4,833,50.0,640,480,combined,detect_combined,Non-Flooded,resnet18,False,False,0,tensorrt,tensorrt,tensorrt,25.91,25.91,38.2,38.59,6.65,14.08,20.73,1421.52,31.0,8.46,1421.52,31.0,9.07,36.37,42.69,0.94,80.01,0.1081,False,False
1780909283.4190986,archive_flood_airfield_274c83,archive_flood_airfield_274c83.mp4,834,50.0,640,480,combined,detect_combined,Non-Flooded,resnet18,False,False,0,tensorrt,tensorrt,tensorrt,23.04,23.04,43.05,43.41,8.92,22.33,31.25,1421.52,22.0,8.46,1421.52,22.0,9.07,36.37,42.69,0.94,80.01,0.1816,False,False
1780909283.5086608,archive_flood_airfield_274c83,archive_flood_airfield_274c83.mp4,835,50.0,640,480,combined,detect_combined,Flooded,deeplabv3plus,True,False,0,tensorrt,tensorrt,tensorrt,21.42,21.42,46.13,46.69,8.7,13.79,22.49,1421.52,25.0,8.46,1421.52,25.0,9.07,36.37,42.69,0.94,80.01,0.2457,False,False
1780909283.6014576,archive_flood_airfield_274c83,archive_flood_airfield_274c83.mp4,836,50.0,640,480,combined,detect_combined,Flooded,deeplabv3plus,False,False,0,tensorrt,tensorrt,tensorrt,21.75,21.75,45.65,45.98,11.1,22.94,34.04,1421.52,28.6,8.46,1421.52,28.6,9.07,36.37,42.69,0.94,80.01,0.2418,False,False
1780909283.6893911,archive_flood_airfield_274c83,archive_flood_airfield_274c83.mp4,837,50.0,640,480,combined,detect_combined,Non-Flooded,resnet18,True,False,0,tensorrt,tensorrt,tensorrt,18.63,18.63,53.14,53.69,14.71,23.49,38.2,1421.52,28.8,8.46,1421.52,28.8,9.07,36.37,42.69,0.94,80.01,0.1769,False,False
1780909283.774817,archive_flood_airfield_274c83,archive_flood_airfield_274c83.mp4,838,50.0,640,480,combined,detect_combined,Flooded,deeplabv3plus,True,False,0,tensorrt,tensorrt,tensorrt,22.53,22.53,43.88,44.39,7.3,18.22,25.52,1421.52,27.1,8.46,1421.52,27.1,9.07,36.37,42.69,0.94,80.01,0.2562,False,False
1780909283.8680823,archive_flood_airfield_274c83,archive_flood_airfield_274c83.mp4,839,50.0,640,480,combined,detect_combined,Flooded,deeplabv3plus,False,False,0,tensorrt,tensorrt,tensorrt,21.51,21.51,45.82,46.48,8.91,23.76,32.67,1421.52,27.8,7.69,1421.52,27.8,9.07,36.37,42.69,0.94,80.01,0.2867,False,False
1780909283.9584558,archive_flood_airfield_274c83,archive_flood_airfield_274c83.mp4,840,50.0,640,480,combined,detect_combined,Flooded,deeplabv3plus,False,False,0,tensorrt,tensorrt,tensorrt,22.14,22.14,44.78,45.17,7.66,17.09,24.75,1421.52,28.3,7.69,1421.52,28.3,9.07,36.37,42.69,0.94,80.01,0.3527,False,False
1780909284.0495691,archive_flood_airfield_274c83,archive_flood_airfield_274c83.mp4,841,50.0,640,480,combined,detect_combined,Flooded,deeplabv3plus,False,False,0,tensorrt,tensorrt,tensorrt,19.67,19.67,50.43,50.84,14.92,23.76,38.68,1421.52,43.4,7.69,1421.52,43.4,9.07,36.37,42.69,0.94,80.01,0.2975,False,False
1780909284.1218503,archive_flood_airfield_274c83,archive_flood_airfield_274c83.mp4,842,50.0,640,480,combined,detect_combined,Flooded,deeplabv3plus,False,False,0,tensorrt,tensorrt,tensorrt,23.51,23.51,42.16,42.53,6.88,12.51,19.39,1421.52,54.5,7.69,1421.52,54.5,9.07,36.37,42.69,0.94,80.01,0.2837,False,False
1780909284.191839,archive_flood_airfield_274c83,archive_flood_airfield_274c83.mp4,843,50.0,640,480,combined,detect_combined,Flooded,deeplabv3plus,False,False,0,tensorrt,tensorrt,tensorrt,24.47,24.47,40.51,40.86,6.09,13.27,19.36,1421.52,50.0,7.69,1421.52,50.0,9.07,36.37,42.69,0.94,80.01,0.2094,False,False
1780909284.2601502,archive_flood_airfield_274c83,archive_flood_airfield_274c83.mp4,844,50.0,640,480,combined,detect_combined,Flooded,deeplabv3plus,False,False,0,tensorrt,tensorrt,tensorrt,26.63,26.63,37.22,37.56,5.76,12.8,18.560000000000002,1421.52,43.9,7.69,1421.52,43.9,9.07,36.37,42.69,0.94,80.01,0.4521,False,False
1780909284.339915,archive_flood_airfield_274c83,archive_flood_airfield_274c83.mp4,845,50.0,640,480,combined,detect_combined,Flooded,deeplabv3plus,False,False,0,tensorrt,tensorrt,tensorrt,25.79,25.79,38.4,38.77,13.75,12.75,26.5,1421.52,41.3,7.69,1421.52,41.3,9.07,36.37,42.69,0.94,80.01,0.5788,False,False
1780909284.4114764,archive_flood_airfield_274c83,archive_flood_airfield_274c83.mp4,846,50.0,640,480,combined,detect_combined,Flooded,deeplabv3plus,False,False,0,tensorrt,tensorrt,tensorrt,23.55,23.55,42.07,42.46,9.67,14.91,24.58,1421.52,36.6,7.69,1421.52,36.6,9.07,36.37,42.69,0.94,80.01,0.4913,False,False
1780909284.5006585,archive_flood_airfield_274c83,archive_flood_airfield_274c83.mp4,847,50.0,640,480,combined,detect_combined,Flooded,deeplabv3plus,False,False,0,tensorrt,tensorrt,tensorrt,20.52,20.52,48.35,48.73,11.79,23.19,34.980000000000004,1421.52,26.9,8.15,1421.52,26.9,9.07,36.37,42.69,0.94,80.01,0.5161,False,False
1780909284.5882604,archive_flood_airfield_274c83,archive_flood_airfield_274c83.mp4,848,50.0,640,480,combined,detect_combined,Flooded,deeplabv3plus,False,False,0,tensorrt,tensorrt,tensorrt,21.13,21.13,46.92,47.32,8.58,14.16,22.740000000000002,1421.52,24.0,8.15,1421.52,24.0,9.07,36.37,42.69,0.94,80.01,0.5538,False,False
1780909284.6812198,archive_flood_airfield_274c83,archive_flood_airfield_274c83.mp4,849,50.0,640,480,combined,detect_combined,Flooded,deeplabv3plus,False,False,0,tensorrt,tensorrt,tensorrt,19.88,19.88,49.91,50.31,15.02,23.24,38.26,1421.52,29.8,8.15,1421.52,29.8,9.07,36.37,42.69,0.94,80.01,0.5412,False,False
1780909284.7700708,archive_flood_airfield_274c83,archive_flood_airfield_274c83.mp4,850,50.0,640,480,combined,detect_combined,Flooded,deeplabv3plus,False,False,0,tensorrt,tensorrt,tensorrt,21.12,21.12,46.89,47.35,8.88,22.89,31.770000000000003,1421.52,24.0,8.15,1421.52,24.0,9.07,36.37,42.69,0.94,80.01,0.4827,False,False
1780909284.855589,archive_flood_airfield_274c83,archive_flood_airfield_274c83.mp4,851,50.0,640,480,combined,detect_combined,Flooded,deeplabv3plus,False,False,0,tensorrt,tensorrt,tensorrt,20.78,20.78,47.63,48.12,9.52,14.15,23.67,1421.52,26.5,8.15,1421.52,26.5,9.07,36.37,42.69,0.94,80.01,0.5441,False,False
1780909284.952869,archive_flood_airfield_274c83,archive_flood_airfield_274c83.mp4,852,50.0,640,480,combined,detect_combined,Flooded,deeplabv3plus,False,False,0,tensorrt,tensorrt,tensorrt,19.23,19.23,51.47,51.99,13.13,24.48,37.61,1421.52,28.8,8.15,1421.52,28.8,9.07,36.37,42.69,0.94,80.01,0.5687,False,False
1780909285.0507426,archive_flood_airfield_274c83,archive_flood_airfield_274c83.mp4,853,50.0,640,480,combined,detect_combined,Flooded,deeplabv3plus,False,False,0,tensorrt,tensorrt,tensorrt,19.24,19.24,51.51,51.97,14.82,23.23,38.05,1421.52,25.0,7.38,1421.52,25.0,9.07,36.37,42.69,0.94,80.01,0.5217,False,False
1780909285.148256,archive_flood_airfield_274c83,archive_flood_airfield_274c83.mp4,854,50.0,640,480,combined,detect_combined,Flooded,deeplabv3plus,False,False,0,tensorrt,tensorrt,tensorrt,19.16,19.16,51.82,52.2,15.24,24.35,39.59,1421.52,27.6,7.38,1421.52,27.6,9.07,36.37,42.69,0.94,80.01,0.5462,False,False
1780909285.2376056,archive_flood_airfield_274c83,archive_flood_airfield_274c83.mp4,855,50.0,640,480,combined,detect_combined,Flooded,deeplabv3plus,False,False,0,tensorrt,tensorrt,tensorrt,22.03,22.03,45.0,45.4,7.96,18.44,26.400000000000002,1421.52,26.9,7.38,1421.52,26.9,9.07,36.37,42.69,0.94,80.01,0.5875,False,False
1780909285.3430753,archive_flood_airfield_274c83,archive_flood_airfield_274c83.mp4,856,50.0,640,480,combined,detect_combined,Flooded,deeplabv3plus,False,False,0,tensorrt,tensorrt,tensorrt,17.34,17.34,57.22,57.65,14.08,25.84,39.92,1421.52,35.3,7.38,1421.52,35.3,9.07,36.37,42.69,0.94,80.01,0.5965,False,False
1780909285.428427,archive_flood_airfield_274c83,archive_flood_airfield_274c83.mp4,857,50.0,640,480,combined,detect_combined,Flooded,deeplabv3plus,False,False,0,tensorrt,tensorrt,tensorrt,21.53,21.53,46.08,46.46,11.81,21.4,33.21,1421.52,50.0,7.38,1421.52,50.0,9.07,36.37,42.69,0.94,80.01,0.529,False,False
1780909285.5098832,archive_flood_airfield_274c83,archive_flood_airfield_274c83.mp4,858,50.0,640,480,combined,detect_combined,Flooded,deeplabv3plus,False,False,0,tensorrt,tensorrt,tensorrt,24.37,24.37,40.67,41.04,6.84,14.92,21.759999999999998,1421.52,48.0,7.38,1421.52,48.0,9.07,36.37,42.69,0.94,80.01,0.5669,False,False
1780909285.588467,archive_flood_airfield_274c83,archive_flood_airfield_274c83.mp4,859,50.0,640,480,combined,detect_combined,Flooded,deeplabv3plus,False,False,0,tensorrt,tensorrt,tensorrt,23.76,23.76,41.7,42.09,7.53,14.83,22.36,1421.52,47.9,8.0,1421.52,47.9,9.07,36.37,42.69,0.94,80.01,0.5704,False,False
1780909285.672043,archive_flood_airfield_274c83,archive_flood_airfield_274c83.mp4,860,50.0,640,480,combined,detect_combined,Flooded,deeplabv3plus,False,False,0,tensorrt,tensorrt,tensorrt,22.2,22.2,44.6,45.04,7.61,15.14,22.75,1421.52,41.7,8.0,1421.52,41.7,9.07,36.37,42.69,0.94,80.01,0.582,False,False
1780909285.7540476,archive_flood_airfield_274c83,archive_flood_airfield_274c83.mp4,861,50.0,640,480,combined,detect_combined,Flooded,deeplabv3plus,False,False,0,tensorrt,tensorrt,tensorrt,21.39,21.39,46.33,46.74,6.94,14.3,21.240000000000002,1421.52,34.0,8.0,1421.52,34.0,9.07,36.37,42.69,0.94,80.01,0.4809,False,False
1780909285.84971,archive_flood_airfield_274c83,archive_flood_airfield_274c83.mp4,862,50.0,640,480,combined,detect_combined,Flooded,deeplabv3plus,False,False,0,tensorrt,tensorrt,tensorrt,23.01,23.01,43.04,43.46,7.36,20.7,28.06,1421.52,31.0,8.0,1421.52,31.0,9.07,36.37,42.69,0.94,80.01,0.5268,False,False
1780909285.9482346,archive_flood_airfield_274c83,archive_flood_airfield_274c83.mp4,863,50.0,640,480,combined,detect_combined,Flooded,deeplabv3plus,False,False,0,tensorrt,tensorrt,tensorrt,19.37,19.37,51.2,51.62,14.91,23.19,38.1,1421.52,30.0,8.0,1421.52,30.0,9.07,36.37,42.69,0.94,80.01,0.5064,False,False
1780909286.0474765,archive_flood_airfield_274c83,archive_flood_airfield_274c83.mp4,864,50.0,640,480,combined,detect_combined,Flooded,deeplabv3plus,False,False,0,tensorrt,tensorrt,tensorrt,21.87,21.87,45.39,45.73,9.34,23.02,32.36,1421.52,27.1,8.0,1421.52,27.1,9.07,36.37,42.69,0.94,80.01,0.5002,False,False
1780909286.1364043,archive_flood_airfield_274c83,archive_flood_airfield_274c83.mp4,865,50.0,640,480,combined,detect_combined,Flooded,deeplabv3plus,False,False,0,tensorrt,tensorrt,tensorrt,22.24,22.24,44.59,44.96,7.44,17.06,24.5,1421.52,31.5,8.0,1421.52,31.5,9.07,36.37,42.69,0.94,80.01,0.4139,False,False
1780909286.2131884,archive_flood_airfield_274c83,archive_flood_airfield_274c83.mp4,866,50.0,640,480,combined,detect_combined,Flooded,deeplabv3plus,False,False,0,tensorrt,tensorrt,tensorrt,25.29,25.29,39.16,39.55,5.97,12.49,18.46,1421.52,43.5,7.54,1421.52,43.5,9.07,36.37,42.69,0.94,80.01,0.2863,False,False
1780909286.2886841,archive_flood_airfield_274c83,archive_flood_airfield_274c83.mp4,867,50.0,640,480,combined,detect_combined,Flooded,deeplabv3plus,False,False,0,tensorrt,tensorrt,tensorrt,22.83,22.83,43.47,43.81,13.35,13.65,27.0,1421.52,30.2,7.54,1421.52,30.2,9.07,36.37,42.69,0.94,80.01,0.2528,False,False
1780909286.3681264,archive_flood_airfield_274c83,archive_flood_airfield_274c83.mp4,868,50.0,640,480,combined,detect_combined,Flooded,deeplabv3plus,False,False,0,tensorrt,tensorrt,tensorrt,25.68,25.68,38.2,38.94,7.52,9.58,17.1,1421.52,38.0,7.54,1421.52,38.0,9.07,36.37,42.69,0.94,80.01,0.3832,False,False
1780909286.4357471,archive_flood_airfield_274c83,archive_flood_airfield_274c83.mp4,869,50.0,640,480,combined,detect_combined,Flooded,deeplabv3plus,False,False,0,tensorrt,tensorrt,tensorrt,25.98,25.98,38.18,38.5,6.55,11.82,18.37,1421.52,23.1,7.54,1421.52,23.1,9.07,36.37,42.69,0.94,80.01,0.3346,False,False
1780909286.5025005,archive_flood_airfield_274c83,archive_flood_airfield_274c83.mp4,870,50.0,640,480,combined,detect_combined,Flooded,deeplabv3plus,False,False,0,tensorrt,tensorrt,tensorrt,26.9,26.9,36.76,37.18,6.56,13.11,19.669999999999998,1421.52,28.9,7.54,1421.52,28.9,9.07,36.37,42.69,0.94,80.01,0.3423,False,False
1780909286.5692697,archive_flood_airfield_274c83,archive_flood_airfield_274c83.mp4,871,50.0,640,480,combined,detect_combined,Flooded,deeplabv3plus,False,False,0,tensorrt,tensorrt,tensorrt,27.13,27.13,36.55,36.86,5.54,10.98,16.52,1421.52,28.2,7.54,1421.52,28.2,9.07,36.37,42.69,0.94,80.01,0.5408,False,False
1780909286.637059,archive_flood_airfield_274c83,archive_flood_airfield_274c83.mp4,872,50.0,640,480,combined,detect_combined,Flooded,deeplabv3plus,False,False,0,tensorrt,tensorrt,tensorrt,26.38,26.38,37.55,37.9,6.37,13.35,19.72,1421.52,44.7,7.54,1421.52,44.7,9.07,36.37,42.69,0.94,80.01,0.5153,False,False
1780909286.7266269,archive_flood_airfield_274c83,archive_flood_airfield_274c83.mp4,873,50.0,640,480,combined,detect_combined,Flooded,deeplabv3plus,False,False,0,tensorrt,tensorrt,tensorrt,20.39,20.39,48.6,49.06,14.21,22.94,37.150000000000006,1421.52,48.2,7.54,1421.52,48.2,9.07,36.37,42.69,0.94,80.01,0.4797,False,False
1780909286.8026068,archive_flood_airfield_274c83,archive_flood_airfield_274c83.mp4,874,50.0,640,480,combined,detect_combined,Flooded,deeplabv3plus,False,False,0,tensorrt,tensorrt,tensorrt,22.12,22.12,44.81,45.2,6.81,13.47,20.28,1421.52,44.4,8.0,1421.52,44.4,9.07,36.37,42.69,0.94,80.01,0.4468,False,False
1780909286.898876,archive_flood_airfield_274c83,archive_flood_airfield_274c83.mp4,875,50.0,640,480,combined,detect_combined,Flooded,deeplabv3plus,False,False,0,tensorrt,tensorrt,tensorrt,18.22,18.22,54.43,54.87,15.72,25.08,40.8,1421.52,42.9,8.0,1421.52,42.9,9.07,36.37,42.69,0.94,80.01,0.5735,False,False
1780909286.9947803,archive_flood_airfield_274c83,archive_flood_airfield_274c83.mp4,876,50.0,640,480,combined,detect_combined,Flooded,deeplabv3plus,False,False,0,tensorrt,tensorrt,tensorrt,19.44,19.44,50.98,51.43,15.72,21.95,37.67,1421.52,35.7,8.0,1421.52,35.7,9.07,36.37,42.69,0.94,80.01,0.5806,False,False
1780909287.0974464,archive_flood_airfield_274c83,archive_flood_airfield_274c83.mp4,877,50.0,640,480,combined,detect_combined,Flooded,deeplabv3plus,False,False,0,tensorrt,tensorrt,tensorrt,19.28,19.28,51.45,51.88,11.36,25.49,36.849999999999994,1421.52,26.7,8.0,1421.52,26.7,9.07,36.37,42.69,0.94,80.01,0.5849,False,False
1780909287.1981122,archive_flood_airfield_274c83,archive_flood_airfield_274c83.mp4,878,50.0,640,480,combined,detect_combined,Flooded,deeplabv3plus,False,False,0,tensorrt,tensorrt,tensorrt,18.83,18.83,52.64,53.1,12.87,26.43,39.3,1421.52,25.9,8.0,1421.52,25.9,9.07,36.37,42.69,0.94,80.01,0.5978,False,False
1780909287.2954009,archive_flood_airfield_274c83,archive_flood_airfield_274c83.mp4,879,50.0,640,480,combined,detect_combined,Flooded,deeplabv3plus,False,False,0,tensorrt,tensorrt,tensorrt,20.39,20.39,48.62,49.04,9.97,25.39,35.36,1421.52,28.1,8.0,1421.52,28.1,9.07,36.37,42.69,0.94,80.01,0.5847,False,False
1780909287.394987,archive_flood_airfield_274c83,archive_flood_airfield_274c83.mp4,880,50.0,640,480,combined,detect_combined,Flooded,deeplabv3plus,False,False,0,tensorrt,tensorrt,tensorrt,20.81,20.81,47.62,48.05,9.09,25.23,34.32,1421.52,23.2,7.54,1421.52,23.2,9.07,36.37,42.69,0.94,80.01,0.4953,False,False
1780909287.4921083,archive_flood_airfield_274c83,archive_flood_airfield_274c83.mp4,881,50.0,640,480,combined,detect_combined,Flooded,deeplabv3plus,False,False,0,tensorrt,tensorrt,tensorrt,22.62,22.62,43.81,44.2,8.95,22.99,31.939999999999998,1421.52,23.6,7.54,1421.52,23.6,9.07,36.37,42.69,0.94,80.01,0.4895,False,False
1780909287.5742996,archive_flood_airfield_274c83,archive_flood_airfield_274c83.mp4,882,50.0,640,480,combined,detect_combined,Flooded,deeplabv3plus,False,False,0,tensorrt,tensorrt,tensorrt,23.33,23.33,42.5,42.87,11.3,19.79,31.09,1421.52,28.6,7.54,1421.52,28.6,9.07,36.37,42.69,0.94,80.01,0.546,False,False
1780909287.6577713,archive_flood_airfield_274c83,archive_flood_airfield_274c83.mp4,883,50.0,640,480,combined,detect_combined,Flooded,deeplabv3plus,False,False,0,tensorrt,tensorrt,tensorrt,22.26,22.26,44.51,44.92,11.08,22.45,33.53,1421.52,26.5,7.54,1421.52,26.5,9.07,36.37,42.69,0.94,80.01,0.5466,False,False
1780909287.7433958,archive_flood_airfield_274c83,archive_flood_airfield_274c83.mp4,884,50.0,640,480,combined,detect_combined,Flooded,deeplabv3plus,False,False,0,tensorrt,tensorrt,tensorrt,19.78,19.78,50.14,50.56,12.94,24.03,36.97,1421.52,27.5,7.54,1421.52,27.5,9.07,36.37,42.69,0.94,80.01,0.5518,False,False
1780909287.8443627,archive_flood_airfield_274c83,archive_flood_airfield_274c83.mp4,885,50.0,640,480,combined,detect_combined,Flooded,deeplabv3plus,False,False,0,tensorrt,tensorrt,tensorrt,17.67,17.67,56.14,56.61,20.6,21.63,42.230000000000004,1421.53,34.6,7.54,1421.53,34.6,9.07,36.37,42.69,0.94,80.01,0.6001,False,False
1780909287.938057,archive_flood_airfield_274c83,archive_flood_airfield_274c83.mp4,886,50.0,640,480,combined,detect_combined,Flooded,deeplabv3plus,False,False,0,tensorrt,tensorrt,tensorrt,22.36,22.36,44.4,44.73,12.49,21.47,33.96,1421.53,48.1,7.69,1421.53,48.1,9.07,36.37,42.69,0.94,80.01,0.59,False,False
1780909288.014429,archive_flood_airfield_274c83,archive_flood_airfield_274c83.mp4,887,50.0,640,480,combined,detect_combined,Flooded,deeplabv3plus,False,False,0,tensorrt,tensorrt,tensorrt,22.24,22.24,44.44,44.97,6.16,18.02,24.18,1421.53,46.7,7.69,1421.53,46.7,9.07,36.37,42.69,0.94,80.01,0.5382,False,False
1780909288.08115,archive_flood_airfield_274c83,archive_flood_airfield_274c83.mp4,888,50.0,640,480,combined,detect_combined,Flooded,deeplabv3plus,False,False,0,tensorrt,tensorrt,tensorrt,26.29,26.29,37.7,38.04,6.11,11.81,17.92,1421.53,45.0,7.69,1421.53,45.0,9.07,36.37,42.69,0.94,80.01,0.5372,False,False
1780909288.1474721,archive_flood_airfield_274c83,archive_flood_airfield_274c83.mp4,889,50.0,640,480,combined,detect_combined,Flooded,deeplabv3plus,False,False,0,tensorrt,tensorrt,tensorrt,27.54,27.54,35.99,36.31,6.49,11.94,18.43,1421.53,48.8,7.69,1421.53,48.8,9.07,36.37,42.69,0.94,80.01,0.5694,False,False
1780909288.2146273,archive_flood_airfield_274c83,archive_flood_airfield_274c83.mp4,890,50.0,640,480,combined,detect_combined,Flooded,deeplabv3plus,False,False,0,tensorrt,tensorrt,tensorrt,25.18,25.18,39.4,39.71,6.15,11.51,17.66,1421.53,39.5,7.69,1421.53,39.5,9.07,36.37,42.69,0.94,80.01,0.5874,False,False
1780909288.2782652,archive_flood_airfield_274c83,archive_flood_airfield_274c83.mp4,891,50.0,640,480,combined,detect_combined,Flooded,deeplabv3plus,False,False,0,tensorrt,tensorrt,tensorrt,27.16,27.16,36.49,36.82,6.01,14.51,20.52,1421.53,44.7,7.69,1421.53,44.7,9.07,36.37,42.69,0.94,80.01,0.5684,False,False
1780909288.3638244,archive_flood_airfield_274c83,archive_flood_airfield_274c83.mp4,892,50.0,640,480,combined,detect_combined,Flooded,deeplabv3plus,False,False,0,tensorrt,tensorrt,tensorrt,21.94,21.94,45.2,45.57,6.65,19.03,25.68,1421.53,25.5,7.69,1421.53,25.5,9.07,36.37,42.69,0.94,80.01,0.5553,False,False
1780909288.4591851,archive_flood_airfield_274c83,archive_flood_airfield_274c83.mp4,893,50.0,640,480,combined,detect_combined,Flooded,deeplabv3plus,False,False,0,tensorrt,tensorrt,tensorrt,19.0,19.0,52.17,52.62,15.28,23.29,38.57,1421.53,25.0,7.69,1421.53,25.0,9.07,36.37,42.69,0.94,80.01,0.5784,False,False
1780909288.5593183,archive_flood_airfield_274c83,archive_flood_airfield_274c83.mp4,894,50.0,640,480,combined,detect_combined,Flooded,deeplabv3plus,False,False,0,tensorrt,tensorrt,tensorrt,18.19,18.19,54.55,54.98,15.58,25.26,40.84,1421.53,28.3,7.69,1421.53,28.3,9.07,36.37,42.69,0.94,80.01,0.5632,False,False
1780909288.65575,archive_flood_airfield_274c83,archive_flood_airfield_274c83.mp4,895,50.0,640,480,combined,detect_combined,Flooded,deeplabv3plus,False,False,0,tensorrt,tensorrt,tensorrt,19.77,19.77,50.2,50.59,15.19,22.59,37.78,1421.53,22.2,7.69,1421.53,22.2,9.07,36.37,42.69,0.94,80.01,0.5472,False,False
1780909288.7540631,archive_flood_airfield_274c83,archive_flood_airfield_274c83.mp4,896,50.0,640,480,combined,detect_combined,Flooded,deeplabv3plus,False,False,0,tensorrt,tensorrt,tensorrt,19.83,19.83,50.05,50.43,15.1,23.37,38.47,1421.53,22.8,7.69,1421.53,22.8,9.07,36.37,42.69,0.94,80.01,0.5552,False,False
1780909288.8370113,archive_flood_airfield_274c83,archive_flood_airfield_274c83.mp4,897,50.0,640,480,combined,detect_combined,Flooded,deeplabv3plus,False,False,0,tensorrt,tensorrt,tensorrt,25.3,25.3,39.13,39.52,7.08,20.78,27.86,1421.53,36.7,7.69,1421.53,36.7,9.07,36.37,42.69,0.94,80.01,0.5669,False,False
1780909288.9102635,archive_flood_airfield_274c83,archive_flood_airfield_274c83.mp4,898,50.0,640,480,combined,detect_combined,Flooded,deeplabv3plus,False,False,0,tensorrt,tensorrt,tensorrt,23.06,23.06,43.03,43.36,5.84,16.92,22.76,1421.53,46.5,7.69,1421.53,46.5,9.07,36.37,42.69,0.94,80.01,0.5745,False,False
1780909288.9875894,archive_flood_airfield_274c83,archive_flood_airfield_274c83.mp4,899,50.0,640,480,combined,detect_combined,Flooded,deeplabv3plus,False,False,0,tensorrt,tensorrt,tensorrt,23.87,23.87,41.5,41.89,8.7,12.17,20.869999999999997,1421.53,41.9,7.69,1421.53,41.9,9.07,36.37,42.69,0.94,80.01,0.5186,False,False
1780909289.0621321,archive_flood_airfield_274c83,archive_flood_airfield_274c83.mp4,900,50.0,640,480,combined,detect_combined,Flooded,deeplabv3plus,False,False,0,tensorrt,tensorrt,tensorrt,24.2,24.2,40.97,41.33,7.05,13.46,20.51,1421.53,44.2,7.69,1421.53,44.2,9.07,36.37,42.69,0.94,80.01,0.5758,False,False
1780909289.1278894,archive_flood_airfield_274c83,archive_flood_airfield_274c83.mp4,901,50.0,640,480,combined,detect_combined,Flooded,deeplabv3plus,False,False,0,tensorrt,tensorrt,tensorrt,27.27,27.27,36.27,36.67,5.69,12.05,17.740000000000002,1421.53,39.5,7.85,1421.53,39.5,9.07,36.37,42.69,0.94,80.01,0.6069,False,False
1780909289.2176077,archive_flood_airfield_274c83,archive_flood_airfield_274c83.mp4,902,50.0,640,480,combined,detect_combined,Flooded,deeplabv3plus,False,False,0,tensorrt,tensorrt,tensorrt,20.39,20.39,48.65,49.04,14.26,22.54,36.8,1421.53,43.4,7.85,1421.53,43.4,9.07,36.37,42.69,0.94,80.01,0.5959,False,False
1780909289.286149,archive_flood_airfield_274c83,archive_flood_airfield_274c83.mp4,903,50.0,640,480,combined,detect_combined,Flooded,deeplabv3plus,False,False,0,tensorrt,tensorrt,tensorrt,24.83,24.83,39.93,40.27,6.05,11.89,17.94,1421.53,50.0,7.85,1421.53,50.0,9.07,36.37,42.69,0.94,80.01,0.5991,False,False
1780909289.3585517,archive_flood_airfield_274c83,archive_flood_airfield_274c83.mp4,904,50.0,640,480,combined,detect_combined,Flooded,deeplabv3plus,False,False,0,tensorrt,tensorrt,tensorrt,23.46,23.46,42.3,42.63,6.09,12.06,18.15,1421.53,43.2,7.85,1421.53,43.2,9.07,36.37,42.69,0.94,80.01,0.6123,False,False
1780909289.4323545,archive_flood_airfield_274c83,archive_flood_airfield_274c83.mp4,905,50.0,640,480,combined,detect_combined,Flooded,deeplabv3plus,False,False,0,tensorrt,tensorrt,tensorrt,21.68,21.68,45.74,46.14,13.11,20.42,33.53,1421.53,51.1,7.85,1421.53,51.1,9.07,36.37,42.69,0.94,80.01,0.618,False,False
1780909289.504216,archive_flood_airfield_274c83,archive_flood_airfield_274c83.mp4,906,50.0,640,480,combined,detect_combined,Flooded,deeplabv3plus,False,False,0,tensorrt,tensorrt,tensorrt,23.58,23.58,42.07,42.4,9.15,12.09,21.240000000000002,1421.53,41.5,7.85,1421.53,41.5,9.07,36.37,42.69,0.94,80.01,0.5943,False,False
1780909289.5829227,archive_flood_airfield_274c83,archive_flood_airfield_274c83.mp4,907,50.0,640,480,combined,detect_combined,Flooded,deeplabv3plus,False,False,0,tensorrt,tensorrt,tensorrt,21.04,21.04,47.18,47.53,13.44,22.68,36.12,1421.53,40.8,7.85,1421.53,40.8,9.07,36.37,42.69,0.94,80.01,0.5706,False,False
1780909289.675409,archive_flood_airfield_274c83,archive_flood_airfield_274c83.mp4,908,50.0,640,480,combined,detect_combined,Flooded,deeplabv3plus,False,False,0,tensorrt,tensorrt,tensorrt,24.92,24.92,39.76,40.14,7.98,19.16,27.14,1421.53,24.5,8.15,1421.53,24.5,9.07,36.37,42.69,0.94,80.01,0.5575,False,False
1780909289.7685351,archive_flood_airfield_274c83,archive_flood_airfield_274c83.mp4,909,50.0,640,480,combined,detect_combined,Flooded,deeplabv3plus,False,False,0,tensorrt,tensorrt,tensorrt,20.34,20.34,48.7,49.17,13.8,23.1,36.900000000000006,1421.53,25.5,8.15,1421.53,25.5,9.07,36.37,42.69,0.94,80.01,0.602,False,False
1780909289.8604507,archive_flood_airfield_274c83,archive_flood_airfield_274c83.mp4,910,50.0,640,480,combined,detect_combined,Flooded,deeplabv3plus,False,False,0,tensorrt,tensorrt,tensorrt,20.96,20.96,47.28,47.7,7.38,18.12,25.5,1421.53,28.6,8.15,1421.53,28.6,9.07,36.37,42.69,0.94,80.01,0.5957,False,False
1780909289.952549,archive_flood_airfield_274c83,archive_flood_airfield_274c83.mp4,911,50.0,640,480,combined,detect_combined,Flooded,deeplabv3plus,False,False,0,tensorrt,tensorrt,tensorrt,20.07,20.07,49.37,49.84,14.16,22.46,36.620000000000005,1421.53,27.3,8.15,1421.53,27.3,9.07,36.37,42.69,0.94,80.01,0.5467,False,False
1780909290.0410686,archive_flood_airfield_274c83,archive_flood_airfield_274c83.mp4,912,50.0,640,480,combined,detect_combined,Flooded,deeplabv3plus,False,False,0,tensorrt,tensorrt,tensorrt,22.13,22.13,44.82,45.18,9.73,14.71,24.44,1421.53,26.9,8.15,1421.53,26.9,9.07,36.37,42.69,0.94,80.01,0.5373,False,False
1780909290.1343615,archive_flood_airfield_274c83,archive_flood_airfield_274c83.mp4,913,50.0,640,480,combined,detect_combined,Flooded,deeplabv3plus,False,False,0,tensorrt,tensorrt,tensorrt,19.21,19.21,51.67,52.06,14.96,24.62,39.58,1421.53,24.1,8.15,1421.53,24.1,9.07,36.37,42.69,0.94,80.01,0.5361,False,False
1780909290.2246704,archive_flood_airfield_274c83,archive_flood_airfield_274c83.mp4,914,50.0,640,480,combined,detect_combined,Flooded,deeplabv3plus,False,False,0,tensorrt,tensorrt,tensorrt,21.74,21.74,45.61,46.0,7.71,20.1,27.810000000000002,1421.53,29.6,8.15,1421.53,29.6,9.07,36.37,42.69,0.94,80.01,0.5179,False,False
1780909290.3269773,archive_flood_airfield_274c83,archive_flood_airfield_274c83.mp4,915,50.0,640,480,combined,detect_combined,Flooded,deeplabv3plus,False,False,0,tensorrt,tensorrt,tensorrt,18.13,18.13,54.76,55.15,10.96,29.64,40.6,1421.53,31.7,7.54,1421.53,31.7,9.07,36.37,42.69,0.94,80.01,0.5322,False,False
1780909290.4189186,archive_flood_airfield_274c83,archive_flood_airfield_274c83.mp4,916,50.0,640,480,combined,detect_combined,Flooded,deeplabv3plus,False,False,0,tensorrt,tensorrt,tensorrt,22.01,22.01,45.05,45.44,9.47,23.61,33.08,1421.53,39.3,7.54,1421.53,39.3,9.07,36.37,42.69,0.94,80.01,0.5276,False,False
1780909290.4987075,archive_flood_airfield_274c83,archive_flood_airfield_274c83.mp4,917,50.0,640,480,combined,detect_combined,Flooded,deeplabv3plus,False,False,0,tensorrt,tensorrt,tensorrt,20.45,20.45,48.49,48.9,6.94,14.04,20.98,1421.53,31.2,7.54,1421.53,31.2,9.07,36.37,42.69,0.94,80.01,0.5216,False,False
1780909290.564246,archive_flood_airfield_274c83,archive_flood_airfield_274c83.mp4,918,50.0,640,480,combined,detect_combined,Flooded,deeplabv3plus,False,False,0,tensorrt,tensorrt,tensorrt,25.82,25.82,38.39,38.73,6.1,12.22,18.32,1421.53,43.6,7.54,1421.53,43.6,9.07,36.37,42.69,0.94,80.01,0.4947,False,False
1780909290.64425,archive_flood_airfield_274c83,archive_flood_airfield_274c83.mp4,919,50.0,640,480,combined,detect_combined,Flooded,deeplabv3plus,False,False,0,tensorrt,tensorrt,tensorrt,21.88,21.88,45.31,45.69,13.43,15.73,29.16,1421.53,50.0,7.54,1421.53,50.0,9.07,36.37,42.69,0.94,80.01,0.5466,False,False
1780909290.7323585,archive_flood_airfield_274c83,archive_flood_airfield_274c83.mp4,920,50.0,640,480,combined,detect_combined,Flooded,deeplabv3plus,False,False,0,tensorrt,tensorrt,tensorrt,20.6,20.6,48.16,48.55,14.47,22.42,36.89,1421.53,41.5,7.54,1421.53,41.5,9.07,36.37,42.69,0.94,80.01,0.5031,False,False
1780909290.8139977,archive_flood_airfield_274c83,archive_flood_airfield_274c83.mp4,921,50.0,640,480,combined,detect_combined,Flooded,deeplabv3plus,False,False,0,tensorrt,tensorrt,tensorrt,19.98,19.98,49.69,50.06,13.97,24.38,38.35,1421.52,46.9,7.54,1421.52,46.9,9.07,36.37,42.69,0.94,80.01,0.5247,False,False
1780909290.898817,archive_flood_airfield_274c83,archive_flood_airfield_274c83.mp4,922,50.0,640,480,combined,detect_combined,Flooded,deeplabv3plus,False,False,0,tensorrt,tensorrt,tensorrt,19.69,19.69,50.44,50.79,15.56,23.48,39.04,1421.52,40.8,8.0,1421.52,40.8,9.07,36.37,42.69,0.94,80.01,0.4904,False,False
1780909290.9821477,archive_flood_airfield_274c83,archive_flood_airfield_274c83.mp4,923,50.0,640,480,combined,detect_combined,Flooded,deeplabv3plus,False,False,0,tensorrt,tensorrt,tensorrt,19.91,19.91,49.87,50.23,14.23,23.96,38.19,1421.52,27.1,8.0,1421.52,27.1,9.07,36.37,42.69,0.94,80.01,0.5184,False,False
1780909291.0713952,archive_flood_airfield_274c83,archive_flood_airfield_274c83.mp4,924,50.0,640,480,combined,detect_combined,Flooded,deeplabv3plus,False,False,0,tensorrt,tensorrt,tensorrt,21.9,21.9,45.22,45.67,7.63,14.88,22.51,1421.52,25.0,8.0,1421.52,25.0,9.07,36.37,42.69,0.94,80.01,0.5179,False,False
1780909291.165298,archive_flood_airfield_274c83,archive_flood_airfield_274c83.mp4,925,50.0,640,480,combined,detect_combined,Flooded,deeplabv3plus,False,False,0,tensorrt,tensorrt,tensorrt,21.81,21.81,45.43,45.84,11.44,22.38,33.82,1421.52,30.9,8.0,1421.52,30.9,9.07,36.37,42.69,0.94,80.01,0.5117,False,False
1780909291.253393,archive_flood_airfield_274c83,archive_flood_airfield_274c83.mp4,926,50.0,640,480,combined,detect_combined,Flooded,deeplabv3plus,False,False,0,tensorrt,tensorrt,tensorrt,20.04,20.04,49.48,49.9,14.01,22.24,36.25,1421.52,29.4,8.0,1421.52,29.4,9.07,36.37,42.69,0.94,80.01,0.5186,False,False
1780909291.35104,archive_flood_airfield_274c83,archive_flood_airfield_274c83.mp4,927,50.0,640,480,combined,detect_combined,Flooded,deeplabv3plus,False,False,0,tensorrt,tensorrt,tensorrt,20.1,20.1,49.34,49.75,11.4,24.84,36.24,1421.52,28.8,8.0,1421.52,28.8,9.07,36.37,42.69,0.94,80.01,0.5239,False,False
1780909291.4511142,archive_flood_airfield_274c83,archive_flood_airfield_274c83.mp4,928,50.0,640,480,combined,detect_combined,Flooded,deeplabv3plus,False,False,0,tensorrt,tensorrt,tensorrt,20.23,20.23,49.0,49.43,12.02,23.54,35.56,1421.52,25.4,7.54,1421.52,25.4,9.07,36.37,42.69,0.94,80.01,0.4921,False,False
1780909291.582816,archive_flood_airfield_274c83,archive_flood_airfield_274c83.mp4,929,50.0,640,480,combined,detect_combined,Flooded,deeplabv3plus,False,False,0,tensorrt,tensorrt,tensorrt,18.44,18.44,53.75,54.23,15.01,25.21,40.22,1421.52,33.3,7.54,1421.52,33.3,9.07,36.37,42.69,0.94,80.01,0.4783,False,False
1780909291.6825886,archive_flood_airfield_274c83,archive_flood_airfield_274c83.mp4,930,50.0,640,480,combined,detect_combined,Flooded,deeplabv3plus,False,False,0,tensorrt,tensorrt,tensorrt,19.71,19.71,50.4,50.74,8.23,26.38,34.61,1421.52,41.0,7.54,1421.52,41.0,9.07,36.37,42.69,0.94,80.01,0.4866,False,False
1780909291.7715228,archive_flood_airfield_274c83,archive_flood_airfield_274c83.mp4,931,50.0,640,480,combined,detect_combined,Flooded,deeplabv3plus,False,False,0,tensorrt,tensorrt,tensorrt,25.04,25.04,39.59,39.94,14.61,14.25,28.86,1421.52,26.4,7.54,1421.52,26.4,9.07,36.37,42.69,0.94,80.01,0.4888,False,False
1780909291.8516903,archive_flood_airfield_274c83,archive_flood_airfield_274c83.mp4,932,50.0,640,480,combined,detect_combined,Flooded,deeplabv3plus,False,False,0,tensorrt,tensorrt,tensorrt,23.07,23.07,42.93,43.34,6.84,19.61,26.45,1421.52,42.6,7.54,1421.52,42.6,9.07,36.37,42.69,0.94,80.01,0.4315,False,False
1780909291.9417288,archive_flood_airfield_274c83,archive_flood_airfield_274c83.mp4,933,50.0,640,480,combined,detect_combined,Flooded,deeplabv3plus,False,False,0,tensorrt,tensorrt,tensorrt,20.59,20.59,48.15,48.58,14.57,17.84,32.41,1421.52,50.0,7.54,1421.52,50.0,9.07,36.37,42.69,0.94,80.01,0.5005,False,False
1780909292.0326757,archive_flood_airfield_274c83,archive_flood_airfield_274c83.mp4,934,50.0,640,480,combined,detect_combined,Flooded,deeplabv3plus,False,False,0,tensorrt,tensorrt,tensorrt,19.63,19.63,50.46,50.94,12.28,25.06,37.339999999999996,1421.52,45.5,7.69,1421.52,45.5,9.07,36.37,42.69,0.94,80.01,0.4582,False,False
1780909292.1326022,archive_flood_airfield_274c83,archive_flood_airfield_274c83.mp4,935,50.0,640,480,combined,detect_combined,Flooded,deeplabv3plus,False,False,0,tensorrt,tensorrt,tensorrt,18.31,18.31,54.14,54.61,15.54,25.3,40.84,1421.52,37.5,7.69,1421.52,37.5,9.07,36.37,42.69,0.94,80.01,0.4918,False,False
1780909292.2313342,archive_flood_airfield_274c83,archive_flood_airfield_274c83.mp4,936,50.0,640,480,combined,detect_combined,Flooded,deeplabv3plus,False,False,0,tensorrt,tensorrt,tensorrt,18.23,18.23,54.36,54.85,15.1,26.04,41.14,1421.52,35.6,7.69,1421.52,35.6,9.07,36.37,42.69,0.94,80.01,0.5121,False,False
1780909292.3316138,archive_flood_airfield_274c83,archive_flood_airfield_274c83.mp4,937,50.0,640,480,combined,detect_combined,Flooded,deeplabv3plus,False,False,0,tensorrt,tensorrt,tensorrt,19.84,19.84,49.99,50.4,12.38,24.3,36.68,1421.52,27.6,7.69,1421.52,27.6,9.07,36.37,42.69,0.94,80.01,0.5027,False,False
1780909292.4312284,archive_flood_airfield_274c83,archive_flood_airfield_274c83.mp4,938,50.0,640,480,combined,detect_combined,Flooded,deeplabv3plus,False,False,0,tensorrt,tensorrt,tensorrt,18.63,18.63,53.24,53.67,15.58,24.4,39.98,1421.52,27.1,7.69,1421.52,27.1,9.07,36.37,42.69,0.94,80.01,0.4845,False,False
1780909292.5311482,archive_flood_airfield_274c83,archive_flood_airfield_274c83.mp4,939,50.0,640,480,combined,detect_combined,Flooded,deeplabv3plus,False,False,0,tensorrt,tensorrt,tensorrt,19.86,19.86,49.93,50.36,11.83,24.86,36.69,1421.52,27.1,7.69,1421.52,27.1,9.07,36.37,42.69,0.94,80.01,0.5368,False,False
1780909292.630919,archive_flood_airfield_274c83,archive_flood_airfield_274c83.mp4,940,50.0,640,480,combined,detect_combined,Flooded,deeplabv3plus,False,False,0,tensorrt,tensorrt,tensorrt,18.87,18.87,52.58,53.0,14.97,24.4,39.37,1421.52,26.3,7.39,1421.52,26.3,9.07,36.37,42.69,0.94,80.01,0.5297,False,False
1780909292.7305472,archive_flood_airfield_274c83,archive_flood_airfield_274c83.mp4,941,50.0,640,480,combined,detect_combined,Flooded,deeplabv3plus,False,False,0,tensorrt,tensorrt,tensorrt,19.8,19.8,50.09,50.51,13.33,23.38,36.71,1421.52,28.3,7.39,1421.52,28.3,9.07,36.37,42.69,0.94,80.01,0.5346,False,False
1780909292.8550782,archive_flood_airfield_274c83,archive_flood_airfield_274c83.mp4,942,50.0,640,480,combined,detect_combined,Flooded,deeplabv3plus,False,False,0,tensorrt,tensorrt,tensorrt,14.9,14.9,66.69,67.12,24.58,20.49,45.06999999999999,1421.52,35.1,7.39,1421.52,35.1,9.07,36.37,42.69,0.94,80.01,0.4482,False,False
1780909292.9493196,archive_flood_airfield_274c83,archive_flood_airfield_274c83.mp4,943,50.0,640,480,combined,detect_combined,Flooded,deeplabv3plus,False,False,0,tensorrt,tensorrt,tensorrt,28.39,28.39,34.9,35.22,12.54,11.33,23.869999999999997,1421.52,34.5,7.39,1421.52,34.5,9.07,36.37,42.69,0.94,80.01,0.4573,False,False
1780909293.0417137,archive_flood_airfield_274c83,archive_flood_airfield_274c83.mp4,944,50.0,640,480,combined,detect_combined,Flooded,deeplabv3plus,False,False,0,tensorrt,tensorrt,tensorrt,19.7,19.7,50.4,50.77,14.73,23.98,38.71,1421.52,27.3,7.39,1421.52,27.3,9.07,36.37,42.69,0.94,80.01,0.5095,False,False
1780909293.1194587,archive_flood_airfield_274c83,archive_flood_airfield_274c83.mp4,945,50.0,640,480,combined,detect_combined,Flooded,deeplabv3plus,False,False,0,tensorrt,tensorrt,tensorrt,26.25,26.25,37.73,38.1,7.28,12.81,20.09,1421.52,38.3,7.39,1421.52,38.3,9.07,36.37,42.69,0.94,80.01,0.4654,False,False
1780909293.187112,archive_flood_airfield_274c83,archive_flood_airfield_274c83.mp4,946,50.0,640,480,combined,detect_combined,Flooded,deeplabv3plus,False,False,0,tensorrt,tensorrt,tensorrt,26.23,26.23,37.75,38.13,6.05,13.44,19.49,1421.52,47.5,7.54,1421.52,47.5,9.07,36.37,42.69,0.94,80.01,0.3685,False,False
1780909293.2566264,archive_flood_airfield_274c83,archive_flood_airfield_274c83.mp4,947,50.0,640,480,combined,detect_combined,Flooded,deeplabv3plus,False,False,0,tensorrt,tensorrt,tensorrt,26.09,26.09,37.97,38.32,6.11,21.06,27.169999999999998,1421.52,44.2,7.54,1421.52,44.2,9.07,36.37,42.69,0.94,80.01,0.3644,False,False
1780909293.3329222,archive_flood_airfield_274c83,archive_flood_airfield_274c83.mp4,948,50.0,640,480,combined,detect_combined,Flooded,deeplabv3plus,False,False,0,tensorrt,tensorrt,tensorrt,23.73,23.73,41.75,42.15,8.39,11.97,20.36,1421.52,40.5,7.54,1421.52,40.5,9.07,36.37,42.69,0.94,80.01,0.2881,False,False
1780909293.4130752,archive_flood_airfield_274c83,archive_flood_airfield_274c83.mp4,949,50.0,640,480,combined,detect_combined,Flooded,deeplabv3plus,False,False,0,tensorrt,tensorrt,tensorrt,22.53,22.53,43.97,44.38,6.2,21.78,27.98,1421.52,48.0,7.54,1421.52,48.0,9.07,36.37,42.69,0.94,80.01,0.2605,False,False
1780909293.4937384,archive_flood_airfield_274c83,archive_flood_airfield_274c83.mp4,950,50.0,640,480,combined,detect_combined,Flooded,deeplabv3plus,False,False,0,tensorrt,tensorrt,tensorrt,25.19,25.19,39.17,39.7,6.59,21.2,27.79,1421.52,40.4,7.54,1421.52,40.4,9.07,36.37,42.69,0.94,80.01,0.3987,False,False
1780909293.5759501,archive_flood_airfield_274c83,archive_flood_airfield_274c83.mp4,951,50.0,640,480,combined,detect_combined,Flooded,deeplabv3plus,False,False,0,tensorrt,tensorrt,tensorrt,22.46,22.46,44.14,44.53,7.11,24.37,31.48,1421.52,29.2,7.54,1421.52,29.2,9.07,36.37,42.69,0.94,80.01,0.421,False,False
1780909293.6764529,archive_flood_airfield_274c83,archive_flood_airfield_274c83.mp4,952,50.0,640,480,combined,detect_combined,Flooded,deeplabv3plus,False,False,0,tensorrt,tensorrt,tensorrt,18.89,18.89,52.52,52.93,14.63,24.47,39.1,1421.52,25.4,7.54,1421.52,25.4,9.07,36.37,42.69,0.94,80.01,0.3239,False,False
1780909293.7786202,archive_flood_airfield_274c83,archive_flood_airfield_274c83.mp4,953,50.0,640,480,combined,detect_combined,Flooded,deeplabv3plus,False,False,0,tensorrt,tensorrt,tensorrt,19.98,19.98,49.62,50.04,11.67,24.73,36.4,1421.52,29.0,7.69,1421.52,29.0,9.07,36.37,42.69,0.94,80.01,0.3498,False,False
1780909293.8754702,archive_flood_airfield_274c83,archive_flood_airfield_274c83.mp4,954,50.0,640,480,combined,detect_combined,Flooded,deeplabv3plus,False,False,0,tensorrt,tensorrt,tensorrt,22.62,22.62,43.82,44.2,7.07,23.5,30.57,1421.52,30.4,7.69,1421.52,30.4,9.07,36.37,42.69,0.94,80.01,0.2948,False,False
1780909293.9731936,archive_flood_airfield_274c83,archive_flood_airfield_274c83.mp4,955,50.0,640,480,combined,detect_combined,Flooded,deeplabv3plus,False,False,0,tensorrt,tensorrt,tensorrt,19.11,19.11,51.91,52.32,15.19,24.76,39.95,1421.52,25.0,7.69,1421.52,25.0,9.07,36.37,42.69,0.94,80.01,0.3767,False,False
1780909294.0508597,archive_flood_airfield_274c83,archive_flood_airfield_274c83.mp4,956,50.0,640,480,combined,detect_combined,Flooded,deeplabv3plus,False,False,0,tensorrt,tensorrt,tensorrt,25.08,25.08,39.28,39.87,7.31,15.47,22.78,1421.52,32.6,7.69,1421.52,32.6,9.07,36.37,42.69,0.94,80.01,0.3709,False,False
1780909294.1292498,archive_flood_airfield_274c83,archive_flood_airfield_274c83.mp4,957,50.0,640,480,combined,detect_combined,Flooded,deeplabv3plus,False,False,0,tensorrt,tensorrt,tensorrt,23.12,23.12,42.95,43.26,8.82,11.44,20.259999999999998,1421.52,22.7,7.69,1421.52,22.7,9.07,36.37,42.69,0.94,80.01,0.3678,False,False
1780909294.2159197,archive_flood_airfield_274c83,archive_flood_airfield_274c83.mp4,958,50.0,640,480,combined,detect_combined,Flooded,deeplabv3plus,False,False,0,tensorrt,tensorrt,tensorrt,24.22,24.22,40.87,41.28,7.59,20.07,27.66,1421.52,29.1,7.69,1421.52,29.1,9.07,36.37,42.69,0.94,80.01,0.3613,False,False
1780909294.2997506,archive_flood_airfield_274c83,archive_flood_airfield_274c83.mp4,959,50.0,640,480,combined,detect_combined,Flooded,deeplabv3plus,False,False,0,tensorrt,tensorrt,tensorrt,22.72,22.72,43.59,44.01,7.25,14.41,21.66,1421.52,27.1,7.69,1421.52,27.1,9.07,36.37,42.69,0.94,80.01,0.4345,False,False
1780909294.3822823,archive_flood_airfield_274c83,archive_flood_airfield_274c83.mp4,960,50.0,640,480,combined,detect_combined,Flooded,deeplabv3plus,False,False,0,tensorrt,tensorrt,tensorrt,21.99,21.99,45.07,45.48,7.22,14.34,21.56,1421.52,25.5,7.39,1421.52,25.5,9.07,36.37,42.69,0.94,80.01,0.317,False,False
1780909294.47385,archive_flood_airfield_274c83,archive_flood_airfield_274c83.mp4,961,50.0,640,480,combined,detect_combined,Flooded,deeplabv3plus,False,False,0,tensorrt,tensorrt,tensorrt,22.32,22.32,44.47,44.81,10.42,22.23,32.65,1421.52,45.5,7.39,1421.52,45.5,9.07,36.37,42.69,0.94,80.01,0.343,False,False
1780909294.553664,archive_flood_airfield_274c83,archive_flood_airfield_274c83.mp4,962,50.0,640,480,combined,detect_combined,Flooded,deeplabv3plus,False,False,0,tensorrt,tensorrt,tensorrt,23.71,23.71,41.81,42.17,9.84,21.28,31.12,1421.52,43.5,7.39,1421.52,43.5,9.07,36.37,42.69,0.94,80.01,0.3066,False,False
1780909294.6350272,archive_flood_airfield_274c83,archive_flood_airfield_274c83.mp4,963,50.0,640,480,combined,detect_combined,Flooded,deeplabv3plus,False,False,0,tensorrt,tensorrt,tensorrt,22.01,22.01,45.05,45.42,12.68,20.5,33.18,1421.52,42.9,7.39,1421.52,42.9,9.07,36.37,42.69,0.94,80.01,0.2825,False,False
1780909294.7152574,archive_flood_airfield_274c83,archive_flood_airfield_274c83.mp4,964,50.0,640,480,combined,detect_combined,Flooded,deeplabv3plus,False,False,0,tensorrt,tensorrt,tensorrt,21.6,21.6,45.88,46.29,14.06,14.88,28.94,1421.52,43.7,7.39,1421.52,43.7,9.07,36.37,42.69,0.94,80.01,0.3189,False,False
1780909294.800019,archive_flood_airfield_274c83,archive_flood_airfield_274c83.mp4,965,50.0,640,480,combined,detect_combined,Flooded,deeplabv3plus,False,False,0,tensorrt,tensorrt,tensorrt,25.38,25.38,39.0,39.4,8.79,18.67,27.46,1421.52,54.0,7.39,1421.52,54.0,9.07,36.37,42.69,0.94,80.01,0.3386,False,False
1780909294.8819287,archive_flood_airfield_274c83,archive_flood_airfield_274c83.mp4,966,50.0,640,480,combined,detect_combined,Flooded,deeplabv3plus,False,False,0,tensorrt,tensorrt,tensorrt,23.17,23.17,42.71,43.15,8.55,18.06,26.61,1421.52,49.0,7.39,1421.52,49.0,9.07,36.37,42.69,0.94,80.01,0.3011,False,False
1780909294.9671264,archive_flood_airfield_274c83,archive_flood_airfield_274c83.mp4,967,50.0,640,480,combined,detect_combined,Flooded,deeplabv3plus,False,False,0,tensorrt,tensorrt,tensorrt,20.79,20.79,47.76,48.1,14.82,22.44,37.260000000000005,1421.52,42.9,8.3,1421.52,42.9,9.07,36.37,42.69,0.94,80.01,0.2349,False,False
1780909295.0439308,archive_flood_airfield_274c83,archive_flood_airfield_274c83.mp4,968,50.0,640,480,combined,detect_combined,Flooded,deeplabv3plus,False,False,0,tensorrt,tensorrt,tensorrt,23.49,23.49,42.22,42.58,6.77,16.96,23.73,1421.52,28.9,8.3,1421.52,28.9,9.07,36.37,42.69,0.94,80.01,0.3835,False,False
1780909295.1253479,archive_flood_airfield_274c83,archive_flood_airfield_274c83.mp4,969,50.0,640,480,combined,detect_combined,Flooded,deeplabv3plus,False,False,0,tensorrt,tensorrt,tensorrt,21.86,21.86,45.4,45.75,9.11,12.32,21.43,1421.52,23.4,8.3,1421.52,23.4,9.07,36.37,42.69,0.94,80.01,0.3473,False,False
1780909295.2085629,archive_flood_airfield_274c83,archive_flood_airfield_274c83.mp4,970,50.0,640,480,combined,detect_combined,Flooded,deeplabv3plus,False,False,0,tensorrt,tensorrt,tensorrt,23.13,23.13,42.83,43.23,7.22,18.21,25.43,1421.52,30.8,8.3,1421.52,30.8,9.07,36.37,42.69,0.94,80.01,0.3303,False,False
1780909295.3047898,archive_flood_airfield_274c83,archive_flood_airfield_274c83.mp4,971,50.0,640,480,combined,detect_combined,Flooded,deeplabv3plus,False,False,0,tensorrt,tensorrt,tensorrt,17.46,17.46,53.17,57.29,6.9,22.14,29.04,1421.52,31.6,8.3,1421.52,31.6,9.07,36.37,42.69,0.94,80.01,0.3995,False,False
1780909295.4231496,archive_flood_airfield_274c83,archive_flood_airfield_274c83.mp4,972,50.0,640,480,combined,detect_combined,Flooded,deeplabv3plus,False,False,0,tensorrt,tensorrt,tensorrt,22.28,22.28,44.46,44.88,9.81,21.38,31.189999999999998,1421.53,38.0,8.3,1421.53,38.0,9.07,36.37,42.69,0.94,80.01,0.3786,False,False
1780909295.5221906,archive_flood_airfield_274c83,archive_flood_airfield_274c83.mp4,973,50.0,640,480,combined,detect_combined,Flooded,deeplabv3plus,False,False,0,tensorrt,tensorrt,tensorrt,19.52,19.52,50.81,51.23,11.89,25.63,37.519999999999996,1421.53,27.6,7.85,1421.53,27.6,9.07,36.37,42.69,0.94,80.01,0.339,False,False
1780909295.614033,archive_flood_airfield_274c83,archive_flood_airfield_274c83.mp4,974,50.0,640,480,combined,detect_combined,Flooded,deeplabv3plus,False,False,0,tensorrt,tensorrt,tensorrt,21.13,21.13,46.92,47.33,7.77,15.3,23.07,1421.53,25.9,7.85,1421.53,25.9,9.07,36.37,42.69,0.94,80.01,0.2708,False,False
1780909295.7049484,archive_flood_airfield_274c83,archive_flood_airfield_274c83.mp4,975,50.0,640,480,combined,detect_combined,Flooded,deeplabv3plus,False,False,0,tensorrt,tensorrt,tensorrt,21.69,21.69,45.69,46.1,7.87,24.5,32.37,1421.53,27.8,7.85,1421.53,27.8,9.07,36.37,42.69,0.94,80.01,0.3481,False,False
1780909295.8060687,archive_flood_airfield_274c83,archive_flood_airfield_274c83.mp4,976,50.0,640,480,combined,detect_combined,Flooded,deeplabv3plus,False,False,0,tensorrt,tensorrt,tensorrt,18.55,18.55,53.47,53.9,15.1,24.88,39.98,1421.53,45.2,7.85,1421.53,45.2,9.07,36.37,42.69,0.94,80.01,0.4566,False,False
1780909295.897408,archive_flood_airfield_274c83,archive_flood_airfield_274c83.mp4,977,50.0,640,480,combined,detect_combined,Flooded,deeplabv3plus,False,False,0,tensorrt,tensorrt,tensorrt,21.61,21.61,45.88,46.27,14.1,14.43,28.53,1421.53,47.5,7.85,1421.53,47.5,9.07,36.37,42.69,0.94,80.01,0.4083,False,False
1780909295.9881678,archive_flood_airfield_274c83,archive_flood_airfield_274c83.mp4,978,50.0,640,480,combined,detect_combined,Flooded,deeplabv3plus,False,False,0,tensorrt,tensorrt,tensorrt,19.41,19.41,51.11,51.53,14.85,23.21,38.06,1421.53,44.2,7.85,1421.53,44.2,9.07,36.37,42.69,0.94,80.01,0.3867,False,False
1780909296.08438,archive_flood_airfield_274c83,archive_flood_airfield_274c83.mp4,979,50.0,640,480,combined,detect_combined,Flooded,deeplabv3plus,False,False,0,tensorrt,tensorrt,tensorrt,19.03,19.03,52.15,52.55,15.86,24.96,40.82,1421.53,48.3,7.85,1421.53,48.3,9.07,36.37,42.69,0.94,80.01,0.429,False,False
1780909296.1758697,archive_flood_airfield_274c83,archive_flood_airfield_274c83.mp4,980,50.0,640,480,combined,detect_combined,Flooded,deeplabv3plus,False,False,0,tensorrt,tensorrt,tensorrt,23.51,23.51,42.13,42.53,12.57,16.2,28.77,1421.53,35.2,7.85,1421.53,35.2,9.07,36.37,42.69,0.94,80.01,0.4811,False,False
1780909296.269142,archive_flood_airfield_274c83,archive_flood_airfield_274c83.mp4,981,50.0,640,480,combined,detect_combined,Flooded,deeplabv3plus,False,False,0,tensorrt,tensorrt,tensorrt,18.6,18.6,53.34,53.77,14.76,25.25,40.01,1421.53,28.1,7.85,1421.53,28.1,9.07,36.37,42.69,0.94,80.01,0.4761,False,False
1780909296.374885,archive_flood_airfield_274c83,archive_flood_airfield_274c83.mp4,982,50.0,640,480,combined,detect_combined,Flooded,deeplabv3plus,False,False,0,tensorrt,tensorrt,tensorrt,17.6,17.6,56.38,56.83,14.52,25.33,39.849999999999994,1421.53,34.4,7.85,1421.53,34.4,9.07,36.37,42.69,0.94,80.01,0.4705,False,False
1780909296.4614418,archive_flood_airfield_274c83,archive_flood_airfield_274c83.mp4,983,50.0,640,480,combined,detect_combined,Flooded,deeplabv3plus,False,False,0,tensorrt,tensorrt,tensorrt,23.06,23.06,42.95,43.36,7.66,17.65,25.31,1421.53,24.5,7.85,1421.53,24.5,9.07,36.37,42.69,0.94,80.01,0.3843,False,False
1780909296.5526972,archive_flood_airfield_274c83,archive_flood_airfield_274c83.mp4,984,50.0,640,480,combined,detect_combined,Flooded,deeplabv3plus,False,False,0,tensorrt,tensorrt,tensorrt,21.61,21.61,45.85,46.28,8.03,24.44,32.47,1421.53,27.8,7.85,1421.53,27.8,9.07,36.37,42.69,0.94,80.01,0.4204,False,False
1780909296.6435494,archive_flood_airfield_274c83,archive_flood_airfield_274c83.mp4,985,50.0,640,480,combined,detect_combined,Flooded,deeplabv3plus,False,False,0,tensorrt,tensorrt,tensorrt,20.92,20.92,47.4,47.81,7.68,15.29,22.97,1421.53,27.8,7.85,1421.53,27.8,9.07,36.37,42.69,0.94,80.01,0.2967,False,False
1780909296.729905,archive_flood_airfield_274c83,archive_flood_airfield_274c83.mp4,986,50.0,640,480,combined,detect_combined,Flooded,deeplabv3plus,False,False,0,tensorrt,tensorrt,tensorrt,23.91,23.91,41.41,41.83,7.42,16.44,23.86,1421.53,28.8,7.38,1421.53,28.8,9.07,36.37,42.69,0.94,80.01,0.296,False,False
1780909296.8146055,archive_flood_airfield_274c83,archive_flood_airfield_274c83.mp4,987,50.0,640,480,combined,detect_combined,Flooded,deeplabv3plus,False,False,0,tensorrt,tensorrt,tensorrt,24.25,24.25,40.82,41.23,7.22,20.49,27.709999999999997,1421.53,31.4,7.38,1421.53,31.4,9.07,36.37,42.69,0.94,80.01,0.3348,False,False
1780909296.905115,archive_flood_airfield_274c83,archive_flood_airfield_274c83.mp4,988,50.0,640,480,combined,detect_combined,Flooded,deeplabv3plus,False,False,0,tensorrt,tensorrt,tensorrt,23.77,23.77,41.67,42.07,7.53,17.01,24.540000000000003,1421.53,26.0,7.38,1421.53,26.0,9.07,36.37,42.69,0.94,80.01,0.2949,False,False
1780909297.0024023,archive_flood_airfield_274c83,archive_flood_airfield_274c83.mp4,989,50.0,640,480,combined,detect_combined,Flooded,deeplabv3plus,False,False,0,tensorrt,tensorrt,tensorrt,20.38,20.38,48.64,49.07,12.58,22.92,35.5,1421.53,29.3,7.38,1421.53,29.3,9.07,36.37,42.69,0.94,80.01,0.2286,False,False
1780909297.099666,archive_flood_airfield_274c83,archive_flood_airfield_274c83.mp4,990,50.0,640,480,combined,detect_combined,Flooded,deeplabv3plus,False,False,0,tensorrt,tensorrt,tensorrt,19.9,19.9,49.85,50.24,14.47,22.44,36.910000000000004,1421.53,34.5,7.38,1421.53,34.5,9.07,36.37,42.69,0.94,80.01,0.2103,False,False
1780909297.202795,archive_flood_airfield_274c83,archive_flood_airfield_274c83.mp4,991,50.0,640,480,combined,detect_combined,Non-Flooded,resnet18,True,False,0,tensorrt,tensorrt,tensorrt,18.88,18.88,52.46,52.98,13.68,25.48,39.16,1421.53,44.1,7.38,1421.53,44.1,9.07,36.37,42.69,0.94,80.01,0.195,False,False
1780909297.3027499,archive_flood_airfield_274c83,archive_flood_airfield_274c83.mp4,992,50.0,640,480,combined,detect_combined,Flooded,deeplabv3plus,True,False,0,tensorrt,tensorrt,tensorrt,17.84,17.84,55.53,56.07,15.97,26.16,42.13,1421.53,45.0,7.69,1421.53,45.0,9.07,36.37,42.69,0.94,80.01,0.2387,False,False
1780909297.3982968,archive_flood_airfield_274c83,archive_flood_airfield_274c83.mp4,993,50.0,640,480,combined,detect_combined,Flooded,deeplabv3plus,False,False,0,tensorrt,tensorrt,tensorrt,20.38,20.38,48.66,49.08,15.05,22.15,37.2,1421.53,43.6,7.69,1421.53,43.6,9.07,36.37,42.69,0.94,80.01,0.3115,False,False
1780909297.4716868,archive_flood_airfield_274c83,archive_flood_airfield_274c83.mp4,994,50.0,640,480,combined,detect_combined,Flooded,deeplabv3plus,False,False,0,tensorrt,tensorrt,tensorrt,23.64,23.64,41.93,42.31,9.57,12.66,22.23,1421.53,34.8,7.69,1421.53,34.8,9.07,36.37,42.69,0.94,80.01,0.2825,False,False
1780909297.5645585,archive_flood_airfield_274c83,archive_flood_airfield_274c83.mp4,995,50.0,640,480,combined,detect_combined,Flooded,deeplabv3plus,False,False,0,tensorrt,tensorrt,tensorrt,20.46,20.46,48.45,48.88,13.71,23.27,36.980000000000004,1421.53,25.5,7.69,1421.53,25.5,9.07,36.37,42.69,0.94,80.01,0.2966,False,False
1780909297.6472316,archive_flood_airfield_274c83,archive_flood_airfield_274c83.mp4,996,50.0,640,480,combined,detect_combined,Flooded,deeplabv3plus,False,False,0,tensorrt,tensorrt,tensorrt,24.02,24.02,41.27,41.63,9.09,20.79,29.88,1421.53,33.3,7.69,1421.53,33.3,9.07,36.37,42.69,0.94,80.01,0.3488,False,False
1780909297.7343268,archive_flood_airfield_274c83,archive_flood_airfield_274c83.mp4,997,50.0,640,480,combined,detect_combined,Flooded,deeplabv3plus,False,False,0,tensorrt,tensorrt,tensorrt,22.04,22.04,45.04,45.38,10.22,11.43,21.65,1421.53,30.2,7.69,1421.53,30.2,9.07,36.37,42.69,0.94,80.01,0.3666,False,False
1780909297.8510745,archive_flood_airfield_274c83,archive_flood_airfield_274c83.mp4,998,50.0,640,480,combined,detect_combined,Flooded,deeplabv3plus,False,False,0,tensorrt,tensorrt,tensorrt,13.9,13.9,71.39,71.94,17.55,36.82,54.370000000000005,1421.53,31.9,7.69,1421.53,31.9,9.07,36.37,42.69,0.94,80.01,0.3101,False,False
1780909297.9512398,archive_flood_airfield_274c83,archive_flood_airfield_274c83.mp4,999,50.0,640,480,combined,detect_combined,Flooded,deeplabv3plus,False,False,0,tensorrt,tensorrt,tensorrt,21.88,21.88,45.21,45.7,7.9,23.52,31.42,1421.53,35.2,7.69,1421.53,35.2,9.07,36.37,42.69,0.94,80.01,0.3364,False,False
1780909298.038502,archive_flood_airfield_274c83,archive_flood_airfield_274c83.mp4,1000,50.0,640,480,combined,detect_combined,Flooded,deeplabv3plus,False,False,0,tensorrt,tensorrt,tensorrt,22.82,22.82,43.4,43.83,7.62,15.51,23.13,1421.53,28.8,7.69,1421.53,28.8,9.07,36.37,42.69,0.94,80.01,0.2898,False,False
1780909298.1200354,archive_flood_airfield_274c83,archive_flood_airfield_274c83.mp4,1001,50.0,640,480,combined,detect_combined,Flooded,deeplabv3plus,False,False,0,tensorrt,tensorrt,tensorrt,24.47,24.47,40.4,40.87,7.51,15.62,23.13,1421.53,31.4,7.69,1421.53,31.4,9.07,36.37,42.69,0.94,80.01,0.231,False,False
1780909298.2032173,archive_flood_airfield_274c83,archive_flood_airfield_274c83.mp4,1002,50.0,640,480,combined,detect_combined,Flooded,deeplabv3plus,False,False,0,tensorrt,tensorrt,tensorrt,21.55,21.55,46.04,46.4,6.79,14.82,21.61,1421.53,26.5,7.69,1421.53,26.5,9.07,36.37,42.69,0.94,80.01,0.3144,False,False
1780909298.2896163,archive_flood_airfield_274c83,archive_flood_airfield_274c83.mp4,1003,50.0,640,480,combined,detect_combined,Flooded,deeplabv3plus,False,False,0,tensorrt,tensorrt,tensorrt,21.42,21.42,46.26,46.69,7.11,14.5,21.61,1421.53,22.9,7.69,1421.53,22.9,9.07,36.37,42.69,0.94,80.01,0.3688,False,False
1780909298.3682559,archive_flood_airfield_274c83,archive_flood_airfield_274c83.mp4,1004,50.0,640,480,combined,detect_combined,Flooded,deeplabv3plus,False,False,0,tensorrt,tensorrt,tensorrt,23.59,23.59,42.0,42.39,6.97,18.11,25.08,1421.53,37.0,7.69,1421.53,37.0,9.07,36.37,42.69,0.94,80.01,0.3623,False,False
1780909298.4503472,archive_flood_airfield_274c83,archive_flood_airfield_274c83.mp4,1005,50.0,640,480,combined,detect_combined,Flooded,deeplabv3plus,False,False,0,tensorrt,tensorrt,tensorrt,22.54,22.54,43.94,44.37,6.69,20.92,27.610000000000003,1421.53,44.7,7.54,1421.53,44.7,9.07,36.37,42.69,0.94,80.01,0.3201,False,False
1780909298.5345256,archive_flood_airfield_274c83,archive_flood_airfield_274c83.mp4,1006,50.0,640,480,combined,detect_combined,Flooded,deeplabv3plus,False,False,0,tensorrt,tensorrt,tensorrt,22.37,22.37,44.34,44.71,6.55,18.79,25.34,1421.53,46.2,7.54,1421.53,46.2,9.07,36.37,42.69,0.94,80.01,0.3231,False,False
1780909298.629937,archive_flood_airfield_274c83,archive_flood_airfield_274c83.mp4,1007,50.0,640,480,combined,detect_combined,Flooded,deeplabv3plus,False,False,0,tensorrt,tensorrt,tensorrt,19.79,19.79,50.11,50.54,13.76,23.5,37.26,1421.53,39.6,7.54,1421.53,39.6,9.07,36.37,42.69,0.94,80.01,0.3152,False,False
1780909298.718581,archive_flood_airfield_274c83,archive_flood_airfield_274c83.mp4,1008,50.0,640,480,combined,detect_combined,Flooded,deeplabv3plus,False,False,0,tensorrt,tensorrt,tensorrt,22.91,22.91,43.24,43.66,6.29,17.64,23.93,1421.53,39.2,7.54,1421.53,39.2,9.07,36.37,42.69,0.94,80.01,0.3722,False,False
1780909298.813342,archive_flood_airfield_274c83,archive_flood_airfield_274c83.mp4,1009,50.0,640,480,combined,detect_combined,Flooded,deeplabv3plus,False,False,0,tensorrt,tensorrt,tensorrt,22.61,22.61,43.84,44.24,7.58,22.85,30.43,1421.53,25.9,7.54,1421.53,25.9,9.07,36.37,42.69,0.94,80.01,0.3861,False,False
1780909298.9181635,archive_flood_airfield_274c83,archive_flood_airfield_274c83.mp4,1010,50.0,640,480,combined,detect_combined,Flooded,deeplabv3plus,False,False,0,tensorrt,tensorrt,tensorrt,18.01,18.01,55.04,55.54,13.64,23.79,37.43,1421.53,22.8,7.54,1421.53,22.8,9.07,36.37,42.69,0.94,80.01,0.3701,False,False
1780909299.0063396,archive_flood_airfield_274c83,archive_flood_airfield_274c83.mp4,1011,50.0,640,480,combined,detect_combined,Flooded,deeplabv3plus,False,False,0,tensorrt,tensorrt,tensorrt,23.59,23.59,41.96,42.39,8.19,16.52,24.71,1421.53,30.2,7.54,1421.53,30.2,9.07,36.37,42.69,0.94,80.01,0.34,False,False
1780909299.0952637,archive_flood_airfield_274c83,archive_flood_airfield_274c83.mp4,1012,50.0,640,480,combined,detect_combined,Flooded,deeplabv3plus,False,False,0,tensorrt,tensorrt,tensorrt,21.81,21.81,45.41,45.85,7.64,24.53,32.17,1421.53,28.8,7.54,1421.53,28.8,9.07,36.37,42.69,0.94,80.01,0.3266,False,False
1780909299.1968594,archive_flood_airfield_274c83,archive_flood_airfield_274c83.mp4,1013,50.0,640,480,combined,detect_combined,Flooded,deeplabv3plus,False,False,0,tensorrt,tensorrt,tensorrt,20.07,20.07,49.4,49.82,11.79,24.24,36.03,1421.53,26.7,7.54,1421.53,26.7,9.07,36.37,42.69,0.94,80.01,0.2222,False,False
1780909299.2873826,archive_flood_airfield_274c83,archive_flood_airfield_274c83.mp4,1014,50.0,640,480,combined,detect_combined,Flooded,deeplabv3plus,False,False,0,tensorrt,tensorrt,tensorrt,21.75,21.75,45.55,45.98,7.58,15.22,22.8,1421.53,29.1,7.54,1421.53,29.1,9.07,36.37,42.69,0.94,80.01,0.3314,False,False
1780909299.3721273,archive_flood_airfield_274c83,archive_flood_airfield_274c83.mp4,1015,50.0,640,480,combined,detect_combined,Flooded,deeplabv3plus,False,False,0,tensorrt,tensorrt,tensorrt,24.02,24.02,41.21,41.64,7.94,16.08,24.02,1421.53,30.0,7.54,1421.53,30.0,9.07,36.37,42.69,0.94,80.01,0.3528,False,False
1780909299.4669704,archive_flood_airfield_274c83,archive_flood_airfield_274c83.mp4,1016,50.0,640,480,combined,detect_combined,Flooded,deeplabv3plus,False,False,0,tensorrt,tensorrt,tensorrt,22.42,22.42,44.18,44.61,7.83,18.39,26.22,1421.53,25.0,7.54,1421.53,25.0,9.07,36.37,42.69,0.94,80.01,0.416,False,False
1780909299.561499,archive_flood_airfield_274c83,archive_flood_airfield_274c83.mp4,1017,50.0,640,480,combined,detect_combined,Flooded,deeplabv3plus,False,False,0,tensorrt,tensorrt,tensorrt,21.99,21.99,45.04,45.47,11.18,20.34,31.52,1421.53,28.6,7.54,1421.53,28.6,9.07,36.37,42.69,0.94,80.01,0.4126,False,False
1780909299.6621454,archive_flood_airfield_274c83,archive_flood_airfield_274c83.mp4,1018,50.0,640,480,combined,detect_combined,Flooded,deeplabv3plus,False,False,0,tensorrt,tensorrt,tensorrt,19.63,19.63,50.46,50.94,13.38,23.74,37.12,1421.53,30.0,7.23,1421.53,30.0,9.07,36.37,42.69,0.94,80.01,0.3977,False,False
1780909299.7492995,archive_flood_airfield_274c83,archive_flood_airfield_274c83.mp4,1019,50.0,640,480,combined,detect_combined,Flooded,deeplabv3plus,False,False,0,tensorrt,tensorrt,tensorrt,22.14,22.14,44.71,45.17,7.85,19.07,26.92,1421.53,45.1,7.23,1421.53,45.1,9.07,36.37,42.69,0.94,80.01,0.3775,False,False
1780909299.8451102,archive_flood_airfield_274c83,archive_flood_airfield_274c83.mp4,1020,50.0,640,480,combined,detect_combined,Flooded,deeplabv3plus,False,False,0,tensorrt,tensorrt,tensorrt,19.12,19.12,51.85,52.3,15.06,23.46,38.52,1421.53,42.9,7.23,1421.53,42.9,9.07,36.37,42.69,0.94,80.01,0.3707,False,False
1780909299.9459627,archive_flood_airfield_274c83,archive_flood_airfield_274c83.mp4,1021,50.0,640,480,combined,detect_combined,Flooded,deeplabv3plus,False,False,0,tensorrt,tensorrt,tensorrt,18.03,18.03,55.0,55.46,15.74,25.87,41.61,1421.53,45.9,7.23,1421.53,45.9,9.07,36.37,42.69,0.94,80.01,0.2686,False,False
1780909300.0452163,archive_flood_airfield_274c83,archive_flood_airfield_274c83.mp4,1022,50.0,640,480,combined,detect_combined,Flooded,deeplabv3plus,False,False,0,tensorrt,tensorrt,tensorrt,18.16,18.16,54.59,55.07,16.04,25.31,41.349999999999994,1421.53,41.4,7.23,1421.53,41.4,9.07,36.37,42.69,0.94,80.01,0.243,False,False
1780909300.1420407,archive_flood_airfield_274c83,archive_flood_airfield_274c83.mp4,1023,50.0,640,480,combined,detect_combined,Flooded,deeplabv3plus,False,False,0,tensorrt,tensorrt,tensorrt,22.2,22.2,44.64,45.04,10.7,21.68,32.379999999999995,1421.53,27.6,7.23,1421.53,27.6,9.07,36.37,42.69,0.94,80.01,0.3172,False,False
1780909300.2317035,archive_flood_airfield_274c83,archive_flood_airfield_274c83.mp4,1024,50.0,640,480,combined,detect_combined,Flooded,deeplabv3plus,False,False,0,tensorrt,tensorrt,tensorrt,23.48,23.48,42.19,42.59,9.58,19.44,29.020000000000003,1421.53,26.9,7.69,1421.53,26.9,9.07,36.37,42.69,0.94,80.01,0.3448,False,False
1780909300.3380284,archive_flood_airfield_274c83,archive_flood_airfield_274c83.mp4,1025,50.0,640,480,combined,detect_combined,Flooded,deeplabv3plus,False,False,0,tensorrt,tensorrt,tensorrt,18.12,18.12,54.79,55.18,10.11,30.44,40.55,1421.53,30.6,7.69,1421.53,30.6,9.07,36.37,42.69,0.94,80.01,0.2882,False,False
1780909300.4322858,archive_flood_airfield_274c83,archive_flood_airfield_274c83.mp4,1026,50.0,640,480,combined,detect_combined,Flooded,deeplabv3plus,False,False,0,tensorrt,tensorrt,tensorrt,23.63,23.63,41.93,42.32,6.87,14.03,20.9,1421.53,35.7,7.69,1421.53,35.7,9.07,36.37,42.69,0.94,80.01,0.3148,False,False
1780909300.514765,archive_flood_airfield_274c83,archive_flood_airfield_274c83.mp4,1027,50.0,640,480,combined,detect_combined,Flooded,deeplabv3plus,False,False,0,tensorrt,tensorrt,tensorrt,22.45,22.45,44.18,44.55,7.15,14.48,21.630000000000003,1421.53,25.5,7.69,1421.53,25.5,9.07,36.37,42.69,0.94,80.01,0.2664,False,False
1780909300.5995648,archive_flood_airfield_274c83,archive_flood_airfield_274c83.mp4,1028,50.0,640,480,combined,detect_combined,Flooded,deeplabv3plus,False,False,0,tensorrt,tensorrt,tensorrt,21.77,21.77,45.58,45.93,15.04,13.44,28.479999999999997,1421.53,31.9,7.69,1421.53,31.9,9.07,36.37,42.69,0.94,80.01,0.2881,False,False
1780909300.664872,archive_flood_airfield_274c83,archive_flood_airfield_274c83.mp4,1029,50.0,640,480,combined,detect_combined,Flooded,deeplabv3plus,False,False,0,tensorrt,tensorrt,tensorrt,27.89,27.89,35.46,35.86,5.71,12.52,18.23,1421.53,43.2,7.69,1421.53,43.2,9.07,36.37,42.69,0.94,80.01,0.3056,False,False
1780909300.7483952,archive_flood_airfield_274c83,archive_flood_airfield_274c83.mp4,1030,50.0,640,480,combined,detect_combined,Flooded,deeplabv3plus,False,False,0,tensorrt,tensorrt,tensorrt,22.18,22.18,44.71,45.09,7.22,12.97,20.19,1421.53,47.1,7.69,1421.53,47.1,9.07,36.37,42.69,0.94,80.01,0.3528,False,False
1780909300.8306885,archive_flood_airfield_274c83,archive_flood_airfield_274c83.mp4,1031,50.0,640,480,combined,detect_combined,Flooded,deeplabv3plus,False,False,0,tensorrt,tensorrt,tensorrt,21.87,21.87,45.42,45.73,8.2,15.89,24.09,1421.53,43.7,7.69,1421.53,43.7,9.07,36.37,42.69,0.94,80.01,0.3377,False,False
1780909300.9123,archive_flood_airfield_274c83,archive_flood_airfield_274c83.mp4,1032,50.0,640,480,combined,detect_combined,Flooded,deeplabv3plus,False,False,0,tensorrt,tensorrt,tensorrt,21.75,21.75,45.6,45.97,6.86,19.92,26.78,1421.53,22.7,7.69,1421.53,22.7,9.07,36.37,42.69,0.94,80.01,0.331,False,False
1780909301.0045984,archive_flood_airfield_274c83,archive_flood_airfield_274c83.mp4,1033,50.0,640,480,combined,detect_combined,Flooded,deeplabv3plus,False,False,0,tensorrt,tensorrt,tensorrt,20.38,20.38,48.72,49.07,13.79,23.52,37.31,1421.53,32.1,7.69,1421.53,32.1,9.07,36.37,42.69,0.94,80.01,0.408,False,False
1780909301.094989,archive_flood_airfield_274c83,archive_flood_airfield_274c83.mp4,1034,50.0,640,480,combined,detect_combined,Flooded,deeplabv3plus,False,False,0,tensorrt,tensorrt,tensorrt,19.15,19.15,51.81,52.21,10.16,24.63,34.79,1421.53,44.4,7.69,1421.53,44.4,9.07,36.37,42.69,0.94,80.01,0.3693,False,False
1780909301.1782854,archive_flood_airfield_274c83,archive_flood_airfield_274c83.mp4,1035,50.0,640,480,combined,detect_combined,Flooded,deeplabv3plus,False,False,0,tensorrt,tensorrt,tensorrt,22.91,22.91,43.25,43.65,7.25,17.13,24.38,1421.53,52.1,7.69,1421.53,52.1,9.07,36.37,42.69,0.94,80.01,0.3095,False,False
1780909301.264139,archive_flood_airfield_274c83,archive_flood_airfield_274c83.mp4,1036,50.0,640,480,combined,detect_combined,Flooded,deeplabv3plus,False,False,0,tensorrt,tensorrt,tensorrt,21.82,21.82,45.43,45.83,6.14,12.64,18.78,1421.53,51.0,7.69,1421.53,51.0,9.07,36.37,42.69,0.94,80.01,0.2711,False,False
1780909301.360118,archive_flood_airfield_274c83,archive_flood_airfield_274c83.mp4,1037,50.0,640,480,combined,detect_combined,Flooded,deeplabv3plus,False,False,0,tensorrt,tensorrt,tensorrt,17.62,17.62,56.31,56.74,15.75,25.62,41.370000000000005,1421.53,41.1,8.3,1421.53,41.1,9.07,36.37,42.69,0.94,80.01,0.2239,False,False
1780909301.45804,archive_flood_airfield_274c83,archive_flood_airfield_274c83.mp4,1038,50.0,640,480,combined,detect_combined,Flooded,deeplabv3plus,False,False,0,tensorrt,tensorrt,tensorrt,19.73,19.73,50.26,50.68,10.9,24.49,35.39,1421.53,26.3,8.3,1421.53,26.3,9.07,36.37,42.69,0.94,80.01,0.2495,False,False
1780909301.5471575,archive_flood_airfield_274c83,archive_flood_airfield_274c83.mp4,1039,50.0,640,480,combined,detect_combined,Flooded,deeplabv3plus,False,False,0,tensorrt,tensorrt,tensorrt,21.27,21.27,46.6,47.02,7.43,15.47,22.9,1421.53,30.9,8.3,1421.53,30.9,9.07,36.37,42.69,0.94,80.01,0.2647,False,False
1780909301.6630964,archive_flood_airfield_274c83,archive_flood_airfield_274c83.mp4,1040,50.0,640,480,combined,detect_combined,Flooded,deeplabv3plus,False,False,0,tensorrt,tensorrt,tensorrt,23.61,23.61,41.93,42.35,7.41,15.37,22.78,1421.53,25.0,8.3,1421.53,25.0,9.07,36.37,42.69,0.94,80.01,0.2374,False,False
1780909301.7540781,archive_flood_airfield_274c83,archive_flood_airfield_274c83.mp4,1041,50.0,640,480,combined,detect_combined,Flooded,deeplabv3plus,False,False,0,tensorrt,tensorrt,tensorrt,21.74,21.74,45.58,46.01,7.75,24.6,32.35,1421.53,32.7,8.3,1421.53,32.7,9.07,36.37,42.69,0.94,80.01,0.2367,False,False
1780909301.8421464,archive_flood_airfield_274c83,archive_flood_airfield_274c83.mp4,1042,50.0,640,480,combined,detect_combined,Flooded,deeplabv3plus,False,False,0,tensorrt,tensorrt,tensorrt,23.52,23.52,42.17,42.52,6.41,16.85,23.26,1421.53,47.2,8.3,1421.53,47.2,9.07,36.37,42.69,0.94,80.01,0.2529,False,False
1780909301.9027386,archive_flood_airfield_274c83,archive_flood_airfield_274c83.mp4,1043,50.0,640,480,combined,detect_combined,Flooded,deeplabv3plus,False,False,0,tensorrt,tensorrt,tensorrt,35.17,35.17,28.07,28.43,5.32,10.12,15.44,1421.53,37.1,8.0,1421.53,37.1,9.07,36.37,42.69,0.94,80.01,0.2396,False,False
1780909301.986612,archive_flood_airfield_274c83,archive_flood_airfield_274c83.mp4,1044,50.0,640,480,combined,detect_combined,Flooded,deeplabv3plus,False,False,0,tensorrt,tensorrt,tensorrt,22.91,22.91,43.15,43.64,7.47,23.64,31.11,1421.53,26.5,8.0,1421.53,26.5,9.07,36.37,42.69,0.94,80.01,0.258,False,False
1780909302.0707564,archive_flood_airfield_274c83,archive_flood_airfield_274c83.mp4,1045,50.0,640,480,combined,detect_combined,Flooded,deeplabv3plus,False,False,0,tensorrt,tensorrt,tensorrt,22.57,22.57,43.9,44.3,9.23,22.3,31.53,1421.53,24.0,8.0,1421.53,24.0,9.07,36.37,42.69,0.94,80.01,0.2251,False,False
1780909302.1565504,archive_flood_airfield_274c83,archive_flood_airfield_274c83.mp4,1046,50.0,640,480,combined,detect_combined,Non-Flooded,resnet18,True,False,0,tensorrt,tensorrt,tensorrt,23.88,23.88,41.42,41.88,7.29,18.53,25.82,1421.53,30.0,8.0,1421.53,30.0,9.07,36.37,42.69,0.94,80.01,0.1827,False,False
1780909302.239836,archive_flood_airfield_274c83,archive_flood_airfield_274c83.mp4,1047,50.0,640,480,combined,detect_combined,Flooded,deeplabv3plus,True,False,0,tensorrt,tensorrt,tensorrt,22.96,22.96,43.03,43.55,6.39,19.37,25.76,1421.53,34.0,8.0,1421.53,34.0,9.07,36.37,42.69,0.94,80.01,0.2533,False,False
1780909302.3169117,archive_flood_airfield_274c83,archive_flood_airfield_274c83.mp4,1048,50.0,640,480,combined,detect_combined,Flooded,deeplabv3plus,False,False,0,tensorrt,tensorrt,tensorrt,25.36,25.36,39.07,39.42,6.97,20.77,27.74,1421.53,47.8,8.0,1421.53,47.8,9.07,36.37,42.69,0.94,80.01,0.2776,False,False
1780909302.4040709,archive_flood_airfield_274c83,archive_flood_airfield_274c83.mp4,1049,50.0,640,480,combined,detect_combined,Flooded,deeplabv3plus,False,False,0,tensorrt,tensorrt,tensorrt,20.25,20.25,48.98,49.37,11.84,24.84,36.68,1421.53,44.9,8.0,1421.53,44.9,9.07,36.37,42.69,0.94,80.01,0.2467,False,False
1780909302.4833927,archive_flood_airfield_274c83,archive_flood_airfield_274c83.mp4,1050,50.0,640,480,combined,detect_combined,Non-Flooded,resnet18,True,False,0,tensorrt,tensorrt,tensorrt,22.71,22.71,43.55,44.03,9.66,22.74,32.4,1421.53,50.0,8.0,1421.53,50.0,9.07,36.37,42.69,0.94,80.01,0.1962,False,False
1780909302.5659647,archive_flood_airfield_274c83,archive_flood_airfield_274c83.mp4,1051,50.0,640,480,combined,detect_combined,Non-Flooded,resnet18,False,False,0,tensorrt,tensorrt,tensorrt,21.55,21.55,46.06,46.41,13.27,22.1,35.370000000000005,1421.53,45.8,8.0,1421.53,45.8,9.07,36.37,42.69,0.94,80.01,0.1897,False,False
1780909302.6470954,archive_flood_airfield_274c83,archive_flood_airfield_274c83.mp4,1052,50.0,640,480,combined,detect_combined,Non-Flooded,resnet18,False,False,0,tensorrt,tensorrt,tensorrt,20.81,20.81,47.68,48.06,14.96,19.45,34.41,1421.53,40.4,8.0,1421.53,40.4,9.07,36.37,42.69,0.94,80.01,0.178,False,False
1780909302.7392735,archive_flood_airfield_274c83,archive_flood_airfield_274c83.mp4,1053,50.0,640,480,combined,detect_combined,Non-Flooded,resnet18,False,False,0,tensorrt,tensorrt,tensorrt,20.0,20.0,49.59,50.01,9.96,24.74,34.7,1421.53,29.4,8.0,1421.53,29.4,9.07,36.37,42.69,0.94,80.01,0.1787,False,False
1780909302.85531,archive_flood_airfield_274c83,archive_flood_airfield_274c83.mp4,1054,50.0,640,480,combined,detect_combined,Non-Flooded,resnet18,False,False,0,tensorrt,tensorrt,tensorrt,15.24,15.24,65.21,65.6,11.66,31.29,42.95,1421.53,30.3,8.0,1421.53,30.3,9.07,36.37,42.69,0.94,80.01,0.1923,False,False
1780909302.9346488,archive_flood_airfield_274c83,archive_flood_airfield_274c83.mp4,1055,50.0,640,480,combined,detect_combined,Flooded,deeplabv3plus,True,False,0,tensorrt,tensorrt,tensorrt,21.3,21.3,46.53,46.96,10.57,23.23,33.8,1421.53,38.0,8.0,1421.53,38.0,9.07,36.37,42.69,0.94,80.01,0.204,False,False
1780909303.009231,archive_flood_airfield_274c83,archive_flood_airfield_274c83.mp4,1056,50.0,640,480,combined,detect_combined,Non-Flooded,resnet18,True,False,0,tensorrt,tensorrt,tensorrt,24.24,24.24,40.71,41.25,7.09,12.62,19.71,1421.53,31.7,8.0,1421.53,31.7,9.07,36.37,42.69,0.94,80.01,0.182,False,False
1780909303.1024618,archive_flood_airfield_274c83,archive_flood_airfield_274c83.mp4,1057,50.0,640,480,combined,detect_combined,Flooded,deeplabv3plus,True,False,0,tensorrt,tensorrt,tensorrt,19.82,19.82,50.03,50.45,12.88,22.79,35.67,1421.53,25.9,7.85,1421.53,25.9,9.07,36.37,42.69,0.94,80.01,0.2031,False,False
1780909303.198445,archive_flood_airfield_274c83,archive_flood_airfield_274c83.mp4,1058,50.0,640,480,combined,detect_combined,Flooded,deeplabv3plus,False,False,0,tensorrt,tensorrt,tensorrt,24.09,24.09,41.09,41.51,11.2,14.76,25.96,1421.53,24.6,7.85,1421.53,24.6,9.07,36.37,42.69,0.94,80.01,0.2506,False,False
1780909303.3081846,archive_flood_airfield_274c83,archive_flood_airfield_274c83.mp4,1059,50.0,640,480,combined,detect_combined,Flooded,deeplabv3plus,False,False,0,tensorrt,tensorrt,tensorrt,16.95,16.95,58.56,59.0,14.48,25.41,39.89,1421.53,28.1,7.85,1421.53,28.1,9.07,36.37,42.69,0.94,80.01,0.2455,False,False
1780909303.408885,archive_flood_airfield_274c83,archive_flood_airfield_274c83.mp4,1060,50.0,640,480,combined,detect_combined,Flooded,deeplabv3plus,False,False,0,tensorrt,tensorrt,tensorrt,20.2,20.2,49.08,49.5,7.95,15.3,23.25,1421.53,25.4,7.85,1421.53,25.4,9.07,36.37,42.69,0.94,80.01,0.2665,False,False
1780909303.5011744,archive_flood_airfield_274c83,archive_flood_airfield_274c83.mp4,1061,50.0,640,480,combined,detect_combined,Flooded,deeplabv3plus,False,False,0,tensorrt,tensorrt,tensorrt,19.56,19.56,50.74,51.13,13.59,23.42,37.010000000000005,1421.53,23.5,7.85,1421.53,23.5,9.07,36.37,42.69,0.94,80.01,0.2654,False,False
1780909303.5924916,archive_flood_airfield_274c83,archive_flood_airfield_274c83.mp4,1062,50.0,640,480,combined,detect_combined,Flooded,deeplabv3plus,False,False,0,tensorrt,tensorrt,tensorrt,20.94,20.94,47.32,47.75,15.65,14.28,29.93,1421.53,40.0,7.85,1421.53,40.0,9.07,36.37,42.69,0.94,80.01,0.2841,False,False
1780909303.6774278,archive_flood_airfield_274c83,archive_flood_airfield_274c83.mp4,1063,50.0,640,480,combined,detect_combined,Flooded,deeplabv3plus,False,False,0,tensorrt,tensorrt,tensorrt,21.8,21.8,45.53,45.87,13.83,14.91,28.740000000000002,1421.53,49.0,7.54,1421.53,49.0,9.07,36.37,42.69,0.94,80.01,0.3142,False,False
1780909303.7662578,archive_flood_airfield_274c83,archive_flood_airfield_274c83.mp4,1064,50.0,640,480,combined,detect_combined,Flooded,deeplabv3plus,False,False,0,tensorrt,tensorrt,tensorrt,20.03,20.03,49.52,49.92,13.02,24.92,37.94,1421.53,46.4,7.54,1421.53,46.4,9.07,36.37,42.69,0.94,80.01,0.4627,False,False
1780909303.8522184,archive_flood_airfield_274c83,archive_flood_airfield_274c83.mp4,1065,50.0,640,480,combined,detect_combined,Flooded,deeplabv3plus,False,False,0,tensorrt,tensorrt,tensorrt,24.49,24.49,40.49,40.83,6.25,17.19,23.44,1421.53,45.1,7.54,1421.53,45.1,9.07,36.37,42.69,0.94,80.01,0.4278,False,False
1780909303.930155,archive_flood_airfield_274c83,archive_flood_airfield_274c83.mp4,1066,50.0,640,480,combined,detect_combined,Flooded,deeplabv3plus,False,False,0,tensorrt,tensorrt,tensorrt,21.07,21.07,47.08,47.47,13.82,21.82,35.64,1421.53,44.4,7.54,1421.53,44.4,9.07,36.37,42.69,0.94,80.01,0.4058,False,False
1780909304.0016046,archive_flood_airfield_274c83,archive_flood_airfield_274c83.mp4,1067,50.0,640,480,combined,detect_combined,Flooded,deeplabv3plus,False,False,0,tensorrt,tensorrt,tensorrt,23.39,23.39,42.42,42.76,6.78,12.6,19.38,1421.53,37.2,7.54,1421.53,37.2,9.07,36.37,42.69,0.94,80.01,0.4495,False,False
1780909304.0696228,archive_flood_airfield_274c83,archive_flood_airfield_274c83.mp4,1068,50.0,640,480,combined,detect_combined,Flooded,deeplabv3plus,False,False,0,tensorrt,tensorrt,tensorrt,24.89,24.89,39.86,40.18,5.84,10.79,16.63,1421.53,22.5,7.54,1421.53,22.5,9.07,36.37,42.69,0.94,80.01,0.5556,False,False
1780909304.135449,archive_flood_airfield_274c83,archive_flood_airfield_274c83.mp4,1069,50.0,640,480,combined,detect_combined,Flooded,deeplabv3plus,False,False,0,tensorrt,tensorrt,tensorrt,27.19,27.19,36.47,36.78,6.36,12.23,18.59,1421.53,26.3,7.54,1421.53,26.3,9.07,36.37,42.69,0.94,80.01,0.4293,False,False
1780909304.2087379,archive_flood_airfield_274c83,archive_flood_airfield_274c83.mp4,1070,50.0,640,480,combined,detect_combined,Flooded,deeplabv3plus,False,False,0,tensorrt,tensorrt,tensorrt,25.01,25.01,39.61,39.99,6.48,14.12,20.6,1421.53,25.0,7.54,1421.53,25.0,9.07,36.37,42.69,0.94,80.01,0.4395,False,False
1780909304.2886333,archive_flood_airfield_274c83,archive_flood_airfield_274c83.mp4,1071,50.0,640,480,combined,detect_combined,Flooded,deeplabv3plus,False,False,0,tensorrt,tensorrt,tensorrt,21.51,21.51,46.03,46.48,6.55,13.61,20.16,1421.53,27.1,7.85,1421.53,27.1,9.07,36.37,42.69,0.94,80.01,0.4716,False,False
1780909304.3703012,archive_flood_airfield_274c83,archive_flood_airfield_274c83.mp4,1072,50.0,640,480,combined,detect_combined,Flooded,deeplabv3plus,False,False,0,tensorrt,tensorrt,tensorrt,22.52,22.52,44.03,44.4,6.73,17.25,23.98,1421.53,27.1,7.85,1421.53,27.1,9.07,36.37,42.69,0.94,80.01,0.4466,False,False
1780909304.4636204,archive_flood_airfield_274c83,archive_flood_airfield_274c83.mp4,1073,50.0,640,480,combined,detect_combined,Flooded,deeplabv3plus,False,False,0,tensorrt,tensorrt,tensorrt,20.63,20.63,48.09,48.48,11.94,23.95,35.89,1421.53,28.1,7.85,1421.53,28.1,9.07,36.37,42.69,0.94,80.01,0.4555,False,False
1780909304.5512965,archive_flood_airfield_274c83,archive_flood_airfield_274c83.mp4,1074,50.0,640,480,combined,detect_combined,Flooded,deeplabv3plus,False,False,0,tensorrt,tensorrt,tensorrt,22.62,22.62,43.89,44.21,7.11,18.17,25.28,1421.53,26.0,7.85,1421.53,26.0,9.07,36.37,42.69,0.94,80.01,0.5298,False,False
1780909304.6380281,archive_flood_airfield_274c83,archive_flood_airfield_274c83.mp4,1075,50.0,640,480,combined,detect_combined,Flooded,deeplabv3plus,False,False,0,tensorrt,tensorrt,tensorrt,21.32,21.32,46.57,46.91,6.05,18.06,24.11,1421.53,28.3,7.85,1421.53,28.3,9.07,36.37,42.69,0.94,80.01,0.479,False,False
1780909304.7299778,archive_flood_airfield_274c83,archive_flood_airfield_274c83.mp4,1076,50.0,640,480,combined,detect_combined,Flooded,deeplabv3plus,False,False,0,tensorrt,tensorrt,tensorrt,20.99,20.99,47.3,47.65,11.85,22.78,34.63,1421.53,21.6,7.85,1421.53,21.6,9.07,36.37,42.69,0.94,80.01,0.4199,False,False
1780909304.8209987,archive_flood_airfield_274c83,archive_flood_airfield_274c83.mp4,1077,50.0,640,480,combined,detect_combined,Flooded,deeplabv3plus,False,False,0,tensorrt,tensorrt,tensorrt,20.78,20.78,47.76,48.13,7.95,13.66,21.61,1421.53,30.9,7.54,1421.53,30.9,9.07,36.37,42.69,0.94,80.01,0.4339,False,False
1780909304.9156616,archive_flood_airfield_274c83,archive_flood_airfield_274c83.mp4,1078,50.0,640,480,combined,detect_combined,Flooded,deeplabv3plus,False,False,0,tensorrt,tensorrt,tensorrt,20.4,20.4,48.54,49.01,13.15,20.99,34.14,1421.53,23.5,7.54,1421.53,23.5,9.07,36.37,42.69,0.94,80.01,0.4732,False,False
1780909305.0035348,archive_flood_airfield_274c83,archive_flood_airfield_274c83.mp4,1079,50.0,640,480,combined,detect_combined,Flooded,deeplabv3plus,False,False,0,tensorrt,tensorrt,tensorrt,20.44,20.44,48.53,48.92,9.53,15.5,25.03,1421.53,45.1,7.54,1421.53,45.1,9.07,36.37,42.69,0.94,80.01,0.48,False,False
1780909305.089797,archive_flood_airfield_274c83,archive_flood_airfield_274c83.mp4,1080,50.0,640,480,combined,detect_combined,Flooded,deeplabv3plus,False,False,0,tensorrt,tensorrt,tensorrt,21.52,21.52,46.05,46.46,14.15,15.73,29.880000000000003,1421.53,48.1,7.54,1421.53,48.1,9.07,36.37,42.69,0.94,80.01,0.5047,False,False
1780909305.1815505,archive_flood_airfield_274c83,archive_flood_airfield_274c83.mp4,1081,50.0,640,480,combined,detect_combined,Flooded,deeplabv3plus,False,False,0,tensorrt,tensorrt,tensorrt,18.78,18.78,52.81,53.26,14.12,23.29,37.41,1421.53,45.5,7.54,1421.53,45.5,9.07,36.37,42.69,0.94,80.01,0.3847,False,False
1780909305.265475,archive_flood_airfield_274c83,archive_flood_airfield_274c83.mp4,1082,50.0,640,480,combined,detect_combined,Flooded,deeplabv3plus,False,False,0,tensorrt,tensorrt,tensorrt,21.74,21.74,45.63,46.0,7.15,13.89,21.04,1421.53,42.9,7.54,1421.53,42.9,9.07,36.37,42.69,0.94,80.01,0.5274,False,False
1780909305.3653607,archive_flood_airfield_274c83,archive_flood_airfield_274c83.mp4,1083,50.0,640,480,combined,detect_combined,Flooded,deeplabv3plus,False,False,0,tensorrt,tensorrt,tensorrt,15.63,15.63,63.48,63.99,21.72,26.24,47.959999999999994,1421.53,34.6,7.54,1421.53,34.6,9.07,36.37,42.69,0.94,80.01,0.4805,False,False
1780909305.465028,archive_flood_airfield_274c83,archive_flood_airfield_274c83.mp4,1084,50.0,640,480,combined,detect_combined,Flooded,deeplabv3plus,False,False,0,tensorrt,tensorrt,tensorrt,19.69,19.69,50.36,50.79,11.82,23.69,35.510000000000005,1421.53,28.1,8.15,1421.53,28.1,9.07,36.37,42.69,0.94,80.01,0.5651,False,False
1780909305.5540526,archive_flood_airfield_274c83,archive_flood_airfield_274c83.mp4,1085,50.0,640,480,combined,detect_combined,Flooded,deeplabv3plus,False,False,0,tensorrt,tensorrt,tensorrt,23.02,23.02,42.98,43.44,7.24,14.47,21.71,1421.53,30.2,8.15,1421.53,30.2,9.07,36.37,42.69,0.94,80.01,0.5975,False,False
1780909305.639246,archive_flood_airfield_274c83,archive_flood_airfield_274c83.mp4,1086,50.0,640,480,combined,detect_combined,Flooded,deeplabv3plus,False,False,0,tensorrt,tensorrt,tensorrt,23.83,23.83,41.56,41.96,7.19,15.24,22.43,1421.53,26.5,8.15,1421.53,26.5,9.07,36.37,42.69,0.94,80.01,0.603,False,False
1780909305.7257142,archive_flood_airfield_274c83,archive_flood_airfield_274c83.mp4,1087,50.0,640,480,combined,detect_combined,Flooded,deeplabv3plus,False,False,0,tensorrt,tensorrt,tensorrt,22.73,22.73,43.49,44.0,7.25,23.34,30.59,1421.53,27.5,8.15,1421.53,27.5,9.07,36.37,42.69,0.94,80.01,0.5997,False,False
1780909305.8145597,archive_flood_airfield_274c83,archive_flood_airfield_274c83.mp4,1088,50.0,640,480,combined,detect_combined,Flooded,deeplabv3plus,False,False,0,tensorrt,tensorrt,tensorrt,22.23,22.23,44.56,44.98,7.25,20.01,27.26,1421.53,28.3,8.15,1421.53,28.3,9.07,36.37,42.69,0.94,80.01,0.5176,False,False
1780909305.9121804,archive_flood_airfield_274c83,archive_flood_airfield_274c83.mp4,1089,50.0,640,480,combined,detect_combined,Flooded,deeplabv3plus,False,False,0,tensorrt,tensorrt,tensorrt,20.78,20.78,47.72,48.13,10.7,23.8,34.5,1421.53,28.1,8.15,1421.53,28.1,9.07,36.37,42.69,0.94,80.01,0.4362,False,False
1780909306.013743,archive_flood_airfield_274c83,archive_flood_airfield_274c83.mp4,1090,50.0,640,480,combined,detect_combined,Flooded,deeplabv3plus,False,False,0,tensorrt,tensorrt,tensorrt,20.53,20.53,48.3,48.7,8.85,24.58,33.43,1421.53,29.5,7.54,1421.53,29.5,9.07,36.37,42.69,0.94,80.01,0.5677,False,False
1780909306.1107683,archive_flood_airfield_274c83,archive_flood_airfield_274c83.mp4,1091,50.0,640,480,combined,detect_combined,Flooded,deeplabv3plus,False,False,0,tensorrt,tensorrt,tensorrt,22.08,22.08,44.87,45.29,7.44,24.18,31.62,1421.53,29.8,7.54,1421.53,29.8,9.07,36.37,42.69,0.94,80.01,0.5728,False,False
1780909306.2060788,archive_flood_airfield_274c83,archive_flood_airfield_274c83.mp4,1092,50.0,640,480,combined,detect_combined,Flooded,deeplabv3plus,False,False,0,tensorrt,tensorrt,tensorrt,21.7,21.7,45.76,46.09,12.11,21.95,34.06,1421.53,48.3,7.54,1421.53,48.3,9.07,36.37,42.69,0.94,80.01,0.5528,False,False
1780909306.2825124,archive_flood_airfield_274c83,archive_flood_airfield_274c83.mp4,1093,50.0,640,480,combined,detect_combined,Flooded,deeplabv3plus,False,False,0,tensorrt,tensorrt,tensorrt,22.02,22.02,45.07,45.42,6.09,17.65,23.74,1421.53,44.7,7.54,1421.53,44.7,9.07,36.37,42.69,0.94,80.01,0.5258,False,False
1780909306.3670685,archive_flood_airfield_274c83,archive_flood_airfield_274c83.mp4,1094,50.0,640,480,combined,detect_combined,Flooded,deeplabv3plus,False,False,0,tensorrt,tensorrt,tensorrt,19.76,19.76,50.14,50.61,6.02,20.05,26.07,1421.53,45.3,7.54,1421.53,45.3,9.07,36.37,42.69,0.94,80.01,0.6042,False,False
1780909306.4333217,archive_flood_airfield_274c83,archive_flood_airfield_274c83.mp4,1095,50.0,640,480,combined,detect_combined,Flooded,deeplabv3plus,False,False,0,tensorrt,tensorrt,tensorrt,26.93,26.93,36.76,37.14,6.82,12.12,18.939999999999998,1421.53,48.7,7.54,1421.53,48.7,9.07,36.37,42.69,0.94,80.01,0.5824,False,False
1780909306.4989374,archive_flood_airfield_274c83,archive_flood_airfield_274c83.mp4,1096,50.0,640,480,combined,detect_combined,Flooded,deeplabv3plus,False,False,0,tensorrt,tensorrt,tensorrt,27.41,27.41,36.05,36.48,6.16,13.17,19.33,1421.53,47.5,7.54,1421.53,47.5,9.07,36.37,42.69,0.94,80.01,0.5,False,False
1780909306.5629363,archive_flood_airfield_274c83,archive_flood_airfield_274c83.mp4,1097,50.0,640,480,combined,detect_combined,Flooded,deeplabv3plus,False,False,0,tensorrt,tensorrt,tensorrt,27.28,27.28,36.31,36.66,6.74,12.82,19.560000000000002,1421.53,41.7,7.54,1421.53,41.7,9.07,36.37,42.69,0.94,80.01,0.6183,False,False
1780909306.6408982,archive_flood_airfield_274c83,archive_flood_airfield_274c83.mp4,1098,50.0,640,480,combined,detect_combined,Flooded,deeplabv3plus,False,False,0,tensorrt,tensorrt,tensorrt,22.67,22.67,43.66,44.1,7.5,22.29,29.79,1421.53,44.7,8.3,1421.53,44.7,9.07,36.37,42.69,0.94,80.01,0.436,False,False
1780909306.7154415,archive_flood_airfield_274c83,archive_flood_airfield_274c83.mp4,1099,50.0,640,480,combined,detect_combined,Flooded,deeplabv3plus,False,False,0,tensorrt,tensorrt,tensorrt,23.42,23.42,42.32,42.7,6.51,13.54,20.049999999999997,1421.53,42.2,8.3,1421.53,42.2,9.07,36.37,42.69,0.94,80.01,0.446,False,False
1780909306.8072572,archive_flood_airfield_274c83,archive_flood_airfield_274c83.mp4,1100,50.0,640,480,combined,detect_combined,Flooded,deeplabv3plus,False,False,0,tensorrt,tensorrt,tensorrt,18.43,18.43,53.85,54.26,6.86,14.19,21.05,1421.53,28.3,8.3,1421.53,28.3,9.07,36.37,42.69,0.94,80.01,0.4799,False,False
1780909306.9094179,archive_flood_airfield_274c83,archive_flood_airfield_274c83.mp4,1101,50.0,640,480,combined,detect_combined,Flooded,deeplabv3plus,False,False,0,tensorrt,tensorrt,tensorrt,19.19,19.19,51.69,52.11,13.64,24.72,38.36,1421.53,20.7,8.3,1421.53,20.7,9.07,36.37,42.69,0.94,80.01,0.5966,False,False
1780909306.997849,archive_flood_airfield_274c83,archive_flood_airfield_274c83.mp4,1102,50.0,640,480,combined,detect_combined,Flooded,deeplabv3plus,False,False,0,tensorrt,tensorrt,tensorrt,22.52,22.52,44.04,44.41,5.88,17.66,23.54,1421.53,27.5,8.3,1421.53,27.5,9.07,36.37,42.69,0.94,80.01,0.4699,False,False
1780909307.0936973,archive_flood_airfield_274c83,archive_flood_airfield_274c83.mp4,1103,50.0,640,480,combined,detect_combined,Flooded,deeplabv3plus,False,False,0,tensorrt,tensorrt,tensorrt,22.35,22.35,44.18,44.75,7.15,22.35,29.5,1421.53,25.5,8.3,1421.53,25.5,9.07,36.37,42.69,0.94,80.01,0.5025,False,False
1780909307.192933,archive_flood_airfield_274c83,archive_flood_airfield_274c83.mp4,1104,50.0,640,480,combined,detect_combined,Flooded,deeplabv3plus,False,False,0,tensorrt,tensorrt,tensorrt,18.89,18.89,52.57,52.94,14.01,24.46,38.47,1421.53,31.3,7.54,1421.53,31.3,9.07,36.37,42.69,0.94,80.01,0.5165,False,False
1780909307.2817674,archive_flood_airfield_274c83,archive_flood_airfield_274c83.mp4,1105,50.0,640,480,combined,detect_combined,Flooded,deeplabv3plus,False,False,0,tensorrt,tensorrt,tensorrt,19.98,19.98,49.66,50.05,7.26,22.79,30.049999999999997,1421.53,29.4,7.54,1421.53,29.4,9.07,36.37,42.69,0.94,80.01,0.5512,False,False
1780909307.3815203,archive_flood_airfield_274c83,archive_flood_airfield_274c83.mp4,1106,50.0,640,480,combined,detect_combined,Flooded,deeplabv3plus,False,False,0,tensorrt,tensorrt,tensorrt,20.01,20.01,49.57,49.98,8.73,14.92,23.65,1421.53,31.7,7.54,1421.53,31.7,9.07,36.37,42.69,0.94,80.01,0.4864,False,False
1780909307.476647,archive_flood_airfield_274c83,archive_flood_airfield_274c83.mp4,1107,50.0,640,480,combined,detect_combined,Flooded,deeplabv3plus,False,False,0,tensorrt,tensorrt,tensorrt,20.8,20.8,47.65,48.08,7.7,25.05,32.75,1421.53,44.6,7.54,1421.53,44.6,9.07,36.37,42.69,0.94,80.01,0.6519,False,False
1780909307.576067,archive_flood_airfield_274c83,archive_flood_airfield_274c83.mp4,1108,50.0,640,480,combined,detect_combined,Flooded,deeplabv3plus,False,False,0,tensorrt,tensorrt,tensorrt,18.51,18.51,53.62,54.02,14.23,24.72,38.95,1421.53,40.4,7.54,1421.53,40.4,9.07,36.37,42.69,0.94,80.01,0.5784,False,False
1780909307.6762648,archive_flood_airfield_274c83,archive_flood_airfield_274c83.mp4,1109,50.0,640,480,combined,detect_combined,Flooded,deeplabv3plus,False,False,0,tensorrt,tensorrt,tensorrt,18.14,18.14,54.72,55.13,14.01,25.77,39.78,1421.53,41.1,7.54,1421.53,41.1,9.07,36.37,42.69,0.94,80.01,0.5628,False,False
1780909307.775983,archive_flood_airfield_274c83,archive_flood_airfield_274c83.mp4,1110,50.0,640,480,combined,detect_combined,Flooded,deeplabv3plus,False,False,0,tensorrt,tensorrt,tensorrt,18.29,18.29,54.24,54.68,13.96,25.45,39.41,1421.53,33.9,7.85,1421.53,33.9,9.07,36.37,42.69,0.94,80.01,0.5981,False,False
1780909307.8785808,archive_flood_airfield_274c83,archive_flood_airfield_274c83.mp4,1111,50.0,640,480,combined,detect_combined,Flooded,deeplabv3plus,False,False,0,tensorrt,tensorrt,tensorrt,16.64,16.64,59.66,60.11,15.08,25.86,40.94,1421.53,46.7,7.85,1421.53,46.7,9.07,36.37,42.69,0.94,80.01,0.4075,False,False
1780909307.966377,archive_flood_airfield_274c83,archive_flood_airfield_274c83.mp4,1112,50.0,640,480,combined,detect_combined,Flooded,deeplabv3plus,False,False,0,tensorrt,tensorrt,tensorrt,23.32,23.32,42.43,42.88,7.78,16.89,24.67,1421.53,31.4,7.85,1421.53,31.4,9.07,36.37,42.69,0.94,80.01,0.468,False,False
1780909308.0478864,archive_flood_airfield_274c83,archive_flood_airfield_274c83.mp4,1113,50.0,640,480,combined,detect_combined,Flooded,deeplabv3plus,False,False,0,tensorrt,tensorrt,tensorrt,23.05,23.05,42.94,43.39,7.49,14.86,22.35,1421.53,31.9,7.85,1421.53,31.9,9.07,36.37,42.69,0.94,80.01,0.491,False,False
1780909308.1401198,archive_flood_airfield_274c83,archive_flood_airfield_274c83.mp4,1114,50.0,640,480,combined,detect_combined,Flooded,deeplabv3plus,False,False,0,tensorrt,tensorrt,tensorrt,21.25,21.25,46.66,47.07,8.71,24.59,33.3,1421.53,25.0,7.85,1421.53,25.0,9.07,36.37,42.69,0.94,80.01,0.4535,False,False
1780909308.2275536,archive_flood_airfield_274c83,archive_flood_airfield_274c83.mp4,1115,50.0,640,480,combined,detect_combined,Flooded,deeplabv3plus,False,False,0,tensorrt,tensorrt,tensorrt,23.26,23.26,42.57,43.0,7.11,14.88,21.990000000000002,1421.53,28.8,7.85,1421.53,28.8,9.07,36.37,42.69,0.94,80.01,0.5085,False,False
1780909308.3224027,archive_flood_airfield_274c83,archive_flood_airfield_274c83.mp4,1116,50.0,640,480,combined,detect_combined,Flooded,deeplabv3plus,False,False,0,tensorrt,tensorrt,tensorrt,19.72,19.72,50.29,50.71,10.99,25.17,36.160000000000004,1421.53,28.6,7.54,1421.53,28.6,9.07,36.37,42.69,0.94,80.01,0.4501,False,False
1780909308.4243555,archive_flood_airfield_274c83,archive_flood_airfield_274c83.mp4,1117,50.0,640,480,combined,detect_combined,Flooded,deeplabv3plus,False,False,0,tensorrt,tensorrt,tensorrt,19.63,19.63,50.52,50.95,10.86,24.56,35.42,1421.53,24.1,7.54,1421.53,24.1,9.07,36.37,42.69,0.94,80.01,0.575,False,False
1780909308.5304942,archive_flood_airfield_274c83,archive_flood_airfield_274c83.mp4,1118,50.0,640,480,combined,detect_combined,Flooded,deeplabv3plus,False,False,0,tensorrt,tensorrt,tensorrt,21.78,21.78,45.5,45.92,17.08,15.2,32.28,1421.53,23.8,7.54,1421.53,23.8,9.07,36.37,42.69,0.94,80.01,0.4501,False,False
1780909308.6388745,archive_flood_airfield_274c83,archive_flood_airfield_274c83.mp4,1119,50.0,640,480,combined,detect_combined,Flooded,deeplabv3plus,False,False,0,tensorrt,tensorrt,tensorrt,17.9,17.9,55.45,55.87,15.47,25.23,40.7,1421.53,25.8,7.54,1421.53,25.8,9.07,36.37,42.69,0.94,80.01,0.5441,False,False
1780909308.737887,archive_flood_airfield_274c83,archive_flood_airfield_274c83.mp4,1120,50.0,640,480,combined,detect_combined,Flooded,deeplabv3plus,False,False,0,tensorrt,tensorrt,tensorrt,19.39,19.39,51.15,51.57,12.63,24.82,37.45,1421.53,54.2,7.54,1421.53,54.2,9.07,36.37,42.69,0.94,80.01,0.522,False,False
1780909308.8274798,archive_flood_airfield_274c83,archive_flood_airfield_274c83.mp4,1121,50.0,640,480,combined,detect_combined,Flooded,deeplabv3plus,False,False,0,tensorrt,tensorrt,tensorrt,22.16,22.16,44.79,45.12,12.92,13.33,26.25,1421.53,76.9,7.54,1421.53,76.9,9.07,36.37,42.69,0.94,80.01,0.536,False,False
1780909308.9036832,archive_flood_airfield_274c83,archive_flood_airfield_274c83.mp4,1122,50.0,640,480,combined,detect_combined,Flooded,deeplabv3plus,False,False,0,tensorrt,tensorrt,tensorrt,22.61,22.61,43.91,44.23,9.03,12.09,21.119999999999997,1421.53,75.0,7.54,1421.53,75.0,9.07,36.37,42.69,0.94,80.01,0.4719,False,False
1780909308.973114,archive_flood_airfield_274c83,archive_flood_airfield_274c83.mp4,1123,50.0,640,480,combined,detect_combined,Flooded,deeplabv3plus,False,False,0,tensorrt,tensorrt,tensorrt,24.42,24.42,40.52,40.94,6.49,11.2,17.689999999999998,1421.53,51.3,8.92,1421.53,51.3,9.07,36.37,42.69,0.94,80.01,0.5445,False,False
1780909309.0343573,archive_flood_airfield_274c83,archive_flood_airfield_274c83.mp4,1124,50.0,640,480,combined,detect_combined,Flooded,deeplabv3plus,False,False,0,tensorrt,tensorrt,tensorrt,26.62,26.62,37.26,37.57,6.04,11.04,17.08,1421.53,44.7,8.92,1421.53,44.7,9.07,36.37,42.69,0.94,80.01,0.4343,False,False
1780909309.0997186,archive_flood_airfield_274c83,archive_flood_airfield_274c83.mp4,1125,50.0,640,480,combined,detect_combined,Flooded,deeplabv3plus,False,False,0,tensorrt,tensorrt,tensorrt,25.51,25.51,38.86,39.21,5.99,11.74,17.73,1421.53,38.5,8.92,1421.53,38.5,9.07,36.37,42.69,0.94,80.01,0.6304,False,False
1780909309.1647468,archive_flood_airfield_274c83,archive_flood_airfield_274c83.mp4,1126,50.0,640,480,combined,detect_combined,Flooded,deeplabv3plus,False,False,0,tensorrt,tensorrt,tensorrt,25.88,25.88,38.31,38.64,6.24,12.27,18.509999999999998,1421.53,25.6,8.92,1421.53,25.6,9.07,36.37,42.69,0.94,80.01,0.6222,False,False
1780909309.241744,archive_flood_airfield_274c83,archive_flood_airfield_274c83.mp4,1127,50.0,640,480,combined,detect_combined,Flooded,deeplabv3plus,False,False,0,tensorrt,tensorrt,tensorrt,22.3,22.3,44.47,44.85,6.71,13.03,19.74,1421.53,26.1,8.92,1421.53,26.1,9.07,36.37,42.69,0.94,80.01,0.5892,False,False
1780909309.3222575,archive_flood_airfield_274c83,archive_flood_airfield_274c83.mp4,1128,50.0,640,480,combined,detect_combined,Flooded,deeplabv3plus,False,False,0,tensorrt,tensorrt,tensorrt,22.24,22.24,44.61,44.97,5.89,20.08,25.97,1421.53,25.5,8.92,1421.53,25.5,9.07,36.37,42.69,0.94,80.01,0.6167,False,False
1780909309.405934,archive_flood_airfield_274c83,archive_flood_airfield_274c83.mp4,1129,50.0,640,480,combined,detect_combined,Flooded,deeplabv3plus,False,False,0,tensorrt,tensorrt,tensorrt,21.62,21.62,45.81,46.26,7.26,20.23,27.490000000000002,1421.53,28.0,8.92,1421.53,28.0,9.07,36.37,42.69,0.94,80.01,0.6747,False,False
1780909309.50302,archive_flood_airfield_274c83,archive_flood_airfield_274c83.mp4,1130,50.0,640,480,combined,detect_combined,Flooded,deeplabv3plus,False,False,0,tensorrt,tensorrt,tensorrt,19.86,19.86,49.94,50.35,12.18,24.38,36.56,1421.53,29.3,8.15,1421.53,29.3,9.07,36.37,42.69,0.94,80.01,0.5501,False,False
1780909309.5968816,archive_flood_airfield_274c83,archive_flood_airfield_274c83.mp4,1131,50.0,640,480,combined,detect_combined,Flooded,deeplabv3plus,False,False,0,tensorrt,tensorrt,tensorrt,22.5,22.5,44.02,44.44,10.93,19.98,30.91,1421.53,28.6,8.15,1421.53,28.6,9.07,36.37,42.69,0.94,80.01,0.4852,False,False
1780909309.70257,archive_flood_airfield_274c83,archive_flood_airfield_274c83.mp4,1132,50.0,640,480,combined,detect_combined,Flooded,deeplabv3plus,False,False,0,tensorrt,tensorrt,tensorrt,18.34,18.34,54.1,54.52,15.31,25.48,40.79,1421.53,24.2,8.15,1421.53,24.2,9.07,36.37,42.69,0.94,80.01,0.5032,False,False
1780909309.802082,archive_flood_airfield_274c83,archive_flood_airfield_274c83.mp4,1133,50.0,640,480,combined,detect_combined,Flooded,deeplabv3plus,False,False,0,tensorrt,tensorrt,tensorrt,21.02,21.02,47.11,47.57,9.19,24.66,33.85,1421.53,27.1,8.15,1421.53,27.1,9.07,36.37,42.69,0.94,80.01,0.4405,False,False
1780909309.901093,archive_flood_airfield_274c83,archive_flood_airfield_274c83.mp4,1134,50.0,640,480,combined,detect_combined,Flooded,deeplabv3plus,False,False,0,tensorrt,tensorrt,tensorrt,20.35,20.35,48.74,49.15,10.51,24.64,35.15,1421.53,24.6,8.15,1421.53,24.6,9.07,36.37,42.69,0.94,80.01,0.3983,False,False
1780909310.0041645,archive_flood_airfield_274c83,archive_flood_airfield_274c83.mp4,1135,50.0,640,480,combined,detect_combined,Flooded,deeplabv3plus,False,False,0,tensorrt,tensorrt,tensorrt,17.77,17.77,55.84,56.26,15.53,26.97,42.5,1421.53,37.5,8.15,1421.53,37.5,9.07,36.37,42.69,0.94,80.01,0.4581,False,False
1780909310.0985427,archive_flood_airfield_274c83,archive_flood_airfield_274c83.mp4,1136,50.0,640,480,combined,detect_combined,Flooded,deeplabv3plus,False,False,0,tensorrt,tensorrt,tensorrt,21.51,21.51,46.09,46.48,10.33,23.28,33.61,1421.53,50.9,7.54,1421.53,50.9,9.07,36.37,42.69,0.94,80.01,0.5546,False,False
1780909310.1840293,archive_flood_airfield_274c83,archive_flood_airfield_274c83.mp4,1137,50.0,640,480,combined,detect_combined,Flooded,deeplabv3plus,False,False,0,tensorrt,tensorrt,tensorrt,22.39,22.39,44.18,44.66,8.72,13.16,21.880000000000003,1421.53,44.2,7.54,1421.53,44.2,9.07,36.37,42.69,0.94,80.01,0.6174,False,False
1780909310.2631168,archive_flood_airfield_274c83,archive_flood_airfield_274c83.mp4,1138,50.0,640,480,combined,detect_combined,Flooded,deeplabv3plus,False,False,0,tensorrt,tensorrt,tensorrt,22.58,22.58,43.93,44.3,10.0,22.43,32.43,1421.53,44.4,7.54,1421.53,44.4,9.07,36.37,42.69,0.94,80.01,0.8299,False,False
1780909310.3589835,archive_flood_airfield_274c83,archive_flood_airfield_274c83.mp4,1139,50.0,640,480,combined,detect_combined,Flooded,deeplabv3plus,False,False,0,tensorrt,tensorrt,tensorrt,18.81,18.81,52.76,53.17,15.62,14.37,29.99,1421.53,35.9,7.54,1421.53,35.9,9.07,36.37,42.69,0.94,80.01,0.8628,False,False
1780909310.452222,archive_flood_airfield_274c83,archive_flood_airfield_274c83.mp4,1140,50.0,640,480,combined,detect_combined,Flooded,deeplabv3plus,False,False,0,tensorrt,tensorrt,tensorrt,19.68,19.68,50.39,50.81,12.46,23.2,35.66,1421.53,39.3,7.54,1421.53,39.3,9.07,36.37,42.69,0.94,80.01,0.9058,False,False
1780909310.5412893,archive_flood_airfield_274c83,archive_flood_airfield_274c83.mp4,1141,50.0,640,480,combined,detect_combined,Flooded,deeplabv3plus,False,False,0,tensorrt,tensorrt,tensorrt,20.42,20.42,48.48,48.96,8.94,15.04,23.979999999999997,1421.53,28.3,7.54,1421.53,28.3,9.07,36.37,42.69,0.94,80.01,0.8859,False,False
1780909310.628646,archive_flood_airfield_274c83,archive_flood_airfield_274c83.mp4,1142,50.0,640,480,combined,detect_combined,Flooded,deeplabv3plus,False,False,0,tensorrt,tensorrt,tensorrt,23.0,23.0,43.03,43.47,7.81,20.5,28.31,1421.53,30.8,7.54,1421.53,30.8,9.07,36.37,42.69,0.94,80.01,0.8969,False,False
1780909310.7185793,archive_flood_airfield_274c83,archive_flood_airfield_274c83.mp4,1143,50.0,640,480,combined,detect_combined,Flooded,deeplabv3plus,False,False,0,tensorrt,tensorrt,tensorrt,20.69,20.69,47.91,48.32,7.61,25.3,32.910000000000004,1421.53,26.9,7.69,1421.53,26.9,9.07,36.37,42.69,0.94,80.01,0.8255,False,False
1780909310.8072236,archive_flood_airfield_274c83,archive_flood_airfield_274c83.mp4,1144,50.0,640,480,combined,detect_combined,Flooded,deeplabv3plus,False,False,0,tensorrt,tensorrt,tensorrt,21.31,21.31,46.53,46.93,7.22,14.55,21.77,1421.53,30.4,7.69,1421.53,30.4,9.07,36.37,42.69,0.94,80.01,0.9109,False,False
1780909310.9046993,archive_flood_airfield_274c83,archive_flood_airfield_274c83.mp4,1145,50.0,640,480,combined,detect_combined,Flooded,deeplabv3plus,False,False,0,tensorrt,tensorrt,tensorrt,19.92,19.92,49.75,50.21,7.77,15.2,22.97,1421.53,25.9,7.69,1421.53,25.9,9.07,36.37,42.69,0.94,80.01,0.8155,False,False
1780909311.005278,archive_flood_airfield_274c83,archive_flood_airfield_274c83.mp4,1146,50.0,640,480,combined,detect_combined,Flooded,deeplabv3plus,False,False,0,tensorrt,tensorrt,tensorrt,19.89,19.89,49.87,50.28,8.78,15.26,24.04,1421.53,26.7,7.69,1421.53,26.7,9.07,36.37,42.69,0.94,80.01,0.692,False,False
1780909311.104268,archive_flood_airfield_274c83,archive_flood_airfield_274c83.mp4,1147,50.0,640,480,combined,detect_combined,Flooded,deeplabv3plus,False,False,0,tensorrt,tensorrt,tensorrt,21.65,21.65,45.74,46.18,7.92,17.69,25.61,1421.53,31.6,7.69,1421.53,31.6,9.07,36.37,42.69,0.94,80.01,0.6941,False,False
1780909311.2018542,archive_flood_airfield_274c83,archive_flood_airfield_274c83.mp4,1148,50.0,640,480,combined,detect_combined,Flooded,deeplabv3plus,False,False,0,tensorrt,tensorrt,tensorrt,20.97,20.97,47.29,47.69,8.78,15.23,24.009999999999998,1421.53,33.9,7.69,1421.53,33.9,9.07,36.37,42.69,0.94,80.01,0.7016,False,False
1780909311.2999125,archive_flood_airfield_274c83,archive_flood_airfield_274c83.mp4,1149,50.0,640,480,combined,detect_combined,Flooded,deeplabv3plus,False,False,0,tensorrt,tensorrt,tensorrt,21.16,21.16,46.85,47.26,6.83,25.19,32.02,1421.53,37.5,7.39,1421.53,37.5,9.07,36.37,42.69,0.94,80.01,0.5336,False,False
1780909311.4004076,archive_flood_airfield_274c83,archive_flood_airfield_274c83.mp4,1150,50.0,640,480,combined,detect_combined,Flooded,deeplabv3plus,False,False,0,tensorrt,tensorrt,tensorrt,19.71,19.71,50.32,50.74,9.62,24.43,34.05,1421.53,40.0,7.39,1421.53,40.0,9.07,36.37,42.69,0.94,80.01,0.8882,False,False
1780909311.4813392,archive_flood_airfield_274c83,archive_flood_airfield_274c83.mp4,1151,50.0,640,480,combined,detect_combined,Flooded,deeplabv3plus,False,False,0,tensorrt,tensorrt,tensorrt,21.89,21.89,45.33,45.67,7.22,25.98,33.2,1421.53,43.7,7.39,1421.53,43.7,9.07,36.37,42.69,0.94,80.01,0.8819,False,False
1780909311.55082,archive_flood_airfield_274c83,archive_flood_airfield_274c83.mp4,1152,50.0,640,480,combined,detect_combined,Flooded,deeplabv3plus,False,False,0,tensorrt,tensorrt,tensorrt,23.27,23.27,42.63,42.97,6.33,12.51,18.84,1421.53,43.9,7.39,1421.53,43.9,9.07,36.37,42.69,0.94,80.01,0.9274,False,False
1780909311.6177876,archive_flood_airfield_274c83,archive_flood_airfield_274c83.mp4,1153,50.0,640,480,combined,detect_combined,Flooded,deeplabv3plus,False,False,0,tensorrt,tensorrt,tensorrt,24.85,24.85,39.88,40.24,6.86,12.1,18.96,1421.53,47.5,7.39,1421.53,47.5,9.07,36.37,42.69,0.94,80.01,0.9017,False,False
1780909311.6849186,archive_flood_airfield_274c83,archive_flood_airfield_274c83.mp4,1154,50.0,640,480,combined,detect_combined,Flooded,deeplabv3plus,False,False,0,tensorrt,tensorrt,tensorrt,25.56,25.56,38.75,39.12,6.61,13.07,19.68,1421.53,41.0,7.39,1421.53,41.0,9.07,36.37,42.69,0.94,80.01,0.8491,False,False
1780909311.7553585,archive_flood_airfield_274c83,archive_flood_airfield_274c83.mp4,1155,50.0,640,480,combined,detect_combined,Flooded,deeplabv3plus,False,False,0,tensorrt,tensorrt,tensorrt,25.69,25.69,38.54,38.92,6.13,14.06,20.19,1421.53,32.6,7.39,1421.53,32.6,9.07,36.37,42.69,0.94,80.01,0.8944,False,False
1780909311.834025,archive_flood_airfield_274c83,archive_flood_airfield_274c83.mp4,1156,50.0,640,480,combined,detect_combined,Flooded,deeplabv3plus,False,False,0,tensorrt,tensorrt,tensorrt,22.72,22.72,43.6,44.02,13.62,15.57,29.189999999999998,1421.53,28.9,7.85,1421.53,28.9,9.07,36.37,42.69,0.94,80.01,0.8589,False,False
1780909311.9233553,archive_flood_airfield_274c83,archive_flood_airfield_274c83.mp4,1157,50.0,640,480,combined,detect_combined,Flooded,deeplabv3plus,False,False,0,tensorrt,tensorrt,tensorrt,21.45,21.45,46.22,46.63,7.91,20.38,28.29,1421.53,36.5,7.85,1421.53,36.5,9.07,36.37,42.69,0.94,80.01,0.8779,False,False
1780909312.019084,archive_flood_airfield_274c83,archive_flood_airfield_274c83.mp4,1158,50.0,640,480,combined,detect_combined,Flooded,deeplabv3plus,False,False,0,tensorrt,tensorrt,tensorrt,20.72,20.72,47.83,48.26,7.25,18.92,26.17,1421.53,26.8,7.85,1421.53,26.8,9.07,36.37,42.69,0.94,80.01,0.781,False,False
1780909312.1190798,archive_flood_airfield_274c83,archive_flood_airfield_274c83.mp4,1159,50.0,640,480,combined,detect_combined,Flooded,deeplabv3plus,False,False,0,tensorrt,tensorrt,tensorrt,20.14,20.14,49.24,49.66,8.57,14.99,23.560000000000002,1421.53,35.0,7.85,1421.53,35.0,9.07,36.37,42.69,0.94,80.01,0.7191,False,False
1780909312.2301161,archive_flood_airfield_274c83,archive_flood_airfield_274c83.mp4,1160,50.0,640,480,combined,detect_combined,Flooded,deeplabv3plus,False,False,0,tensorrt,tensorrt,tensorrt,17.13,17.13,57.96,58.37,16.82,26.09,42.91,1421.53,29.4,7.85,1421.53,29.4,9.07,36.37,42.69,0.94,80.01,0.861,False,False
1780909312.3303428,archive_flood_airfield_274c83,archive_flood_airfield_274c83.mp4,1161,50.0,640,480,combined,detect_combined,Flooded,deeplabv3plus,False,False,0,tensorrt,tensorrt,tensorrt,20.19,20.19,49.13,49.53,9.36,24.8,34.16,1421.53,31.0,7.85,1421.53,31.0,9.07,36.37,42.69,0.94,80.01,0.8955,False,False
1780909312.4247231,archive_flood_airfield_274c83,archive_flood_airfield_274c83.mp4,1162,50.0,640,480,combined,detect_combined,Flooded,deeplabv3plus,False,False,0,tensorrt,tensorrt,tensorrt,19.27,19.27,51.46,51.88,15.07,21.64,36.71,1421.53,44.4,7.69,1421.53,44.4,9.07,36.37,42.69,0.94,80.01,0.8855,False,False
1780909312.5253575,archive_flood_airfield_274c83,archive_flood_airfield_274c83.mp4,1163,50.0,640,480,combined,detect_combined,Flooded,deeplabv3plus,False,False,0,tensorrt,tensorrt,tensorrt,19.22,19.22,51.69,52.04,14.81,24.82,39.63,1421.53,39.7,7.69,1421.53,39.7,9.07,36.37,42.69,0.94,80.01,0.8483,False,False
1780909312.6069257,archive_flood_airfield_274c83,archive_flood_airfield_274c83.mp4,1164,50.0,640,480,combined,detect_combined,Flooded,deeplabv3plus,False,False,0,tensorrt,tensorrt,tensorrt,23.29,23.29,42.55,42.94,7.8,22.34,30.14,1421.53,51.0,7.69,1421.53,51.0,9.07,36.37,42.69,0.94,80.01,0.7377,False,False
1780909312.690981,archive_flood_airfield_274c83,archive_flood_airfield_274c83.mp4,1165,50.0,640,480,combined,detect_combined,Flooded,deeplabv3plus,False,False,0,tensorrt,tensorrt,tensorrt,21.23,21.23,46.75,47.11,11.95,22.92,34.870000000000005,1421.53,46.0,7.69,1421.53,46.0,9.07,36.37,42.69,0.94,80.01,0.756,False,False
1780909312.7775338,archive_flood_airfield_274c83,archive_flood_airfield_274c83.mp4,1166,50.0,640,480,combined,detect_combined,Flooded,deeplabv3plus,False,False,0,tensorrt,tensorrt,tensorrt,19.04,19.04,52.13,52.52,14.41,23.48,37.89,1421.53,43.1,7.69,1421.53,43.1,9.07,36.37,42.69,0.94,80.01,0.6592,False,False
1780909312.8935463,archive_flood_airfield_274c83,archive_flood_airfield_274c83.mp4,1167,50.0,640,480,combined,detect_combined,Flooded,deeplabv3plus,False,False,0,tensorrt,tensorrt,tensorrt,13.09,13.09,75.96,76.4,20.03,25.36,45.39,1421.53,52.9,7.69,1421.53,52.9,9.07,36.37,42.69,0.94,80.01,0.627,False,False
1780909312.9915504,archive_flood_airfield_274c83,archive_flood_airfield_274c83.mp4,1168,50.0,640,480,combined,detect_combined,Flooded,deeplabv3plus,False,False,0,tensorrt,tensorrt,tensorrt,17.9,17.9,55.46,55.87,7.42,15.63,23.05,1421.53,33.3,8.3,1421.53,33.3,9.07,36.37,42.69,0.94,80.01,0.7335,False,False
1780909313.0840123,archive_flood_airfield_274c83,archive_flood_airfield_274c83.mp4,1169,50.0,640,480,combined,detect_combined,Flooded,deeplabv3plus,False,False,0,tensorrt,tensorrt,tensorrt,20.95,20.95,47.3,47.73,8.13,15.53,23.66,1421.53,24.5,8.3,1421.53,24.5,9.07,36.37,42.69,0.94,80.01,0.6745,False,False
1780909313.1644242,archive_flood_airfield_274c83,archive_flood_airfield_274c83.mp4,1170,50.0,640,480,combined,detect_combined,Flooded,deeplabv3plus,False,False,0,tensorrt,tensorrt,tensorrt,25.38,25.38,39.04,39.41,7.56,15.07,22.63,1421.53,29.2,8.3,1421.53,29.2,9.07,36.37,42.69,0.94,80.01,0.6941,False,False
1780909313.249825,archive_flood_airfield_274c83,archive_flood_airfield_274c83.mp4,1171,50.0,640,480,combined,detect_combined,Flooded,deeplabv3plus,False,False,0,tensorrt,tensorrt,tensorrt,21.42,21.42,46.27,46.69,7.26,14.54,21.799999999999997,1421.53,28.0,8.3,1421.53,28.0,9.07,36.37,42.69,0.94,80.01,0.7075,False,False
1780909313.332515,archive_flood_airfield_274c83,archive_flood_airfield_274c83.mp4,1172,50.0,640,480,combined,detect_combined,Flooded,deeplabv3plus,False,False,0,tensorrt,tensorrt,tensorrt,21.3,21.3,46.5,46.94,8.7,11.82,20.52,1421.53,30.0,8.3,1421.53,30.0,9.07,36.37,42.69,0.94,80.01,0.8167,False,False
1780909313.414406,archive_flood_airfield_274c83,archive_flood_airfield_274c83.mp4,1173,50.0,640,480,combined,detect_combined,Flooded,deeplabv3plus,False,False,0,tensorrt,tensorrt,tensorrt,21.06,21.06,47.12,47.48,6.0,18.94,24.94,1421.53,28.6,8.3,1421.53,28.6,9.07,36.37,42.69,0.94,80.01,0.8166,False,False
1780909313.506692,archive_flood_airfield_274c83,archive_flood_airfield_274c83.mp4,1174,50.0,640,480,combined,detect_combined,Flooded,deeplabv3plus,False,False,0,tensorrt,tensorrt,tensorrt,20.62,20.62,48.15,48.5,11.74,23.7,35.44,1421.53,26.8,8.3,1421.53,26.8,9.07,36.37,42.69,0.94,80.01,0.9405,False,False
1780909313.594937,archive_flood_airfield_274c83,archive_flood_airfield_274c83.mp4,1175,50.0,640,480,combined,detect_combined,Flooded,deeplabv3plus,False,False,0,tensorrt,tensorrt,tensorrt,21.2,21.2,46.85,47.17,8.54,14.36,22.9,1421.53,28.8,7.54,1421.53,28.8,9.07,36.37,42.69,0.94,80.01,0.9405,False,False
1780909313.680135,archive_flood_airfield_274c83,archive_flood_airfield_274c83.mp4,1176,50.0,640,480,combined,detect_combined,Flooded,deeplabv3plus,False,False,0,tensorrt,tensorrt,tensorrt,22.19,22.19,44.67,45.07,7.04,17.27,24.31,1421.53,30.8,7.54,1421.53,30.8,9.07,36.37,42.69,0.94,80.01,0.9473,False,False
1780909313.7639306,archive_flood_airfield_274c83,archive_flood_airfield_274c83.mp4,1177,50.0,640,480,combined,detect_combined,Flooded,deeplabv3plus,False,False,0,tensorrt,tensorrt,tensorrt,23.56,23.56,42.05,42.45,7.25,10.27,17.52,1421.53,27.1,7.54,1421.53,27.1,9.07,36.37,42.69,0.94,80.01,0.9006,False,False
1780909313.855031,archive_flood_airfield_274c83,archive_flood_airfield_274c83.mp4,1178,50.0,640,480,combined,detect_combined,Flooded,deeplabv3plus,False,False,0,tensorrt,tensorrt,tensorrt,21.27,21.27,46.63,47.02,11.87,23.02,34.89,1421.53,38.6,7.54,1421.53,38.6,9.07,36.37,42.69,0.94,80.01,0.9152,False,False
1780909313.9272895,archive_flood_airfield_274c83,archive_flood_airfield_274c83.mp4,1179,50.0,640,480,combined,detect_combined,Flooded,deeplabv3plus,False,False,0,tensorrt,tensorrt,tensorrt,22.62,22.62,43.87,44.21,6.72,13.24,19.96,1421.53,45.0,7.54,1421.53,45.0,9.07,36.37,42.69,0.94,80.01,0.956,False,False
1780909313.9974518,archive_flood_airfield_274c83,archive_flood_airfield_274c83.mp4,1180,50.0,640,480,combined,detect_combined,Flooded,deeplabv3plus,False,False,0,tensorrt,tensorrt,tensorrt,22.28,22.28,44.52,44.89,6.38,13.33,19.71,1421.53,43.9,7.54,1421.53,43.9,9.07,36.37,42.69,0.94,80.01,0.839,False,False
1780909314.0801299,archive_flood_airfield_274c83,archive_flood_airfield_274c83.mp4,1181,50.0,640,480,combined,detect_combined,Flooded,deeplabv3plus,False,False,0,tensorrt,tensorrt,tensorrt,20.64,20.64,48.13,48.46,6.6,19.34,25.939999999999998,1421.53,42.6,7.54,1421.53,42.6,9.07,36.37,42.69,0.94,80.01,0.8301,False,False
1780909314.1453037,archive_flood_airfield_274c83,archive_flood_airfield_274c83.mp4,1182,50.0,640,480,combined,detect_combined,Flooded,deeplabv3plus,False,False,0,tensorrt,tensorrt,tensorrt,26.77,26.77,37.03,37.36,6.26,11.94,18.2,1421.53,47.5,7.54,1421.53,47.5,9.07,36.37,42.69,0.94,80.01,0.839,False,False
1780909314.2133186,archive_flood_airfield_274c83,archive_flood_airfield_274c83.mp4,1183,50.0,640,480,combined,detect_combined,Flooded,deeplabv3plus,False,False,0,tensorrt,tensorrt,tensorrt,24.92,24.92,39.75,40.14,6.5,11.65,18.15,1421.53,48.8,8.0,1421.53,48.8,9.07,36.37,42.69,0.94,80.01,0.836,False,False
1780909314.2864282,archive_flood_airfield_274c83,archive_flood_airfield_274c83.mp4,1184,50.0,640,480,combined,detect_combined,Flooded,deeplabv3plus,False,False,0,tensorrt,tensorrt,tensorrt,21.6,21.6,45.94,46.3,6.62,11.88,18.5,1421.53,30.0,8.0,1421.53,30.0,9.07,36.37,42.69,0.94,80.01,0.8558,False,False
1780909314.3697274,archive_flood_airfield_274c83,archive_flood_airfield_274c83.mp4,1185,50.0,640,480,combined,detect_combined,Flooded,deeplabv3plus,False,False,0,tensorrt,tensorrt,tensorrt,22.78,22.78,43.55,43.91,8.81,22.73,31.54,1421.53,27.1,8.0,1421.53,27.1,9.07,36.37,42.69,0.94,80.01,0.838,False,False
1780909314.4511597,archive_flood_airfield_274c83,archive_flood_airfield_274c83.mp4,1186,50.0,640,480,combined,detect_combined,Flooded,deeplabv3plus,False,False,0,tensorrt,tensorrt,tensorrt,24.43,24.43,40.58,40.94,8.3,18.2,26.5,1421.53,26.1,8.0,1421.53,26.1,9.07,36.37,42.69,0.94,80.01,0.8146,False,False
1780909314.537886,archive_flood_airfield_274c83,archive_flood_airfield_274c83.mp4,1187,50.0,640,480,combined,detect_combined,Flooded,deeplabv3plus,False,False,0,tensorrt,tensorrt,tensorrt,19.8,19.8,50.15,50.51,15.06,22.11,37.17,1421.53,30.2,8.0,1421.53,30.2,9.07,36.37,42.69,0.94,80.01,0.789,False,False
1780909314.628242,archive_flood_airfield_274c83,archive_flood_airfield_274c83.mp4,1188,50.0,640,480,combined,detect_combined,Flooded,deeplabv3plus,False,False,0,tensorrt,tensorrt,tensorrt,21.51,21.51,46.13,46.49,7.08,16.85,23.93,1421.53,23.5,8.0,1421.53,23.5,9.07,36.37,42.69,0.94,80.01,0.8402,False,False
1780909314.7166202,archive_flood_airfield_274c83,archive_flood_airfield_274c83.mp4,1189,50.0,640,480,combined,detect_combined,Flooded,deeplabv3plus,False,False,0,tensorrt,tensorrt,tensorrt,19.71,19.71,50.29,50.74,14.76,16.46,31.22,1421.53,22.0,8.0,1421.53,22.0,9.07,36.37,42.69,0.94,80.01,0.806,False,False
1780909314.804182,archive_flood_airfield_274c83,archive_flood_airfield_274c83.mp4,1190,50.0,640,480,combined,detect_combined,Flooded,deeplabv3plus,False,False,0,tensorrt,tensorrt,tensorrt,21.82,21.82,45.43,45.82,8.8,23.47,32.269999999999996,1421.53,32.1,7.54,1421.53,32.1,9.07,36.37,42.69,0.94,80.01,0.8139,False,False
1780909314.888173,archive_flood_airfield_274c83,archive_flood_airfield_274c83.mp4,1191,50.0,640,480,combined,detect_combined,Flooded,deeplabv3plus,False,False,0,tensorrt,tensorrt,tensorrt,22.13,22.13,44.8,45.19,8.4,23.0,31.4,1421.53,29.4,7.54,1421.53,29.4,9.07,36.37,42.69,0.94,80.01,0.799,False,False
1780909314.972617,archive_flood_airfield_274c83,archive_flood_airfield_274c83.mp4,1192,50.0,640,480,combined,detect_combined,Flooded,deeplabv3plus,False,False,0,tensorrt,tensorrt,tensorrt,21.55,21.55,45.98,46.41,7.56,24.05,31.61,1421.53,26.5,7.54,1421.53,26.5,9.07,36.37,42.69,0.94,80.01,0.8106,False,False
1780909315.0697377,archive_flood_airfield_274c83,archive_flood_airfield_274c83.mp4,1193,50.0,640,480,combined,detect_combined,Flooded,deeplabv3plus,False,False,0,tensorrt,tensorrt,tensorrt,18.41,18.41,53.94,54.32,15.01,24.72,39.73,1421.53,26.3,7.54,1421.53,26.3,9.07,36.37,42.69,0.94,80.01,0.2209,False,False
1780909315.160754,archive_flood_airfield_274c83,archive_flood_airfield_274c83.mp4,1194,50.0,640,480,combined,detect_combined,Flooded,deeplabv3plus,False,False,0,tensorrt,tensorrt,tensorrt,19.13,19.13,51.7,52.27,11.6,14.52,26.119999999999997,1421.53,34.0,7.54,1421.53,34.0,9.07,36.37,42.69,0.94,80.01,0.2331,False,False
1780909315.256317,archive_flood_airfield_274c83,archive_flood_airfield_274c83.mp4,1195,50.0,640,480,combined,detect_combined,Flooded,deeplabv3plus,False,False,0,tensorrt,tensorrt,tensorrt,18.0,18.0,55.09,55.54,14.91,24.97,39.879999999999995,1421.53,47.3,7.54,1421.53,47.3,9.07,36.37,42.69,0.94,80.01,0.2233,False,False
1780909315.3632693,archive_flood_airfield_274c83,archive_flood_airfield_274c83.mp4,1196,50.0,640,480,combined,detect_combined,Flooded,deeplabv3plus,False,False,0,tensorrt,tensorrt,tensorrt,16.82,16.82,58.89,59.47,19.24,28.71,47.95,1421.53,34.9,7.69,1421.53,34.9,9.07,36.37,42.69,0.94,80.01,0.2379,False,False
1780909315.4440305,archive_flood_airfield_274c83,archive_flood_airfield_274c83.mp4,1197,50.0,640,480,combined,detect_combined,Flooded,deeplabv3plus,False,False,0,tensorrt,tensorrt,tensorrt,24.88,24.88,39.69,40.2,6.96,15.59,22.55,1421.53,58.3,7.69,1421.53,58.3,9.07,36.37,42.69,0.94,80.01,0.2265,False,False
1780909315.5180905,archive_flood_airfield_274c83,archive_flood_airfield_274c83.mp4,1198,50.0,640,480,combined,detect_combined,Flooded,deeplabv3plus,False,False,0,tensorrt,tensorrt,tensorrt,21.81,21.81,45.34,45.86,6.85,13.31,20.16,1421.53,42.9,7.69,1421.53,42.9,9.07,36.37,42.69,0.94,80.01,0.2353,False,False
1780909315.569977,archive_flood_airfield_274c83,archive_flood_airfield_274c83.mp4,1199,50.0,640,480,combined,detect_combined,Non-Flooded,resnet18,True,False,0,tensorrt,tensorrt,tensorrt,40.22,40.22,24.44,24.86,5.11,9.0,14.11,1421.53,36.4,7.69,1421.53,36.4,9.07,36.37,42.69,0.94,80.01,0.1867,False,False
1780909315.6407332,archive_flood_airfield_274c83,archive_flood_airfield_274c83.mp4,1200,50.0,640,480,combined,detect_combined,Non-Flooded,resnet18,False,False,0,tensorrt,tensorrt,tensorrt,22.96,22.96,43.21,43.55,6.53,11.93,18.46,1421.53,31.1,7.69,1421.53,31.1,9.07,36.37,42.69,0.94,80.01,0.1939,False,False
1780909315.711858,archive_flood_airfield_274c83,archive_flood_airfield_274c83.mp4,1201,50.0,640,480,combined,detect_combined,Non-Flooded,resnet18,False,False,0,tensorrt,tensorrt,tensorrt,25.9,25.9,38.23,38.6,6.6,12.84,19.439999999999998,1421.53,28.6,7.69,1421.53,28.6,9.07,36.37,42.69,0.94,80.01,0.1747,False,False
1780909315.796089,archive_flood_airfield_274c83,archive_flood_airfield_274c83.mp4,1202,50.0,640,480,combined,detect_combined,Non-Flooded,resnet18,False,False,0,tensorrt,tensorrt,tensorrt,20.45,20.45,48.49,48.89,13.88,16.13,30.009999999999998,1421.53,26.0,7.69,1421.53,26.0,9.07,36.37,42.69,0.94,80.01,0.1959,False,False
1780909315.879218,archive_flood_airfield_274c83,archive_flood_airfield_274c83.mp4,1203,50.0,640,480,combined,detect_combined,Flooded,deeplabv3plus,True,False,0,tensorrt,tensorrt,tensorrt,20.55,20.55,48.19,48.66,14.57,16.32,30.89,1421.53,29.2,7.69,1421.53,29.2,9.07,36.37,42.69,0.94,80.01,0.2146,False,False
1780909315.9691021,archive_flood_airfield_274c83,archive_flood_airfield_274c83.mp4,1204,50.0,640,480,combined,detect_combined,Flooded,deeplabv3plus,False,False,0,tensorrt,tensorrt,tensorrt,18.86,18.86,52.58,53.03,14.77,24.14,38.91,1421.53,28.6,7.85,1421.53,28.6,9.07,36.37,42.69,0.94,80.01,0.2188,False,False
1780909316.0564244,archive_flood_airfield_274c83,archive_flood_airfield_274c83.mp4,1205,50.0,640,480,combined,detect_combined,Flooded,deeplabv3plus,False,False,0,tensorrt,tensorrt,tensorrt,20.65,20.65,48.02,48.44,7.48,22.51,29.990000000000002,1421.53,27.5,7.85,1421.53,27.5,9.07,36.37,42.69,0.94,80.01,0.2505,False,False
1780909316.1506727,archive_flood_airfield_274c83,archive_flood_airfield_274c83.mp4,1206,50.0,640,480,combined,detect_combined,Flooded,deeplabv3plus,False,False,0,tensorrt,tensorrt,tensorrt,19.57,19.57,50.73,51.11,12.81,24.16,36.97,1421.53,26.8,7.85,1421.53,26.8,9.07,36.37,42.69,0.94,80.01,0.25,False,False
1780909316.2383227,archive_flood_airfield_274c83,archive_flood_airfield_274c83.mp4,1207,50.0,640,480,combined,detect_combined,Flooded,deeplabv3plus,False,False,0,tensorrt,tensorrt,tensorrt,21.49,21.49,46.18,46.52,6.39,14.76,21.15,1421.53,35.8,7.85,1421.53,35.8,9.07,36.37,42.69,0.94,80.01,0.2429,False,False
1780909316.313544,archive_flood_airfield_274c83,archive_flood_airfield_274c83.mp4,1208,50.0,640,480,combined,detect_combined,Flooded,deeplabv3plus,False,False,0,tensorrt,tensorrt,tensorrt,21.6,21.6,45.89,46.29,11.31,22.35,33.660000000000004,1421.53,23.3,7.85,1421.53,23.3,9.07,36.37,42.69,0.94,80.01,0.2323,False,False
1780909316.3988235,archive_flood_airfield_274c83,archive_flood_airfield_274c83.mp4,1209,50.0,640,480,combined,detect_combined,Flooded,deeplabv3plus,False,False,0,tensorrt,tensorrt,tensorrt,19.55,19.55,50.82,51.16,14.36,23.51,37.870000000000005,1421.53,28.0,7.85,1421.53,28.0,9.07,36.37,42.69,0.94,80.01,0.2245,False,False
1780909316.4749548,archive_flood_airfield_274c83,archive_flood_airfield_274c83.mp4,1210,50.0,640,480,combined,detect_combined,Flooded,deeplabv3plus,False,False,0,tensorrt,tensorrt,tensorrt,23.07,23.07,43.04,43.35,6.64,11.64,18.28,1421.53,46.8,7.85,1421.53,46.8,9.07,36.37,42.69,0.94,80.01,0.2167,False,False
1780909316.5657444,archive_flood_airfield_274c83,archive_flood_airfield_274c83.mp4,1211,50.0,640,480,combined,detect_combined,Flooded,deeplabv3plus,False,False,0,tensorrt,tensorrt,tensorrt,20.02,20.02,49.53,49.94,13.25,23.35,36.6,1421.53,44.4,7.85,1421.53,44.4,9.07,36.37,42.69,0.94,80.01,0.2302,False,False
1780909316.6407387,archive_flood_airfield_274c83,archive_flood_airfield_274c83.mp4,1212,50.0,640,480,combined,detect_combined,Flooded,deeplabv3plus,False,False,0,tensorrt,tensorrt,tensorrt,22.36,22.36,44.38,44.72,6.66,13.15,19.810000000000002,1421.53,44.2,7.85,1421.53,44.2,9.07,36.37,42.69,0.94,80.01,0.2127,False,False
1780909316.7159815,archive_flood_airfield_274c83,archive_flood_airfield_274c83.mp4,1213,50.0,640,480,combined,detect_combined,Flooded,deeplabv3plus,False,False,0,tensorrt,tensorrt,tensorrt,23.03,23.03,43.04,43.42,6.5,13.56,20.060000000000002,1421.53,41.9,7.85,1421.53,41.9,9.07,36.37,42.69,0.94,80.01,0.2219,False,False
1780909316.7971184,archive_flood_airfield_274c83,archive_flood_airfield_274c83.mp4,1214,50.0,640,480,combined,detect_combined,Non-Flooded,resnet18,True,False,0,tensorrt,tensorrt,tensorrt,21.95,21.95,45.01,45.55,7.21,23.18,30.39,1421.53,44.9,7.85,1421.53,44.9,9.07,36.37,42.69,0.94,80.01,0.1866,False,False
1780909316.881891,archive_flood_airfield_274c83,archive_flood_airfield_274c83.mp4,1215,50.0,640,480,combined,detect_combined,Non-Flooded,resnet18,False,False,0,tensorrt,tensorrt,tensorrt,22.19,22.19,44.68,45.06,7.27,23.06,30.33,1421.53,27.1,7.85,1421.53,27.1,9.07,36.37,42.69,0.94,80.01,0.1985,False,False
1780909316.9718971,archive_flood_airfield_274c83,archive_flood_airfield_274c83.mp4,1216,50.0,640,480,combined,detect_combined,Flooded,deeplabv3plus,True,False,0,tensorrt,tensorrt,tensorrt,21.75,21.75,45.47,45.98,7.3,16.7,24.0,1421.53,32.1,7.85,1421.53,32.1,9.07,36.37,42.69,0.94,80.01,0.2079,False,False
1780909317.068327,archive_flood_airfield_274c83,archive_flood_airfield_274c83.mp4,1217,50.0,640,480,combined,detect_combined,Flooded,deeplabv3plus,False,False,0,tensorrt,tensorrt,tensorrt,20.66,20.66,47.99,48.4,7.88,25.04,32.92,1421.53,27.3,7.69,1421.53,27.3,9.07,36.37,42.69,0.94,80.01,0.2086,False,False
1780909317.167465,archive_flood_airfield_274c83,archive_flood_airfield_274c83.mp4,1218,50.0,640,480,combined,detect_combined,Flooded,deeplabv3plus,False,False,0,tensorrt,tensorrt,tensorrt,20.82,20.82,47.62,48.03,7.89,24.85,32.74,1421.53,23.6,7.69,1421.53,23.6,9.07,36.37,42.69,0.94,80.01,0.2134,False,False
1780909317.2663968,archive_flood_airfield_274c83,archive_flood_airfield_274c83.mp4,1219,50.0,640,480,combined,detect_combined,Flooded,deeplabv3plus,False,False,0,tensorrt,tensorrt,tensorrt,20.83,20.83,47.6,48.01,10.42,23.17,33.59,1421.53,25.0,7.69,1421.53,25.0,9.07,36.37,42.69,0.94,80.01,0.2027,False,False
1780909317.3504536,archive_flood_airfield_274c83,archive_flood_airfield_274c83.mp4,1220,50.0,640,480,combined,detect_combined,Flooded,deeplabv3plus,False,False,0,tensorrt,tensorrt,tensorrt,22.79,22.79,43.53,43.87,7.19,19.61,26.8,1421.53,29.4,7.69,1421.53,29.4,9.07,36.37,42.69,0.94,80.01,0.2077,False,False
1780909317.437575,archive_flood_airfield_274c83,archive_flood_airfield_274c83.mp4,1221,50.0,640,480,combined,detect_combined,Non-Flooded,resnet18,True,False,0,tensorrt,tensorrt,tensorrt,21.45,21.45,45.79,46.63,6.54,20.58,27.119999999999997,1421.53,47.2,7.69,1421.53,47.2,9.07,36.37,42.69,0.94,80.01,0.1909,False,False
1780909317.5176337,archive_flood_airfield_274c83,archive_flood_airfield_274c83.mp4,1222,50.0,640,480,combined,detect_combined,Non-Flooded,resnet18,False,False,0,tensorrt,tensorrt,tensorrt,21.63,21.63,45.94,46.23,5.51,19.45,24.96,1421.53,55.3,7.69,1421.53,55.3,9.07,36.37,42.69,0.94,80.01,0.1952,False,False
1780909317.588405,archive_flood_airfield_274c83,archive_flood_airfield_274c83.mp4,1223,50.0,640,480,combined,detect_combined,Non-Flooded,resnet18,False,False,0,tensorrt,tensorrt,tensorrt,22.38,22.38,44.31,44.69,13.13,13.83,26.96,1421.53,26.8,7.69,1421.53,26.8,9.07,36.37,42.69,0.94,80.01,0.1944,False,False
1780909317.667537,archive_flood_airfield_274c83,archive_flood_airfield_274c83.mp4,1224,50.0,640,480,combined,detect_combined,Flooded,deeplabv3plus,True,False,0,tensorrt,tensorrt,tensorrt,23.04,23.04,43.03,43.4,6.86,19.06,25.919999999999998,1421.53,41.3,8.15,1421.53,41.3,9.07,36.37,42.69,0.94,80.01,0.2158,False,False
1780909317.751205,archive_flood_airfield_274c83,archive_flood_airfield_274c83.mp4,1225,50.0,640,480,combined,detect_combined,Non-Flooded,resnet18,True,False,0,tensorrt,tensorrt,tensorrt,21.77,21.77,45.46,45.94,6.34,19.1,25.44,1421.53,48.1,8.15,1421.53,48.1,9.07,36.37,42.69,0.94,80.01,0.1816,False,False
1780909317.852964,archive_flood_airfield_274c83,archive_flood_airfield_274c83.mp4,1226,50.0,640,480,combined,detect_combined,Non-Flooded,resnet18,False,False,0,tensorrt,tensorrt,tensorrt,15.45,15.45,64.18,64.74,23.44,26.06,49.5,1421.79,47.5,8.15,1421.79,47.5,9.07,36.37,42.69,0.94,80.01,0.1814,False,False
1780909317.9450684,archive_flood_airfield_274c83,archive_flood_airfield_274c83.mp4,1227,50.0,640,480,combined,detect_combined,Non-Flooded,resnet18,False,False,0,tensorrt,tensorrt,tensorrt,19.95,19.95,49.78,50.13,14.82,23.23,38.05,1421.79,50.9,8.15,1421.79,50.9,9.07,36.37,42.69,0.94,80.01,0.1825,False,False
1780909318.0169032,archive_flood_airfield_274c83,archive_flood_airfield_274c83.mp4,1228,50.0,640,480,combined,detect_combined,Non-Flooded,resnet18,False,False,0,tensorrt,tensorrt,tensorrt,25.17,25.17,39.39,39.73,6.22,13.02,19.24,1421.79,33.3,8.15,1421.79,33.3,9.07,36.37,42.69,0.94,80.01,0.1574,False,False
1780909318.0932605,archive_flood_airfield_274c83,archive_flood_airfield_274c83.mp4,1229,50.0,640,480,combined,detect_combined,Non-Flooded,resnet18,False,False,0,tensorrt,tensorrt,tensorrt,23.23,23.23,42.69,43.05,6.89,22.66,29.55,1421.79,25.6,8.15,1421.79,25.6,9.07,36.37,42.69,0.94,80.01,0.1587,False,False
1780909318.168028,archive_flood_airfield_274c83,archive_flood_airfield_274c83.mp4,1230,50.0,640,480,combined,detect_combined,Non-Flooded,resnet18,False,False,0,tensorrt,tensorrt,tensorrt,25.24,25.24,39.23,39.63,6.98,13.97,20.950000000000003,1421.79,27.9,8.15,1421.79,27.9,9.07,36.37,42.69,0.94,80.01,0.1548,False,False
1780909318.2481968,archive_flood_airfield_274c83,archive_flood_airfield_274c83.mp4,1231,50.0,640,480,combined,detect_combined,Non-Flooded,resnet18,False,False,0,tensorrt,tensorrt,tensorrt,22.78,22.78,43.6,43.9,7.03,13.43,20.46,1421.79,30.6,8.0,1421.79,30.6,9.07,36.37,42.69,0.94,80.01,0.1744,False,False
1780909318.3223972,archive_flood_airfield_274c83,archive_flood_airfield_274c83.mp4,1232,50.0,640,480,combined,detect_combined,Flooded,deeplabv3plus,True,False,0,tensorrt,tensorrt,tensorrt,25.32,25.32,39.09,39.5,6.92,14.23,21.15,1421.79,47.6,8.0,1421.79,47.6,9.07,36.37,42.69,0.94,80.01,0.2263,False,False
1780909318.4080522,archive_flood_airfield_274c83,archive_flood_airfield_274c83.mp4,1233,50.0,640,480,combined,detect_combined,Flooded,deeplabv3plus,False,False,0,tensorrt,tensorrt,tensorrt,22.1,22.1,44.89,45.26,11.31,22.06,33.37,1421.79,46.0,8.0,1421.79,46.0,9.07,36.37,42.69,0.94,80.01,0.2306,False,False
1780909318.4888306,archive_flood_airfield_274c83,archive_flood_airfield_274c83.mp4,1234,50.0,640,480,combined,detect_combined,Flooded,deeplabv3plus,False,False,0,tensorrt,tensorrt,tensorrt,21.54,21.54,46.09,46.42,13.24,21.38,34.62,1421.79,42.9,8.0,1421.79,42.9,9.07,36.37,42.69,0.94,80.01,0.2406,False,False
1780909318.5770195,archive_flood_airfield_274c83,archive_flood_airfield_274c83.mp4,1235,50.0,640,480,combined,detect_combined,Flooded,deeplabv3plus,False,False,0,tensorrt,tensorrt,tensorrt,19.49,19.49,50.91,51.31,14.21,23.53,37.74,1421.79,31.6,8.0,1421.79,31.6,9.07,36.37,42.69,0.94,80.01,0.2845,False,False
1780909318.6656344,archive_flood_airfield_274c83,archive_flood_airfield_274c83.mp4,1236,50.0,640,480,combined,detect_combined,Flooded,deeplabv3plus,False,False,0,tensorrt,tensorrt,tensorrt,20.68,20.68,47.96,48.36,8.45,13.79,22.24,1421.79,26.4,8.0,1421.79,26.4,9.07,36.37,42.69,0.94,80.01,0.2897,False,False
1780909318.7629755,archive_flood_airfield_274c83,archive_flood_airfield_274c83.mp4,1237,50.0,640,480,combined,detect_combined,Flooded,deeplabv3plus,False,False,0,tensorrt,tensorrt,tensorrt,20.16,20.16,49.2,49.59,10.02,24.2,34.22,1421.79,26.3,8.0,1421.79,26.3,9.07,36.37,42.69,0.94,80.01,0.2642,False,False
1780909318.8601615,archive_flood_airfield_274c83,archive_flood_airfield_274c83.mp4,1238,50.0,640,480,combined,detect_combined,Flooded,deeplabv3plus,False,False,0,tensorrt,tensorrt,tensorrt,21.43,21.43,46.28,46.66,7.76,24.78,32.54,1421.79,29.3,7.69,1421.79,29.3,9.07,36.37,42.69,0.94,80.01,0.2682,False,False
1780909318.9351475,archive_flood_airfield_274c83,archive_flood_airfield_274c83.mp4,1239,50.0,640,480,combined,detect_combined,Flooded,deeplabv3plus,False,False,0,tensorrt,tensorrt,tensorrt,25.95,25.95,38.21,38.54,7.17,13.1,20.27,1421.79,40.5,7.69,1421.79,40.5,9.07,36.37,42.69,0.94,80.01,0.2752,False,False
1780909319.0053089,archive_flood_airfield_274c83,archive_flood_airfield_274c83.mp4,1240,50.0,640,480,combined,detect_combined,Flooded,deeplabv3plus,False,False,0,tensorrt,tensorrt,tensorrt,23.91,23.91,41.42,41.83,6.63,21.55,28.18,1421.79,50.0,7.69,1421.79,50.0,9.07,36.37,42.69,0.94,80.01,0.2542,False,False
1780909319.0748343,archive_flood_airfield_274c83,archive_flood_airfield_274c83.mp4,1241,50.0,640,480,combined,detect_combined,Flooded,deeplabv3plus,False,False,0,tensorrt,tensorrt,tensorrt,24.85,24.85,39.91,40.24,6.48,11.75,18.23,1421.79,43.9,7.69,1421.79,43.9,9.07,36.37,42.69,0.94,80.01,0.2038,False,False
1780909319.1438303,archive_flood_airfield_274c83,archive_flood_airfield_274c83.mp4,1242,50.0,640,480,combined,detect_combined,Flooded,deeplabv3plus,False,False,0,tensorrt,tensorrt,tensorrt,24.33,24.33,40.78,41.11,5.99,12.18,18.17,1421.79,42.5,7.69,1421.79,42.5,9.07,36.37,42.69,0.94,80.01,0.234,False,False
1780909319.2144206,archive_flood_airfield_274c83,archive_flood_airfield_274c83.mp4,1243,50.0,640,480,combined,detect_combined,Flooded,deeplabv3plus,False,False,0,tensorrt,tensorrt,tensorrt,24.17,24.17,41.07,41.37,6.23,11.28,17.509999999999998,1421.79,46.3,7.69,1421.79,46.3,9.07,36.37,42.69,0.94,80.01,0.2333,False,False
1780909319.3133385,archive_flood_airfield_274c83,archive_flood_airfield_274c83.mp4,1244,50.0,640,480,combined,detect_combined,Flooded,deeplabv3plus,False,False,0,tensorrt,tensorrt,tensorrt,17.49,17.49,56.66,57.16,14.48,25.54,40.019999999999996,1421.79,37.9,7.69,1421.79,37.9,9.07,36.37,42.69,0.94,80.01,0.2179,False,False
1780909319.4119823,archive_flood_airfield_274c83,archive_flood_airfield_274c83.mp4,1245,50.0,640,480,combined,detect_combined,Flooded,deeplabv3plus,False,False,0,tensorrt,tensorrt,tensorrt,18.57,18.57,53.39,53.85,12.91,25.27,38.18,1421.79,27.1,8.0,1421.79,27.1,9.07,36.37,42.69,0.94,80.01,0.2526,False,False
1780909319.5110097,archive_flood_airfield_274c83,archive_flood_airfield_274c83.mp4,1246,50.0,640,480,combined,detect_combined,Flooded,deeplabv3plus,False,False,0,tensorrt,tensorrt,tensorrt,20.24,20.24,49.01,49.4,10.1,24.11,34.21,1421.79,25.9,8.0,1421.79,25.9,9.07,36.37,42.69,0.94,80.01,0.2864,False,False
1780909319.609872,archive_flood_airfield_274c83,archive_flood_airfield_274c83.mp4,1247,50.0,640,480,combined,detect_combined,Flooded,deeplabv3plus,False,False,0,tensorrt,tensorrt,tensorrt,20.62,20.62,48.09,48.49,12.06,21.2,33.26,1421.79,32.3,8.0,1421.79,32.3,9.07,36.37,42.69,0.94,80.01,0.2196,False,False
1780909319.7107196,archive_flood_airfield_274c83,archive_flood_airfield_274c83.mp4,1248,50.0,640,480,combined,detect_combined,Flooded,deeplabv3plus,False,False,0,tensorrt,tensorrt,tensorrt,19.34,19.34,51.29,51.7,13.99,22.4,36.39,1421.79,24.1,8.0,1421.79,24.1,9.07,36.37,42.69,0.94,80.01,0.2166,False,False
1780909319.8102593,archive_flood_airfield_274c83,archive_flood_airfield_274c83.mp4,1249,50.0,640,480,combined,detect_combined,Flooded,deeplabv3plus,False,False,0,tensorrt,tensorrt,tensorrt,19.62,19.62,50.56,50.97,13.76,21.85,35.61,1421.79,31.7,8.0,1421.79,31.7,9.07,36.37,42.69,0.94,80.01,0.2081,False,False
1780909319.9067316,archive_flood_airfield_274c83,archive_flood_airfield_274c83.mp4,1250,50.0,640,480,combined,detect_combined,Non-Flooded,resnet18,True,False,0,tensorrt,tensorrt,tensorrt,21.41,21.41,46.26,46.7,9.18,23.88,33.06,1421.79,28.6,8.0,1421.79,28.6,9.07,36.37,42.69,0.94,80.01,0.1978,False,False
1780909319.9898255,archive_flood_airfield_274c83,archive_flood_airfield_274c83.mp4,1251,50.0,640,480,combined,detect_combined,Flooded,deeplabv3plus,True,False,0,tensorrt,tensorrt,tensorrt,22.53,22.53,43.97,44.38,9.62,21.25,30.869999999999997,1421.79,29.4,7.54,1421.79,29.4,9.07,36.37,42.69,0.94,80.01,0.2067,False,False
1780909320.081264,archive_flood_airfield_274c83,archive_flood_airfield_274c83.mp4,1252,50.0,640,480,combined,detect_combined,Non-Flooded,resnet18,True,False,0,tensorrt,tensorrt,tensorrt,19.43,19.43,51.02,51.46,6.84,22.09,28.93,1421.79,27.8,7.54,1421.79,27.8,9.07,36.37,42.69,0.94,80.01,0.19,False,False
1780909320.1715417,archive_flood_airfield_274c83,archive_flood_airfield_274c83.mp4,1253,50.0,640,480,combined,detect_combined,Flooded,deeplabv3plus,True,False,0,tensorrt,tensorrt,tensorrt,23.04,23.04,42.97,43.41,9.46,21.89,31.35,1421.79,32.1,7.54,1421.79,32.1,9.07,36.37,42.69,0.94,80.01,0.2556,False,False
1780909320.2552063,archive_flood_airfield_274c83,archive_flood_airfield_274c83.mp4,1254,50.0,640,480,combined,detect_combined,Flooded,deeplabv3plus,False,False,0,tensorrt,tensorrt,tensorrt,23.97,23.97,41.38,41.73,9.71,10.91,20.62,1421.79,42.9,7.54,1421.79,42.9,9.07,36.37,42.69,0.94,80.01,0.2216,False,False
1780909320.3505092,archive_flood_airfield_274c83,archive_flood_airfield_274c83.mp4,1255,50.0,640,480,combined,detect_combined,Non-Flooded,resnet18,True,False,0,tensorrt,tensorrt,tensorrt,18.98,18.98,52.3,52.69,8.3,29.56,37.86,1421.79,48.1,7.54,1421.79,48.1,9.07,36.37,42.69,0.94,80.01,0.1821,False,False
1780909320.437014,archive_flood_airfield_274c83,archive_flood_airfield_274c83.mp4,1256,50.0,640,480,combined,detect_combined,Flooded,deeplabv3plus,True,False,0,tensorrt,tensorrt,tensorrt,25.55,25.55,38.72,39.13,4.4,12.66,17.060000000000002,1421.79,53.8,7.54,1421.79,53.8,9.07,36.37,42.69,0.94,80.01,0.233,False,False
1780909320.511014,archive_flood_airfield_274c83,archive_flood_airfield_274c83.mp4,1257,50.0,640,480,combined,detect_combined,Flooded,deeplabv3plus,False,False,0,tensorrt,tensorrt,tensorrt,22.17,22.17,44.75,45.1,6.37,12.49,18.86,1421.79,45.5,7.54,1421.79,45.5,9.07,36.37,42.69,0.94,80.01,0.2146,False,False
1780909320.5953898,archive_flood_airfield_274c83,archive_flood_airfield_274c83.mp4,1258,50.0,640,480,combined,detect_combined,Flooded,deeplabv3plus,False,False,0,tensorrt,tensorrt,tensorrt,23.28,23.28,42.54,42.96,8.27,20.09,28.36,1421.79,32.0,8.3,1421.79,32.0,9.07,36.37,42.69,0.94,80.01,0.2155,False,False
1780909320.6801505,archive_flood_airfield_274c83,archive_flood_airfield_274c83.mp4,1259,50.0,640,480,combined,detect_combined,Flooded,deeplabv3plus,False,False,0,tensorrt,tensorrt,tensorrt,20.8,20.8,47.68,48.08,6.94,14.36,21.3,1421.79,24.5,8.3,1421.79,24.5,9.07,36.37,42.69,0.94,80.01,0.2026,False,False
1780909320.763894,archive_flood_airfield_274c83,archive_flood_airfield_274c83.mp4,1260,50.0,640,480,combined,detect_combined,Flooded,deeplabv3plus,False,False,0,tensorrt,tensorrt,tensorrt,23.49,23.49,42.16,42.58,7.54,15.67,23.21,1421.79,32.7,8.3,1421.79,32.7,9.07,36.37,42.69,0.94,80.01,0.244,False,False
1780909320.8563452,archive_flood_airfield_274c83,archive_flood_airfield_274c83.mp4,1261,50.0,640,480,combined,detect_combined,Flooded,deeplabv3plus,False,False,0,tensorrt,tensorrt,tensorrt,20.81,20.81,47.65,48.06,7.49,25.42,32.910000000000004,1421.79,26.9,8.3,1421.79,26.9,9.07,36.37,42.69,0.94,80.01,0.213,False,False
1780909320.9567745,archive_flood_airfield_274c83,archive_flood_airfield_274c83.mp4,1262,50.0,640,480,combined,detect_combined,Non-Flooded,resnet18,True,False,0,tensorrt,tensorrt,tensorrt,19.15,19.15,51.71,52.22,11.93,24.82,36.75,1421.79,28.8,8.3,1421.79,28.8,9.07,36.37,42.69,0.94,80.01,0.1843,False,False
1780909321.056782,archive_flood_airfield_274c83,archive_flood_airfield_274c83.mp4,1263,50.0,640,480,combined,detect_combined,Non-Flooded,resnet18,False,False,0,tensorrt,tensorrt,tensorrt,19.77,19.77,50.19,50.59,11.17,24.06,35.23,1421.79,23.2,8.3,1421.79,23.2,9.07,36.37,42.69,0.94,80.01,0.1656,False,False
1780909321.1566007,archive_flood_airfield_274c83,archive_flood_airfield_274c83.mp4,1264,50.0,640,480,combined,detect_combined,Non-Flooded,resnet18,False,False,0,tensorrt,tensorrt,tensorrt,20.11,20.11,49.24,49.73,9.89,24.45,34.34,1421.79,31.0,7.54,1421.79,31.0,9.07,36.37,42.69,0.94,80.01,0.1821,False,False
1780909321.2490816,archive_flood_airfield_274c83,archive_flood_airfield_274c83.mp4,1265,50.0,640,480,combined,detect_combined,Flooded,deeplabv3plus,True,False,0,tensorrt,tensorrt,tensorrt,21.1,21.1,46.99,47.4,13.49,21.42,34.910000000000004,1421.79,34.0,7.54,1421.79,34.0,9.07,36.37,42.69,0.94,80.01,0.2117,False,False
1780909321.336866,archive_flood_airfield_274c83,archive_flood_airfield_274c83.mp4,1266,50.0,640,480,combined,detect_combined,Flooded,deeplabv3plus,False,False,0,tensorrt,tensorrt,tensorrt,21.16,21.16,46.86,47.26,9.45,24.28,33.730000000000004,1421.79,28.3,7.54,1421.79,28.3,9.07,36.37,42.69,0.94,80.01,0.2062,False,False
1780909321.4382548,archive_flood_airfield_274c83,archive_flood_airfield_274c83.mp4,1267,50.0,640,480,combined,detect_combined,Flooded,deeplabv3plus,False,False,0,tensorrt,tensorrt,tensorrt,18.42,18.42,53.88,54.28,14.64,24.54,39.18,1421.79,37.7,7.54,1421.79,37.7,9.07,36.37,42.69,0.94,80.01,0.2133,False,False
1780909321.5264683,archive_flood_airfield_274c83,archive_flood_airfield_274c83.mp4,1268,50.0,640,480,combined,detect_combined,Flooded,deeplabv3plus,False,False,0,tensorrt,tensorrt,tensorrt,21.52,21.52,46.02,46.47,7.42,16.79,24.21,1421.79,49.0,7.54,1421.79,49.0,9.07,36.37,42.69,0.94,80.01,0.2293,False,False
1780909321.6117632,archive_flood_airfield_274c83,archive_flood_airfield_274c83.mp4,1269,50.0,640,480,combined,detect_combined,Flooded,deeplabv3plus,False,False,0,tensorrt,tensorrt,tensorrt,21.64,21.64,45.8,46.21,7.38,14.94,22.32,1421.79,40.8,7.54,1421.79,40.8,9.07,36.37,42.69,0.94,80.01,0.2454,False,False
1780909321.690793,archive_flood_airfield_274c83,archive_flood_airfield_274c83.mp4,1270,50.0,640,480,combined,detect_combined,Flooded,deeplabv3plus,False,False,0,tensorrt,tensorrt,tensorrt,24.77,24.77,39.97,40.38,7.41,15.22,22.630000000000003,1421.79,44.4,7.54,1421.79,44.4,9.07,36.37,42.69,0.94,80.01,0.2864,False,False
1780909321.7783198,archive_flood_airfield_274c83,archive_flood_airfield_274c83.mp4,1271,50.0,640,480,combined,detect_combined,Flooded,deeplabv3plus,False,False,0,tensorrt,tensorrt,tensorrt,20.52,20.52,48.33,48.74,7.23,15.4,22.630000000000003,1421.79,36.0,7.85,1421.79,36.0,9.07,36.37,42.69,0.94,80.01,0.2863,False,False
1780909321.8630943,archive_flood_airfield_274c83,archive_flood_airfield_274c83.mp4,1272,50.0,640,480,combined,detect_combined,Flooded,deeplabv3plus,False,False,0,tensorrt,tensorrt,tensorrt,22.98,22.98,43.1,43.53,7.81,16.47,24.279999999999998,1421.79,30.0,7.85,1421.79,30.0,9.07,36.37,42.69,0.94,80.01,0.2537,False,False
1780909321.9496021,archive_flood_airfield_274c83,archive_flood_airfield_274c83.mp4,1273,50.0,640,480,combined,detect_combined,Flooded,deeplabv3plus,False,False,0,tensorrt,tensorrt,tensorrt,26.07,26.07,37.96,38.36,7.64,15.33,22.97,1421.79,44.0,7.85,1421.79,44.0,9.07,36.37,42.69,0.94,80.01,0.2369,False,False
1780909322.0296097,archive_flood_airfield_274c83,archive_flood_airfield_274c83.mp4,1274,50.0,640,480,combined,detect_combined,Flooded,deeplabv3plus,False,False,0,tensorrt,tensorrt,tensorrt,23.66,23.66,41.88,42.27,7.21,15.39,22.6,1421.79,31.2,7.85,1421.79,31.2,9.07,36.37,42.69,0.94,80.01,0.2284,False,False
1780909322.1248646,archive_flood_airfield_274c83,archive_flood_airfield_274c83.mp4,1275,50.0,640,480,combined,detect_combined,Flooded,deeplabv3plus,False,False,0,tensorrt,tensorrt,tensorrt,20.94,20.94,47.34,47.76,8.69,17.35,26.04,1421.79,28.1,7.85,1421.79,28.1,9.07,36.37,42.69,0.94,80.01,0.2031,False,False
1780909322.2282135,archive_flood_airfield_274c83,archive_flood_airfield_274c83.mp4,1276,50.0,640,480,combined,detect_combined,Non-Flooded,resnet18,True,False,0,tensorrt,tensorrt,tensorrt,21.85,21.85,45.25,45.76,15.15,15.31,30.46,1421.79,30.6,7.85,1421.79,30.6,9.07,36.37,42.69,0.94,80.01,0.1934,False,False
1780909322.3224826,archive_flood_airfield_274c83,archive_flood_airfield_274c83.mp4,1277,50.0,640,480,combined,detect_combined,Flooded,deeplabv3plus,True,False,0,tensorrt,tensorrt,tensorrt,22.07,22.07,44.82,45.31,7.43,18.83,26.259999999999998,1421.79,28.6,7.54,1421.79,28.6,9.07,36.37,42.69,0.94,80.01,0.2032,False,False
1780909322.4201064,archive_flood_airfield_274c83,archive_flood_airfield_274c83.mp4,1278,50.0,640,480,combined,detect_combined,Flooded,deeplabv3plus,False,False,0,tensorrt,tensorrt,tensorrt,21.07,21.07,47.04,47.45,8.51,23.7,32.21,1421.79,23.6,7.54,1421.79,23.6,9.07,36.37,42.69,0.94,80.01,0.2189,False,False
1780909322.5201597,archive_flood_airfield_274c83,archive_flood_airfield_274c83.mp4,1279,50.0,640,480,combined,detect_combined,Flooded,deeplabv3plus,False,False,0,tensorrt,tensorrt,tensorrt,19.71,19.71,50.31,50.74,10.21,25.28,35.49,1421.79,24.1,7.54,1421.79,24.1,9.07,36.37,42.69,0.94,80.01,0.2195,False,False
1780909322.6199868,archive_flood_airfield_274c83,archive_flood_airfield_274c83.mp4,1280,50.0,640,480,combined,detect_combined,Non-Flooded,resnet18,True,False,0,tensorrt,tensorrt,tensorrt,20.62,20.62,48.01,48.5,7.45,25.69,33.14,1421.79,32.8,7.54,1421.79,32.8,9.07,36.37,42.69,0.94,80.01,0.1937,False,False
1780909322.7192848,archive_flood_airfield_274c83,archive_flood_airfield_274c83.mp4,1281,50.0,640,480,combined,detect_combined,Flooded,deeplabv3plus,True,False,0,tensorrt,tensorrt,tensorrt,20.51,20.51,48.25,48.75,9.11,24.25,33.36,1421.79,39.7,7.54,1421.79,39.7,9.07,36.37,42.69,0.94,80.01,0.2014,False,False
1780909322.8429728,archive_flood_airfield_274c83,archive_flood_airfield_274c83.mp4,1282,50.0,640,480,combined,detect_combined,Flooded,deeplabv3plus,False,False,0,tensorrt,tensorrt,tensorrt,12.68,12.68,78.47,78.85,13.31,24.89,38.2,1421.79,47.9,7.54,1421.79,47.9,9.07,36.37,42.69,0.94,80.01,0.2274,False,False
1780909322.9324057,archive_flood_airfield_274c83,archive_flood_airfield_274c83.mp4,1283,50.0,640,480,combined,detect_combined,Flooded,deeplabv3plus,False,False,0,tensorrt,tensorrt,tensorrt,21.81,21.81,45.51,45.85,12.17,20.76,32.93,1421.79,51.9,8.0,1421.79,51.9,9.07,36.37,42.69,0.94,80.01,0.219,False,False
1780909323.0147853,archive_flood_airfield_274c83,archive_flood_airfield_274c83.mp4,1284,50.0,640,480,combined,detect_combined,Flooded,deeplabv3plus,False,False,0,tensorrt,tensorrt,tensorrt,21.4,21.4,46.34,46.73,7.34,24.28,31.62,1421.79,44.9,8.0,1421.79,44.9,9.07,36.37,42.69,0.94,80.01,0.2692,False,False
1780909323.1190462,archive_flood_airfield_274c83,archive_flood_airfield_274c83.mp4,1285,50.0,640,480,combined,detect_combined,Flooded,deeplabv3plus,False,False,0,tensorrt,tensorrt,tensorrt,17.82,17.82,55.67,56.13,14.85,25.67,40.52,1421.79,22.0,8.0,1421.79,22.0,9.07,36.37,42.69,0.94,80.01,0.2554,False,False
1780909323.2049086,archive_flood_airfield_274c83,archive_flood_airfield_274c83.mp4,1286,50.0,640,480,combined,detect_combined,Flooded,deeplabv3plus,False,False,0,tensorrt,tensorrt,tensorrt,22.14,22.14,44.73,45.16,7.95,14.8,22.75,1421.79,28.8,8.0,1421.79,28.8,9.07,36.37,42.69,0.94,80.01,0.2739,False,False
1780909323.2872183,archive_flood_airfield_274c83,archive_flood_airfield_274c83.mp4,1287,50.0,640,480,combined,detect_combined,Flooded,deeplabv3plus,False,False,0,tensorrt,tensorrt,tensorrt,23.56,23.56,42.01,42.44,7.69,15.55,23.240000000000002,1421.79,28.6,8.0,1421.79,28.6,9.07,36.37,42.69,0.94,80.01,0.2673,False,False
1780909323.3802025,archive_flood_airfield_274c83,archive_flood_airfield_274c83.mp4,1288,50.0,640,480,combined,detect_combined,Flooded,deeplabv3plus,False,False,0,tensorrt,tensorrt,tensorrt,22.49,22.49,44.09,44.47,10.1,20.79,30.89,1421.79,25.9,8.0,1421.79,25.9,9.07,36.37,42.69,0.94,80.01,0.2655,False,False
1780909323.4695842,archive_flood_airfield_274c83,archive_flood_airfield_274c83.mp4,1289,50.0,640,480,combined,detect_combined,Flooded,deeplabv3plus,False,False,0,tensorrt,tensorrt,tensorrt,21.9,21.9,45.28,45.66,7.19,18.78,25.970000000000002,1421.79,30.2,8.0,1421.79,30.2,9.07,36.37,42.69,0.94,80.01,0.2542,False,False
1780909323.5635252,archive_flood_airfield_274c83,archive_flood_airfield_274c83.mp4,1290,50.0,640,480,combined,detect_combined,Flooded,deeplabv3plus,False,False,0,tensorrt,tensorrt,tensorrt,19.18,19.18,51.76,52.13,14.38,23.87,38.25,1421.79,27.3,7.54,1421.79,27.3,9.07,36.37,42.69,0.94,80.01,0.2383,False,False
1780909323.6633954,archive_flood_airfield_274c83,archive_flood_airfield_274c83.mp4,1291,50.0,640,480,combined,detect_combined,Flooded,deeplabv3plus,False,False,0,tensorrt,tensorrt,tensorrt,18.65,18.65,53.24,53.63,14.92,24.84,39.76,1421.79,25.4,7.54,1421.79,25.4,9.07,36.37,42.69,0.94,80.01,0.2431,False,False
1780909323.763858,archive_flood_airfield_274c83,archive_flood_airfield_274c83.mp4,1292,50.0,640,480,combined,detect_combined,Flooded,deeplabv3plus,False,False,0,tensorrt,tensorrt,tensorrt,18.83,18.83,52.7,53.1,15.17,23.38,38.55,1421.79,25.9,7.54,1421.79,25.9,9.07,36.37,42.69,0.94,80.01,0.2548,False,False
1780909323.870826,archive_flood_airfield_274c83,archive_flood_airfield_274c83.mp4,1293,50.0,640,480,combined,detect_combined,Flooded,deeplabv3plus,False,False,0,tensorrt,tensorrt,tensorrt,16.81,16.81,59.03,59.47,14.39,23.89,38.28,1421.79,31.8,7.54,1421.79,31.8,9.07,36.37,42.69,0.94,80.01,0.2382,False,False
1780909323.9550376,archive_flood_airfield_274c83,archive_flood_airfield_274c83.mp4,1294,50.0,640,480,combined,detect_combined,Flooded,deeplabv3plus,False,False,0,tensorrt,tensorrt,tensorrt,22.6,22.6,43.84,44.25,7.93,15.54,23.47,1421.79,43.7,7.54,1421.79,43.7,9.07,36.37,42.69,0.94,80.01,0.2259,False,False
1780909324.0367606,archive_flood_airfield_274c83,archive_flood_airfield_274c83.mp4,1295,50.0,640,480,combined,detect_combined,Flooded,deeplabv3plus,False,False,0,tensorrt,tensorrt,tensorrt,24.25,24.25,40.82,41.24,7.64,15.11,22.75,1421.79,47.9,7.54,1421.79,47.9,9.07,36.37,42.69,0.94,80.01,0.2327,False,False
1780909324.119516,archive_flood_airfield_274c83,archive_flood_airfield_274c83.mp4,1296,50.0,640,480,combined,detect_combined,Flooded,deeplabv3plus,False,False,0,tensorrt,tensorrt,tensorrt,23.22,23.22,42.59,43.07,7.91,15.37,23.28,1421.79,45.8,7.54,1421.79,45.8,9.07,36.37,42.69,0.94,80.01,0.2538,False,False
1780909324.2026498,archive_flood_airfield_274c83,archive_flood_airfield_274c83.mp4,1297,50.0,640,480,combined,detect_combined,Flooded,deeplabv3plus,False,False,0,tensorrt,tensorrt,tensorrt,22.96,22.96,43.14,43.55,7.64,15.21,22.85,1421.79,44.9,7.54,1421.79,44.9,9.07,36.37,42.69,0.94,80.01,0.2814,False,False
1780909324.2794206,archive_flood_airfield_274c83,archive_flood_airfield_274c83.mp4,1298,50.0,640,480,combined,detect_combined,Flooded,deeplabv3plus,False,False,0,tensorrt,tensorrt,tensorrt,24.12,24.12,41.07,41.45,5.86,12.79,18.65,1421.79,61.7,7.54,1421.79,61.7,9.07,36.37,42.69,0.94,80.01,0.2799,False,False
1780909324.3582006,archive_flood_airfield_274c83,archive_flood_airfield_274c83.mp4,1299,50.0,640,480,combined,detect_combined,Flooded,deeplabv3plus,False,False,0,tensorrt,tensorrt,tensorrt,24.58,24.58,40.36,40.69,5.91,22.58,28.49,1421.79,45.7,7.54,1421.79,45.7,9.07,36.37,42.69,0.94,80.01,0.3098,False,False
1780909324.4388745,archive_flood_airfield_274c83,archive_flood_airfield_274c83.mp4,1300,50.0,640,480,combined,detect_combined,Flooded,deeplabv3plus,False,False,0,tensorrt,tensorrt,tensorrt,21.21,21.21,46.84,47.14,13.92,20.2,34.12,1421.79,38.3,7.54,1421.79,38.3,9.07,36.37,42.69,0.94,80.01,0.2961,False,False
1780909324.5275955,archive_flood_airfield_274c83,archive_flood_airfield_274c83.mp4,1301,50.0,640,480,combined,detect_combined,Flooded,deeplabv3plus,False,False,0,tensorrt,tensorrt,tensorrt,19.43,19.43,51.01,51.46,14.69,23.52,38.21,1421.79,29.6,7.54,1421.79,29.6,9.07,36.37,42.69,0.94,80.01,0.3197,False,False
1780909324.6172688,archive_flood_airfield_274c83,archive_flood_airfield_274c83.mp4,1302,50.0,640,480,combined,detect_combined,Flooded,deeplabv3plus,False,False,0,tensorrt,tensorrt,tensorrt,22.6,22.6,43.86,44.24,9.68,19.47,29.15,1421.79,25.5,7.54,1421.79,25.5,9.07,36.37,42.69,0.94,80.01,0.2701,False,False
1780909324.713057,archive_flood_airfield_274c83,archive_flood_airfield_274c83.mp4,1303,50.0,640,480,combined,detect_combined,Flooded,deeplabv3plus,False,False,0,tensorrt,tensorrt,tensorrt,18.55,18.55,53.5,53.9,14.67,24.83,39.5,1421.79,27.6,7.85,1421.79,27.6,9.07,36.37,42.69,0.94,80.01,0.2572,False,False
1780909324.7984104,archive_flood_airfield_274c83,archive_flood_airfield_274c83.mp4,1304,50.0,640,480,combined,detect_combined,Flooded,deeplabv3plus,False,False,0,tensorrt,tensorrt,tensorrt,21.79,21.79,45.54,45.89,6.95,19.47,26.419999999999998,1421.79,28.0,7.85,1421.79,28.0,9.07,36.37,42.69,0.94,80.01,0.3075,False,False
1780909324.896495,archive_flood_airfield_274c83,archive_flood_airfield_274c83.mp4,1305,50.0,640,480,combined,detect_combined,Flooded,deeplabv3plus,False,False,0,tensorrt,tensorrt,tensorrt,18.66,18.66,53.17,53.6,13.86,25.36,39.22,1421.79,24.6,7.85,1421.79,24.6,9.07,36.37,42.69,0.94,80.01,0.312,False,False
1780909324.9947453,archive_flood_airfield_274c83,archive_flood_airfield_274c83.mp4,1306,50.0,640,480,combined,detect_combined,Flooded,deeplabv3plus,False,False,0,tensorrt,tensorrt,tensorrt,20.7,20.7,47.89,48.31,9.75,24.89,34.64,1421.79,20.4,7.85,1421.79,20.4,9.07,36.37,42.69,0.94,80.01,0.3365,False,False
1780909325.0883613,archive_flood_airfield_274c83,archive_flood_airfield_274c83.mp4,1307,50.0,640,480,combined,detect_combined,Flooded,deeplabv3plus,False,False,0,tensorrt,tensorrt,tensorrt,19.79,19.79,50.1,50.53,14.91,21.96,36.870000000000005,1421.79,31.6,7.85,1421.79,31.6,9.07,36.37,42.69,0.94,80.01,0.2894,False,False
1780909325.1852434,archive_flood_airfield_274c83,archive_flood_airfield_274c83.mp4,1308,50.0,640,480,combined,detect_combined,Flooded,deeplabv3plus,False,False,0,tensorrt,tensorrt,tensorrt,21.36,21.36,46.39,46.81,9.55,15.37,24.92,1421.79,38.9,7.85,1421.79,38.9,9.07,36.37,42.69,0.94,80.01,0.3054,False,False
1780909325.2640238,archive_flood_airfield_274c83,archive_flood_airfield_274c83.mp4,1309,50.0,640,480,combined,detect_combined,Flooded,deeplabv3plus,False,False,0,tensorrt,tensorrt,tensorrt,21.94,21.94,45.26,45.59,6.85,18.37,25.22,1422.04,49.0,7.69,1422.04,49.0,9.07,36.37,42.69,0.94,80.01,0.2185,False,False
1780909325.3580413,archive_flood_airfield_274c83,archive_flood_airfield_274c83.mp4,1310,50.0,640,480,combined,detect_combined,Non-Flooded,resnet18,True,False,0,tensorrt,tensorrt,tensorrt,17.19,17.19,57.75,58.17,9.58,16.51,26.090000000000003,1422.04,51.8,7.69,1422.04,51.8,9.07,36.37,42.69,0.94,80.01,0.1669,False,False
1780909325.4224048,archive_flood_airfield_274c83,archive_flood_airfield_274c83.mp4,1311,50.0,640,480,combined,detect_combined,Non-Flooded,resnet18,False,False,0,tensorrt,tensorrt,tensorrt,33.16,33.16,29.82,30.16,4.46,11.71,16.17,1422.04,55.6,7.69,1422.04,55.6,9.07,36.37,42.69,0.94,80.01,0.1858,False,False
1780909325.4883783,archive_flood_airfield_274c83,archive_flood_airfield_274c83.mp4,1312,50.0,640,480,combined,detect_combined,Flooded,deeplabv3plus,True,False,0,tensorrt,tensorrt,tensorrt,26.24,26.24,37.66,38.11,6.21,12.03,18.24,1422.04,42.5,7.69,1422.04,42.5,9.07,36.37,42.69,0.94,80.01,0.2242,False,False
1780909325.5690007,archive_flood_airfield_274c83,archive_flood_airfield_274c83.mp4,1313,50.0,640,480,combined,detect_combined,Flooded,deeplabv3plus,False,False,0,tensorrt,tensorrt,tensorrt,20.56,20.56,48.24,48.64,14.73,15.6,30.33,1422.04,42.9,7.69,1422.04,42.9,9.07,36.37,42.69,0.94,80.01,0.2176,False,False
1780909325.6466453,archive_flood_airfield_274c83,archive_flood_airfield_274c83.mp4,1314,50.0,640,480,combined,detect_combined,Flooded,deeplabv3plus,False,False,0,tensorrt,tensorrt,tensorrt,23.62,23.62,41.99,42.33,6.31,13.07,19.38,1422.04,23.3,7.69,1422.04,23.3,9.07,36.37,42.69,0.94,80.01,0.2159,False,False
1780909325.7309246,archive_flood_airfield_274c83,archive_flood_airfield_274c83.mp4,1315,50.0,640,480,combined,detect_combined,Flooded,deeplabv3plus,False,False,0,tensorrt,tensorrt,tensorrt,21.99,21.99,45.09,45.47,6.76,16.94,23.700000000000003,1422.04,29.4,7.69,1422.04,29.4,9.07,36.37,42.69,0.94,80.01,0.21,False,False
1780909325.8109412,archive_flood_airfield_274c83,archive_flood_airfield_274c83.mp4,1316,50.0,640,480,combined,detect_combined,Flooded,deeplabv3plus,False,False,0,tensorrt,tensorrt,tensorrt,20.39,20.39,48.64,49.03,6.77,23.26,30.03,1422.04,25.0,7.69,1422.04,25.0,9.07,36.37,42.69,0.94,80.01,0.2094,False,False
1780909325.8767042,archive_flood_airfield_274c83,archive_flood_airfield_274c83.mp4,1317,50.0,640,480,combined,detect_combined,Flooded,deeplabv3plus,False,False,0,tensorrt,tensorrt,tensorrt,35.04,35.04,28.16,28.54,5.93,10.62,16.549999999999997,1422.04,30.0,7.85,1422.04,30.0,9.07,36.37,42.69,0.94,80.01,0.2888,False,False
1780909325.9555068,archive_flood_airfield_274c83,archive_flood_airfield_274c83.mp4,1318,50.0,640,480,combined,detect_combined,Flooded,deeplabv3plus,False,False,0,tensorrt,tensorrt,tensorrt,22.76,22.76,43.59,43.93,10.03,21.51,31.54,1422.04,31.2,7.85,1422.04,31.2,9.07,36.37,42.69,0.94,80.01,0.2232,False,False
1780909326.0398753,archive_flood_airfield_274c83,archive_flood_airfield_274c83.mp4,1319,50.0,640,480,combined,detect_combined,Flooded,deeplabv3plus,False,False,0,tensorrt,tensorrt,tensorrt,20.55,20.55,48.26,48.66,11.52,23.02,34.54,1422.04,28.8,7.85,1422.04,28.8,9.07,36.37,42.69,0.94,80.01,0.2299,False,False
1780909326.1281629,archive_flood_airfield_274c83,archive_flood_airfield_274c83.mp4,1320,50.0,640,480,combined,detect_combined,Flooded,deeplabv3plus,False,False,0,tensorrt,tensorrt,tensorrt,21.92,21.92,45.2,45.63,7.15,21.02,28.17,1422.04,30.2,7.85,1422.04,30.2,9.07,36.37,42.69,0.94,80.01,0.2092,False,False
1780909326.2114565,archive_flood_airfield_274c83,archive_flood_airfield_274c83.mp4,1321,50.0,640,480,combined,detect_combined,Flooded,deeplabv3plus,False,False,0,tensorrt,tensorrt,tensorrt,22.09,22.09,44.95,45.27,6.53,17.4,23.93,1422.04,40.0,7.85,1422.04,40.0,9.07,36.37,42.69,0.94,80.01,0.2804,False,False
1780909326.2935524,archive_flood_airfield_274c83,archive_flood_airfield_274c83.mp4,1322,50.0,640,480,combined,detect_combined,Flooded,deeplabv3plus,False,False,0,tensorrt,tensorrt,tensorrt,21.76,21.76,45.61,45.95,6.96,21.13,28.09,1422.04,27.1,7.85,1422.04,27.1,9.07,36.37,42.69,0.94,80.01,0.2529,False,False
1780909326.3878672,archive_flood_airfield_274c83,archive_flood_airfield_274c83.mp4,1323,50.0,640,480,combined,detect_combined,Flooded,deeplabv3plus,False,False,0,tensorrt,tensorrt,tensorrt,19.64,19.64,50.55,50.92,14.51,24.31,38.82,1422.04,25.5,7.85,1422.04,25.5,9.07,36.37,42.69,0.94,80.01,0.2684,False,False
1780909326.462283,archive_flood_airfield_274c83,archive_flood_airfield_274c83.mp4,1324,50.0,640,480,combined,detect_combined,Flooded,deeplabv3plus,False,False,0,tensorrt,tensorrt,tensorrt,23.59,23.59,42.05,42.38,7.17,11.62,18.79,1422.04,40.5,7.69,1422.04,40.5,9.07,36.37,42.69,0.94,80.01,0.2316,False,False
1780909326.5319107,archive_flood_airfield_274c83,archive_flood_airfield_274c83.mp4,1325,50.0,640,480,combined,detect_combined,Non-Flooded,resnet18,True,False,0,tensorrt,tensorrt,tensorrt,25.17,25.17,39.31,39.73,6.66,13.79,20.45,1422.04,48.8,7.69,1422.04,48.8,9.07,36.37,42.69,0.94,80.01,0.1882,False,False
1780909326.5959735,archive_flood_airfield_274c83,archive_flood_airfield_274c83.mp4,1326,50.0,640,480,combined,detect_combined,Non-Flooded,resnet18,False,False,0,tensorrt,tensorrt,tensorrt,26.94,26.94,36.77,37.12,6.5,14.19,20.689999999999998,1422.04,41.7,7.69,1422.04,41.7,9.07,36.37,42.69,0.94,80.01,0.1783,False,False
1780909326.6630907,archive_flood_airfield_274c83,archive_flood_airfield_274c83.mp4,1327,50.0,640,480,combined,detect_combined,Non-Flooded,resnet18,False,False,0,tensorrt,tensorrt,tensorrt,27.19,27.19,36.41,36.77,6.49,12.93,19.42,1422.04,43.6,7.69,1422.04,43.6,9.07,36.37,42.69,0.94,80.01,0.1839,False,False
1780909326.7297082,archive_flood_airfield_274c83,archive_flood_airfield_274c83.mp4,1328,50.0,640,480,combined,detect_combined,Flooded,deeplabv3plus,True,False,0,tensorrt,tensorrt,tensorrt,26.32,26.32,37.5,38.0,6.42,14.01,20.43,1422.04,43.6,7.69,1422.04,43.6,9.07,36.37,42.69,0.94,80.01,0.2391,False,False
1780909326.7958214,archive_flood_airfield_274c83,archive_flood_airfield_274c83.mp4,1329,50.0,640,480,combined,detect_combined,Non-Flooded,resnet18,True,False,0,tensorrt,tensorrt,tensorrt,26.45,26.45,37.33,37.81,7.45,12.75,20.2,1422.04,40.5,7.69,1422.04,40.5,9.07,36.37,42.69,0.94,80.01,0.1872,False,False
1780909326.8592765,archive_flood_airfield_274c83,archive_flood_airfield_274c83.mp4,1330,50.0,640,480,combined,detect_combined,Non-Flooded,resnet18,False,False,0,tensorrt,tensorrt,tensorrt,26.9,26.9,36.84,37.18,6.09,11.44,17.53,1422.04,40.5,7.69,1422.04,40.5,9.07,36.37,42.69,0.94,80.01,0.1971,False,False
1780909326.9348562,archive_flood_airfield_274c83,archive_flood_airfield_274c83.mp4,1331,50.0,640,480,combined,detect_combined,Flooded,deeplabv3plus,True,False,0,tensorrt,tensorrt,tensorrt,21.88,21.88,45.23,45.7,10.46,22.52,32.980000000000004,1422.04,31.9,7.69,1422.04,31.9,9.07,36.37,42.69,0.94,80.01,0.2228,False,False
1780909327.0149171,archive_flood_airfield_274c83,archive_flood_airfield_274c83.mp4,1332,50.0,640,480,combined,detect_combined,Flooded,deeplabv3plus,False,False,0,tensorrt,tensorrt,tensorrt,25.74,25.74,38.53,38.85,8.71,18.25,26.96,1422.04,24.4,8.15,1422.04,24.4,9.07,36.37,42.69,0.94,80.01,0.2067,False,False
1780909327.0930612,archive_flood_airfield_274c83,archive_flood_airfield_274c83.mp4,1333,50.0,640,480,combined,detect_combined,Flooded,deeplabv3plus,False,False,0,tensorrt,tensorrt,tensorrt,22.48,22.48,44.08,44.48,6.69,18.05,24.740000000000002,1422.04,30.4,8.15,1422.04,30.4,9.07,36.37,42.69,0.94,80.01,0.2064,False,False
1780909327.174349,archive_flood_airfield_274c83,archive_flood_airfield_274c83.mp4,1334,50.0,640,480,combined,detect_combined,Flooded,deeplabv3plus,False,False,0,tensorrt,tensorrt,tensorrt,23.88,23.88,41.54,41.88,6.59,17.61,24.2,1422.04,29.8,8.15,1422.04,29.8,9.07,36.37,42.69,0.94,80.01,0.2191,False,False
1780909327.2662773,archive_flood_airfield_274c83,archive_flood_airfield_274c83.mp4,1335,50.0,640,480,combined,detect_combined,Flooded,deeplabv3plus,False,False,0,tensorrt,tensorrt,tensorrt,19.93,19.93,49.68,50.18,14.54,17.54,32.08,1422.04,32.8,8.15,1422.04,32.8,9.07,36.37,42.69,0.94,80.01,0.2519,False,False
1780909327.3521152,archive_flood_airfield_274c83,archive_flood_airfield_274c83.mp4,1336,50.0,640,480,combined,detect_combined,Flooded,deeplabv3plus,False,False,0,tensorrt,tensorrt,tensorrt,23.84,23.84,41.62,41.95,7.35,22.07,29.42,1422.04,29.2,8.15,1422.04,29.2,9.07,36.37,42.69,0.94,80.01,0.3357,False,False
1780909327.4346766,archive_flood_airfield_274c83,archive_flood_airfield_274c83.mp4,1337,50.0,640,480,combined,detect_combined,Flooded,deeplabv3plus,False,False,0,tensorrt,tensorrt,tensorrt,22.99,22.99,43.15,43.5,8.27,23.32,31.59,1422.04,28.6,8.15,1422.04,28.6,9.07,36.37,42.69,0.94,80.01,0.2607,False,False
1780909327.52349,archive_flood_airfield_274c83,archive_flood_airfield_274c83.mp4,1338,50.0,640,480,combined,detect_combined,Flooded,deeplabv3plus,False,False,0,tensorrt,tensorrt,tensorrt,22.03,22.03,45.03,45.38,9.69,11.87,21.56,1422.04,26.9,8.15,1422.04,26.9,9.07,36.37,42.69,0.94,80.01,0.207,False,False
1780909327.6197267,archive_flood_airfield_274c83,archive_flood_airfield_274c83.mp4,1339,50.0,640,480,combined,detect_combined,Non-Flooded,resnet18,True,False,0,tensorrt,tensorrt,tensorrt,18.97,18.97,52.26,52.71,14.34,23.6,37.94,1422.04,30.0,7.54,1422.04,30.0,9.07,36.37,42.69,0.94,80.01,0.1913,False,False
1780909327.7165446,archive_flood_airfield_274c83,archive_flood_airfield_274c83.mp4,1340,50.0,640,480,combined,detect_combined,Non-Flooded,resnet18,False,False,0,tensorrt,tensorrt,tensorrt,19.96,19.96,49.77,50.1,15.38,22.67,38.050000000000004,1422.04,36.2,7.54,1422.04,36.2,9.07,36.37,42.69,0.94,80.01,0.1951,False,False
1780909327.8047075,archive_flood_airfield_274c83,archive_flood_airfield_274c83.mp4,1341,50.0,640,480,combined,detect_combined,Flooded,deeplabv3plus,True,False,0,tensorrt,tensorrt,tensorrt,18.29,18.29,54.19,54.66,14.6,24.09,38.69,1422.04,50.0,7.54,1422.04,50.0,9.07,36.37,42.69,0.94,80.01,0.2104,False,False
1780909327.9004004,archive_flood_airfield_274c83,archive_flood_airfield_274c83.mp4,1342,50.0,640,480,combined,detect_combined,Flooded,deeplabv3plus,False,False,0,tensorrt,tensorrt,tensorrt,18.31,18.31,54.01,54.61,7.18,17.89,25.07,1422.04,35.2,7.54,1422.04,35.2,9.07,36.37,42.69,0.94,80.01,0.2316,False,False
1780909327.9680083,archive_flood_airfield_274c83,archive_flood_airfield_274c83.mp4,1343,50.0,640,480,combined,detect_combined,Flooded,deeplabv3plus,False,False,0,tensorrt,tensorrt,tensorrt,25.74,25.74,38.52,38.85,5.67,11.45,17.119999999999997,1422.04,45.0,7.54,1422.04,45.0,9.07,36.37,42.69,0.94,80.01,0.2197,False,False
1780909328.034209,archive_flood_airfield_274c83,archive_flood_airfield_274c83.mp4,1344,50.0,640,480,combined,detect_combined,Flooded,deeplabv3plus,False,False,0,tensorrt,tensorrt,tensorrt,26.0,26.0,38.14,38.47,5.53,11.14,16.67,1422.04,43.6,7.54,1422.04,43.6,9.07,36.37,42.69,0.94,80.01,0.2272,False,False
1780909328.101567,archive_flood_airfield_274c83,archive_flood_airfield_274c83.mp4,1345,50.0,640,480,combined,detect_combined,Flooded,deeplabv3plus,False,False,0,tensorrt,tensorrt,tensorrt,25.12,25.12,39.48,39.8,6.02,11.63,17.65,1422.04,43.9,7.54,1422.04,43.9,9.07,36.37,42.69,0.94,80.01,0.2549,False,False
1780909328.1710572,archive_flood_airfield_274c83,archive_flood_airfield_274c83.mp4,1346,50.0,640,480,combined,detect_combined,Flooded,deeplabv3plus,False,False,0,tensorrt,tensorrt,tensorrt,23.89,23.89,41.55,41.85,6.21,12.06,18.27,1422.04,22.5,8.3,1422.04,22.5,9.07,36.37,42.69,0.94,80.01,0.2849,False,False
1780909328.24249,archive_flood_airfield_274c83,archive_flood_airfield_274c83.mp4,1347,50.0,640,480,combined,detect_combined,Flooded,deeplabv3plus,False,False,0,tensorrt,tensorrt,tensorrt,25.89,25.89,38.27,38.63,6.65,14.67,21.32,1422.04,26.2,8.3,1422.04,26.2,9.07,36.37,42.69,0.94,80.01,0.244,False,False
1780909328.3355925,archive_flood_airfield_274c83,archive_flood_airfield_274c83.mp4,1348,50.0,640,480,combined,detect_combined,Flooded,deeplabv3plus,False,False,0,tensorrt,tensorrt,tensorrt,20.02,20.02,49.56,49.96,11.46,24.84,36.3,1422.04,28.6,8.3,1422.04,28.6,9.07,36.37,42.69,0.94,80.01,0.2203,False,False
1780909328.4355648,archive_flood_airfield_274c83,archive_flood_airfield_274c83.mp4,1349,50.0,640,480,combined,detect_combined,Flooded,deeplabv3plus,False,False,0,tensorrt,tensorrt,tensorrt,19.66,19.66,50.46,50.85,12.27,25.07,37.34,1422.04,23.7,8.3,1422.04,23.7,9.07,36.37,42.69,0.94,80.01,0.2267,False,False
1780909328.5376434,archive_flood_airfield_274c83,archive_flood_airfield_274c83.mp4,1350,50.0,640,480,combined,detect_combined,Flooded,deeplabv3plus,False,False,0,tensorrt,tensorrt,tensorrt,19.36,19.36,51.25,51.66,10.86,25.44,36.3,1422.04,25.9,8.3,1422.04,25.9,9.07,36.37,42.69,0.94,80.01,0.2056,False,False
1780909328.6365056,archive_flood_airfield_274c83,archive_flood_airfield_274c83.mp4,1351,50.0,640,480,combined,detect_combined,Flooded,deeplabv3plus,False,False,0,tensorrt,tensorrt,tensorrt,21.63,21.63,45.79,46.23,7.89,23.08,30.97,1422.04,29.8,8.3,1422.04,29.8,9.07,36.37,42.69,0.94,80.01,0.2325,False,False
1780909328.7362778,archive_flood_airfield_274c83,archive_flood_airfield_274c83.mp4,1352,50.0,640,480,combined,detect_combined,Flooded,deeplabv3plus,False,False,0,tensorrt,tensorrt,tensorrt,21.79,21.79,45.47,45.89,7.84,22.71,30.55,1422.04,23.2,8.3,1422.04,23.2,9.07,36.37,42.69,0.94,80.01,0.2649,False,False
1780909328.8350255,archive_flood_airfield_274c83,archive_flood_airfield_274c83.mp4,1353,50.0,640,480,combined,detect_combined,Flooded,deeplabv3plus,False,False,0,tensorrt,tensorrt,tensorrt,20.7,20.7,47.85,48.3,9.7,24.94,34.64,1422.04,26.3,7.54,1422.04,26.3,9.07,36.37,42.69,0.94,80.01,0.2857,False,False
1780909328.9239428,archive_flood_airfield_274c83,archive_flood_airfield_274c83.mp4,1354,50.0,640,480,combined,detect_combined,Flooded,deeplabv3plus,False,False,0,tensorrt,tensorrt,tensorrt,23.57,23.57,42.03,42.43,6.85,14.57,21.42,1422.04,30.2,7.54,1422.04,30.2,9.07,36.37,42.69,0.94,80.01,0.3451,False,False
1780909329.006641,archive_flood_airfield_274c83,archive_flood_airfield_274c83.mp4,1355,50.0,640,480,combined,detect_combined,Flooded,deeplabv3plus,False,False,0,tensorrt,tensorrt,tensorrt,25.29,25.29,39.16,39.54,6.45,13.16,19.61,1422.04,40.8,7.54,1422.04,40.8,9.07,36.37,42.69,0.94,80.01,0.2844,False,False
1780909329.0930243,archive_flood_airfield_274c83,archive_flood_airfield_274c83.mp4,1356,50.0,640,480,combined,detect_combined,Flooded,deeplabv3plus,False,False,0,tensorrt,tensorrt,tensorrt,21.16,21.16,46.85,47.26,7.0,14.44,21.439999999999998,1422.04,44.0,7.54,1422.04,44.0,9.07,36.37,42.69,0.94,80.01,0.2673,False,False
1780909329.1799233,archive_flood_airfield_274c83,archive_flood_airfield_274c83.mp4,1357,50.0,640,480,combined,detect_combined,Flooded,deeplabv3plus,False,False,0,tensorrt,tensorrt,tensorrt,22.22,22.22,44.63,45.01,7.69,23.47,31.16,1422.04,44.0,7.54,1422.04,44.0,9.07,36.37,42.69,0.94,80.01,0.2097,False,False
1780909329.254901,archive_flood_airfield_274c83,archive_flood_airfield_274c83.mp4,1358,50.0,640,480,combined,detect_combined,Non-Flooded,resnet18,True,False,0,tensorrt,tensorrt,tensorrt,26.86,26.86,36.56,37.24,6.9,14.93,21.83,1422.04,45.2,7.54,1422.04,45.2,9.07,36.37,42.69,0.94,80.01,0.134,False,False
1780909329.335389,archive_flood_airfield_274c83,archive_flood_airfield_274c83.mp4,1359,50.0,640,480,combined,detect_combined,Flooded,deeplabv3plus,True,False,0,tensorrt,tensorrt,tensorrt,25.19,25.19,39.24,39.7,13.09,14.63,27.72,1422.04,44.9,7.85,1422.04,44.9,9.07,36.37,42.69,0.94,80.01,0.2133,False,False
1780909329.4180024,archive_flood_airfield_274c83,archive_flood_airfield_274c83.mp4,1360,50.0,640,480,combined,detect_combined,Flooded,deeplabv3plus,False,False,0,tensorrt,tensorrt,tensorrt,22.48,22.48,44.11,44.48,6.82,12.88,19.700000000000003,1422.04,27.1,7.85,1422.04,27.1,9.07,36.37,42.69,0.94,80.01,0.2835,False,False
1780909329.51356,archive_flood_airfield_274c83,archive_flood_airfield_274c83.mp4,1361,50.0,640,480,combined,detect_combined,Flooded,deeplabv3plus,False,False,0,tensorrt,tensorrt,tensorrt,18.96,18.96,52.35,52.75,14.93,24.31,39.239999999999995,1422.04,28.1,7.85,1422.04,28.1,9.07,36.37,42.69,0.94,80.01,0.3241,False,False
1780909329.6034355,archive_flood_airfield_274c83,archive_flood_airfield_274c83.mp4,1362,50.0,640,480,combined,detect_combined,Flooded,deeplabv3plus,False,False,0,tensorrt,tensorrt,tensorrt,20.9,20.9,47.47,47.84,7.08,20.16,27.240000000000002,1422.04,24.5,7.85,1422.04,24.5,9.07,36.37,42.69,0.94,80.01,0.3179,False,False
1780909329.6970024,archive_flood_airfield_274c83,archive_flood_airfield_274c83.mp4,1363,50.0,640,480,combined,detect_combined,Non-Flooded,resnet18,True,False,0,tensorrt,tensorrt,tensorrt,22.26,22.26,44.46,44.93,9.69,22.27,31.96,1422.04,27.8,7.85,1422.04,27.8,9.07,36.37,42.69,0.94,80.01,0.195,False,False
1780909329.7871606,archive_flood_airfield_274c83,archive_flood_airfield_274c83.mp4,1364,50.0,640,480,combined,detect_combined,Flooded,deeplabv3plus,True,False,0,tensorrt,tensorrt,tensorrt,20.34,20.34,48.7,49.16,9.57,13.96,23.53,1422.04,25.5,7.85,1422.04,25.5,9.07,36.37,42.69,0.94,80.01,0.2539,False,False
1780909329.8804224,archive_flood_airfield_274c83,archive_flood_airfield_274c83.mp4,1365,50.0,640,480,combined,detect_combined,Flooded,deeplabv3plus,False,False,0,tensorrt,tensorrt,tensorrt,19.3,19.3,51.4,51.82,14.88,24.29,39.17,1422.04,23.6,7.85,1422.04,23.6,9.07,36.37,42.69,0.94,80.01,0.2888,False,False
1780909329.9672923,archive_flood_airfield_274c83,archive_flood_airfield_274c83.mp4,1366,50.0,640,480,combined,detect_combined,Flooded,deeplabv3plus,False,False,0,tensorrt,tensorrt,tensorrt,21.72,21.72,45.73,46.03,6.23,20.87,27.1,1422.04,26.0,7.54,1422.04,26.0,9.07,36.37,42.69,0.94,80.01,0.2383,False,False
1780909330.0507812,archive_flood_airfield_274c83,archive_flood_airfield_274c83.mp4,1367,50.0,640,480,combined,detect_combined,Flooded,deeplabv3plus,False,False,0,tensorrt,tensorrt,tensorrt,22.48,22.48,44.15,44.49,6.76,18.57,25.33,1422.04,42.9,7.54,1422.04,42.9,9.07,36.37,42.69,0.94,80.01,0.2614,False,False
1780909330.1329176,archive_flood_airfield_274c83,archive_flood_airfield_274c83.mp4,1368,50.0,640,480,combined,detect_combined,Flooded,deeplabv3plus,False,False,0,tensorrt,tensorrt,tensorrt,21.78,21.78,45.47,45.91,9.72,12.02,21.740000000000002,1422.04,44.7,7.54,1422.04,44.7,9.07,36.37,42.69,0.94,80.01,0.2217,False,False
1780909330.2108319,archive_flood_airfield_274c83,archive_flood_airfield_274c83.mp4,1369,50.0,640,480,combined,detect_combined,Non-Flooded,resnet18,True,False,0,tensorrt,tensorrt,tensorrt,26.62,26.62,37.18,37.57,6.74,19.48,26.22,1422.04,45.7,7.54,1422.04,45.7,9.07,36.37,42.69,0.94,80.01,0.1791,False,False
1780909330.2915232,archive_flood_airfield_274c83,archive_flood_airfield_274c83.mp4,1370,50.0,640,480,combined,detect_combined,Non-Flooded,resnet18,False,False,0,tensorrt,tensorrt,tensorrt,20.14,20.14,49.23,49.64,14.9,21.79,36.69,1422.04,56.3,7.54,1422.04,56.3,9.07,36.37,42.69,0.94,80.01,0.1627,False,False
1780909330.3712466,archive_flood_airfield_274c83,archive_flood_airfield_274c83.mp4,1371,50.0,640,480,combined,detect_combined,Non-Flooded,resnet18,False,False,0,tensorrt,tensorrt,tensorrt,20.95,20.95,47.23,47.74,8.09,15.74,23.83,1422.04,65.2,7.54,1422.04,65.2,9.07,36.37,42.69,0.94,80.01,0.1998,False,False
1780909330.4444406,archive_flood_airfield_274c83,archive_flood_airfield_274c83.mp4,1372,50.0,640,480,combined,detect_combined,Non-Flooded,resnet18,False,False,0,tensorrt,tensorrt,tensorrt,24.12,24.12,41.03,41.45,5.56,23.7,29.259999999999998,1422.04,54.3,7.54,1422.04,54.3,9.07,36.37,42.69,0.94,80.01,0.1666,False,False
1780909330.5202796,archive_flood_airfield_274c83,archive_flood_airfield_274c83.mp4,1373,50.0,640,480,combined,detect_combined,Flooded,deeplabv3plus,True,False,0,tensorrt,tensorrt,tensorrt,22.43,22.43,44.15,44.59,12.69,13.61,26.299999999999997,1422.04,44.2,8.76,1422.04,44.2,9.07,36.37,42.69,0.94,80.01,0.2017,False,False
1780909330.6016488,archive_flood_airfield_274c83,archive_flood_airfield_274c83.mp4,1374,50.0,640,480,combined,detect_combined,Non-Flooded,resnet18,True,False,0,tensorrt,tensorrt,tensorrt,21.2,21.2,46.74,47.18,5.81,19.33,25.139999999999997,1422.04,42.9,8.76,1422.04,42.9,9.07,36.37,42.69,0.94,80.01,0.199,False,False
1780909330.667611,archive_flood_airfield_274c83,archive_flood_airfield_274c83.mp4,1375,50.0,640,480,combined,detect_combined,Non-Flooded,resnet18,False,False,0,tensorrt,tensorrt,tensorrt,26.21,26.21,37.82,38.16,6.52,11.58,18.1,1422.04,39.5,8.76,1422.04,39.5,9.07,36.37,42.69,0.94,80.01,0.1645,False,False
1780909330.7613962,archive_flood_airfield_274c83,archive_flood_airfield_274c83.mp4,1376,50.0,640,480,combined,detect_combined,Non-Flooded,resnet18,False,False,0,tensorrt,tensorrt,tensorrt,18.74,18.74,52.97,53.35,14.34,24.48,38.82,1422.04,28.1,8.76,1422.04,28.1,9.07,36.37,42.69,0.94,80.01,0.1732,False,False
1780909330.8441231,archive_flood_airfield_274c83,archive_flood_airfield_274c83.mp4,1377,50.0,640,480,combined,detect_combined,Non-Flooded,resnet18,False,False,0,tensorrt,tensorrt,tensorrt,21.86,21.86,45.4,45.76,7.66,23.16,30.82,1422.04,23.9,8.76,1422.04,23.9,9.07,36.37,42.69,0.94,80.01,0.1572,False,False
1780909330.9310577,archive_flood_airfield_274c83,archive_flood_airfield_274c83.mp4,1378,50.0,640,480,combined,detect_combined,Non-Flooded,resnet18,False,False,0,tensorrt,tensorrt,tensorrt,21.05,21.05,47.14,47.49,9.71,12.81,22.520000000000003,1422.04,28.8,8.76,1422.04,28.8,9.07,36.37,42.69,0.94,80.01,0.1694,False,False
1780909331.0243793,archive_flood_airfield_274c83,archive_flood_airfield_274c83.mp4,1379,50.0,640,480,combined,detect_combined,Non-Flooded,resnet18,False,False,0,tensorrt,tensorrt,tensorrt,20.1,20.1,49.36,49.75,15.15,20.12,35.27,1422.04,26.8,8.76,1422.04,26.8,9.07,36.37,42.69,0.94,80.01,0.1754,False,False
1780909331.11576,archive_flood_airfield_274c83,archive_flood_airfield_274c83.mp4,1380,50.0,640,480,combined,detect_combined,Non-Flooded,resnet18,False,False,0,tensorrt,tensorrt,tensorrt,20.66,20.66,48.03,48.4,6.35,22.32,28.67,1422.04,41.8,7.85,1422.04,41.8,9.07,36.37,42.69,0.94,80.01,0.1838,False,False
1780909331.201786,archive_flood_airfield_274c83,archive_flood_airfield_274c83.mp4,1381,50.0,640,480,combined,detect_combined,Flooded,deeplabv3plus,True,False,0,tensorrt,tensorrt,tensorrt,21.41,21.41,46.29,46.71,14.26,14.04,28.299999999999997,1422.04,36.7,7.85,1422.04,36.7,9.07,36.37,42.69,0.94,80.01,0.2077,False,False
1780909331.2818477,archive_flood_airfield_274c83,archive_flood_airfield_274c83.mp4,1382,50.0,640,480,combined,detect_combined,Flooded,deeplabv3plus,False,False,0,tensorrt,tensorrt,tensorrt,22.07,22.07,44.94,45.32,6.16,17.91,24.07,1422.04,23.9,7.85,1422.04,23.9,9.07,36.37,42.69,0.94,80.01,0.2156,False,False
1780909331.3663023,archive_flood_airfield_274c83,archive_flood_airfield_274c83.mp4,1383,50.0,640,480,combined,detect_combined,Flooded,deeplabv3plus,False,False,0,tensorrt,tensorrt,tensorrt,21.45,21.45,46.06,46.62,7.24,18.02,25.259999999999998,1422.04,30.0,7.85,1422.04,30.0,9.07,36.37,42.69,0.94,80.01,0.2288,False,False
1780909331.4498575,archive_flood_airfield_274c83,archive_flood_airfield_274c83.mp4,1384,50.0,640,480,combined,detect_combined,Flooded,deeplabv3plus,False,False,0,tensorrt,tensorrt,tensorrt,24.12,24.12,41.0,41.45,7.39,15.52,22.91,1422.04,32.0,7.85,1422.04,32.0,9.07,36.37,42.69,0.94,80.01,0.2399,False,False
1780909331.529686,archive_flood_airfield_274c83,archive_flood_airfield_274c83.mp4,1385,50.0,640,480,combined,detect_combined,Flooded,deeplabv3plus,False,False,0,tensorrt,tensorrt,tensorrt,25.89,25.89,38.28,38.63,7.01,13.8,20.810000000000002,1422.04,26.1,7.85,1422.04,26.1,9.07,36.37,42.69,0.94,80.01,0.2652,False,False
1780909331.6227152,archive_flood_airfield_274c83,archive_flood_airfield_274c83.mp4,1386,50.0,640,480,combined,detect_combined,Non-Flooded,resnet18,True,False,0,tensorrt,tensorrt,tensorrt,20.06,20.06,49.4,49.85,15.36,21.98,37.34,1422.04,45.6,7.85,1422.04,45.6,9.07,36.37,42.69,0.94,80.01,0.1794,False,False
1780909331.699529,archive_flood_airfield_274c83,archive_flood_airfield_274c83.mp4,1387,50.0,640,480,combined,detect_combined,Flooded,deeplabv3plus,True,False,0,tensorrt,tensorrt,tensorrt,22.41,22.41,44.17,44.62,6.9,13.04,19.939999999999998,1422.04,46.3,7.69,1422.04,46.3,9.07,36.37,42.69,0.94,80.01,0.2375,False,False
1780909331.767719,archive_flood_airfield_274c83,archive_flood_airfield_274c83.mp4,1388,50.0,640,480,combined,detect_combined,Flooded,deeplabv3plus,False,False,0,tensorrt,tensorrt,tensorrt,26.01,26.01,38.09,38.44,6.67,12.35,19.02,1422.04,53.8,7.69,1422.04,53.8,9.07,36.37,42.69,0.94,80.01,0.2188,False,False
1780909331.8443418,archive_flood_airfield_274c83,archive_flood_airfield_274c83.mp4,1389,50.0,640,480,combined,detect_combined,Flooded,deeplabv3plus,False,False,0,tensorrt,tensorrt,tensorrt,24.34,24.34,40.74,41.09,8.51,19.67,28.18,1422.04,50.0,7.69,1422.04,50.0,9.07,36.37,42.69,0.94,80.01,0.2319,False,False
1780909331.9234562,archive_flood_airfield_274c83,archive_flood_airfield_274c83.mp4,1390,50.0,640,480,combined,detect_combined,Flooded,deeplabv3plus,False,False,0,tensorrt,tensorrt,tensorrt,22.62,22.62,43.84,44.21,9.71,21.66,31.37,1422.04,46.7,7.69,1422.04,46.7,9.07,36.37,42.69,0.94,80.01,0.2265,False,False
1780909331.9857144,archive_flood_airfield_274c83,archive_flood_airfield_274c83.mp4,1391,50.0,640,480,combined,detect_combined,Flooded,deeplabv3plus,False,False,0,tensorrt,tensorrt,tensorrt,30.84,30.84,32.0,32.43,6.22,12.67,18.89,1422.04,45.7,7.69,1422.04,45.7,9.07,36.37,42.69,0.94,80.01,0.2382,False,False
1780909332.0599475,archive_flood_airfield_274c83,archive_flood_airfield_274c83.mp4,1392,50.0,640,480,combined,detect_combined,Flooded,deeplabv3plus,False,False,0,tensorrt,tensorrt,tensorrt,24.49,24.49,40.48,40.83,8.56,18.45,27.009999999999998,1422.04,33.3,7.69,1422.04,33.3,9.07,36.37,42.69,0.94,80.01,0.2025,False,False
1780909332.1476154,archive_flood_airfield_274c83,archive_flood_airfield_274c83.mp4,1393,50.0,640,480,combined,detect_combined,Non-Flooded,resnet18,True,False,0,tensorrt,tensorrt,tensorrt,19.97,19.97,49.62,50.07,10.24,13.72,23.96,1422.04,26.9,7.69,1422.04,26.9,9.07,36.37,42.69,0.94,80.01,0.1442,False,False
1780909332.229718,archive_flood_airfield_274c83,archive_flood_airfield_274c83.mp4,1394,50.0,640,480,combined,detect_combined,Non-Flooded,resnet18,False,False,0,tensorrt,tensorrt,tensorrt,22.77,22.77,43.54,43.92,6.86,16.49,23.349999999999998,1422.04,27.7,7.69,1422.04,27.7,9.07,36.37,42.69,0.94,80.01,0.1922,False,False
1780909332.3143086,archive_flood_airfield_274c83,archive_flood_airfield_274c83.mp4,1395,50.0,640,480,combined,detect_combined,Non-Flooded,resnet18,False,False,0,tensorrt,tensorrt,tensorrt,20.84,20.84,47.55,48.0,7.18,18.86,26.04,1422.04,34.0,7.85,1422.04,34.0,9.07,36.37,42.69,0.94,80.01,0.0843,False,False
1780909332.4105055,archive_flood_airfield_274c83,archive_flood_airfield_274c83.mp4,1396,50.0,640,480,combined,detect_combined,Non-Flooded,resnet18,False,False,0,tensorrt,tensorrt,tensorrt,19.43,19.43,51.02,51.46,12.32,23.66,35.980000000000004,1422.04,24.1,7.85,1422.04,24.1,9.07,36.37,42.69,0.94,80.01,0.148,False,False
1780909332.5070138,archive_flood_airfield_274c83,archive_flood_airfield_274c83.mp4,1397,50.0,640,480,combined,detect_combined,Non-Flooded,resnet18,False,False,0,tensorrt,tensorrt,tensorrt,20.12,20.12,49.31,49.7,11.77,23.84,35.61,1422.04,25.0,7.85,1422.04,25.0,9.07,36.37,42.69,0.94,80.01,0.1191,False,False
1780909332.6048613,archive_flood_airfield_274c83,archive_flood_airfield_274c83.mp4,1398,50.0,640,480,combined,detect_combined,Non-Flooded,resnet18,False,False,0,tensorrt,tensorrt,tensorrt,19.18,19.18,51.77,52.14,15.2,21.36,36.56,1422.04,26.8,7.85,1422.04,26.8,9.07,36.37,42.69,0.94,80.01,0.1894,False,False
1780909332.694081,archive_flood_airfield_274c83,archive_flood_airfield_274c83.mp4,1399,50.0,640,480,combined,detect_combined,Non-Flooded,resnet18,False,False,0,tensorrt,tensorrt,tensorrt,21.42,21.42,46.27,46.68,7.67,13.08,20.75,1422.04,28.3,7.85,1422.04,28.3,9.07,36.37,42.69,0.94,80.01,0.1863,False,False
1780909332.78734,archive_flood_airfield_274c83,archive_flood_airfield_274c83.mp4,1400,50.0,640,480,combined,detect_combined,Non-Flooded,resnet18,False,False,0,tensorrt,tensorrt,tensorrt,21.46,21.46,46.22,46.6,12.23,22.37,34.6,1422.04,28.6,7.85,1422.04,28.6,9.07,36.37,42.69,0.94,80.01,0.1755,False,False
1780909332.8881528,archive_flood_airfield_274c83,archive_flood_airfield_274c83.mp4,1401,50.0,640,480,combined,detect_combined,Flooded,deeplabv3plus,True,False,0,tensorrt,tensorrt,tensorrt,16.3,16.3,60.92,61.35,8.75,29.11,37.86,1422.04,53.3,7.54,1422.04,53.3,9.07,36.37,42.69,0.94,80.01,0.3354,False,False
1780909332.9629145,archive_flood_airfield_274c83,archive_flood_airfield_274c83.mp4,1402,50.0,640,480,combined,detect_combined,Flooded,deeplabv3plus,False,False,0,tensorrt,tensorrt,tensorrt,22.98,22.98,43.2,43.52,6.14,11.72,17.86,1422.04,43.9,7.54,1422.04,43.9,9.07,36.37,42.69,0.94,80.01,0.3102,False,False
1780909333.0378234,archive_flood_airfield_274c83,archive_flood_airfield_274c83.mp4,1403,50.0,640,480,combined,detect_combined,Flooded,deeplabv3plus,False,False,0,tensorrt,tensorrt,tensorrt,22.53,22.53,44.04,44.38,6.66,25.41,32.07,1422.04,44.4,7.54,1422.04,44.4,9.07,36.37,42.69,0.94,80.01,0.3874,False,False
1780909333.1093724,archive_flood_airfield_274c83,archive_flood_airfield_274c83.mp4,1404,50.0,640,480,combined,detect_combined,Flooded,deeplabv3plus,False,False,0,tensorrt,tensorrt,tensorrt,23.48,23.48,42.28,42.58,6.23,11.7,17.93,1422.04,43.2,7.54,1422.04,43.2,9.07,36.37,42.69,0.94,80.01,0.3211,False,False
1780909333.1821775,archive_flood_airfield_274c83,archive_flood_airfield_274c83.mp4,1405,50.0,640,480,combined,detect_combined,Flooded,deeplabv3plus,False,False,0,tensorrt,tensorrt,tensorrt,23.55,23.55,42.16,42.47,6.28,11.89,18.17,1422.04,47.7,7.54,1422.04,47.7,9.07,36.37,42.69,0.94,80.01,0.2491,False,False
1780909333.2562845,archive_flood_airfield_274c83,archive_flood_airfield_274c83.mp4,1406,50.0,640,480,combined,detect_combined,Flooded,deeplabv3plus,False,False,0,tensorrt,tensorrt,tensorrt,23.71,23.71,41.59,42.18,6.51,12.4,18.91,1422.04,27.3,7.54,1422.04,27.3,9.07,36.37,42.69,0.94,80.01,0.2618,False,False
1780909333.3282838,archive_flood_airfield_274c83,archive_flood_airfield_274c83.mp4,1407,50.0,640,480,combined,detect_combined,Flooded,deeplabv3plus,False,False,0,tensorrt,tensorrt,tensorrt,25.81,25.81,38.36,38.74,7.03,14.28,21.31,1422.03,29.3,7.54,1422.03,29.3,9.07,36.37,42.69,0.94,80.01,0.2403,False,False
1780909333.4167852,archive_flood_airfield_274c83,archive_flood_airfield_274c83.mp4,1408,50.0,640,480,combined,detect_combined,Flooded,deeplabv3plus,False,False,0,tensorrt,tensorrt,tensorrt,20.06,20.06,49.42,49.85,14.32,16.47,30.79,1422.03,28.3,8.0,1422.03,28.3,9.07,36.37,42.69,0.94,80.01,0.2427,False,False
1780909333.5071886,archive_flood_airfield_274c83,archive_flood_airfield_274c83.mp4,1409,50.0,640,480,combined,detect_combined,Flooded,deeplabv3plus,False,False,0,tensorrt,tensorrt,tensorrt,20.92,20.92,47.25,47.8,8.82,23.97,32.79,1422.03,25.0,8.0,1422.03,25.0,9.07,36.37,42.69,0.94,80.01,0.3359,False,False
1780909333.6066325,archive_flood_airfield_274c83,archive_flood_airfield_274c83.mp4,1410,50.0,640,480,combined,detect_combined,Flooded,deeplabv3plus,False,False,0,tensorrt,tensorrt,tensorrt,19.69,19.69,50.39,50.78,11.7,24.12,35.82,1422.03,27.6,8.0,1422.03,27.6,9.07,36.37,42.69,0.94,80.01,0.3316,False,False
1780909333.7057357,archive_flood_airfield_274c83,archive_flood_airfield_274c83.mp4,1411,50.0,640,480,combined,detect_combined,Flooded,deeplabv3plus,False,False,0,tensorrt,tensorrt,tensorrt,21.03,21.03,47.16,47.56,8.35,23.96,32.31,1422.03,32.2,8.0,1422.03,32.2,9.07,36.37,42.69,0.94,80.01,0.2852,False,False
1780909333.802372,archive_flood_airfield_274c83,archive_flood_airfield_274c83.mp4,1412,50.0,640,480,combined,detect_combined,Flooded,deeplabv3plus,False,False,0,tensorrt,tensorrt,tensorrt,21.24,21.24,46.71,47.07,10.6,22.45,33.05,1422.03,25.5,8.0,1422.03,25.5,9.07,36.37,42.69,0.94,80.01,0.3253,False,False
1780909333.90648,archive_flood_airfield_274c83,archive_flood_airfield_274c83.mp4,1413,50.0,640,480,combined,detect_combined,Flooded,deeplabv3plus,False,False,0,tensorrt,tensorrt,tensorrt,17.15,17.15,57.91,58.29,14.72,25.56,40.28,1422.03,27.9,8.0,1422.03,27.9,9.07,36.37,42.69,0.94,80.01,0.3962,False,False
1780909333.99591,archive_flood_airfield_274c83,archive_flood_airfield_274c83.mp4,1414,50.0,640,480,combined,detect_combined,Flooded,deeplabv3plus,False,False,0,tensorrt,tensorrt,tensorrt,22.31,22.31,44.42,44.83,8.0,15.48,23.48,1422.03,25.5,7.54,1422.03,25.5,9.07,36.37,42.69,0.94,80.01,0.3788,False,False
1780909334.0767832,archive_flood_airfield_274c83,archive_flood_airfield_274c83.mp4,1415,50.0,640,480,combined,detect_combined,Flooded,deeplabv3plus,False,False,0,tensorrt,tensorrt,tensorrt,24.32,24.32,40.6,41.11,7.76,15.1,22.86,1422.03,23.9,7.54,1422.03,23.9,9.07,36.37,42.69,0.94,80.01,0.3893,False,False
1780909334.1576772,archive_flood_airfield_274c83,archive_flood_airfield_274c83.mp4,1416,50.0,640,480,combined,detect_combined,Flooded,deeplabv3plus,False,False,0,tensorrt,tensorrt,tensorrt,21.9,21.9,45.27,45.65,6.57,13.27,19.84,1422.03,26.5,7.54,1422.03,26.5,9.07,36.37,42.69,0.94,80.01,0.3853,False,False
1780909334.241635,archive_flood_airfield_274c83,archive_flood_airfield_274c83.mp4,1417,50.0,640,480,combined,detect_combined,Flooded,deeplabv3plus,False,False,0,tensorrt,tensorrt,tensorrt,22.58,22.58,43.97,44.29,6.23,13.12,19.35,1422.03,44.0,7.54,1422.03,44.0,9.07,36.37,42.69,0.94,80.01,0.4105,False,False
1780909334.3145154,archive_flood_airfield_274c83,archive_flood_airfield_274c83.mp4,1418,50.0,640,480,combined,detect_combined,Flooded,deeplabv3plus,False,False,0,tensorrt,tensorrt,tensorrt,20.91,20.91,47.49,47.83,5.86,12.4,18.26,1422.03,47.7,7.54,1422.03,47.7,9.07,36.37,42.69,0.94,80.01,0.4301,False,False
1780909334.3998437,archive_flood_airfield_274c83,archive_flood_airfield_274c83.mp4,1419,50.0,640,480,combined,detect_combined,Flooded,deeplabv3plus,False,False,0,tensorrt,tensorrt,tensorrt,19.94,19.94,49.81,50.16,14.83,23.28,38.11,1422.03,42.6,7.54,1422.03,42.6,9.07,36.37,42.69,0.94,80.01,0.4067,False,False
1780909334.4791868,archive_flood_airfield_274c83,archive_flood_airfield_274c83.mp4,1420,50.0,640,480,combined,detect_combined,Flooded,deeplabv3plus,False,False,0,tensorrt,tensorrt,tensorrt,20.86,20.86,47.44,47.93,14.27,14.65,28.92,1422.03,40.9,7.54,1422.03,40.9,9.07,36.37,42.69,0.94,80.01,0.434,False,False
1780909334.570379,archive_flood_airfield_274c83,archive_flood_airfield_274c83.mp4,1421,50.0,640,480,combined,detect_combined,Flooded,deeplabv3plus,False,False,0,tensorrt,tensorrt,tensorrt,19.16,19.16,51.76,52.19,12.13,24.76,36.89,1422.03,42.3,7.54,1422.03,42.3,9.07,36.37,42.69,0.94,80.01,0.4352,False,False
1780909334.6714597,archive_flood_airfield_274c83,archive_flood_airfield_274c83.mp4,1422,50.0,640,480,combined,detect_combined,Flooded,deeplabv3plus,False,False,0,tensorrt,tensorrt,tensorrt,18.17,18.17,54.63,55.04,14.47,25.1,39.57,1422.03,26.2,8.15,1422.03,26.2,9.07,36.37,42.69,0.94,80.01,0.3163,False,False
1780909334.7748938,archive_flood_airfield_274c83,archive_flood_airfield_274c83.mp4,1423,50.0,640,480,combined,detect_combined,Flooded,deeplabv3plus,False,False,0,tensorrt,tensorrt,tensorrt,19.91,19.91,49.79,50.21,7.14,15.26,22.4,1422.03,26.2,8.15,1422.03,26.2,9.07,36.37,42.69,0.94,80.01,0.3426,False,False
1780909334.8745515,archive_flood_airfield_274c83,archive_flood_airfield_274c83.mp4,1424,50.0,640,480,combined,detect_combined,Flooded,deeplabv3plus,False,False,0,tensorrt,tensorrt,tensorrt,20.21,20.21,49.06,49.48,12.29,15.27,27.56,1422.03,27.1,8.15,1422.03,27.1,9.07,36.37,42.69,0.94,80.01,0.3323,False,False
1780909334.9710197,archive_flood_airfield_274c83,archive_flood_airfield_274c83.mp4,1425,50.0,640,480,combined,detect_combined,Flooded,deeplabv3plus,False,False,0,tensorrt,tensorrt,tensorrt,21.8,21.8,45.5,45.87,9.21,16.97,26.18,1422.03,26.3,8.15,1422.03,26.3,9.07,36.37,42.69,0.94,80.01,0.3681,False,False
1780909335.056593,archive_flood_airfield_274c83,archive_flood_airfield_274c83.mp4,1426,50.0,640,480,combined,detect_combined,Flooded,deeplabv3plus,False,False,0,tensorrt,tensorrt,tensorrt,22.35,22.35,44.37,44.74,6.33,16.69,23.020000000000003,1422.03,43.4,8.15,1422.03,43.4,9.07,36.37,42.69,0.94,80.01,0.3413,False,False
1780909335.152963,archive_flood_airfield_274c83,archive_flood_airfield_274c83.mp4,1427,50.0,640,480,combined,detect_combined,Flooded,deeplabv3plus,False,False,0,tensorrt,tensorrt,tensorrt,20.51,20.51,48.34,48.76,9.18,24.2,33.379999999999995,1422.03,25.5,8.15,1422.03,25.5,9.07,36.37,42.69,0.94,80.01,0.2991,False,False
1780909335.2527974,archive_flood_airfield_274c83,archive_flood_airfield_274c83.mp4,1428,50.0,640,480,combined,detect_combined,Flooded,deeplabv3plus,False,False,0,tensorrt,tensorrt,tensorrt,20.06,20.06,49.41,49.85,11.65,22.66,34.31,1422.03,25.9,7.69,1422.03,25.9,9.07,36.37,42.69,0.94,80.01,0.283,False,False
1780909335.3770182,archive_flood_airfield_274c83,archive_flood_airfield_274c83.mp4,1429,50.0,640,480,combined,detect_combined,Flooded,deeplabv3plus,False,False,0,tensorrt,tensorrt,tensorrt,14.7,14.7,67.62,68.04,24.01,20.15,44.16,1422.03,32.9,7.69,1422.03,32.9,9.07,36.37,42.69,0.94,80.01,0.3035,False,False
1780909335.4690118,archive_flood_airfield_274c83,archive_flood_airfield_274c83.mp4,1430,50.0,640,480,combined,detect_combined,Flooded,deeplabv3plus,False,False,0,tensorrt,tensorrt,tensorrt,21.18,21.18,46.79,47.2,8.1,23.9,32.0,1422.03,35.7,7.69,1422.03,35.7,9.07,36.37,42.69,0.94,80.01,0.3425,False,False
1780909335.5665722,archive_flood_airfield_274c83,archive_flood_airfield_274c83.mp4,1431,50.0,640,480,combined,detect_combined,Flooded,deeplabv3plus,False,False,0,tensorrt,tensorrt,tensorrt,18.91,18.91,52.45,52.88,11.85,25.84,37.69,1422.03,27.8,7.69,1422.03,27.8,9.07,36.37,42.69,0.94,80.01,0.3138,False,False
1780909335.653751,archive_flood_airfield_274c83,archive_flood_airfield_274c83.mp4,1432,50.0,640,480,combined,detect_combined,Flooded,deeplabv3plus,False,False,0,tensorrt,tensorrt,tensorrt,22.24,22.24,44.52,44.96,8.01,18.55,26.560000000000002,1422.03,50.0,7.69,1422.03,50.0,9.07,36.37,42.69,0.94,80.01,0.2974,False,False
1780909335.738576,archive_flood_airfield_274c83,archive_flood_airfield_274c83.mp4,1433,50.0,640,480,combined,detect_combined,Flooded,deeplabv3plus,False,False,0,tensorrt,tensorrt,tensorrt,20.37,20.37,48.67,49.09,7.15,14.76,21.91,1422.03,43.1,7.69,1422.03,43.1,9.07,36.37,42.69,0.94,80.01,0.225,False,False
1780909335.824438,archive_flood_airfield_274c83,archive_flood_airfield_274c83.mp4,1434,50.0,640,480,combined,detect_combined,Non-Flooded,resnet18,True,False,0,tensorrt,tensorrt,tensorrt,22.64,22.64,43.63,44.17,6.62,12.11,18.73,1422.03,46.2,7.69,1422.03,46.2,9.07,36.37,42.69,0.94,80.01,0.196,False,False
1780909335.916975,archive_flood_airfield_274c83,archive_flood_airfield_274c83.mp4,1435,50.0,640,480,combined,detect_combined,Non-Flooded,resnet18,False,False,0,tensorrt,tensorrt,tensorrt,19.52,19.52,50.81,51.23,11.0,25.06,36.06,1422.03,43.6,7.69,1422.03,43.6,9.07,36.37,42.69,0.94,80.01,0.1818,False,False
1780909336.012427,archive_flood_airfield_274c83,archive_flood_airfield_274c83.mp4,1436,50.0,640,480,combined,detect_combined,Non-Flooded,resnet18,False,False,0,tensorrt,tensorrt,tensorrt,20.25,20.25,49.02,49.38,13.52,23.73,37.25,1422.03,37.5,7.69,1422.03,37.5,9.07,36.37,42.69,0.94,80.01,0.1952,False,False
1780909336.097677,archive_flood_airfield_274c83,archive_flood_airfield_274c83.mp4,1437,50.0,640,480,combined,detect_combined,Flooded,deeplabv3plus,True,False,0,tensorrt,tensorrt,tensorrt,19.91,19.91,49.83,50.23,12.17,23.83,36.0,1422.03,43.1,7.69,1422.03,43.1,9.07,36.37,42.69,0.94,80.01,0.2565,False,False
1780909336.1777706,archive_flood_airfield_274c83,archive_flood_airfield_274c83.mp4,1438,50.0,640,480,combined,detect_combined,Flooded,deeplabv3plus,False,False,0,tensorrt,tensorrt,tensorrt,22.04,22.04,45.01,45.37,10.48,23.05,33.53,1422.03,53.2,7.69,1422.03,53.2,9.07,36.37,42.69,0.94,80.01,0.2688,False,False
1780909336.255841,archive_flood_airfield_274c83,archive_flood_airfield_274c83.mp4,1439,50.0,640,480,combined,detect_combined,Flooded,deeplabv3plus,False,False,0,tensorrt,tensorrt,tensorrt,22.04,22.04,45.04,45.37,13.6,13.41,27.009999999999998,1422.03,46.0,7.69,1422.03,46.0,9.07,36.37,42.69,0.94,80.01,0.3129,False,False
1780909336.3295505,archive_flood_airfield_274c83,archive_flood_airfield_274c83.mp4,1440,50.0,640,480,combined,detect_combined,Flooded,deeplabv3plus,False,False,0,tensorrt,tensorrt,tensorrt,22.96,22.96,43.2,43.55,9.67,11.72,21.39,1422.03,26.2,8.3,1422.03,26.2,9.07,36.37,42.69,0.94,80.01,0.2528,False,False
1780909336.42068,archive_flood_airfield_274c83,archive_flood_airfield_274c83.mp4,1441,50.0,640,480,combined,detect_combined,Flooded,deeplabv3plus,False,False,0,tensorrt,tensorrt,tensorrt,18.79,18.79,52.6,53.23,9.67,23.2,32.87,1422.03,30.9,8.3,1422.03,30.9,9.07,36.37,42.69,0.94,80.01,0.2319,False,False
1780909336.5002453,archive_flood_airfield_274c83,archive_flood_airfield_274c83.mp4,1442,50.0,640,480,combined,detect_combined,Flooded,deeplabv3plus,False,False,0,tensorrt,tensorrt,tensorrt,22.56,22.56,43.99,44.32,7.11,12.99,20.1,1422.03,29.2,8.3,1422.03,29.2,9.07,36.37,42.69,0.94,80.01,0.2675,False,False
1780909336.5865488,archive_flood_airfield_274c83,archive_flood_airfield_274c83.mp4,1443,50.0,640,480,combined,detect_combined,Flooded,deeplabv3plus,False,False,0,tensorrt,tensorrt,tensorrt,21.89,21.89,45.31,45.68,7.0,17.21,24.21,1422.03,28.3,8.3,1422.03,28.3,9.07,36.37,42.69,0.94,80.01,0.2905,False,False
1780909336.665122,archive_flood_airfield_274c83,archive_flood_airfield_274c83.mp4,1444,50.0,640,480,combined,detect_combined,Flooded,deeplabv3plus,False,False,0,tensorrt,tensorrt,tensorrt,24.41,24.41,40.62,40.97,5.87,11.92,17.79,1422.03,30.4,8.3,1422.03,30.4,9.07,36.37,42.69,0.94,80.01,0.3063,False,False
1780909336.738732,archive_flood_airfield_274c83,archive_flood_airfield_274c83.mp4,1445,50.0,640,480,combined,detect_combined,Flooded,deeplabv3plus,False,False,0,tensorrt,tensorrt,tensorrt,25.61,25.61,38.68,39.04,6.19,13.1,19.29,1422.03,28.6,8.3,1422.03,28.6,9.07,36.37,42.69,0.94,80.01,0.3212,False,False
1780909336.8216326,archive_flood_airfield_274c83,archive_flood_airfield_274c83.mp4,1446,50.0,640,480,combined,detect_combined,Flooded,deeplabv3plus,False,False,0,tensorrt,tensorrt,tensorrt,21.82,21.82,45.45,45.84,7.13,13.65,20.78,1422.03,29.4,8.3,1422.03,29.4,9.07,36.37,42.69,0.94,80.01,0.3162,False,False
1780909336.911075,archive_flood_airfield_274c83,archive_flood_airfield_274c83.mp4,1447,50.0,640,480,combined,detect_combined,Flooded,deeplabv3plus,False,False,0,tensorrt,tensorrt,tensorrt,20.69,20.69,47.93,48.34,12.07,22.41,34.480000000000004,1422.03,38.0,7.69,1422.03,38.0,9.07,36.37,42.69,0.94,80.01,0.2693,False,False
1780909336.9922657,archive_flood_airfield_274c83,archive_flood_airfield_274c83.mp4,1448,50.0,640,480,combined,detect_combined,Flooded,deeplabv3plus,False,False,0,tensorrt,tensorrt,tensorrt,22.29,22.29,44.54,44.87,10.76,22.32,33.08,1422.03,44.9,7.69,1422.03,44.9,9.07,36.37,42.69,0.94,80.01,0.2482,False,False
1780909337.0764964,archive_flood_airfield_274c83,archive_flood_airfield_274c83.mp4,1449,50.0,640,480,combined,detect_combined,Flooded,deeplabv3plus,False,False,0,tensorrt,tensorrt,tensorrt,20.76,20.76,47.71,48.16,11.86,24.0,35.86,1422.03,45.1,7.69,1422.03,45.1,9.07,36.37,42.69,0.94,80.01,0.2256,False,False
1780909337.1585343,archive_flood_airfield_274c83,archive_flood_airfield_274c83.mp4,1450,50.0,640,480,combined,detect_combined,Flooded,deeplabv3plus,False,False,0,tensorrt,tensorrt,tensorrt,21.55,21.55,46.03,46.4,10.86,23.21,34.07,1422.03,44.7,7.69,1422.03,44.7,9.07,36.37,42.69,0.94,80.01,0.2306,False,False
1780909337.2411594,archive_flood_airfield_274c83,archive_flood_airfield_274c83.mp4,1451,50.0,640,480,combined,detect_combined,Flooded,deeplabv3plus,False,False,0,tensorrt,tensorrt,tensorrt,23.36,23.36,42.45,42.8,7.47,21.75,29.22,1422.03,45.8,7.69,1422.03,45.8,9.07,36.37,42.69,0.94,80.01,0.2373,False,False
1780909337.3224168,archive_flood_airfield_274c83,archive_flood_airfield_274c83.mp4,1452,50.0,640,480,combined,detect_combined,Flooded,deeplabv3plus,False,False,0,tensorrt,tensorrt,tensorrt,19.81,19.81,50.07,50.48,15.5,16.55,32.05,1422.03,42.0,7.69,1422.03,42.0,9.07,36.37,42.69,0.94,80.01,0.2293,False,False
1780909337.4172616,archive_flood_airfield_274c83,archive_flood_airfield_274c83.mp4,1453,50.0,640,480,combined,detect_combined,Flooded,deeplabv3plus,False,False,0,tensorrt,tensorrt,tensorrt,20.77,20.77,47.77,48.15,7.1,19.42,26.520000000000003,1422.03,30.5,7.69,1422.03,30.5,9.07,36.37,42.69,0.94,80.01,0.248,False,False
1780909337.5124383,archive_flood_airfield_274c83,archive_flood_airfield_274c83.mp4,1454,50.0,640,480,combined,detect_combined,Flooded,deeplabv3plus,False,False,0,tensorrt,tensorrt,tensorrt,20.83,20.83,47.56,48.0,8.75,23.63,32.379999999999995,1422.03,32.1,7.85,1422.03,32.1,9.07,36.37,42.69,0.94,80.01,0.2635,False,False
1780909337.612121,archive_flood_airfield_274c83,archive_flood_airfield_274c83.mp4,1455,50.0,640,480,combined,detect_combined,Flooded,deeplabv3plus,False,False,0,tensorrt,tensorrt,tensorrt,18.41,18.41,53.87,54.32,13.95,24.83,38.78,1422.03,24.1,7.85,1422.03,24.1,9.07,36.37,42.69,0.94,80.01,0.2195,False,False
1780909337.7136528,archive_flood_airfield_274c83,archive_flood_airfield_274c83.mp4,1456,50.0,640,480,combined,detect_combined,Non-Flooded,resnet18,True,False,0,tensorrt,tensorrt,tensorrt,19.21,19.21,51.54,52.06,11.42,25.1,36.52,1422.03,27.1,7.85,1422.03,27.1,9.07,36.37,42.69,0.94,80.01,0.1704,False,False
1780909337.8161554,archive_flood_airfield_274c83,archive_flood_airfield_274c83.mp4,1457,50.0,640,480,combined,detect_combined,Flooded,deeplabv3plus,True,False,0,tensorrt,tensorrt,tensorrt,19.6,19.6,50.4,51.02,7.92,24.95,32.87,1422.03,32.3,7.85,1422.03,32.3,9.07,36.37,42.69,0.94,80.01,0.2052,False,False
1780909337.9455743,archive_flood_airfield_274c83,archive_flood_airfield_274c83.mp4,1458,50.0,640,480,combined,detect_combined,Flooded,deeplabv3plus,False,False,0,tensorrt,tensorrt,tensorrt,19.18,19.18,51.72,52.13,12.63,24.13,36.76,1422.03,33.3,7.85,1422.03,33.3,9.07,36.37,42.69,0.94,80.01,0.2516,False,False
1780909338.0448976,archive_flood_airfield_274c83,archive_flood_airfield_274c83.mp4,1459,50.0,640,480,combined,detect_combined,Flooded,deeplabv3plus,False,False,0,tensorrt,tensorrt,tensorrt,18.91,18.91,52.45,52.88,11.36,26.17,37.53,1422.03,27.6,7.85,1422.03,27.6,9.07,36.37,42.69,0.94,80.01,0.2668,False,False
1780909338.1329045,archive_flood_airfield_274c83,archive_flood_airfield_274c83.mp4,1460,50.0,640,480,combined,detect_combined,Flooded,deeplabv3plus,False,False,0,tensorrt,tensorrt,tensorrt,21.77,21.77,45.52,45.94,8.24,15.36,23.6,1422.03,26.9,7.39,1422.03,26.9,9.07,36.37,42.69,0.94,80.01,0.2542,False,False
1780909338.219182,archive_flood_airfield_274c83,archive_flood_airfield_274c83.mp4,1461,50.0,640,480,combined,detect_combined,Flooded,deeplabv3plus,False,False,0,tensorrt,tensorrt,tensorrt,23.2,23.2,42.71,43.11,7.6,15.76,23.36,1422.03,29.4,7.39,1422.03,29.4,9.07,36.37,42.69,0.94,80.01,0.2372,False,False
1780909338.3066833,archive_flood_airfield_274c83,archive_flood_airfield_274c83.mp4,1462,50.0,640,480,combined,detect_combined,Flooded,deeplabv3plus,False,False,0,tensorrt,tensorrt,tensorrt,21.36,21.36,46.42,46.83,7.82,23.74,31.56,1422.03,45.1,7.39,1422.03,45.1,9.07,36.37,42.69,0.94,80.01,0.2415,False,False
1780909338.3964126,archive_flood_airfield_274c83,archive_flood_airfield_274c83.mp4,1463,50.0,640,480,combined,detect_combined,Flooded,deeplabv3plus,False,False,0,tensorrt,tensorrt,tensorrt,21.53,21.53,46.02,46.44,7.88,18.24,26.119999999999997,1422.03,49.1,7.39,1422.03,49.1,9.07,36.37,42.69,0.94,80.01,0.248,False,False
1780909338.4875503,archive_flood_airfield_274c83,archive_flood_airfield_274c83.mp4,1464,50.0,640,480,combined,detect_combined,Flooded,deeplabv3plus,False,False,0,tensorrt,tensorrt,tensorrt,21.56,21.56,45.99,46.39,11.64,20.35,31.990000000000002,1422.03,43.1,7.39,1422.03,43.1,9.07,36.37,42.69,0.94,80.01,0.2259,False,False
1780909338.5777354,archive_flood_airfield_274c83,archive_flood_airfield_274c83.mp4,1465,50.0,640,480,combined,detect_combined,Flooded,deeplabv3plus,False,False,0,tensorrt,tensorrt,tensorrt,20.13,20.13,49.27,49.68,8.68,25.56,34.239999999999995,1422.03,44.4,7.39,1422.03,44.4,9.07,36.37,42.69,0.94,80.01,0.2487,False,False
1780909338.67596,archive_flood_airfield_274c83,archive_flood_airfield_274c83.mp4,1466,50.0,640,480,combined,detect_combined,Flooded,deeplabv3plus,False,False,0,tensorrt,tensorrt,tensorrt,19.1,19.1,51.93,52.36,12.42,24.6,37.02,1422.03,32.8,7.85,1422.03,32.8,9.07,36.37,42.69,0.94,80.01,0.2791,False,False
1780909338.773195,archive_flood_airfield_274c83,archive_flood_airfield_274c83.mp4,1467,50.0,640,480,combined,detect_combined,Flooded,deeplabv3plus,False,False,0,tensorrt,tensorrt,tensorrt,21.25,21.25,46.69,47.06,10.08,23.37,33.45,1422.03,26.3,7.85,1422.03,26.3,9.07,36.37,42.69,0.94,80.01,0.278,False,False
1780909338.867227,archive_flood_airfield_274c83,archive_flood_airfield_274c83.mp4,1468,50.0,640,480,combined,detect_combined,Flooded,deeplabv3plus,False,False,0,tensorrt,tensorrt,tensorrt,20.4,20.4,48.29,49.01,15.22,14.76,29.98,1422.03,25.0,7.85,1422.03,25.0,9.07,36.37,42.69,0.94,80.01,0.2461,False,False
1780909338.9720047,archive_flood_airfield_274c83,archive_flood_airfield_274c83.mp4,1469,50.0,640,480,combined,detect_combined,Flooded,deeplabv3plus,False,False,0,tensorrt,tensorrt,tensorrt,18.82,18.82,52.72,53.12,18.16,19.49,37.65,1422.02,28.6,7.85,1422.02,28.6,9.07,36.37,42.69,0.94,80.01,0.2892,False,False
1780909339.0751143,archive_flood_airfield_274c83,archive_flood_airfield_274c83.mp4,1470,50.0,640,480,combined,detect_combined,Flooded,deeplabv3plus,False,False,0,tensorrt,tensorrt,tensorrt,19.1,19.1,51.96,52.35,14.11,22.77,36.879999999999995,1422.02,23.7,7.85,1422.02,23.7,9.07,36.37,42.69,0.94,80.01,0.3185,False,False
1780909339.1631396,archive_flood_airfield_274c83,archive_flood_airfield_274c83.mp4,1471,50.0,640,480,combined,detect_combined,Flooded,deeplabv3plus,False,False,0,tensorrt,tensorrt,tensorrt,22.4,22.4,44.22,44.65,7.7,15.06,22.76,1422.02,31.5,7.85,1422.02,31.5,9.07,36.37,42.69,0.94,80.01,0.3021,False,False
1780909339.2485595,archive_flood_airfield_274c83,archive_flood_airfield_274c83.mp4,1472,50.0,640,480,combined,detect_combined,Flooded,deeplabv3plus,False,False,0,tensorrt,tensorrt,tensorrt,23.52,23.52,42.09,42.52,7.34,16.24,23.58,1422.02,26.5,7.85,1422.02,26.5,9.07,36.37,42.69,0.94,80.01,0.3453,False,False
1780909339.3395653,archive_flood_airfield_274c83,archive_flood_airfield_274c83.mp4,1473,50.0,640,480,combined,detect_combined,Flooded,deeplabv3plus,False,False,0,tensorrt,tensorrt,tensorrt,20.85,20.85,47.56,47.96,7.79,24.61,32.4,1422.02,29.6,7.39,1422.02,29.6,9.07,36.37,42.69,0.94,80.01,0.3446,False,False
1780909339.4394088,archive_flood_airfield_274c83,archive_flood_airfield_274c83.mp4,1474,50.0,640,480,combined,detect_combined,Flooded,deeplabv3plus,False,False,0,tensorrt,tensorrt,tensorrt,18.36,18.36,54.06,54.45,14.42,24.69,39.11,1422.02,26.3,7.39,1422.02,26.3,9.07,36.37,42.69,0.94,80.01,0.3593,False,False
1780909339.5412428,archive_flood_airfield_274c83,archive_flood_airfield_274c83.mp4,1475,50.0,640,480,combined,detect_combined,Flooded,deeplabv3plus,False,False,0,tensorrt,tensorrt,tensorrt,18.92,18.92,52.43,52.84,13.14,24.18,37.32,1422.02,31.7,7.39,1422.02,31.7,9.07,36.37,42.69,0.94,80.01,0.3279,False,False
1780909339.6417003,archive_flood_airfield_274c83,archive_flood_airfield_274c83.mp4,1476,50.0,640,480,combined,detect_combined,Flooded,deeplabv3plus,False,False,0,tensorrt,tensorrt,tensorrt,20.21,20.21,49.05,49.47,9.16,24.62,33.78,1422.02,45.8,7.39,1422.02,45.8,9.07,36.37,42.69,0.94,80.01,0.341,False,False
1780909339.7371163,archive_flood_airfield_274c83,archive_flood_airfield_274c83.mp4,1477,50.0,640,480,combined,detect_combined,Flooded,deeplabv3plus,False,False,0,tensorrt,tensorrt,tensorrt,22.97,22.97,43.15,43.53,7.17,23.32,30.490000000000002,1422.02,44.6,7.39,1422.02,44.6,9.07,36.37,42.69,0.94,80.01,0.331,False,False
1780909339.81693,archive_flood_airfield_274c83,archive_flood_airfield_274c83.mp4,1478,50.0,640,480,combined,detect_combined,Flooded,deeplabv3plus,False,False,0,tensorrt,tensorrt,tensorrt,20.92,20.92,47.45,47.8,14.29,21.52,35.81,1422.02,46.9,7.39,1422.02,46.9,9.07,36.37,42.69,0.94,80.01,0.3596,False,False
1780909339.9021633,archive_flood_airfield_274c83,archive_flood_airfield_274c83.mp4,1479,50.0,640,480,combined,detect_combined,Flooded,deeplabv3plus,False,False,0,tensorrt,tensorrt,tensorrt,20.69,20.69,47.96,48.33,12.32,23.04,35.36,1422.02,42.9,7.69,1422.02,42.9,9.07,36.37,42.69,0.94,80.01,0.3572,False,False
1780909339.9825969,archive_flood_airfield_274c83,archive_flood_airfield_274c83.mp4,1480,50.0,640,480,combined,detect_combined,Flooded,deeplabv3plus,False,False,0,tensorrt,tensorrt,tensorrt,22.29,22.29,44.51,44.87,11.38,21.33,32.71,1422.02,39.2,7.69,1422.02,39.2,9.07,36.37,42.69,0.94,80.01,0.3518,False,False
1780909340.0711405,archive_flood_airfield_274c83,archive_flood_airfield_274c83.mp4,1481,50.0,640,480,combined,detect_combined,Flooded,deeplabv3plus,False,False,0,tensorrt,tensorrt,tensorrt,18.95,18.95,52.35,52.77,14.37,23.8,38.17,1422.02,20.4,7.69,1422.02,20.4,9.07,36.37,42.69,0.94,80.01,0.3797,False,False
1780909340.1713927,archive_flood_airfield_274c83,archive_flood_airfield_274c83.mp4,1482,50.0,640,480,combined,detect_combined,Flooded,deeplabv3plus,False,False,0,tensorrt,tensorrt,tensorrt,19.68,19.68,50.39,50.81,12.17,23.19,35.36,1422.02,25.4,7.69,1422.02,25.4,9.07,36.37,42.69,0.94,80.01,0.4046,False,False
1780909340.2572567,archive_flood_airfield_274c83,archive_flood_airfield_274c83.mp4,1483,50.0,640,480,combined,detect_combined,Flooded,deeplabv3plus,False,False,0,tensorrt,tensorrt,tensorrt,21.29,21.29,46.62,46.97,6.57,21.07,27.64,1422.02,24.5,7.69,1422.02,24.5,9.07,36.37,42.69,0.94,80.01,0.4038,False,False
1780909340.3641376,archive_flood_airfield_274c83,archive_flood_airfield_274c83.mp4,1484,50.0,640,480,combined,detect_combined,Flooded,deeplabv3plus,False,False,0,tensorrt,tensorrt,tensorrt,18.88,18.88,52.53,52.98,11.07,27.89,38.96,1422.02,31.7,7.69,1422.02,31.7,9.07,36.37,42.69,0.94,80.01,0.4022,False,False
1780909340.4701402,archive_flood_airfield_274c83,archive_flood_airfield_274c83.mp4,1485,50.0,640,480,combined,detect_combined,Flooded,deeplabv3plus,False,False,0,tensorrt,tensorrt,tensorrt,19.6,19.6,50.62,51.03,14.14,23.02,37.16,1422.02,33.9,7.69,1422.02,33.9,9.07,36.37,42.69,0.94,80.01,0.398,False,False
1780909340.5658612,archive_flood_airfield_274c83,archive_flood_airfield_274c83.mp4,1486,50.0,640,480,combined,detect_combined,Flooded,deeplabv3plus,False,False,0,tensorrt,tensorrt,tensorrt,19.57,19.57,50.71,51.1,14.75,20.98,35.730000000000004,1422.02,24.1,7.69,1422.02,24.1,9.07,36.37,42.69,0.94,80.01,0.3354,False,False
1780909340.650855,archive_flood_airfield_274c83,archive_flood_airfield_274c83.mp4,1487,50.0,640,480,combined,detect_combined,Flooded,deeplabv3plus,False,False,0,tensorrt,tensorrt,tensorrt,22.31,22.31,44.45,44.83,7.32,23.54,30.86,1422.02,27.5,7.69,1422.02,27.5,9.07,36.37,42.69,0.94,80.01,0.3422,False,False
1780909340.7327926,archive_flood_airfield_274c83,archive_flood_airfield_274c83.mp4,1488,50.0,640,480,combined,detect_combined,Non-Flooded,resnet18,True,False,0,tensorrt,tensorrt,tensorrt,23.22,23.22,42.63,43.07,7.28,23.61,30.89,1422.02,31.4,7.69,1422.02,31.4,9.07,36.37,42.69,0.94,80.01,0.0605,False,False
1780909340.8112278,archive_flood_airfield_274c83,archive_flood_airfield_274c83.mp4,1489,50.0,640,480,combined,detect_combined,Non-Flooded,resnet18,False,False,0,tensorrt,tensorrt,tensorrt,21.77,21.77,45.54,45.93,7.04,16.77,23.81,1422.02,26.7,7.69,1422.02,26.7,9.07,36.37,42.69,0.94,80.01,0.0655,False,False
1780909340.9034534,archive_flood_airfield_274c83,archive_flood_airfield_274c83.mp4,1490,50.0,640,480,combined,detect_combined,Non-Flooded,resnet18,False,False,0,tensorrt,tensorrt,tensorrt,21.99,21.99,45.07,45.48,7.0,24.17,31.17,1422.02,35.8,7.69,1422.02,35.8,9.07,36.37,42.69,0.94,80.01,0.0494,False,False
1780909340.9934168,archive_flood_airfield_274c83,archive_flood_airfield_274c83.mp4,1491,50.0,640,480,combined,detect_combined,Non-Flooded,resnet18,False,False,0,tensorrt,tensorrt,tensorrt,20.87,20.87,47.52,47.91,14.44,17.21,31.65,1422.02,40.7,7.69,1422.02,40.7,9.07,36.37,42.69,0.94,80.01,0.0573,False,False
1780909341.085266,archive_flood_airfield_274c83,archive_flood_airfield_274c83.mp4,1492,50.0,640,480,combined,detect_combined,Non-Flooded,resnet18,False,False,0,tensorrt,tensorrt,tensorrt,19.45,19.45,50.98,51.41,12.46,24.87,37.33,1422.02,46.4,7.54,1422.02,46.4,9.07,36.37,42.69,0.94,80.01,0.067,False,False
1780909341.1723633,archive_flood_airfield_274c83,archive_flood_airfield_274c83.mp4,1493,50.0,640,480,combined,detect_combined,Non-Flooded,resnet18,False,False,0,tensorrt,tensorrt,tensorrt,22.16,22.16,44.72,45.12,7.42,17.53,24.950000000000003,1422.02,54.7,7.54,1422.02,54.7,9.07,36.37,42.69,0.94,80.01,0.0796,False,False
1780909341.2561057,archive_flood_airfield_274c83,archive_flood_airfield_274c83.mp4,1494,50.0,640,480,combined,detect_combined,Non-Flooded,resnet18,False,False,0,tensorrt,tensorrt,tensorrt,20.94,20.94,47.21,47.75,8.06,18.21,26.270000000000003,1422.02,45.8,7.54,1422.02,45.8,9.07,36.37,42.69,0.94,80.01,0.0264,False,False
1780909341.3561592,archive_flood_airfield_274c83,archive_flood_airfield_274c83.mp4,1495,50.0,640,480,combined,detect_combined,Non-Flooded,resnet18,False,False,0,tensorrt,tensorrt,tensorrt,17.11,17.11,58.03,58.44,14.73,25.47,40.2,1422.02,46.6,7.54,1422.02,46.6,9.07,36.37,42.69,0.94,80.01,0.0289,False,False
1780909341.4442637,archive_flood_airfield_274c83,archive_flood_airfield_274c83.mp4,1496,50.0,640,480,combined,detect_combined,Non-Flooded,resnet18,False,False,0,tensorrt,tensorrt,tensorrt,19.58,19.58,50.65,51.06,6.23,19.59,25.82,1422.02,50.0,7.54,1422.02,50.0,9.07,36.37,42.69,0.94,80.01,0.0326,False,False
1780909341.543815,archive_flood_airfield_274c83,archive_flood_airfield_274c83.mp4,1497,50.0,640,480,combined,detect_combined,Non-Flooded,resnet18,False,False,0,tensorrt,tensorrt,tensorrt,15.71,15.71,63.24,63.65,14.09,24.65,38.739999999999995,1422.02,51.7,7.54,1422.02,51.7,9.07,36.37,42.69,0.94,80.01,0.0537,False,False
1780909341.6500437,archive_flood_airfield_274c83,archive_flood_airfield_274c83.mp4,1498,50.0,640,480,combined,detect_combined,Non-Flooded,resnet18,False,False,0,tensorrt,tensorrt,tensorrt,15.1,15.1,65.8,66.22,12.37,30.72,43.089999999999996,1422.02,38.5,8.46,1422.02,38.5,9.07,36.37,42.69,0.94,80.01,0.0222,False,False
1780909341.7491837,archive_flood_airfield_274c83,archive_flood_airfield_274c83.mp4,1499,50.0,640,480,combined,detect_combined,Non-Flooded,resnet18,False,False,0,tensorrt,tensorrt,tensorrt,18.78,18.78,52.83,53.25,14.79,24.69,39.480000000000004,1422.02,31.6,8.46,1422.02,31.6,9.07,36.37,42.69,0.94,80.01,0.0054,False,False
1780909341.8543818,archive_flood_airfield_274c83,archive_flood_airfield_274c83.mp4,1500,50.0,640,480,combined,detect_combined,Non-Flooded,resnet18,False,False,0,tensorrt,tensorrt,tensorrt,17.32,17.32,57.33,57.75,14.86,25.52,40.379999999999995,1422.02,32.3,8.46,1422.02,32.3,9.07,36.37,42.69,0.94,80.01,0.0033,False,False
1780909341.950557,archive_flood_airfield_274c83,archive_flood_airfield_274c83.mp4,1501,50.0,640,480,combined,detect_combined,Non-Flooded,resnet18,False,False,0,tensorrt,tensorrt,tensorrt,18.21,18.21,54.47,54.9,13.5,27.61,41.11,1422.02,54.2,8.46,1422.02,54.2,9.07,36.37,42.69,0.94,80.01,0.0364,False,False
1780909342.040226,archive_flood_airfield_274c83,archive_flood_airfield_274c83.mp4,1502,50.0,640,480,combined,detect_combined,Non-Flooded,resnet18,False,False,0,tensorrt,tensorrt,tensorrt,21.55,21.55,45.88,46.4,8.0,21.17,29.17,1422.02,50.9,8.46,1422.02,50.9,9.07,36.37,42.69,0.94,80.01,0.0554,False,False
1780909342.1125846,archive_flood_airfield_274c83,archive_flood_airfield_274c83.mp4,1503,50.0,640,480,combined,detect_combined,Non-Flooded,resnet18,False,False,0,tensorrt,tensorrt,tensorrt,26.18,26.18,37.69,38.19,4.46,14.7,19.16,1422.02,52.4,8.46,1422.02,52.4,9.07,36.37,42.69,0.94,80.01,0.0381,False,False
1780909342.1959255,archive_flood_airfield_274c83,archive_flood_airfield_274c83.mp4,1504,50.0,640,480,combined,detect_combined,Non-Flooded,resnet18,False,False,0,tensorrt,tensorrt,tensorrt,22.39,22.39,44.3,44.66,8.57,23.27,31.84,1422.02,44.7,8.46,1422.02,44.7,9.07,36.37,42.69,0.94,80.01,0.0642,False,False
1780909342.285136,archive_flood_airfield_274c83,archive_flood_airfield_274c83.mp4,1505,50.0,640,480,combined,detect_combined,Non-Flooded,resnet18,False,False,0,tensorrt,tensorrt,tensorrt,21.24,21.24,46.66,47.09,7.48,20.35,27.830000000000002,1422.02,48.1,8.46,1422.02,48.1,9.07,36.37,42.69,0.94,80.01,0.0508,False,False
1780909342.366835,archive_flood_airfield_274c83,archive_flood_airfield_274c83.mp4,1506,50.0,640,480,combined,detect_combined,Non-Flooded,resnet18,False,False,0,tensorrt,tensorrt,tensorrt,23.54,23.54,42.02,42.47,8.23,16.63,24.86,1422.02,46.9,8.46,1422.02,46.9,9.07,36.37,42.69,0.94,80.01,0.0552,False,False
1780909342.4473083,archive_flood_airfield_274c83,archive_flood_airfield_274c83.mp4,1507,50.0,640,480,combined,detect_combined,Non-Flooded,resnet18,False,False,0,tensorrt,tensorrt,tensorrt,23.34,23.34,42.53,42.84,5.53,14.57,20.1,1422.02,43.7,8.46,1422.02,43.7,9.07,36.37,42.69,0.94,80.01,0.077,False,False
1780909342.5305147,archive_flood_airfield_274c83,archive_flood_airfield_274c83.mp4,1508,50.0,640,480,combined,detect_combined,Non-Flooded,resnet18,False,False,0,tensorrt,tensorrt,tensorrt,19.22,19.22,51.65,52.03,13.99,24.03,38.02,1422.02,27.1,8.46,1422.02,27.1,9.07,36.37,42.69,0.94,80.01,0.0455,False,False
1780909342.6080017,archive_flood_airfield_274c83,archive_flood_airfield_274c83.mp4,1509,50.0,640,480,combined,detect_combined,Non-Flooded,resnet18,False,False,0,tensorrt,tensorrt,tensorrt,21.95,21.95,45.18,45.55,12.48,19.65,32.129999999999995,1422.02,29.8,8.46,1422.02,29.8,9.07,36.37,42.69,0.94,80.01,0.0416,False,False
1780909342.6982744,archive_flood_airfield_274c83,archive_flood_airfield_274c83.mp4,1510,50.0,640,480,combined,detect_combined,Non-Flooded,resnet18,False,False,0,tensorrt,tensorrt,tensorrt,19.56,19.56,50.7,51.11,14.14,23.36,37.5,1422.02,33.3,8.46,1422.02,33.3,9.07,36.37,42.69,0.94,80.01,0.0272,False,False
1780909342.7902641,archive_flood_airfield_274c83,archive_flood_airfield_274c83.mp4,1511,50.0,640,480,combined,detect_combined,Non-Flooded,resnet18,False,False,0,tensorrt,tensorrt,tensorrt,21.06,21.06,47.1,47.49,11.43,19.2,30.63,1422.02,26.9,7.85,1422.02,26.9,9.07,36.37,42.69,0.94,80.01,0.053,False,False
1780909342.8850732,archive_flood_airfield_274c83,archive_flood_airfield_274c83.mp4,1512,50.0,640,480,combined,detect_combined,Non-Flooded,resnet18,False,False,0,tensorrt,tensorrt,tensorrt,17.01,17.01,58.43,58.78,20.03,27.51,47.540000000000006,1422.02,40.0,7.85,1422.02,40.0,9.07,36.37,42.69,0.94,80.01,0.0613,False,False
1780909342.9677403,archive_flood_airfield_274c83,archive_flood_airfield_274c83.mp4,1513,50.0,640,480,combined,detect_combined,Non-Flooded,resnet18,False,False,1,tensorrt,tensorrt,tensorrt,22.01,22.01,44.45,45.44,4.6,21.65,26.25,1422.02,36.0,7.85,1422.02,36.0,9.07,36.37,42.69,0.94,80.01,0.06,False,False
1780909343.0515313,archive_flood_airfield_274c83,archive_flood_airfield_274c83.mp4,1514,50.0,640,480,combined,detect_combined,Non-Flooded,resnet18,False,False,1,tensorrt,tensorrt,tensorrt,22.62,22.62,43.41,44.21,10.55,12.25,22.8,1422.02,25.0,7.85,1422.02,25.0,9.07,36.37,42.69,0.94,80.01,0.0735,False,False
1780909343.140253,archive_flood_airfield_274c83,archive_flood_airfield_274c83.mp4,1515,50.0,640,480,combined,detect_combined,Non-Flooded,resnet18,False,False,1,tensorrt,tensorrt,tensorrt,21.92,21.92,44.5,45.62,18.88,11.47,30.35,1422.02,25.0,7.85,1422.02,25.0,9.07,36.37,42.69,0.94,80.01,0.0945,False,False
1780909343.2221704,archive_flood_airfield_274c83,archive_flood_airfield_274c83.mp4,1516,50.0,640,480,combined,detect_combined,Non-Flooded,resnet18,False,False,1,tensorrt,tensorrt,tensorrt,20.27,20.27,48.18,49.34,6.83,13.62,20.45,1422.02,24.5,7.85,1422.02,24.5,9.07,36.37,42.69,0.94,80.01,0.0744,False,False
1780909343.309084,archive_flood_airfield_274c83,archive_flood_airfield_274c83.mp4,1517,50.0,640,480,combined,detect_combined,Non-Flooded,resnet18,False,False,1,tensorrt,tensorrt,tensorrt,18.45,18.45,53.1,54.2,6.42,13.06,19.48,1422.02,37.7,7.85,1422.02,37.7,9.07,36.37,42.69,0.94,80.01,0.0866,False,False
1780909343.394866,archive_flood_airfield_274c83,archive_flood_airfield_274c83.mp4,1518,50.0,640,480,combined,detect_combined,Non-Flooded,resnet18,False,False,1,tensorrt,tensorrt,tensorrt,19.72,19.72,49.65,50.72,13.04,22.88,35.92,1422.02,44.0,7.69,1422.02,44.0,9.07,36.37,42.69,0.94,80.01,0.1117,False,False
1780909343.4688659,archive_flood_airfield_274c83,archive_flood_airfield_274c83.mp4,1519,50.0,640,480,combined,detect_combined,Non-Flooded,resnet18,False,False,1,tensorrt,tensorrt,tensorrt,21.85,21.85,44.4,45.76,5.89,17.36,23.25,1422.02,47.8,7.69,1422.02,47.8,9.07,36.37,42.69,0.94,80.01,0.0612,False,False
1780909343.5521317,archive_flood_airfield_274c83,archive_flood_airfield_274c83.mp4,1520,50.0,640,480,combined,detect_combined,Non-Flooded,resnet18,False,False,1,tensorrt,tensorrt,tensorrt,19.87,19.87,49.21,50.33,9.55,12.91,22.46,1422.02,47.9,7.69,1422.02,47.9,9.07,36.37,42.69,0.94,80.01,0.0532,False,False
1780909343.6355584,archive_flood_airfield_274c83,archive_flood_airfield_274c83.mp4,1521,50.0,640,480,combined,detect_combined,Non-Flooded,resnet18,False,False,1,tensorrt,tensorrt,tensorrt,20.26,20.26,48.18,49.36,6.2,18.55,24.75,1422.02,40.8,7.69,1422.02,40.8,9.07,36.37,42.69,0.94,80.01,0.0423,False,False
1780909343.7212803,archive_flood_airfield_274c83,archive_flood_airfield_274c83.mp4,1522,50.0,640,480,combined,detect_combined,Non-Flooded,resnet18,False,False,1,tensorrt,tensorrt,tensorrt,19.16,19.16,51.13,52.19,5.93,25.57,31.5,1422.02,48.1,7.69,1422.02,48.1,9.07,36.37,42.69,0.94,80.01,0.0556,False,False
1780909343.7893143,archive_flood_airfield_274c83,archive_flood_airfield_274c83.mp4,1523,50.0,640,480,combined,detect_combined,Non-Flooded,resnet18,False,False,1,tensorrt,tensorrt,tensorrt,25.88,25.88,37.62,38.64,4.81,13.09,17.9,1422.02,51.2,7.69,1422.02,51.2,9.07,36.37,42.69,0.94,80.01,0.086,False,False
1780909343.8679676,archive_flood_airfield_274c83,archive_flood_airfield_274c83.mp4,1524,50.0,640,480,combined,detect_combined,Non-Flooded,resnet18,False,False,1,tensorrt,tensorrt,tensorrt,20.92,20.92,46.67,47.8,6.16,17.12,23.28,1422.02,36.4,7.69,1422.02,36.4,9.07,36.37,42.69,0.94,80.01,0.0711,False,False
1780909343.9613578,archive_flood_airfield_274c83,archive_flood_airfield_274c83.mp4,1525,50.0,640,480,combined,detect_combined,Non-Flooded,resnet18,False,False,1,tensorrt,tensorrt,tensorrt,17.79,17.79,54.77,56.21,14.01,14.23,28.240000000000002,1422.02,30.4,8.15,1422.02,30.4,9.07,36.37,42.69,0.94,80.01,0.0724,False,False
1780909344.0364401,archive_flood_airfield_274c83,archive_flood_airfield_274c83.mp4,1526,50.0,640,480,combined,detect_combined,Non-Flooded,resnet18,False,False,2,tensorrt,tensorrt,tensorrt,21.24,21.24,45.44,47.08,6.3,12.65,18.95,1422.02,28.9,8.15,1422.02,28.9,9.07,36.37,42.69,0.94,80.01,0.0773,False,False
1780909344.1176522,archive_flood_airfield_274c83,archive_flood_airfield_274c83.mp4,1527,50.0,640,480,combined,detect_combined,Non-Flooded,resnet18,False,False,2,tensorrt,tensorrt,tensorrt,19.92,19.92,48.52,50.21,6.51,13.36,19.869999999999997,1422.02,29.2,8.15,1422.02,29.2,9.07,36.37,42.69,0.94,80.01,0.069,False,False
1780909344.204175,archive_flood_airfield_274c83,archive_flood_airfield_274c83.mp4,1528,50.0,640,480,combined,detect_combined,Non-Flooded,resnet18,False,False,2,tensorrt,tensorrt,tensorrt,20.5,20.5,47.06,48.79,7.09,14.1,21.189999999999998,1422.02,24.5,8.15,1422.02,24.5,9.07,36.37,42.69,0.94,80.01,0.1025,False,False
1780909344.282438,archive_flood_airfield_274c83,archive_flood_airfield_274c83.mp4,1529,50.0,640,480,combined,detect_combined,Non-Flooded,resnet18,False,False,2,tensorrt,tensorrt,tensorrt,24.26,24.26,39.99,41.21,7.12,14.73,21.85,1422.02,38.3,8.15,1422.02,38.3,9.07,36.37,42.69,0.94,80.01,0.0828,False,False
1780909344.3475688,archive_flood_airfield_274c83,archive_flood_airfield_274c83.mp4,1530,50.0,640,480,combined,detect_combined,Non-Flooded,resnet18,False,False,2,tensorrt,tensorrt,tensorrt,25.46,25.46,38.22,39.28,6.54,12.5,19.04,1422.02,45.9,8.15,1422.02,45.9,9.07,36.37,42.69,0.94,80.01,0.0691,False,False
1780909344.415966,archive_flood_airfield_274c83,archive_flood_airfield_274c83.mp4,1531,50.0,640,480,combined,detect_combined,Non-Flooded,resnet18,False,False,2,tensorrt,tensorrt,tensorrt,22.97,22.97,42.05,43.54,7.98,12.37,20.35,1422.02,42.5,8.15,1422.02,42.5,9.07,36.37,42.69,0.94,80.01,0.0871,False,False
1780909344.5046868,archive_flood_airfield_274c83,archive_flood_airfield_274c83.mp4,1532,50.0,640,480,combined,detect_combined,Non-Flooded,resnet18,False,False,2,tensorrt,tensorrt,tensorrt,19.34,19.34,50.18,51.7,14.16,14.73,28.89,1422.02,48.2,8.15,1422.02,48.2,9.07,36.37,42.69,0.94,80.01,0.114,False,False
1780909344.582679,archive_flood_airfield_274c83,archive_flood_airfield_274c83.mp4,1533,50.0,640,480,combined,detect_combined,Non-Flooded,resnet18,False,False,1,tensorrt,tensorrt,tensorrt,21.01,21.01,46.6,47.59,6.25,16.89,23.14,1422.02,41.9,8.15,1422.02,41.9,9.07,36.37,42.69,0.94,80.01,0.0944,False,False
1780909344.644244,archive_flood_airfield_274c83,archive_flood_airfield_274c83.mp4,1534,50.0,640,480,combined,detect_combined,Non-Flooded,resnet18,False,False,2,tensorrt,tensorrt,tensorrt,33.25,33.25,28.42,30.07,5.04,10.5,15.54,1422.02,39.5,8.15,1422.02,39.5,9.07,36.37,42.69,0.94,80.01,0.1037,False,False
1780909344.7239883,archive_flood_airfield_274c83,archive_flood_airfield_274c83.mp4,1535,50.0,640,480,combined,detect_combined,Non-Flooded,resnet18,False,False,2,tensorrt,tensorrt,tensorrt,20.97,20.97,46.36,47.7,10.45,22.73,33.18,1422.02,36.2,8.15,1422.02,36.2,9.07,36.37,42.69,0.94,80.01,0.1032,False,False
1780909344.8191347,archive_flood_airfield_274c83,archive_flood_airfield_274c83.mp4,1536,50.0,640,480,combined,detect_combined,Non-Flooded,resnet18,False,False,2,tensorrt,tensorrt,tensorrt,15.25,15.25,63.85,65.58,14.29,15.0,29.29,1422.02,48.2,8.15,1422.02,48.2,9.07,36.37,42.69,0.94,80.01,0.1152,False,False
1780909344.9194205,archive_flood_airfield_274c83,archive_flood_airfield_274c83.mp4,1537,50.0,640,480,combined,detect_combined,Non-Flooded,resnet18,False,False,1,tensorrt,tensorrt,tensorrt,15.05,15.05,65.18,66.43,15.33,18.44,33.77,1422.02,51.7,8.15,1422.02,51.7,9.07,36.37,42.69,0.94,80.01,0.1006,False,False
1780909345.0003893,archive_flood_airfield_274c83,archive_flood_airfield_274c83.mp4,1538,50.0,640,480,combined,detect_combined,Non-Flooded,resnet18,False,False,2,tensorrt,tensorrt,tensorrt,20.97,20.97,45.95,47.7,8.59,11.95,20.54,1422.02,55.3,8.15,1422.02,55.3,9.07,36.37,42.69,0.94,80.01,0.0916,False,False
1780909345.0946949,archive_flood_airfield_274c83,archive_flood_airfield_274c83.mp4,1539,50.0,640,480,combined,detect_combined,Non-Flooded,resnet18,False,False,1,tensorrt,tensorrt,tensorrt,17.09,17.09,57.4,58.51,9.51,17.37,26.880000000000003,1422.02,54.5,8.61,1422.02,54.5,9.07,36.37,42.69,0.94,80.01,0.0916,False,False
1780909345.185632,archive_flood_airfield_274c83,archive_flood_airfield_274c83.mp4,1540,50.0,640,480,combined,detect_combined,Non-Flooded,resnet18,False,False,1,tensorrt,tensorrt,tensorrt,15.52,15.52,63.17,64.42,13.11,21.91,35.019999999999996,1422.02,50.9,8.61,1422.02,50.9,9.07,36.37,42.69,0.94,80.01,0.078,False,False
1780909345.263407,archive_flood_airfield_274c83,archive_flood_airfield_274c83.mp4,1541,50.0,640,480,combined,detect_combined,Non-Flooded,resnet18,False,False,1,tensorrt,tensorrt,tensorrt,22.19,22.19,44.08,45.07,5.87,17.59,23.46,1422.02,45.5,8.61,1422.02,45.5,9.07,36.37,42.69,0.94,80.01,0.0937,False,False
1780909345.3607311,archive_flood_airfield_274c83,archive_flood_airfield_274c83.mp4,1542,50.0,640,480,combined,detect_combined,Non-Flooded,resnet18,False,False,0,tensorrt,tensorrt,tensorrt,14.88,14.88,66.37,67.21,10.09,22.14,32.230000000000004,1422.02,47.5,8.61,1422.02,47.5,9.07,36.37,42.69,0.94,80.01,0.1055,False,False
1780909345.4578383,archive_flood_airfield_274c83,archive_flood_airfield_274c83.mp4,1543,50.0,640,480,combined,detect_combined,Non-Flooded,resnet18,False,False,0,tensorrt,tensorrt,tensorrt,20.9,20.9,47.39,47.85,10.01,24.3,34.31,1422.02,42.1,8.61,1422.02,42.1,9.07,36.37,42.69,0.94,80.01,0.1152,False,False
1780909345.5575583,archive_flood_airfield_274c83,archive_flood_airfield_274c83.mp4,1544,50.0,640,480,combined,detect_combined,Non-Flooded,resnet18,False,False,0,tensorrt,tensorrt,tensorrt,19.52,19.52,50.76,51.23,12.49,24.73,37.22,1422.02,28.8,8.61,1422.02,28.8,9.07,36.37,42.69,0.94,80.01,0.0857,False,False
1780909345.6559615,archive_flood_airfield_274c83,archive_flood_airfield_274c83.mp4,1545,50.0,640,480,combined,detect_combined,Non-Flooded,resnet18,False,False,0,tensorrt,tensorrt,tensorrt,19.62,19.62,50.55,50.97,12.64,24.6,37.24,1422.02,28.8,8.61,1422.02,28.8,9.07,36.37,42.69,0.94,80.01,0.0807,False,False
1780909345.7568777,archive_flood_airfield_274c83,archive_flood_airfield_274c83.mp4,1546,50.0,640,480,combined,detect_combined,Non-Flooded,resnet18,False,False,0,tensorrt,tensorrt,tensorrt,19.45,19.45,50.98,51.41,12.65,24.67,37.32,1422.02,39.0,8.15,1422.02,39.0,9.07,36.37,42.69,0.94,80.01,0.0847,False,False
1780909345.8546357,archive_flood_airfield_274c83,archive_flood_airfield_274c83.mp4,1547,50.0,640,480,combined,detect_combined,Non-Flooded,resnet18,False,False,0,tensorrt,tensorrt,tensorrt,21.01,21.01,47.19,47.59,10.38,23.8,34.18,1422.02,52.5,8.15,1422.02,52.5,9.07,36.37,42.69,0.94,80.01,0.1126,False,False
1780909345.941621,archive_flood_airfield_274c83,archive_flood_airfield_274c83.mp4,1548,50.0,640,480,combined,detect_combined,Non-Flooded,resnet18,False,False,0,tensorrt,tensorrt,tensorrt,22.81,22.81,43.43,43.84,7.43,17.35,24.78,1422.02,43.1,8.15,1422.02,43.1,9.07,36.37,42.69,0.94,80.01,0.156,False,False
1780909346.0396044,archive_flood_airfield_274c83,archive_flood_airfield_274c83.mp4,1549,50.0,640,480,combined,detect_combined,Flooded,deeplabv3plus,True,False,0,tensorrt,tensorrt,tensorrt,18.3,18.3,54.15,54.66,14.68,26.22,40.9,1422.02,42.1,8.15,1422.02,42.1,9.07,36.37,42.69,0.94,80.01,0.2614,False,False
1780909346.1383324,archive_flood_airfield_274c83,archive_flood_airfield_274c83.mp4,1550,50.0,640,480,combined,detect_combined,Flooded,deeplabv3plus,False,False,0,tensorrt,tensorrt,tensorrt,20.08,20.08,49.41,49.81,10.73,25.39,36.120000000000005,1422.02,27.6,8.15,1422.02,27.6,9.07,36.37,42.69,0.94,80.01,0.2426,False,False
1780909346.2363129,archive_flood_airfield_274c83,archive_flood_airfield_274c83.mp4,1551,50.0,640,480,combined,detect_combined,Non-Flooded,resnet18,True,False,0,tensorrt,tensorrt,tensorrt,18.75,18.75,52.87,53.34,15.07,25.43,40.5,1422.02,36.2,8.15,1422.02,36.2,9.07,36.37,42.69,0.94,80.01,0.1909,False,False
1780909346.3216314,archive_flood_airfield_274c83,archive_flood_airfield_274c83.mp4,1552,50.0,640,480,combined,detect_combined,Flooded,deeplabv3plus,True,False,0,tensorrt,tensorrt,tensorrt,21.29,21.29,46.47,46.97,9.53,23.63,33.16,1422.02,28.8,8.0,1422.02,28.8,9.07,36.37,42.69,0.94,80.01,0.258,False,False
1780909346.4235458,archive_flood_airfield_274c83,archive_flood_airfield_274c83.mp4,1553,50.0,640,480,combined,detect_combined,Non-Flooded,resnet18,True,False,0,tensorrt,tensorrt,tensorrt,18.98,18.98,52.17,52.68,11.29,25.2,36.489999999999995,1422.02,31.1,8.0,1422.02,31.1,9.07,36.37,42.69,0.94,80.01,0.1966,False,False
1780909346.50984,archive_flood_airfield_274c83,archive_flood_airfield_274c83.mp4,1554,50.0,640,480,combined,detect_combined,Non-Flooded,resnet18,False,False,0,tensorrt,tensorrt,tensorrt,23.01,23.01,43.03,43.45,8.15,15.31,23.46,1422.02,25.5,8.0,1422.02,25.5,9.07,36.37,42.69,0.94,80.01,0.1754,False,False
1780909346.5939448,archive_flood_airfield_274c83,archive_flood_airfield_274c83.mp4,1555,50.0,640,480,combined,detect_combined,Flooded,deeplabv3plus,True,False,0,tensorrt,tensorrt,tensorrt,22.91,22.91,43.15,43.65,7.67,15.36,23.03,1422.02,30.0,8.0,1422.02,30.0,9.07,36.37,42.69,0.94,80.01,0.2181,False,False
1780909346.6769977,archive_flood_airfield_274c83,archive_flood_airfield_274c83.mp4,1556,50.0,640,480,combined,detect_combined,Non-Flooded,resnet18,True,False,0,tensorrt,tensorrt,tensorrt,23.66,23.66,41.75,42.26,8.09,16.42,24.51,1422.02,27.1,8.0,1422.02,27.1,9.07,36.37,42.69,0.94,80.01,0.1939,False,False
1780909346.759073,archive_flood_airfield_274c83,archive_flood_airfield_274c83.mp4,1557,50.0,640,480,combined,detect_combined,Non-Flooded,resnet18,False,False,0,tensorrt,tensorrt,tensorrt,23.96,23.96,41.34,41.74,5.94,14.04,19.98,1422.02,28.6,8.0,1422.02,28.6,9.07,36.37,42.69,0.94,80.01,0.1449,False,False
1780909346.8427374,archive_flood_airfield_274c83,archive_flood_airfield_274c83.mp4,1558,50.0,640,480,combined,detect_combined,Non-Flooded,resnet18,False,False,0,tensorrt,tensorrt,tensorrt,22.39,22.39,44.09,44.65,7.23,14.92,22.15,1422.02,25.5,7.38,1422.02,25.5,9.07,36.37,42.69,0.94,80.01,0.1841,False,False
1780909346.9330096,archive_flood_airfield_274c83,archive_flood_airfield_274c83.mp4,1559,50.0,640,480,combined,detect_combined,Non-Flooded,resnet18,False,False,0,tensorrt,tensorrt,tensorrt,23.78,23.78,41.71,42.05,9.51,20.61,30.119999999999997,1422.01,34.6,7.38,1422.01,34.6,9.07,36.37,42.69,0.94,80.01,0.1481,False,False
1780909347.0131657,archive_flood_airfield_274c83,archive_flood_airfield_274c83.mp4,1560,50.0,640,480,combined,detect_combined,Non-Flooded,resnet18,False,False,0,tensorrt,tensorrt,tensorrt,21.26,21.26,46.72,47.05,13.95,22.22,36.17,1422.01,48.0,7.38,1422.01,48.0,9.07,36.37,42.69,0.94,80.01,0.1537,False,False
1780909347.0921922,archive_flood_airfield_274c83,archive_flood_airfield_274c83.mp4,1561,50.0,640,480,combined,detect_combined,Non-Flooded,resnet18,False,False,0,tensorrt,tensorrt,tensorrt,22.25,22.25,44.6,44.95,14.05,13.94,27.990000000000002,1422.01,43.5,7.38,1422.01,43.5,9.07,36.37,42.69,0.94,80.01,0.1929,False,False
1780909347.1715245,archive_flood_airfield_274c83,archive_flood_airfield_274c83.mp4,1562,50.0,640,480,combined,detect_combined,Flooded,deeplabv3plus,True,False,0,tensorrt,tensorrt,tensorrt,23.12,23.12,42.75,43.25,6.56,16.82,23.38,1422.01,40.9,7.38,1422.01,40.9,9.07,36.37,42.69,0.94,80.01,0.203,False,False
1780909347.2549393,archive_flood_airfield_274c83,archive_flood_airfield_274c83.mp4,1563,50.0,640,480,combined,detect_combined,Flooded,deeplabv3plus,False,False,0,tensorrt,tensorrt,tensorrt,21.93,21.93,45.18,45.59,6.88,19.85,26.73,1422.01,41.7,7.38,1422.01,41.7,9.07,36.37,42.69,0.94,80.01,0.2372,False,False
1780909347.3474758,archive_flood_airfield_274c83,archive_flood_airfield_274c83.mp4,1564,50.0,640,480,combined,detect_combined,Flooded,deeplabv3plus,False,False,0,tensorrt,tensorrt,tensorrt,20.29,20.29,48.84,49.29,13.9,21.83,35.73,1422.01,32.1,7.38,1422.01,32.1,9.07,36.37,42.69,0.94,80.01,0.228,False,False
1780909347.4501982,archive_flood_airfield_274c83,archive_flood_airfield_274c83.mp4,1565,50.0,640,480,combined,detect_combined,Flooded,deeplabv3plus,False,False,0,tensorrt,tensorrt,tensorrt,18.46,18.46,53.78,54.18,14.56,25.97,40.53,1422.01,23.7,7.85,1422.01,23.7,9.07,36.37,42.69,0.94,80.01,0.2031,False,False
1780909347.5492053,archive_flood_airfield_274c83,archive_flood_airfield_274c83.mp4,1566,50.0,640,480,combined,detect_combined,Non-Flooded,resnet18,True,False,0,tensorrt,tensorrt,tensorrt,20.42,20.42,48.51,48.97,12.74,22.73,35.47,1422.01,28.3,7.85,1422.01,28.3,9.07,36.37,42.69,0.94,80.01,0.1415,False,False
1780909347.648742,archive_flood_airfield_274c83,archive_flood_airfield_274c83.mp4,1567,50.0,640,480,combined,detect_combined,Non-Flooded,resnet18,False,False,0,tensorrt,tensorrt,tensorrt,18.75,18.75,52.92,53.34,15.16,25.71,40.870000000000005,1422.01,24.1,7.85,1422.01,24.1,9.07,36.37,42.69,0.94,80.01,0.1796,False,False
1780909347.7374735,archive_flood_airfield_274c83,archive_flood_airfield_274c83.mp4,1568,50.0,640,480,combined,detect_combined,Flooded,deeplabv3plus,True,False,0,tensorrt,tensorrt,tensorrt,22.31,22.31,44.37,44.82,7.55,18.46,26.01,1422.01,26.9,7.85,1422.01,26.9,9.07,36.37,42.69,0.94,80.01,0.2184,False,False
1780909347.847198,archive_flood_airfield_274c83,archive_flood_airfield_274c83.mp4,1569,50.0,640,480,combined,detect_combined,Non-Flooded,resnet18,True,False,0,tensorrt,tensorrt,tensorrt,14.87,14.87,66.79,67.25,15.12,27.32,42.44,1422.01,29.0,7.85,1422.01,29.0,9.07,36.37,42.69,0.94,80.01,0.143,False,False
1780909347.9514952,archive_flood_airfield_274c83,archive_flood_airfield_274c83.mp4,1570,50.0,640,480,combined,detect_combined,Flooded,deeplabv3plus,True,False,0,tensorrt,tensorrt,tensorrt,18.5,18.5,53.53,54.04,16.02,24.22,40.239999999999995,1422.01,33.3,7.85,1422.01,33.3,9.07,36.37,42.69,0.94,80.01,0.2061,False,False
1780909348.0402243,archive_flood_airfield_274c83,archive_flood_airfield_274c83.mp4,1571,50.0,640,480,combined,detect_combined,Non-Flooded,resnet18,True,False,0,tensorrt,tensorrt,tensorrt,22.16,22.16,44.62,45.13,8.47,15.0,23.47,1422.01,29.6,7.54,1422.01,29.6,9.07,36.37,42.69,0.94,80.01,0.1923,False,False
1780909348.1214263,archive_flood_airfield_274c83,archive_flood_airfield_274c83.mp4,1572,50.0,640,480,combined,detect_combined,Non-Flooded,resnet18,False,False,0,tensorrt,tensorrt,tensorrt,24.46,24.46,40.47,40.89,7.44,15.55,22.990000000000002,1422.01,27.7,7.54,1422.01,27.7,9.07,36.37,42.69,0.94,80.01,0.1759,False,False
1780909348.2024064,archive_flood_airfield_274c83,archive_flood_airfield_274c83.mp4,1573,50.0,640,480,combined,detect_combined,Non-Flooded,resnet18,False,False,0,tensorrt,tensorrt,tensorrt,23.33,23.33,42.46,42.86,7.12,14.31,21.43,1422.01,39.1,7.54,1422.01,39.1,9.07,36.37,42.69,0.94,80.01,0.195,False,False
1780909348.2867277,archive_flood_airfield_274c83,archive_flood_airfield_274c83.mp4,1574,50.0,640,480,combined,detect_combined,Flooded,deeplabv3plus,True,False,0,tensorrt,tensorrt,tensorrt,23.15,23.15,42.69,43.19,7.65,15.56,23.21,1422.01,48.0,7.54,1422.01,48.0,9.07,36.37,42.69,0.94,80.01,0.2324,False,False
1780909348.3541882,archive_flood_airfield_274c83,archive_flood_airfield_274c83.mp4,1575,50.0,640,480,combined,detect_combined,Flooded,deeplabv3plus,False,False,0,tensorrt,tensorrt,tensorrt,26.84,26.84,36.93,37.26,5.64,14.6,20.24,1422.01,47.5,7.54,1422.01,47.5,9.07,36.37,42.69,0.94,80.01,0.2269,False,False
1780909348.4279075,archive_flood_airfield_274c83,archive_flood_airfield_274c83.mp4,1576,50.0,640,480,combined,detect_combined,Non-Flooded,resnet18,True,False,0,tensorrt,tensorrt,tensorrt,25.83,25.83,38.34,38.72,5.5,21.92,27.42,1422.01,47.7,7.54,1422.01,47.7,9.07,36.37,42.69,0.94,80.01,0.1853,False,False
1780909348.5015895,archive_flood_airfield_274c83,archive_flood_airfield_274c83.mp4,1577,50.0,640,480,combined,detect_combined,Non-Flooded,resnet18,False,False,0,tensorrt,tensorrt,tensorrt,21.7,21.7,45.53,46.09,5.93,20.34,26.27,1422.01,41.9,7.54,1422.01,41.9,9.07,36.37,42.69,0.94,80.01,0.1772,False,False
1780909348.5759118,archive_flood_airfield_274c83,archive_flood_airfield_274c83.mp4,1578,50.0,640,480,combined,detect_combined,Non-Flooded,resnet18,False,False,0,tensorrt,tensorrt,tensorrt,21.61,21.61,45.94,46.27,13.31,21.98,35.29,1422.01,44.2,7.54,1422.01,44.2,9.07,36.37,42.69,0.94,80.01,0.1408,False,False
1780909348.6614184,archive_flood_airfield_274c83,archive_flood_airfield_274c83.mp4,1579,50.0,640,480,combined,detect_combined,Non-Flooded,resnet18,False,False,0,tensorrt,tensorrt,tensorrt,18.85,18.85,52.47,53.04,14.46,11.94,26.4,1422.01,47.3,8.3,1422.01,47.3,9.07,36.37,42.69,0.94,80.01,0.151,False,False
1780909348.7566817,archive_flood_airfield_274c83,archive_flood_airfield_274c83.mp4,1580,50.0,640,480,combined,detect_combined,Non-Flooded,resnet18,False,False,0,tensorrt,tensorrt,tensorrt,21.3,21.3,46.54,46.95,13.91,15.82,29.73,1422.01,40.0,8.3,1422.01,40.0,9.07,36.37,42.69,0.94,80.01,0.1406,False,False
1780909348.8484447,archive_flood_airfield_274c83,archive_flood_airfield_274c83.mp4,1581,50.0,640,480,combined,detect_combined,Non-Flooded,resnet18,False,False,0,tensorrt,tensorrt,tensorrt,20.61,20.61,48.1,48.51,10.07,24.95,35.019999999999996,1422.01,27.3,8.3,1422.01,27.3,9.07,36.37,42.69,0.94,80.01,0.1468,False,False
1780909348.948565,archive_flood_airfield_274c83,archive_flood_airfield_274c83.mp4,1582,50.0,640,480,combined,detect_combined,Non-Flooded,resnet18,False,False,0,tensorrt,tensorrt,tensorrt,18.4,18.4,53.9,54.35,14.39,26.19,40.58,1422.01,24.1,8.3,1422.01,24.1,9.07,36.37,42.69,0.94,80.01,0.1817,False,False
1780909349.0474136,archive_flood_airfield_274c83,archive_flood_airfield_274c83.mp4,1583,50.0,640,480,combined,detect_combined,Non-Flooded,resnet18,False,False,0,tensorrt,tensorrt,tensorrt,19.16,19.16,51.76,52.18,12.82,25.47,38.29,1422.01,27.1,8.3,1422.01,27.1,9.07,36.37,42.69,0.94,80.01,0.1935,False,False
1780909349.1464493,archive_flood_airfield_274c83,archive_flood_airfield_274c83.mp4,1584,50.0,640,480,combined,detect_combined,Non-Flooded,resnet18,False,False,0,tensorrt,tensorrt,tensorrt,20.44,20.44,48.51,48.93,10.57,24.76,35.33,1422.01,27.6,8.3,1422.01,27.6,9.07,36.37,42.69,0.94,80.01,0.1829,False,False
1780909349.2373066,archive_flood_airfield_274c83,archive_flood_airfield_274c83.mp4,1585,50.0,640,480,combined,detect_combined,Non-Flooded,resnet18,False,False,0,tensorrt,tensorrt,tensorrt,20.98,20.98,47.25,47.66,7.69,15.32,23.01,1422.01,23.1,7.69,1422.01,23.1,9.07,36.37,42.69,0.94,80.01,0.1854,False,False
1780909349.32036,archive_flood_airfield_274c83,archive_flood_airfield_274c83.mp4,1586,50.0,640,480,combined,detect_combined,Flooded,deeplabv3plus,True,False,0,tensorrt,tensorrt,tensorrt,23.65,23.65,41.79,42.28,7.98,16.57,24.55,1422.01,32.0,7.69,1422.01,32.0,9.07,36.37,42.69,0.94,80.01,0.2195,False,False
1780909349.4018314,archive_flood_airfield_274c83,archive_flood_airfield_274c83.mp4,1587,50.0,640,480,combined,detect_combined,Non-Flooded,resnet18,True,False,0,tensorrt,tensorrt,tensorrt,24.07,24.07,41.01,41.55,7.49,15.4,22.89,1422.01,28.6,7.69,1422.01,28.6,9.07,36.37,42.69,0.94,80.01,0.149,False,False
1780909349.4841623,archive_flood_airfield_274c83,archive_flood_airfield_274c83.mp4,1588,50.0,640,480,combined,detect_combined,Non-Flooded,resnet18,False,False,0,tensorrt,tensorrt,tensorrt,23.93,23.93,41.37,41.78,7.65,14.96,22.61,1422.01,27.7,7.69,1422.01,27.7,9.07,36.37,42.69,0.94,80.01,0.0716,False,False
1780909349.5769544,archive_flood_airfield_274c83,archive_flood_airfield_274c83.mp4,1589,50.0,640,480,combined,detect_combined,Non-Flooded,resnet18,False,False,0,tensorrt,tensorrt,tensorrt,20.09,20.09,49.39,49.79,11.98,24.24,36.22,1422.01,29.8,7.69,1422.01,29.8,9.07,36.37,42.69,0.94,80.01,0.0895,False,False
1780909349.6669743,archive_flood_airfield_274c83,archive_flood_airfield_274c83.mp4,1590,50.0,640,480,combined,detect_combined,Non-Flooded,resnet18,False,False,0,tensorrt,tensorrt,tensorrt,21.24,21.24,46.65,47.07,7.45,19.2,26.65,1422.01,43.1,7.69,1422.01,43.1,9.07,36.37,42.69,0.94,80.01,0.1523,False,False
1780909349.762463,archive_flood_airfield_274c83,archive_flood_airfield_274c83.mp4,1591,50.0,640,480,combined,detect_combined,Non-Flooded,resnet18,False,False,0,tensorrt,tensorrt,tensorrt,22.6,22.6,43.84,44.25,8.05,22.51,30.560000000000002,1422.01,44.4,7.69,1422.01,44.4,9.07,36.37,42.69,0.94,80.01,0.1383,False,False
1780909349.8473895,archive_flood_airfield_274c83,archive_flood_airfield_274c83.mp4,1592,50.0,640,480,combined,detect_combined,Non-Flooded,resnet18,False,False,0,tensorrt,tensorrt,tensorrt,23.26,23.26,42.58,42.99,6.26,18.81,25.07,1422.01,46.0,7.69,1422.01,46.0,9.07,36.37,42.69,0.94,80.01,0.153,False,False
1780909349.932955,archive_flood_airfield_274c83,archive_flood_airfield_274c83.mp4,1593,50.0,640,480,combined,detect_combined,Non-Flooded,resnet18,False,False,0,tensorrt,tensorrt,tensorrt,23.48,23.48,42.18,42.6,7.73,13.47,21.200000000000003,1422.01,47.1,7.69,1422.01,47.1,9.07,36.37,42.69,0.94,80.01,0.1552,False,False
1780909350.0275636,archive_flood_airfield_274c83,archive_flood_airfield_274c83.mp4,1594,50.0,640,480,combined,detect_combined,Non-Flooded,resnet18,False,False,0,tensorrt,tensorrt,tensorrt,18.64,18.64,53.24,53.66,15.49,24.48,39.97,1422.01,30.9,7.69,1422.01,30.9,9.07,36.37,42.69,0.94,80.01,0.1778,False,False
1780909350.1279469,archive_flood_airfield_274c83,archive_flood_airfield_274c83.mp4,1595,50.0,640,480,combined,detect_combined,Non-Flooded,resnet18,False,False,0,tensorrt,tensorrt,tensorrt,18.68,18.68,53.14,53.54,14.67,25.26,39.93,1422.01,25.9,7.69,1422.01,25.9,9.07,36.37,42.69,0.94,80.01,0.1323,False,False
1780909350.2274935,archive_flood_airfield_274c83,archive_flood_airfield_274c83.mp4,1596,50.0,640,480,combined,detect_combined,Non-Flooded,resnet18,False,False,0,tensorrt,tensorrt,tensorrt,19.33,19.33,51.31,51.73,15.54,22.51,38.05,1422.01,24.6,7.69,1422.01,24.6,9.07,36.37,42.69,0.94,80.01,0.1615,False,False
1780909350.340742,archive_flood_airfield_274c83,archive_flood_airfield_274c83.mp4,1597,50.0,640,480,combined,detect_combined,Non-Flooded,resnet18,False,False,0,tensorrt,tensorrt,tensorrt,16.27,16.27,61.06,61.47,10.55,24.76,35.31,1422.01,31.9,7.69,1422.01,31.9,9.07,36.37,42.69,0.94,80.01,0.1582,False,False
1780909350.4444823,archive_flood_airfield_274c83,archive_flood_airfield_274c83.mp4,1598,50.0,640,480,combined,detect_combined,Non-Flooded,resnet18,False,False,0,tensorrt,tensorrt,tensorrt,19.89,19.89,49.85,50.28,13.57,22.95,36.519999999999996,1422.01,35.0,7.69,1422.01,35.0,9.07,36.37,42.69,0.94,80.01,0.1761,False,False
1780909350.5441365,archive_flood_airfield_274c83,archive_flood_airfield_274c83.mp4,1599,50.0,640,480,combined,detect_combined,Non-Flooded,resnet18,False,False,0,tensorrt,tensorrt,tensorrt,19.08,19.08,52.01,52.42,12.95,25.84,38.79,1422.01,25.4,7.69,1422.01,25.4,9.07,36.37,42.69,0.94,80.01,0.0895,False,False
1780909350.6314452,archive_flood_airfield_274c83,archive_flood_airfield_274c83.mp4,1600,50.0,640,480,combined,detect_combined,Non-Flooded,resnet18,False,False,0,tensorrt,tensorrt,tensorrt,22.16,22.16,44.71,45.12,7.88,15.74,23.62,1422.01,27.5,7.69,1422.01,27.5,9.07,36.37,42.69,0.94,80.01,0.1597,False,False
1780909350.7123082,archive_flood_airfield_274c83,archive_flood_airfield_274c83.mp4,1601,50.0,640,480,combined,detect_combined,Non-Flooded,resnet18,False,False,0,tensorrt,tensorrt,tensorrt,24.35,24.35,40.11,41.08,9.73,14.31,24.04,1422.01,31.2,7.69,1422.01,31.2,9.07,36.37,42.69,0.94,80.01,0.1841,False,False
1780909350.799403,archive_flood_airfield_274c83,archive_flood_airfield_274c83.mp4,1602,50.0,640,480,combined,detect_combined,Non-Flooded,resnet18,False,False,0,tensorrt,tensorrt,tensorrt,20.57,20.57,48.16,48.6,7.76,15.34,23.1,1422.01,25.5,7.69,1422.01,25.5,9.07,36.37,42.69,0.94,80.01,0.1856,False,False
1780909350.8923714,archive_flood_airfield_274c83,archive_flood_airfield_274c83.mp4,1603,50.0,640,480,combined,detect_combined,Non-Flooded,resnet18,False,False,0,tensorrt,tensorrt,tensorrt,22.52,22.52,44.06,44.41,7.24,13.88,21.12,1422.01,26.4,7.69,1422.01,26.4,9.07,36.37,42.69,0.94,80.01,0.1581,False,False
1780909350.9700198,archive_flood_airfield_274c83,archive_flood_airfield_274c83.mp4,1604,50.0,640,480,combined,detect_combined,Non-Flooded,resnet18,False,False,0,tensorrt,tensorrt,tensorrt,22.71,22.71,43.69,44.04,10.55,22.36,32.91,1422.01,43.5,7.39,1422.01,43.5,9.07,36.37,42.69,0.94,80.01,0.1513,False,False
1780909351.0450058,archive_flood_airfield_274c83,archive_flood_airfield_274c83.mp4,1605,50.0,640,480,combined,detect_combined,Non-Flooded,resnet18,False,False,0,tensorrt,tensorrt,tensorrt,23.42,23.42,42.29,42.69,7.17,17.67,24.840000000000003,1422.01,53.3,7.39,1422.01,53.3,9.07,36.37,42.69,0.94,80.01,0.1146,False,False
1780909351.1294923,archive_flood_airfield_274c83,archive_flood_airfield_274c83.mp4,1606,50.0,640,480,combined,detect_combined,Non-Flooded,resnet18,False,False,0,tensorrt,tensorrt,tensorrt,20.16,20.16,49.2,49.6,11.14,13.45,24.59,1422.01,42.0,7.39,1422.01,42.0,9.07,36.37,42.69,0.94,80.01,0.1777,False,False
1780909351.2103386,archive_flood_airfield_274c83,archive_flood_airfield_274c83.mp4,1607,50.0,640,480,combined,detect_combined,Non-Flooded,resnet18,False,False,0,tensorrt,tensorrt,tensorrt,21.81,21.81,45.49,45.86,7.07,19.15,26.22,1422.01,53.2,7.39,1422.01,53.2,9.07,36.37,42.69,0.94,80.01,0.1813,False,False
1780909351.2940602,archive_flood_airfield_274c83,archive_flood_airfield_274c83.mp4,1608,50.0,640,480,combined,detect_combined,Non-Flooded,resnet18,False,False,0,tensorrt,tensorrt,tensorrt,21.55,21.55,46.01,46.4,6.64,14.54,21.18,1422.01,45.1,7.39,1422.01,45.1,9.07,36.37,42.69,0.94,80.01,0.1754,False,False
1780909351.3984609,archive_flood_airfield_274c83,archive_flood_airfield_274c83.mp4,1609,50.0,640,480,combined,detect_combined,Non-Flooded,resnet18,False,False,0,tensorrt,tensorrt,tensorrt,17.34,17.34,57.25,57.68,12.47,25.65,38.12,1422.01,29.0,7.39,1422.01,29.0,9.07,36.37,42.69,0.94,80.01,0.1842,False,False
1780909351.4832976,archive_flood_airfield_274c83,archive_flood_airfield_274c83.mp4,1610,50.0,640,480,combined,detect_combined,Flooded,deeplabv3plus,True,False,0,tensorrt,tensorrt,tensorrt,23.63,23.63,41.79,42.32,7.82,16.4,24.22,1422.01,30.6,7.39,1422.01,30.6,9.07,36.37,42.69,0.94,80.01,0.2045,False,False
1780909351.5657132,archive_flood_airfield_274c83,archive_flood_airfield_274c83.mp4,1611,50.0,640,480,combined,detect_combined,Non-Flooded,resnet18,True,False,0,tensorrt,tensorrt,tensorrt,23.81,23.81,41.48,41.99,7.66,16.57,24.23,1422.01,28.6,7.85,1422.01,28.6,9.07,36.37,42.69,0.94,80.01,0.1954,False,False
1780909351.6541128,archive_flood_airfield_274c83,archive_flood_airfield_274c83.mp4,1612,50.0,640,480,combined,detect_combined,Flooded,deeplabv3plus,True,False,0,tensorrt,tensorrt,tensorrt,22.18,22.18,44.55,45.08,7.36,24.07,31.43,1422.01,30.8,7.85,1422.01,30.8,9.07,36.37,42.69,0.94,80.01,0.212,False,False
1780909351.756735,archive_flood_airfield_274c83,archive_flood_airfield_274c83.mp4,1613,50.0,640,480,combined,detect_combined,Non-Flooded,resnet18,True,False,0,tensorrt,tensorrt,tensorrt,18.56,18.56,53.37,53.87,15.93,24.04,39.97,1422.01,23.7,7.85,1422.01,23.7,9.07,36.37,42.69,0.94,80.01,0.1926,False,False
1780909351.8524935,archive_flood_airfield_274c83,archive_flood_airfield_274c83.mp4,1614,50.0,640,480,combined,detect_combined,Non-Flooded,resnet18,False,False,0,tensorrt,tensorrt,tensorrt,21.37,21.37,46.44,46.8,12.48,23.22,35.7,1422.01,30.5,7.85,1422.01,30.5,9.07,36.37,42.69,0.94,80.01,0.1673,False,False
1780909351.9348414,archive_flood_airfield_274c83,archive_flood_airfield_274c83.mp4,1615,50.0,640,480,combined,detect_combined,Non-Flooded,resnet18,False,False,0,tensorrt,tensorrt,tensorrt,19.89,19.89,49.9,50.28,14.48,23.94,38.42,1422.01,36.2,7.85,1422.01,36.2,9.07,36.37,42.69,0.94,80.01,0.1521,False,False
1780909352.0204391,archive_flood_airfield_274c83,archive_flood_airfield_274c83.mp4,1616,50.0,640,480,combined,detect_combined,Non-Flooded,resnet18,False,False,0,tensorrt,tensorrt,tensorrt,21.03,21.03,47.19,47.56,12.21,23.6,35.81,1422.01,36.5,7.85,1422.01,36.5,9.07,36.37,42.69,0.94,80.01,0.1624,False,False
1780909352.101651,archive_flood_airfield_274c83,archive_flood_airfield_274c83.mp4,1617,50.0,640,480,combined,detect_combined,Flooded,deeplabv3plus,True,False,0,tensorrt,tensorrt,tensorrt,22.06,22.06,44.91,45.34,10.49,22.53,33.02,1422.01,31.9,7.54,1422.01,31.9,9.07,36.37,42.69,0.94,80.01,0.205,False,False
1780909352.1780493,archive_flood_airfield_274c83,archive_flood_airfield_274c83.mp4,1618,50.0,640,480,combined,detect_combined,Flooded,deeplabv3plus,False,False,0,tensorrt,tensorrt,tensorrt,29.45,29.45,33.55,33.95,6.79,13.99,20.78,1422.01,43.5,7.54,1422.01,43.5,9.07,36.37,42.69,0.94,80.01,0.2079,False,False
1780909352.2594965,archive_flood_airfield_274c83,archive_flood_airfield_274c83.mp4,1619,50.0,640,480,combined,detect_combined,Non-Flooded,resnet18,True,False,0,tensorrt,tensorrt,tensorrt,20.88,20.88,47.43,47.9,11.48,14.3,25.78,1422.0,33.3,7.54,1422.0,33.3,9.07,36.37,42.69,0.94,80.01,0.1705,False,False
1780909352.3420057,archive_flood_airfield_274c83,archive_flood_airfield_274c83.mp4,1620,50.0,640,480,combined,detect_combined,Non-Flooded,resnet18,False,False,0,tensorrt,tensorrt,tensorrt,20.33,20.33,48.86,49.18,5.89,21.09,26.98,1422.0,42.6,7.54,1422.0,42.6,9.07,36.37,42.69,0.94,80.01,0.1542,False,False
1780909352.4250188,archive_flood_airfield_274c83,archive_flood_airfield_274c83.mp4,1621,50.0,640,480,combined,detect_combined,Non-Flooded,resnet18,False,False,0,tensorrt,tensorrt,tensorrt,20.98,20.98,47.31,47.66,6.48,20.63,27.11,1422.0,41.7,7.54,1422.0,41.7,9.07,36.37,42.69,0.94,80.01,0.1322,False,False
1780909352.4989378,archive_flood_airfield_274c83,archive_flood_airfield_274c83.mp4,1622,50.0,640,480,combined,detect_combined,Non-Flooded,resnet18,False,False,0,tensorrt,tensorrt,tensorrt,23.2,23.2,42.75,43.1,9.65,22.16,31.810000000000002,1422.0,45.5,7.54,1422.0,45.5,9.07,36.37,42.69,0.94,80.01,0.1531,False,False
1780909352.5732455,archive_flood_airfield_274c83,archive_flood_airfield_274c83.mp4,1623,50.0,640,480,combined,detect_combined,Non-Flooded,resnet18,False,False,0,tensorrt,tensorrt,tensorrt,22.85,22.85,43.43,43.77,6.65,19.67,26.32,1422.0,42.9,7.54,1422.0,42.9,9.07,36.37,42.69,0.94,80.01,0.1078,False,False
1780909352.651178,archive_flood_airfield_274c83,archive_flood_airfield_274c83.mp4,1624,50.0,640,480,combined,detect_combined,Non-Flooded,resnet18,False,False,0,tensorrt,tensorrt,tensorrt,21.33,21.33,46.48,46.88,10.25,23.8,34.05,1422.0,40.4,7.54,1422.0,40.4,9.07,36.37,42.69,0.94,80.01,0.1442,False,False
1780909352.7403543,archive_flood_airfield_274c83,archive_flood_airfield_274c83.mp4,1625,50.0,640,480,combined,detect_combined,Non-Flooded,resnet18,False,False,0,tensorrt,tensorrt,tensorrt,21.71,21.71,45.66,46.06,6.98,14.52,21.5,1422.0,38.0,8.15,1422.0,38.0,9.07,36.37,42.69,0.94,80.01,0.1664,False,False
1780909352.8522153,archive_flood_airfield_274c83,archive_flood_airfield_274c83.mp4,1626,50.0,640,480,combined,detect_combined,Non-Flooded,resnet18,False,False,0,tensorrt,tensorrt,tensorrt,15.58,15.58,63.77,64.19,11.7,26.8,38.5,1422.01,32.8,8.15,1422.01,32.8,9.07,36.37,42.69,0.94,80.01,0.1231,False,False
1780909352.9544075,archive_flood_airfield_274c83,archive_flood_airfield_274c83.mp4,1627,50.0,640,480,combined,detect_combined,Non-Flooded,resnet18,False,False,0,tensorrt,tensorrt,tensorrt,20.46,20.46,48.46,48.88,11.94,23.35,35.29,1422.01,33.3,8.15,1422.01,33.3,9.07,36.37,42.69,0.94,80.01,0.1483,False,False
1780909353.039476,archive_flood_airfield_274c83,archive_flood_airfield_274c83.mp4,1628,50.0,640,480,combined,detect_combined,Non-Flooded,resnet18,False,False,0,tensorrt,tensorrt,tensorrt,22.6,22.6,43.85,44.24,7.5,15.05,22.55,1422.01,29.4,8.15,1422.01,29.4,9.07,36.37,42.69,0.94,80.01,0.1561,False,False
1780909353.124503,archive_flood_airfield_274c83,archive_flood_airfield_274c83.mp4,1629,50.0,640,480,combined,detect_combined,Non-Flooded,resnet18,False,False,0,tensorrt,tensorrt,tensorrt,21.83,21.83,45.38,45.82,7.82,15.63,23.450000000000003,1422.01,26.5,8.15,1422.01,26.5,9.07,36.37,42.69,0.94,80.01,0.1358,False,False
1780909353.2098203,archive_flood_airfield_274c83,archive_flood_airfield_274c83.mp4,1630,50.0,640,480,combined,detect_combined,Non-Flooded,resnet18,False,False,0,tensorrt,tensorrt,tensorrt,21.93,21.93,45.19,45.61,7.87,15.35,23.22,1422.01,26.5,8.15,1422.01,26.5,9.07,36.37,42.69,0.94,80.01,0.1307,False,False
1780909353.2937992,archive_flood_airfield_274c83,archive_flood_airfield_274c83.mp4,1631,50.0,640,480,combined,detect_combined,Non-Flooded,resnet18,False,False,0,tensorrt,tensorrt,tensorrt,22.35,22.35,44.29,44.74,7.76,15.39,23.15,1422.01,30.6,7.38,1422.01,30.6,9.07,36.37,42.69,0.94,80.01,0.1739,False,False
1780909353.390459,archive_flood_airfield_274c83,archive_flood_airfield_274c83.mp4,1632,50.0,640,480,combined,detect_combined,Non-Flooded,resnet18,False,False,0,tensorrt,tensorrt,tensorrt,21.03,21.03,47.14,47.56,7.28,15.22,22.5,1422.01,28.1,7.38,1422.01,28.1,9.07,36.37,42.69,0.94,80.01,0.155,False,False
1780909353.4861617,archive_flood_airfield_274c83,archive_flood_airfield_274c83.mp4,1633,50.0,640,480,combined,detect_combined,Non-Flooded,resnet18,False,False,0,tensorrt,tensorrt,tensorrt,21.02,21.02,47.17,47.58,9.39,24.49,33.879999999999995,1422.01,23.2,7.38,1422.01,23.2,9.07,36.37,42.69,0.94,80.01,0.1444,False,False
1780909353.5821629,archive_flood_airfield_274c83,archive_flood_airfield_274c83.mp4,1634,50.0,640,480,combined,detect_combined,Non-Flooded,resnet18,False,False,0,tensorrt,tensorrt,tensorrt,20.98,20.98,47.28,47.67,12.28,23.31,35.589999999999996,1422.01,22.6,7.38,1422.01,22.6,9.07,36.37,42.69,0.94,80.01,0.1536,False,False
1780909353.6670334,archive_flood_airfield_274c83,archive_flood_airfield_274c83.mp4,1635,50.0,640,480,combined,detect_combined,Non-Flooded,resnet18,False,False,0,tensorrt,tensorrt,tensorrt,21.61,21.61,45.87,46.27,8.43,24.58,33.01,1422.01,34.0,7.38,1422.01,34.0,9.07,36.37,42.69,0.94,80.01,0.1775,False,False
1780909353.7543738,archive_flood_airfield_274c83,archive_flood_airfield_274c83.mp4,1636,50.0,640,480,combined,detect_combined,Non-Flooded,resnet18,False,False,0,tensorrt,tensorrt,tensorrt,22.0,22.0,45.04,45.45,6.71,19.24,25.95,1422.01,48.1,7.38,1422.01,48.1,9.07,36.37,42.69,0.94,80.01,0.1495,False,False
1780909353.8523712,archive_flood_airfield_274c83,archive_flood_airfield_274c83.mp4,1637,50.0,640,480,combined,detect_combined,Non-Flooded,resnet18,False,False,0,tensorrt,tensorrt,tensorrt,18.09,18.09,54.84,55.28,14.86,26.46,41.32,1422.01,42.1,7.69,1422.01,42.1,9.07,36.37,42.69,0.94,80.01,0.1371,False,False
1780909353.9420254,archive_flood_airfield_274c83,archive_flood_airfield_274c83.mp4,1638,50.0,640,480,combined,detect_combined,Non-Flooded,resnet18,False,False,0,tensorrt,tensorrt,tensorrt,20.83,20.83,47.59,48.01,15.32,15.56,30.880000000000003,1422.01,45.1,7.69,1422.01,45.1,9.07,36.37,42.69,0.94,80.01,0.1829,False,False
1780909354.0213933,archive_flood_airfield_274c83,archive_flood_airfield_274c83.mp4,1639,50.0,640,480,combined,detect_combined,Non-Flooded,resnet18,False,False,0,tensorrt,tensorrt,tensorrt,25.33,25.33,39.13,39.47,7.47,14.47,21.94,1422.01,45.7,7.69,1422.01,45.7,9.07,36.37,42.69,0.94,80.01,0.1711,False,False
1780909354.1159399,archive_flood_airfield_274c83,archive_flood_airfield_274c83.mp4,1640,50.0,640,480,combined,detect_combined,Flooded,deeplabv3plus,True,False,0,tensorrt,tensorrt,tensorrt,18.87,18.87,52.47,52.99,14.33,24.71,39.04,1422.01,26.8,7.69,1422.01,26.8,9.07,36.37,42.69,0.94,80.01,0.2101,False,False
1780909354.217082,archive_flood_airfield_274c83,archive_flood_airfield_274c83.mp4,1641,50.0,640,480,combined,detect_combined,Non-Flooded,resnet18,True,False,0,tensorrt,tensorrt,tensorrt,19.98,19.98,49.53,50.04,11.9,24.27,36.17,1422.01,31.1,7.69,1422.01,31.1,9.07,36.37,42.69,0.94,80.01,0.1663,False,False
1780909354.3170338,archive_flood_airfield_274c83,archive_flood_airfield_274c83.mp4,1642,50.0,640,480,combined,detect_combined,Flooded,deeplabv3plus,True,False,0,tensorrt,tensorrt,tensorrt,20.44,20.44,48.44,48.93,9.91,25.22,35.129999999999995,1422.01,24.6,7.69,1422.01,24.6,9.07,36.37,42.69,0.94,80.01,0.2211,False,False
1780909354.416943,archive_flood_airfield_274c83,archive_flood_airfield_274c83.mp4,1643,50.0,640,480,combined,detect_combined,Non-Flooded,resnet18,True,False,0,tensorrt,tensorrt,tensorrt,19.41,19.41,51.01,51.52,12.12,25.05,37.17,1422.01,31.1,7.54,1422.01,31.1,9.07,36.37,42.69,0.94,80.01,0.1903,False,False
1780909354.514587,archive_flood_airfield_274c83,archive_flood_airfield_274c83.mp4,1644,50.0,640,480,combined,detect_combined,Flooded,deeplabv3plus,True,False,0,tensorrt,tensorrt,tensorrt,21.71,21.71,45.6,46.06,9.29,23.42,32.71,1422.01,29.3,7.54,1422.01,29.3,9.07,36.37,42.69,0.94,80.01,0.209,False,False
1780909354.6031685,archive_flood_airfield_274c83,archive_flood_airfield_274c83.mp4,1645,50.0,640,480,combined,detect_combined,Flooded,deeplabv3plus,False,False,0,tensorrt,tensorrt,tensorrt,23.65,23.65,41.87,42.29,8.34,19.96,28.3,1422.01,41.5,7.54,1422.01,41.5,9.07,36.37,42.69,0.94,80.01,0.2227,False,False
1780909354.6953385,archive_flood_airfield_274c83,archive_flood_airfield_274c83.mp4,1646,50.0,640,480,combined,detect_combined,Non-Flooded,resnet18,True,False,0,tensorrt,tensorrt,tensorrt,22.74,22.74,43.52,43.97,8.8,23.56,32.36,1422.01,41.2,7.54,1422.01,41.2,9.07,36.37,42.69,0.94,80.01,0.1062,False,False
1780909354.7705755,archive_flood_airfield_274c83,archive_flood_airfield_274c83.mp4,1647,50.0,640,480,combined,detect_combined,Non-Flooded,resnet18,False,False,0,tensorrt,tensorrt,tensorrt,22.73,22.73,43.67,43.99,13.68,13.31,26.990000000000002,1422.01,46.5,7.54,1422.01,46.5,9.07,36.37,42.69,0.94,80.01,0.1893,False,False
1780909354.8615792,archive_flood_airfield_274c83,archive_flood_airfield_274c83.mp4,1648,50.0,640,480,combined,detect_combined,Flooded,deeplabv3plus,True,False,0,tensorrt,tensorrt,tensorrt,25.71,25.71,38.23,38.89,5.72,12.12,17.84,1422.01,92.7,7.54,1422.01,92.7,9.07,36.37,42.69,0.94,80.01,0.2077,False,False
1780909354.9352422,archive_flood_airfield_274c83,archive_flood_airfield_274c83.mp4,1649,50.0,640,480,combined,detect_combined,Non-Flooded,resnet18,True,False,0,tensorrt,tensorrt,tensorrt,23.92,23.92,41.28,41.81,11.56,11.13,22.69,1422.0,56.8,7.54,1422.0,56.8,9.07,36.37,42.69,0.94,80.01,0.1594,False,False
1780909355.0047,archive_flood_airfield_274c83,archive_flood_airfield_274c83.mp4,1650,50.0,640,480,combined,detect_combined,Non-Flooded,resnet18,False,False,0,tensorrt,tensorrt,tensorrt,23.36,23.36,42.3,42.8,12.56,13.3,25.86,1422.0,32.6,8.92,1422.0,32.6,9.07,36.37,42.69,0.94,80.01,0.154,False,False
1780909355.0938115,archive_flood_airfield_274c83,archive_flood_airfield_274c83.mp4,1651,50.0,640,480,combined,detect_combined,Flooded,deeplabv3plus,True,False,0,tensorrt,tensorrt,tensorrt,19.98,19.98,49.56,50.04,14.19,23.52,37.71,1422.0,48.1,8.92,1422.0,48.1,9.07,36.37,42.69,0.94,80.01,0.2652,False,False
1780909355.1826668,archive_flood_airfield_274c83,archive_flood_airfield_274c83.mp4,1652,50.0,640,480,combined,detect_combined,Non-Flooded,resnet18,True,False,0,tensorrt,tensorrt,tensorrt,25.71,25.71,38.5,38.9,8.19,18.79,26.979999999999997,1422.0,43.4,8.92,1422.0,43.4,9.07,36.37,42.69,0.94,80.01,0.1761,False,False
1780909355.2666905,archive_flood_airfield_274c83,archive_flood_airfield_274c83.mp4,1653,50.0,640,480,combined,detect_combined,Non-Flooded,resnet18,False,False,0,tensorrt,tensorrt,tensorrt,21.12,21.12,46.93,47.34,9.83,12.51,22.34,1422.0,41.7,8.92,1422.0,41.7,9.07,36.37,42.69,0.94,80.01,0.1875,False,False
1780909355.3635397,archive_flood_airfield_274c83,archive_flood_airfield_274c83.mp4,1654,50.0,640,480,combined,detect_combined,Non-Flooded,resnet18,False,False,0,tensorrt,tensorrt,tensorrt,20.29,20.29,48.91,49.28,14.73,23.01,37.74,1422.0,50.9,8.92,1422.0,50.9,9.07,36.37,42.69,0.94,80.01,0.1326,False,False
1780909355.4612932,archive_flood_airfield_274c83,archive_flood_airfield_274c83.mp4,1655,50.0,640,480,combined,detect_combined,Flooded,deeplabv3plus,True,False,0,tensorrt,tensorrt,tensorrt,19.58,19.58,50.53,51.07,14.3,23.82,38.120000000000005,1422.0,33.3,8.92,1422.0,33.3,9.07,36.37,42.69,0.94,80.01,0.2299,False,False
1780909355.5369017,archive_flood_airfield_274c83,archive_flood_airfield_274c83.mp4,1656,50.0,640,480,combined,detect_combined,Non-Flooded,resnet18,True,False,0,tensorrt,tensorrt,tensorrt,22.8,22.8,43.32,43.86,7.62,13.89,21.51,1422.0,28.9,8.92,1422.0,28.9,9.07,36.37,42.69,0.94,80.01,0.1433,False,False
1780909355.6305096,archive_flood_airfield_274c83,archive_flood_airfield_274c83.mp4,1657,50.0,640,480,combined,detect_combined,Non-Flooded,resnet18,False,False,0,tensorrt,tensorrt,tensorrt,18.6,18.6,53.33,53.76,14.3,25.66,39.96,1422.0,27.3,8.3,1422.0,27.3,9.07,36.37,42.69,0.94,80.01,0.1684,False,False
1780909355.7283404,archive_flood_airfield_274c83,archive_flood_airfield_274c83.mp4,1658,50.0,640,480,combined,detect_combined,Non-Flooded,resnet18,False,False,0,tensorrt,tensorrt,tensorrt,19.63,19.63,50.54,50.94,13.1,24.5,37.6,1422.0,27.1,8.3,1422.0,27.1,9.07,36.37,42.69,0.94,80.01,0.1761,False,False
1780909355.8308837,archive_flood_airfield_274c83,archive_flood_airfield_274c83.mp4,1659,50.0,640,480,combined,detect_combined,Non-Flooded,resnet18,False,False,0,tensorrt,tensorrt,tensorrt,17.86,17.86,55.63,55.98,15.36,24.5,39.86,1422.0,26.7,8.3,1422.0,26.7,9.07,36.37,42.69,0.94,80.01,0.0984,False,False
1780909355.9169726,archive_flood_airfield_274c83,archive_flood_airfield_274c83.mp4,1660,50.0,640,480,combined,detect_combined,Non-Flooded,resnet18,False,False,0,tensorrt,tensorrt,tensorrt,21.71,21.71,45.68,46.05,7.24,17.55,24.79,1422.0,27.5,8.3,1422.0,27.5,9.07,36.37,42.69,0.94,80.01,0.1247,False,False
1780909355.998263,archive_flood_airfield_274c83,archive_flood_airfield_274c83.mp4,1661,50.0,640,480,combined,detect_combined,Non-Flooded,resnet18,False,False,0,tensorrt,tensorrt,tensorrt,21.62,21.62,45.83,46.25,6.49,20.85,27.340000000000003,1422.0,28.6,8.3,1422.0,28.6,9.07,36.37,42.69,0.94,80.01,0.1423,False,False
1780909356.0928278,archive_flood_airfield_274c83,archive_flood_airfield_274c83.mp4,1662,50.0,640,480,combined,detect_combined,Flooded,deeplabv3plus,True,False,0,tensorrt,tensorrt,tensorrt,19.74,19.74,50.22,50.67,14.51,23.03,37.54,1422.0,25.0,8.3,1422.0,25.0,9.07,36.37,42.69,0.94,80.01,0.2059,False,False
1780909356.180155,archive_flood_airfield_274c83,archive_flood_airfield_274c83.mp4,1663,50.0,640,480,combined,detect_combined,Non-Flooded,resnet18,True,False,0,tensorrt,tensorrt,tensorrt,22.64,22.64,43.7,44.16,6.85,17.91,24.759999999999998,1422.0,34.6,7.54,1422.0,34.6,9.07,36.37,42.69,0.94,80.01,0.1418,False,False
1780909356.260804,archive_flood_airfield_274c83,archive_flood_airfield_274c83.mp4,1664,50.0,640,480,combined,detect_combined,Non-Flooded,resnet18,False,False,0,tensorrt,tensorrt,tensorrt,21.65,21.65,45.81,46.19,9.13,13.99,23.12,1422.0,35.4,7.54,1422.0,35.4,9.07,36.37,42.69,0.94,80.01,0.1568,False,False
1780909356.3471637,archive_flood_airfield_274c83,archive_flood_airfield_274c83.mp4,1665,50.0,640,480,combined,detect_combined,Flooded,deeplabv3plus,True,False,0,tensorrt,tensorrt,tensorrt,22.51,22.51,43.88,44.42,7.24,19.4,26.64,1422.0,49.1,7.54,1422.0,49.1,9.07,36.37,42.69,0.94,80.01,0.2423,False,False
1780909356.447066,archive_flood_airfield_274c83,archive_flood_airfield_274c83.mp4,1666,50.0,640,480,combined,detect_combined,Flooded,deeplabv3plus,False,False,0,tensorrt,tensorrt,tensorrt,17.28,17.28,57.37,57.86,15.16,27.12,42.28,1422.0,43.9,7.54,1422.0,43.9,9.07,36.37,42.69,0.94,80.01,0.2348,False,False
1780909356.535442,archive_flood_airfield_274c83,archive_flood_airfield_274c83.mp4,1667,50.0,640,480,combined,detect_combined,Flooded,deeplabv3plus,False,False,0,tensorrt,tensorrt,tensorrt,20.27,20.27,48.92,49.34,7.45,15.23,22.68,1422.0,42.9,7.54,1422.0,42.9,9.07,36.37,42.69,0.94,80.01,0.229,False,False
1780909356.6157079,archive_flood_airfield_274c83,archive_flood_airfield_274c83.mp4,1668,50.0,640,480,combined,detect_combined,Flooded,deeplabv3plus,False,False,0,tensorrt,tensorrt,tensorrt,22.5,22.5,44.01,44.44,7.42,14.75,22.17,1422.0,29.8,7.54,1422.0,29.8,9.07,36.37,42.69,0.94,80.01,0.23,False,False
1780909356.7021122,archive_flood_airfield_274c83,archive_flood_airfield_274c83.mp4,1669,50.0,640,480,combined,detect_combined,Flooded,deeplabv3plus,False,False,0,tensorrt,tensorrt,tensorrt,24.33,24.33,40.7,41.11,7.16,16.35,23.51,1422.0,26.0,7.54,1422.0,26.0,9.07,36.37,42.69,0.94,80.01,0.273,False,False
1780909356.7828486,archive_flood_airfield_274c83,archive_flood_airfield_274c83.mp4,1670,50.0,640,480,combined,detect_combined,Flooded,deeplabv3plus,False,False,0,tensorrt,tensorrt,tensorrt,24.55,24.55,40.3,40.74,7.39,15.69,23.08,1422.0,31.2,7.69,1422.0,31.2,9.07,36.37,42.69,0.94,80.01,0.2186,False,False
1780909356.8649676,archive_flood_airfield_274c83,archive_flood_airfield_274c83.mp4,1671,50.0,640,480,combined,detect_combined,Non-Flooded,resnet18,True,False,0,tensorrt,tensorrt,tensorrt,23.4,23.4,42.2,42.73,7.39,15.34,22.73,1422.0,25.5,7.69,1422.0,25.5,9.07,36.37,42.69,0.94,80.01,0.1983,False,False
1780909356.9552505,archive_flood_airfield_274c83,archive_flood_airfield_274c83.mp4,1672,50.0,640,480,combined,detect_combined,Non-Flooded,resnet18,False,False,0,tensorrt,tensorrt,tensorrt,23.95,23.95,41.34,41.76,7.78,20.43,28.21,1422.0,28.8,7.69,1422.0,28.8,9.07,36.37,42.69,0.94,80.01,0.1759,False,False
1780909357.0569675,archive_flood_airfield_274c83,archive_flood_airfield_274c83.mp4,1673,50.0,640,480,combined,detect_combined,Non-Flooded,resnet18,False,False,0,tensorrt,tensorrt,tensorrt,18.45,18.45,53.77,54.21,14.93,25.57,40.5,1422.0,23.7,7.69,1422.0,23.7,9.07,36.37,42.69,0.94,80.01,0.1697,False,False
1780909357.1575515,archive_flood_airfield_274c83,archive_flood_airfield_274c83.mp4,1674,50.0,640,480,combined,detect_combined,Non-Flooded,resnet18,False,False,0,tensorrt,tensorrt,tensorrt,18.34,18.34,54.1,54.52,15.15,25.61,40.76,1422.0,25.4,7.69,1422.0,25.4,9.07,36.37,42.69,0.94,80.01,0.1791,False,False
1780909357.2593472,archive_flood_airfield_274c83,archive_flood_airfield_274c83.mp4,1675,50.0,640,480,combined,detect_combined,Flooded,deeplabv3plus,True,False,0,tensorrt,tensorrt,tensorrt,17.97,17.97,55.14,55.66,15.78,25.99,41.769999999999996,1422.0,25.4,7.69,1422.0,25.4,9.07,36.37,42.69,0.94,80.01,0.2071,False,False
1780909357.359084,archive_flood_airfield_274c83,archive_flood_airfield_274c83.mp4,1676,50.0,640,480,combined,detect_combined,Non-Flooded,resnet18,True,False,0,tensorrt,tensorrt,tensorrt,20.68,20.68,47.86,48.36,8.81,25.71,34.52,1422.0,26.3,7.39,1422.0,26.3,9.07,36.37,42.69,0.94,80.01,0.1923,False,False
1780909357.4586627,archive_flood_airfield_274c83,archive_flood_airfield_274c83.mp4,1677,50.0,640,480,combined,detect_combined,Non-Flooded,resnet18,False,False,0,tensorrt,tensorrt,tensorrt,20.2,20.2,49.07,49.49,12.04,23.81,35.849999999999994,1422.0,27.1,7.39,1422.0,27.1,9.07,36.37,42.69,0.94,80.01,0.1579,False,False
1780909357.5587711,archive_flood_airfield_274c83,archive_flood_airfield_274c83.mp4,1678,50.0,640,480,combined,detect_combined,Non-Flooded,resnet18,False,False,0,tensorrt,tensorrt,tensorrt,19.38,19.38,51.17,51.6,11.85,26.04,37.89,1422.0,38.3,7.39,1422.0,38.3,9.07,36.37,42.69,0.94,80.01,0.18,False,False
1780909357.6585252,archive_flood_airfield_274c83,archive_flood_airfield_274c83.mp4,1679,50.0,640,480,combined,detect_combined,Non-Flooded,resnet18,False,False,0,tensorrt,tensorrt,tensorrt,17.47,17.47,56.78,57.23,15.25,28.23,43.480000000000004,1422.0,40.7,7.39,1422.0,40.7,9.07,36.37,42.69,0.94,80.01,0.1879,False,False
1780909357.7449644,archive_flood_airfield_274c83,archive_flood_airfield_274c83.mp4,1680,50.0,640,480,combined,detect_combined,Flooded,deeplabv3plus,True,False,0,tensorrt,tensorrt,tensorrt,22.29,22.29,44.41,44.87,6.48,16.42,22.900000000000002,1422.0,49.1,7.39,1422.0,49.1,9.07,36.37,42.69,0.94,80.01,0.2098,False,False
1780909357.8317685,archive_flood_airfield_274c83,archive_flood_airfield_274c83.mp4,1681,50.0,640,480,combined,detect_combined,Non-Flooded,resnet18,True,False,0,tensorrt,tensorrt,tensorrt,20.84,20.84,47.22,47.98,7.24,16.46,23.700000000000003,1422.0,54.0,7.39,1422.0,54.0,9.07,36.37,42.69,0.94,80.01,0.1911,False,False
1780909357.9207408,archive_flood_airfield_274c83,archive_flood_airfield_274c83.mp4,1682,50.0,640,480,combined,detect_combined,Non-Flooded,resnet18,False,False,0,tensorrt,tensorrt,tensorrt,18.19,18.19,54.58,54.96,8.39,16.47,24.86,1422.01,35.8,8.0,1422.01,35.8,9.07,36.37,42.69,0.94,80.01,0.1875,False,False
1780909358.0007584,archive_flood_airfield_274c83,archive_flood_airfield_274c83.mp4,1683,50.0,640,480,combined,detect_combined,Non-Flooded,resnet18,False,False,0,tensorrt,tensorrt,tensorrt,24.61,24.61,40.25,40.64,6.17,19.76,25.93,1422.01,30.6,8.0,1422.01,30.6,9.07,36.37,42.69,0.94,80.01,0.1689,False,False
1780909358.0802155,archive_flood_airfield_274c83,archive_flood_airfield_274c83.mp4,1684,50.0,640,480,combined,detect_combined,Non-Flooded,resnet18,False,False,0,tensorrt,tensorrt,tensorrt,24.5,24.5,40.42,40.82,7.41,14.87,22.28,1422.01,31.1,8.0,1422.01,31.1,9.07,36.37,42.69,0.94,80.01,0.1559,False,False
1780909358.1613932,archive_flood_airfield_274c83,archive_flood_airfield_274c83.mp4,1685,50.0,640,480,combined,detect_combined,Non-Flooded,resnet18,False,False,0,tensorrt,tensorrt,tensorrt,24.74,24.74,39.94,40.41,7.67,15.64,23.310000000000002,1422.01,27.7,8.0,1422.01,27.7,9.07,36.37,42.69,0.94,80.01,0.149,False,False
1780909358.2425196,archive_flood_airfield_274c83,archive_flood_airfield_274c83.mp4,1686,50.0,640,480,combined,detect_combined,Non-Flooded,resnet18,False,False,0,tensorrt,tensorrt,tensorrt,24.6,24.6,40.3,40.65,7.5,15.43,22.93,1422.01,22.2,8.0,1422.01,22.2,9.07,36.37,42.69,0.94,80.01,0.1147,False,False
1780909358.317752,archive_flood_airfield_274c83,archive_flood_airfield_274c83.mp4,1687,50.0,640,480,combined,detect_combined,Non-Flooded,resnet18,False,False,0,tensorrt,tensorrt,tensorrt,23.95,23.95,41.37,41.75,6.41,12.84,19.25,1422.01,30.4,8.0,1422.01,30.4,9.07,36.37,42.69,0.94,80.01,0.1662,False,False
1780909358.4032075,archive_flood_airfield_274c83,archive_flood_airfield_274c83.mp4,1688,50.0,640,480,combined,detect_combined,Non-Flooded,resnet18,False,False,0,tensorrt,tensorrt,tensorrt,21.44,21.44,46.29,46.64,10.58,23.84,34.42,1422.01,29.4,8.0,1422.01,29.4,9.07,36.37,42.69,0.94,80.01,0.119,False,False
1780909358.4905865,archive_flood_airfield_274c83,archive_flood_airfield_274c83.mp4,1689,50.0,640,480,combined,detect_combined,Non-Flooded,resnet18,False,False,0,tensorrt,tensorrt,tensorrt,21.79,21.79,45.58,45.89,7.07,20.67,27.740000000000002,1422.01,26.0,8.0,1422.01,26.0,9.07,36.37,42.69,0.94,80.01,0.1293,False,False
1780909358.5867846,archive_flood_airfield_274c83,archive_flood_airfield_274c83.mp4,1690,50.0,640,480,combined,detect_combined,Non-Flooded,resnet18,False,False,0,tensorrt,tensorrt,tensorrt,19.99,19.99,49.66,50.03,12.4,25.13,37.53,1422.01,25.0,7.54,1422.01,25.0,9.07,36.37,42.69,0.94,80.01,0.1355,False,False
1780909358.6749215,archive_flood_airfield_274c83,archive_flood_airfield_274c83.mp4,1691,50.0,640,480,combined,detect_combined,Non-Flooded,resnet18,False,False,0,tensorrt,tensorrt,tensorrt,22.52,22.52,44.11,44.41,7.37,17.49,24.86,1422.01,28.8,7.54,1422.01,28.8,9.07,36.37,42.69,0.94,80.01,0.1544,False,False
1780909358.768808,archive_flood_airfield_274c83,archive_flood_airfield_274c83.mp4,1692,50.0,640,480,combined,detect_combined,Non-Flooded,resnet18,False,False,0,tensorrt,tensorrt,tensorrt,20.22,20.22,49.08,49.45,13.36,23.74,37.099999999999994,1422.01,25.5,7.54,1422.01,25.5,9.07,36.37,42.69,0.94,80.01,0.1428,False,False
1780909358.8665943,archive_flood_airfield_274c83,archive_flood_airfield_274c83.mp4,1693,50.0,640,480,combined,detect_combined,Non-Flooded,resnet18,False,False,0,tensorrt,tensorrt,tensorrt,19.59,19.59,50.71,51.03,14.97,25.59,40.56,1422.01,31.6,7.54,1422.01,31.6,9.07,36.37,42.69,0.94,80.01,0.0916,False,False
1780909358.9525366,archive_flood_airfield_274c83,archive_flood_airfield_274c83.mp4,1694,50.0,640,480,combined,detect_combined,Non-Flooded,resnet18,False,False,0,tensorrt,tensorrt,tensorrt,19.98,19.98,49.66,50.06,13.46,23.75,37.21,1422.01,39.6,7.54,1422.01,39.6,9.07,36.37,42.69,0.94,80.01,0.0636,False,False
1780909359.0260887,archive_flood_airfield_274c83,archive_flood_airfield_274c83.mp4,1695,50.0,640,480,combined,detect_combined,Non-Flooded,resnet18,False,False,0,tensorrt,tensorrt,tensorrt,24.08,24.08,41.17,41.52,6.13,12.34,18.47,1422.01,43.2,7.54,1422.01,43.2,9.07,36.37,42.69,0.94,80.01,0.0925,False,False
1780909359.1072974,archive_flood_airfield_274c83,archive_flood_airfield_274c83.mp4,1696,50.0,640,480,combined,detect_combined,Non-Flooded,resnet18,False,False,0,tensorrt,tensorrt,tensorrt,27.57,27.57,35.93,36.28,12.16,12.85,25.009999999999998,1422.01,46.9,7.54,1422.01,46.9,9.07,36.37,42.69,0.94,80.01,0.118,False,False
1780909359.1734304,archive_flood_airfield_274c83,archive_flood_airfield_274c83.mp4,1697,50.0,640,480,combined,detect_combined,Non-Flooded,resnet18,False,False,0,tensorrt,tensorrt,tensorrt,25.98,25.98,38.16,38.49,6.2,12.51,18.71,1422.01,44.7,7.54,1422.01,44.7,9.07,36.37,42.69,0.94,80.01,0.1009,False,False
1780909359.2435524,archive_flood_airfield_274c83,archive_flood_airfield_274c83.mp4,1698,50.0,640,480,combined,detect_combined,Non-Flooded,resnet18,False,False,0,tensorrt,tensorrt,tensorrt,26.07,26.07,38.02,38.36,6.14,12.0,18.14,1422.01,45.0,7.54,1422.01,45.0,9.07,36.37,42.69,0.94,80.01,0.1021,False,False
1780909359.3227165,archive_flood_airfield_274c83,archive_flood_airfield_274c83.mp4,1699,50.0,640,480,combined,detect_combined,Non-Flooded,resnet18,False,False,0,tensorrt,tensorrt,tensorrt,24.02,24.02,41.31,41.63,6.2,17.51,23.71,1422.01,51.0,7.54,1422.01,51.0,9.07,36.37,42.69,0.94,80.01,0.0868,False,False
1780909359.3993406,archive_flood_airfield_274c83,archive_flood_airfield_274c83.mp4,1700,50.0,640,480,combined,detect_combined,Non-Flooded,resnet18,False,False,0,tensorrt,tensorrt,tensorrt,22.51,22.51,44.07,44.43,8.82,22.06,30.88,1422.01,46.7,7.54,1422.01,46.7,9.07,36.37,42.69,0.94,80.01,0.0751,False,False
1780909359.484768,archive_flood_airfield_274c83,archive_flood_airfield_274c83.mp4,1701,50.0,640,480,combined,detect_combined,Non-Flooded,resnet18,False,False,0,tensorrt,tensorrt,tensorrt,19.43,19.43,51.07,51.46,13.4,24.54,37.94,1422.01,42.0,7.54,1422.01,42.0,9.07,36.37,42.69,0.94,80.01,0.092,False,False
1780909359.5714717,archive_flood_airfield_274c83,archive_flood_airfield_274c83.mp4,1702,50.0,640,480,combined,detect_combined,Non-Flooded,resnet18,False,False,0,tensorrt,tensorrt,tensorrt,24.07,24.07,41.14,41.54,9.79,15.24,25.03,1422.01,26.5,7.54,1422.01,26.5,9.07,36.37,42.69,0.94,80.01,0.1003,False,False
1780909359.6637537,archive_flood_airfield_274c83,archive_flood_airfield_274c83.mp4,1703,50.0,640,480,combined,detect_combined,Non-Flooded,resnet18,False,False,0,tensorrt,tensorrt,tensorrt,22.09,22.09,44.85,45.26,8.44,21.15,29.589999999999996,1422.01,30.4,7.85,1422.01,30.4,9.07,36.37,42.69,0.94,80.01,0.0777,False,False
1780909359.75484,archive_flood_airfield_274c83,archive_flood_airfield_274c83.mp4,1704,50.0,640,480,combined,detect_combined,Non-Flooded,resnet18,False,False,0,tensorrt,tensorrt,tensorrt,22.56,22.56,43.91,44.33,7.92,19.5,27.42,1422.01,30.9,7.85,1422.01,30.9,9.07,36.37,42.69,0.94,80.01,0.0813,False,False
1780909359.8546398,archive_flood_airfield_274c83,archive_flood_airfield_274c83.mp4,1705,50.0,640,480,combined,detect_combined,Non-Flooded,resnet18,False,False,0,tensorrt,tensorrt,tensorrt,19.98,19.98,49.63,50.04,9.56,24.95,34.51,1422.01,29.3,7.85,1422.01,29.3,9.07,36.37,42.69,0.94,80.01,0.0879,False,False
1780909359.9505537,archive_flood_airfield_274c83,archive_flood_airfield_274c83.mp4,1706,50.0,640,480,combined,detect_combined,Non-Flooded,resnet18,False,False,0,tensorrt,tensorrt,tensorrt,18.77,18.77,52.87,53.26,15.18,24.06,39.239999999999995,1422.01,46.6,7.85,1422.01,46.6,9.07,36.37,42.69,0.94,80.01,0.078,False,False
1780909360.0384507,archive_flood_airfield_274c83,archive_flood_airfield_274c83.mp4,1707,50.0,640,480,combined,detect_combined,Non-Flooded,resnet18,False,False,0,tensorrt,tensorrt,tensorrt,21.54,21.54,46.05,46.41,8.07,17.82,25.89,1422.01,47.1,7.85,1422.01,47.1,9.07,36.37,42.69,0.94,80.01,0.0871,False,False
1780909360.121143,archive_flood_airfield_274c83,archive_flood_airfield_274c83.mp4,1708,50.0,640,480,combined,detect_combined,Non-Flooded,resnet18,False,False,0,tensorrt,tensorrt,tensorrt,22.19,22.19,44.65,45.07,7.29,16.79,24.08,1422.01,44.9,7.85,1422.01,44.9,9.07,36.37,42.69,0.94,80.01,0.0715,False,False
1780909360.219554,archive_flood_airfield_274c83,archive_flood_airfield_274c83.mp4,1709,50.0,640,480,combined,detect_combined,Non-Flooded,resnet18,False,False,0,tensorrt,tensorrt,tensorrt,18.08,18.08,54.83,55.3,13.49,26.35,39.84,1422.01,42.4,7.85,1422.01,42.4,9.07,36.37,42.69,0.94,80.01,0.0783,False,False
1780909360.3232367,archive_flood_airfield_274c83,archive_flood_airfield_274c83.mp4,1710,50.0,640,480,combined,detect_combined,Non-Flooded,resnet18,False,False,0,tensorrt,tensorrt,tensorrt,17.89,17.89,55.33,55.88,12.67,25.11,37.78,1422.01,30.0,8.0,1422.01,30.0,9.07,36.37,42.69,0.94,80.01,0.0802,False,False
1780909360.4331663,archive_flood_airfield_274c83,archive_flood_airfield_274c83.mp4,1711,50.0,640,480,combined,detect_combined,Non-Flooded,resnet18,False,False,0,tensorrt,tensorrt,tensorrt,17.64,17.64,56.27,56.68,15.81,14.1,29.91,1422.01,35.8,8.0,1422.01,35.8,9.07,36.37,42.69,0.94,80.01,0.069,False,False
1780909360.51286,archive_flood_airfield_274c83,archive_flood_airfield_274c83.mp4,1712,50.0,640,480,combined,detect_combined,Non-Flooded,resnet18,False,False,0,tensorrt,tensorrt,tensorrt,23.18,23.18,42.78,43.13,7.48,23.25,30.73,1422.01,34.7,8.0,1422.01,34.7,9.07,36.37,42.69,0.94,80.01,0.0665,False,False
1780909360.5874302,archive_flood_airfield_274c83,archive_flood_airfield_274c83.mp4,1713,50.0,640,480,combined,detect_combined,Non-Flooded,resnet18,False,False,0,tensorrt,tensorrt,tensorrt,22.1,22.1,44.85,45.24,7.4,14.84,22.240000000000002,1422.01,42.9,8.0,1422.01,42.9,9.07,36.37,42.69,0.94,80.01,0.0613,False,False
1780909360.6690135,archive_flood_airfield_274c83,archive_flood_airfield_274c83.mp4,1714,50.0,640,480,combined,detect_combined,Non-Flooded,resnet18,False,False,0,tensorrt,tensorrt,tensorrt,22.32,22.32,44.39,44.8,12.61,13.09,25.7,1422.01,48.0,8.0,1422.01,48.0,9.07,36.37,42.69,0.94,80.01,0.0659,False,False
1780909360.733523,archive_flood_airfield_274c83,archive_flood_airfield_274c83.mp4,1715,50.0,640,480,combined,detect_combined,Non-Flooded,resnet18,False,False,0,tensorrt,tensorrt,tensorrt,34.18,34.18,28.88,29.25,5.85,11.37,17.22,1422.01,44.7,8.0,1422.01,44.7,9.07,36.37,42.69,0.94,80.01,0.073,False,False
1780909360.813519,archive_flood_airfield_274c83,archive_flood_airfield_274c83.mp4,1716,50.0,640,480,combined,detect_combined,Non-Flooded,resnet18,False,False,0,tensorrt,tensorrt,tensorrt,22.75,22.75,43.55,43.96,6.8,23.35,30.150000000000002,1422.01,33.3,8.0,1422.01,33.3,9.07,36.37,42.69,0.94,80.01,0.0582,False,False
1780909360.9069648,archive_flood_airfield_274c83,archive_flood_airfield_274c83.mp4,1717,50.0,640,480,combined,detect_combined,Non-Flooded,resnet18,False,False,0,tensorrt,tensorrt,tensorrt,21.76,21.76,45.56,45.96,11.11,17.54,28.65,1422.01,29.6,8.15,1422.01,29.6,9.07,36.37,42.69,0.94,80.01,0.0522,False,False
1780909361.003746,archive_flood_airfield_274c83,archive_flood_airfield_274c83.mp4,1718,50.0,640,480,combined,detect_combined,Non-Flooded,resnet18,False,False,0,tensorrt,tensorrt,tensorrt,20.12,20.12,49.28,49.69,9.28,15.3,24.58,1422.01,28.1,8.15,1422.01,28.1,9.07,36.37,42.69,0.94,80.01,0.0592,False,False
1780909361.0988991,archive_flood_airfield_274c83,archive_flood_airfield_274c83.mp4,1719,50.0,640,480,combined,detect_combined,Non-Flooded,resnet18,False,False,0,tensorrt,tensorrt,tensorrt,21.68,21.68,45.7,46.12,7.74,24.71,32.45,1422.01,25.5,8.15,1422.01,25.5,9.07,36.37,42.69,0.94,80.01,0.0645,False,False
1780909361.1940465,archive_flood_airfield_274c83,archive_flood_airfield_274c83.mp4,1720,50.0,640,480,combined,detect_combined,Non-Flooded,resnet18,False,False,0,tensorrt,tensorrt,tensorrt,21.61,21.61,45.91,46.27,11.38,23.4,34.78,1422.01,52.7,8.15,1422.01,52.7,9.07,36.37,42.69,0.94,80.01,0.0533,False,False
1780909361.2790895,archive_flood_airfield_274c83,archive_flood_airfield_274c83.mp4,1721,50.0,640,480,combined,detect_combined,Non-Flooded,resnet18,False,False,0,tensorrt,tensorrt,tensorrt,22.23,22.23,44.6,44.99,8.4,23.41,31.810000000000002,1422.01,46.0,8.15,1422.01,46.0,9.07,36.37,42.69,0.94,80.01,0.0631,False,False
1780909361.3596358,archive_flood_airfield_274c83,archive_flood_airfield_274c83.mp4,1722,50.0,640,480,combined,detect_combined,Non-Flooded,resnet18,False,False,0,tensorrt,tensorrt,tensorrt,23.01,23.01,43.14,43.46,8.55,24.22,32.769999999999996,1422.01,41.3,8.15,1422.01,41.3,9.07,36.37,42.69,0.94,80.01,0.056,False,False
1780909361.4343514,archive_flood_airfield_274c83,archive_flood_airfield_274c83.mp4,1723,50.0,640,480,combined,detect_combined,Non-Flooded,resnet18,False,False,0,tensorrt,tensorrt,tensorrt,23.48,23.48,42.28,42.6,10.46,12.77,23.23,1422.01,44.4,8.15,1422.01,44.4,9.07,36.37,42.69,0.94,80.01,0.0266,False,False
1780909361.5013433,archive_flood_airfield_274c83,archive_flood_airfield_274c83.mp4,1724,50.0,640,480,combined,detect_combined,Non-Flooded,resnet18,False,False,0,tensorrt,tensorrt,tensorrt,27.4,27.4,36.04,36.5,6.69,13.51,20.2,1422.01,42.5,8.15,1422.01,42.5,9.07,36.37,42.69,0.94,80.01,0.0455,False,False
1780909361.5676098,archive_flood_airfield_274c83,archive_flood_airfield_274c83.mp4,1725,50.0,640,480,combined,detect_combined,Non-Flooded,resnet18,False,False,0,tensorrt,tensorrt,tensorrt,28.29,28.29,34.81,35.35,6.16,12.24,18.4,1422.01,25.6,8.15,1422.01,25.6,9.07,36.37,42.69,0.94,80.01,0.0303,False,False
1780909361.6499689,archive_flood_airfield_274c83,archive_flood_airfield_274c83.mp4,1726,50.0,640,480,combined,detect_combined,Non-Flooded,resnet18,False,False,0,tensorrt,tensorrt,tensorrt,23.07,23.07,42.98,43.35,6.96,16.9,23.86,1422.01,25.5,8.15,1422.01,25.5,9.07,36.37,42.69,0.94,80.01,0.0319,False,False
1780909361.7340453,archive_flood_airfield_274c83,archive_flood_airfield_274c83.mp4,1727,50.0,640,480,combined,detect_combined,Non-Flooded,resnet18,False,False,0,tensorrt,tensorrt,tensorrt,23.17,23.17,42.77,43.16,10.84,13.31,24.15,1422.01,26.5,8.15,1422.01,26.5,9.07,36.37,42.69,0.94,80.01,0.0273,False,False
1780909361.816333,archive_flood_airfield_274c83,archive_flood_airfield_274c83.mp4,1728,50.0,640,480,combined,detect_combined,Non-Flooded,resnet18,False,False,0,tensorrt,tensorrt,tensorrt,23.17,23.17,42.82,43.16,5.85,17.8,23.65,1422.01,27.7,8.15,1422.01,27.7,9.07,36.37,42.69,0.94,80.01,0.0629,False,False
1780909361.901098,archive_flood_airfield_274c83,archive_flood_airfield_274c83.mp4,1729,50.0,640,480,combined,detect_combined,Non-Flooded,resnet18,False,False,0,tensorrt,tensorrt,tensorrt,21.13,21.13,46.89,47.32,5.79,15.92,21.71,1422.01,31.4,8.15,1422.01,31.4,9.07,36.37,42.69,0.94,80.01,0.0334,False,False
1780909361.9988763,archive_flood_airfield_274c83,archive_flood_airfield_274c83.mp4,1730,50.0,640,480,combined,detect_combined,Non-Flooded,resnet18,False,False,0,tensorrt,tensorrt,tensorrt,17.37,17.37,57.11,57.56,15.03,26.94,41.97,1422.01,30.0,7.69,1422.01,30.0,9.07,36.37,42.69,0.94,80.01,0.0553,False,False
1780909362.1005087,archive_flood_airfield_274c83,archive_flood_airfield_274c83.mp4,1731,50.0,640,480,combined,detect_combined,Non-Flooded,resnet18,False,False,0,tensorrt,tensorrt,tensorrt,21.45,21.45,46.2,46.62,7.74,19.4,27.14,1422.01,32.8,7.69,1422.01,32.8,9.07,36.37,42.69,0.94,80.01,0.0859,False,False
1780909362.1947703,archive_flood_airfield_274c83,archive_flood_airfield_274c83.mp4,1732,50.0,640,480,combined,detect_combined,Non-Flooded,resnet18,False,False,0,tensorrt,tensorrt,tensorrt,21.63,21.63,45.85,46.24,7.4,14.07,21.47,1422.01,38.6,7.69,1422.01,38.6,9.07,36.37,42.69,0.94,80.01,0.0342,False,False
1780909362.2805731,archive_flood_airfield_274c83,archive_flood_airfield_274c83.mp4,1733,50.0,640,480,combined,detect_combined,Non-Flooded,resnet18,False,False,0,tensorrt,tensorrt,tensorrt,21.75,21.75,45.62,45.98,8.46,13.28,21.740000000000002,1422.01,28.6,7.69,1422.01,28.6,9.07,36.37,42.69,0.94,80.01,0.0369,False,False
1780909362.3635645,archive_flood_airfield_274c83,archive_flood_airfield_274c83.mp4,1734,50.0,640,480,combined,detect_combined,Non-Flooded,resnet18,False,False,0,tensorrt,tensorrt,tensorrt,23.66,23.66,41.95,42.26,7.35,18.22,25.57,1422.01,28.6,7.69,1422.01,28.6,9.07,36.37,42.69,0.94,80.01,0.0607,False,False
1780909362.449537,archive_flood_airfield_274c83,archive_flood_airfield_274c83.mp4,1735,50.0,640,480,combined,detect_combined,Non-Flooded,resnet18,False,False,0,tensorrt,tensorrt,tensorrt,22.12,22.12,44.86,45.22,7.55,18.07,25.62,1422.01,35.3,7.69,1422.01,35.3,9.07,36.37,42.69,0.94,80.01,0.0896,False,False
1780909362.531099,archive_flood_airfield_274c83,archive_flood_airfield_274c83.mp4,1736,50.0,640,480,combined,detect_combined,Non-Flooded,resnet18,False,False,0,tensorrt,tensorrt,tensorrt,21.67,21.67,45.63,46.15,6.54,20.83,27.369999999999997,1422.01,46.9,7.69,1422.01,46.9,9.07,36.37,42.69,0.94,80.01,0.0482,False,False
1780909362.62813,archive_flood_airfield_274c83,archive_flood_airfield_274c83.mp4,1737,50.0,640,480,combined,detect_combined,Non-Flooded,resnet18,False,False,0,tensorrt,tensorrt,tensorrt,18.2,18.2,54.5,54.94,15.87,25.31,41.18,1422.01,44.8,7.69,1422.01,44.8,9.07,36.37,42.69,0.94,80.01,0.0482,False,False
1780909362.724413,archive_flood_airfield_274c83,archive_flood_airfield_274c83.mp4,1738,50.0,640,480,combined,detect_combined,Non-Flooded,resnet18,False,False,0,tensorrt,tensorrt,tensorrt,19.83,19.83,50.01,50.43,15.6,23.18,38.78,1422.01,47.4,7.69,1422.01,47.4,9.07,36.37,42.69,0.94,80.01,0.0459,False,False
1780909362.8048565,archive_flood_airfield_274c83,archive_flood_airfield_274c83.mp4,1739,50.0,640,480,combined,detect_combined,Non-Flooded,resnet18,False,False,0,tensorrt,tensorrt,tensorrt,22.99,22.99,43.16,43.5,10.27,22.35,32.620000000000005,1422.01,39.1,7.69,1422.01,39.1,9.07,36.37,42.69,0.94,80.01,0.0396,False,False
1780909362.8809273,archive_flood_airfield_274c83,archive_flood_airfield_274c83.mp4,1740,50.0,640,480,combined,detect_combined,Non-Flooded,resnet18,False,False,0,tensorrt,tensorrt,tensorrt,22.26,22.26,44.55,44.93,6.45,17.17,23.62,1422.0,51.1,7.69,1422.0,51.1,9.07,36.37,42.69,0.94,80.01,0.0588,False,False
1780909362.9576051,archive_flood_airfield_274c83,archive_flood_airfield_274c83.mp4,1741,50.0,640,480,combined,detect_combined,Non-Flooded,resnet18,False,False,0,tensorrt,tensorrt,tensorrt,20.41,20.41,48.62,48.99,15.28,21.63,36.91,1422.0,33.3,7.69,1422.0,33.3,9.07,36.37,42.69,0.94,80.01,0.0706,False,False
1780909363.0292134,archive_flood_airfield_274c83,archive_flood_airfield_274c83.mp4,1742,50.0,640,480,combined,detect_combined,Non-Flooded,resnet18,False,False,0,tensorrt,tensorrt,tensorrt,26.44,26.44,37.4,37.82,7.02,14.08,21.1,1422.0,31.0,7.69,1422.0,31.0,9.07,36.37,42.69,0.94,80.01,0.0811,False,False
1780909363.0998404,archive_flood_airfield_274c83,archive_flood_airfield_274c83.mp4,1743,50.0,640,480,combined,detect_combined,Non-Flooded,resnet18,False,False,0,tensorrt,tensorrt,tensorrt,25.85,25.85,38.3,38.68,6.71,14.41,21.12,1422.0,28.6,7.69,1422.0,28.6,9.07,36.37,42.69,0.94,80.01,0.0717,False,False
1780909363.1823573,archive_flood_airfield_274c83,archive_flood_airfield_274c83.mp4,1744,50.0,640,480,combined,detect_combined,Non-Flooded,resnet18,False,False,0,tensorrt,tensorrt,tensorrt,24.16,24.16,41.0,41.4,7.0,14.19,21.189999999999998,1422.0,31.4,7.85,1422.0,31.4,9.07,36.37,42.69,0.94,80.01,0.0547,False,False
1780909363.2648914,archive_flood_airfield_274c83,archive_flood_airfield_274c83.mp4,1745,50.0,640,480,combined,detect_combined,Non-Flooded,resnet18,False,False,0,tensorrt,tensorrt,tensorrt,22.97,22.97,43.12,43.53,7.75,14.6,22.35,1422.0,30.0,7.85,1422.0,30.0,9.07,36.37,42.69,0.94,80.01,0.0609,False,False
1780909363.3476884,archive_flood_airfield_274c83,archive_flood_airfield_274c83.mp4,1746,50.0,640,480,combined,detect_combined,Non-Flooded,resnet18,False,False,0,tensorrt,tensorrt,tensorrt,22.05,22.05,44.63,45.35,9.48,15.01,24.490000000000002,1422.0,26.1,7.85,1422.0,26.1,9.07,36.37,42.69,0.94,80.01,0.1007,False,False
1780909363.4428725,archive_flood_airfield_274c83,archive_flood_airfield_274c83.mp4,1747,50.0,640,480,combined,detect_combined,Non-Flooded,resnet18,False,False,0,tensorrt,tensorrt,tensorrt,21.55,21.55,45.95,46.4,8.57,24.09,32.66,1422.0,25.9,7.85,1422.0,25.9,9.07,36.37,42.69,0.94,80.01,0.0551,False,False
1780909363.541681,archive_flood_airfield_274c83,archive_flood_airfield_274c83.mp4,1748,50.0,640,480,combined,detect_combined,Non-Flooded,resnet18,False,False,0,tensorrt,tensorrt,tensorrt,19.39,19.39,51.18,51.58,13.33,24.57,37.9,1422.0,27.1,7.85,1422.0,27.1,9.07,36.37,42.69,0.94,80.01,0.1529,False,False
1780909363.6425347,archive_flood_airfield_274c83,archive_flood_airfield_274c83.mp4,1749,50.0,640,480,combined,detect_combined,Non-Flooded,resnet18,False,False,0,tensorrt,tensorrt,tensorrt,20.21,20.21,49.06,49.47,10.98,24.88,35.86,1422.0,22.8,7.85,1422.0,22.8,9.07,36.37,42.69,0.94,80.01,0.1448,False,False
1780909363.7425056,archive_flood_airfield_274c83,archive_flood_airfield_274c83.mp4,1750,50.0,640,480,combined,detect_combined,Non-Flooded,resnet18,False,False,0,tensorrt,tensorrt,tensorrt,18.99,18.99,52.21,52.65,12.12,26.24,38.36,1422.0,25.9,7.38,1422.0,25.9,9.07,36.37,42.69,0.94,80.01,0.1472,False,False
1780909363.8408167,archive_flood_airfield_274c83,archive_flood_airfield_274c83.mp4,1751,50.0,640,480,combined,detect_combined,Non-Flooded,resnet18,False,False,0,tensorrt,tensorrt,tensorrt,19.98,19.98,49.61,50.04,12.62,23.7,36.32,1422.0,33.3,7.38,1422.0,33.3,9.07,36.37,42.69,0.94,80.01,0.0822,False,False
1780909363.9415596,archive_flood_airfield_274c83,archive_flood_airfield_274c83.mp4,1752,50.0,640,480,combined,detect_combined,Non-Flooded,resnet18,False,False,0,tensorrt,tensorrt,tensorrt,19.76,19.76,50.18,50.61,11.25,25.53,36.78,1422.0,28.8,7.38,1422.0,28.8,9.07,36.37,42.69,0.94,80.01,0.0728,False,False
1780909364.0359397,archive_flood_airfield_274c83,archive_flood_airfield_274c83.mp4,1753,50.0,640,480,combined,detect_combined,Non-Flooded,resnet18,False,False,0,tensorrt,tensorrt,tensorrt,19.8,19.8,50.03,50.49,7.68,15.27,22.95,1422.0,29.6,7.38,1422.0,29.6,9.07,36.37,42.69,0.94,80.01,0.0552,False,False
1780909364.1178358,archive_flood_airfield_274c83,archive_flood_airfield_274c83.mp4,1754,50.0,640,480,combined,detect_combined,Non-Flooded,resnet18,False,False,0,tensorrt,tensorrt,tensorrt,23.52,23.52,42.11,42.51,7.8,20.66,28.46,1422.0,40.4,7.38,1422.0,40.4,9.07,36.37,42.69,0.94,80.01,0.0545,False,False
1780909364.1961625,archive_flood_airfield_274c83,archive_flood_airfield_274c83.mp4,1755,50.0,640,480,combined,detect_combined,Non-Flooded,resnet18,False,False,0,tensorrt,tensorrt,tensorrt,24.72,24.72,40.13,40.45,7.99,15.9,23.89,1422.0,31.9,7.38,1422.0,31.9,9.07,36.37,42.69,0.94,80.01,0.0974,False,False
1780909364.2865882,archive_flood_airfield_274c83,archive_flood_airfield_274c83.mp4,1756,50.0,640,480,combined,detect_combined,Non-Flooded,resnet18,False,False,0,tensorrt,tensorrt,tensorrt,19.13,19.13,51.87,52.26,14.97,24.76,39.730000000000004,1422.0,27.8,7.38,1422.0,27.8,9.07,36.37,42.69,0.94,80.01,0.0727,False,False
1780909364.36368,archive_flood_airfield_274c83,archive_flood_airfield_274c83.mp4,1757,50.0,640,480,combined,detect_combined,Non-Flooded,resnet18,False,False,0,tensorrt,tensorrt,tensorrt,26.96,26.96,36.77,37.09,5.96,13.55,19.51,1422.0,45.5,7.38,1422.0,45.5,9.07,36.37,42.69,0.94,80.01,0.0968,False,False
1780909364.4419382,archive_flood_airfield_274c83,archive_flood_airfield_274c83.mp4,1758,50.0,640,480,combined,detect_combined,Non-Flooded,resnet18,False,False,0,tensorrt,tensorrt,tensorrt,22.45,22.45,44.19,44.55,7.15,18.06,25.21,1422.0,46.5,7.38,1422.0,46.5,9.07,36.37,42.69,0.94,80.01,0.0518,False,False
1780909364.5232584,archive_flood_airfield_274c83,archive_flood_airfield_274c83.mp4,1759,50.0,640,480,combined,detect_combined,Non-Flooded,resnet18,False,False,0,tensorrt,tensorrt,tensorrt,21.81,21.81,45.39,45.85,9.82,13.13,22.950000000000003,1422.0,40.4,7.38,1422.0,40.4,9.07,36.37,42.69,0.94,80.01,0.0958,False,False
1780909364.6021063,archive_flood_airfield_274c83,archive_flood_airfield_274c83.mp4,1760,50.0,640,480,combined,detect_combined,Non-Flooded,resnet18,False,False,0,tensorrt,tensorrt,tensorrt,21.32,21.32,46.53,46.9,12.14,23.07,35.21,1422.0,43.5,7.38,1422.0,43.5,9.07,36.37,42.69,0.94,80.01,0.0656,False,False
1780909364.6812027,archive_flood_airfield_274c83,archive_flood_airfield_274c83.mp4,1761,50.0,640,480,combined,detect_combined,Non-Flooded,resnet18,False,False,0,tensorrt,tensorrt,tensorrt,21.53,21.53,45.95,46.45,14.04,15.21,29.25,1422.0,45.8,7.38,1422.0,45.8,9.07,36.37,42.69,0.94,80.01,0.0576,False,False
1780909364.7587478,archive_flood_airfield_274c83,archive_flood_airfield_274c83.mp4,1762,50.0,640,480,combined,detect_combined,Non-Flooded,resnet18,False,False,0,tensorrt,tensorrt,tensorrt,23.65,23.65,41.96,42.29,5.69,16.06,21.75,1422.0,38.6,7.38,1422.0,38.6,9.07,36.37,42.69,0.94,80.01,0.0837,False,False
1780909364.8418503,archive_flood_airfield_274c83,archive_flood_airfield_274c83.mp4,1763,50.0,640,480,combined,detect_combined,Non-Flooded,resnet18,False,False,0,tensorrt,tensorrt,tensorrt,21.68,21.68,45.8,46.13,5.79,20.34,26.13,1422.0,27.1,7.38,1422.0,27.1,9.07,36.37,42.69,0.94,80.01,0.1139,False,False
1780909364.9250393,archive_flood_airfield_274c83,archive_flood_airfield_274c83.mp4,1764,50.0,640,480,combined,detect_combined,Non-Flooded,resnet18,False,False,0,tensorrt,tensorrt,tensorrt,21.94,21.94,45.2,45.58,7.23,18.18,25.41,1422.0,27.1,8.0,1422.0,27.1,9.07,36.37,42.69,0.94,80.01,0.0464,False,False
1780909365.0203462,archive_flood_airfield_274c83,archive_flood_airfield_274c83.mp4,1765,50.0,640,480,combined,detect_combined,Non-Flooded,resnet18,False,False,0,tensorrt,tensorrt,tensorrt,20.02,20.02,49.56,49.95,14.56,22.58,37.14,1422.0,25.5,8.0,1422.0,25.5,9.07,36.37,42.69,0.94,80.01,0.0605,False,False
1780909365.106533,archive_flood_airfield_274c83,archive_flood_airfield_274c83.mp4,1766,50.0,640,480,combined,detect_combined,Non-Flooded,resnet18,False,False,0,tensorrt,tensorrt,tensorrt,21.31,21.31,46.54,46.93,8.76,13.87,22.63,1422.0,30.2,8.0,1422.0,30.2,9.07,36.37,42.69,0.94,80.01,0.0309,False,False
1780909365.2025778,archive_flood_airfield_274c83,archive_flood_airfield_274c83.mp4,1767,50.0,640,480,combined,detect_combined,Non-Flooded,resnet18,False,False,0,tensorrt,tensorrt,tensorrt,18.54,18.54,53.49,53.93,14.93,25.43,40.36,1422.0,25.0,8.0,1422.0,25.0,9.07,36.37,42.69,0.94,80.01,0.087,False,False
1780909365.293306,archive_flood_airfield_274c83,archive_flood_airfield_274c83.mp4,1768,50.0,640,480,combined,detect_combined,Non-Flooded,resnet18,False,False,0,tensorrt,tensorrt,tensorrt,21.99,21.99,45.03,45.47,13.07,15.74,28.810000000000002,1422.0,29.6,8.0,1422.0,29.6,9.07,36.37,42.69,0.94,80.01,0.1368,False,False
1780909365.391478,archive_flood_airfield_274c83,archive_flood_airfield_274c83.mp4,1769,50.0,640,480,combined,detect_combined,Non-Flooded,resnet18,False,False,0,tensorrt,tensorrt,tensorrt,17.13,17.13,57.81,58.36,19.28,21.58,40.86,1422.01,31.5,8.0,1422.01,31.5,9.07,36.37,42.69,0.94,80.01,0.0751,False,False
1780909365.475439,archive_flood_airfield_274c83,archive_flood_airfield_274c83.mp4,1770,50.0,640,480,combined,detect_combined,Non-Flooded,resnet18,False,False,0,tensorrt,tensorrt,tensorrt,22.97,22.97,43.17,43.54,7.39,20.13,27.52,1422.01,34.7,8.0,1422.01,34.7,9.07,36.37,42.69,0.94,80.01,0.0706,False,False
1780909365.5553136,archive_flood_airfield_274c83,archive_flood_airfield_274c83.mp4,1771,50.0,640,480,combined,detect_combined,Non-Flooded,resnet18,False,False,0,tensorrt,tensorrt,tensorrt,24.13,24.13,41.11,41.43,7.22,16.84,24.06,1422.01,26.7,7.85,1422.01,26.7,9.07,36.37,42.69,0.94,80.01,0.0617,False,False
1780909365.64848,archive_flood_airfield_274c83,archive_flood_airfield_274c83.mp4,1772,50.0,640,480,combined,detect_combined,Non-Flooded,resnet18,False,False,0,tensorrt,tensorrt,tensorrt,19.64,19.64,50.52,50.91,14.92,24.07,38.99,1422.01,25.5,7.85,1422.01,25.5,9.07,36.37,42.69,0.94,80.01,0.0448,False,False
1780909365.7230635,archive_flood_airfield_274c83,archive_flood_airfield_274c83.mp4,1773,50.0,640,480,combined,detect_combined,Non-Flooded,resnet18,False,False,0,tensorrt,tensorrt,tensorrt,25.63,25.63,38.63,39.02,7.31,14.28,21.59,1422.01,23.8,7.85,1422.01,23.8,9.07,36.37,42.69,0.94,80.01,0.099,False,False
1780909365.8067145,archive_flood_airfield_274c83,archive_flood_airfield_274c83.mp4,1774,50.0,640,480,combined,detect_combined,Non-Flooded,resnet18,False,False,0,tensorrt,tensorrt,tensorrt,22.36,22.36,44.37,44.71,6.71,16.76,23.470000000000002,1422.01,42.9,7.85,1422.01,42.9,9.07,36.37,42.69,0.94,80.01,0.0509,False,False
1780909365.8705003,archive_flood_airfield_274c83,archive_flood_airfield_274c83.mp4,1775,50.0,640,480,combined,detect_combined,Non-Flooded,resnet18,False,False,0,tensorrt,tensorrt,tensorrt,25.65,25.65,38.64,38.99,7.38,11.13,18.51,1422.01,45.9,7.85,1422.01,45.9,9.07,36.37,42.69,0.94,80.01,0.1072,False,False
1780909365.9485207,archive_flood_airfield_274c83,archive_flood_airfield_274c83.mp4,1776,50.0,640,480,combined,detect_combined,Non-Flooded,resnet18,False,False,0,tensorrt,tensorrt,tensorrt,23.27,23.27,42.62,42.98,9.75,12.52,22.27,1422.01,43.5,7.85,1422.01,43.5,9.07,36.37,42.69,0.94,80.01,0.1606,False,False
1780909366.0208998,archive_flood_airfield_274c83,archive_flood_airfield_274c83.mp4,1777,50.0,640,480,combined,detect_combined,Non-Flooded,resnet18,False,False,0,tensorrt,tensorrt,tensorrt,24.17,24.17,41.05,41.37,5.81,15.87,21.68,1422.01,45.0,7.85,1422.01,45.0,9.07,36.37,42.69,0.94,80.01,0.1312,False,False
1780909366.0988023,archive_flood_airfield_274c83,archive_flood_airfield_274c83.mp4,1778,50.0,640,480,combined,detect_combined,Non-Flooded,resnet18,False,False,0,tensorrt,tensorrt,tensorrt,23.43,23.43,42.3,42.68,8.73,13.19,21.92,1422.01,41.7,8.3,1422.01,41.7,9.07,36.37,42.69,0.94,80.01,0.1881,False,False
1780909366.1829472,archive_flood_airfield_274c83,archive_flood_airfield_274c83.mp4,1779,50.0,640,480,combined,detect_combined,Flooded,deeplabv3plus,True,False,0,tensorrt,tensorrt,tensorrt,23.36,23.36,42.4,42.81,8.41,12.45,20.86,1422.01,36.0,8.3,1422.01,36.0,9.07,36.37,42.69,0.94,80.01,0.2034,False,False
1780909366.254622,archive_flood_airfield_274c83,archive_flood_airfield_274c83.mp4,1780,50.0,640,480,combined,detect_combined,Flooded,deeplabv3plus,False,False,0,tensorrt,tensorrt,tensorrt,23.01,23.01,43.12,43.47,5.58,16.99,22.57,1422.01,24.4,8.3,1422.01,24.4,9.07,36.37,42.69,0.94,80.01,0.2014,False,False
1780909366.3342488,archive_flood_airfield_274c83,archive_flood_airfield_274c83.mp4,1781,50.0,640,480,combined,detect_combined,Non-Flooded,resnet18,True,False,0,tensorrt,tensorrt,tensorrt,23.52,23.52,42.08,42.52,5.03,14.75,19.78,1422.01,26.1,8.3,1422.01,26.1,9.07,36.37,42.69,0.94,80.01,0.1199,False,False
1780909366.4253702,archive_flood_airfield_274c83,archive_flood_airfield_274c83.mp4,1782,50.0,640,480,combined,detect_combined,Non-Flooded,resnet18,False,False,0,tensorrt,tensorrt,tensorrt,20.55,20.55,48.34,48.65,6.78,18.26,25.040000000000003,1422.01,25.0,8.3,1422.01,25.0,9.07,36.37,42.69,0.94,80.01,0.0739,False,False
1780909366.4833927,archive_flood_airfield_274c83,archive_flood_airfield_274c83.mp4,1783,50.0,640,480,combined,detect_combined,Non-Flooded,resnet18,False,False,0,tensorrt,tensorrt,tensorrt,39.75,39.75,24.83,25.15,4.37,11.65,16.02,1422.01,34.3,8.3,1422.01,34.3,9.07,36.37,42.69,0.94,80.01,0.1229,False,False
1780909366.5538647,archive_flood_airfield_274c83,archive_flood_airfield_274c83.mp4,1784,50.0,640,480,combined,detect_combined,Non-Flooded,resnet18,False,False,0,tensorrt,tensorrt,tensorrt,25.22,25.22,39.31,39.64,5.62,10.7,16.32,1422.01,42.5,8.3,1422.01,42.5,9.07,36.37,42.69,0.94,80.01,0.1481,False,False
1780909366.650233,archive_flood_airfield_274c83,archive_flood_airfield_274c83.mp4,1785,50.0,640,480,combined,detect_combined,Non-Flooded,resnet18,False,False,0,tensorrt,tensorrt,tensorrt,19.57,19.57,50.66,51.09,12.61,24.89,37.5,1422.01,46.6,8.3,1422.01,46.6,9.07,36.37,42.69,0.94,80.01,0.171,False,False
1780909366.7291405,archive_flood_airfield_274c83,archive_flood_airfield_274c83.mp4,1786,50.0,640,480,combined,detect_combined,Flooded,deeplabv3plus,True,False,0,tensorrt,tensorrt,tensorrt,23.6,23.6,41.94,42.38,7.17,22.44,29.61,1422.01,46.8,8.15,1422.01,46.8,9.07,36.37,42.69,0.94,80.01,0.2238,False,False
1780909366.7987134,archive_flood_airfield_274c83,archive_flood_airfield_274c83.mp4,1787,50.0,640,480,combined,detect_combined,Flooded,deeplabv3plus,False,False,0,tensorrt,tensorrt,tensorrt,25.4,25.4,39.04,39.37,5.6,10.99,16.59,1422.01,34.2,8.15,1422.01,34.2,9.07,36.37,42.69,0.94,80.01,0.2345,False,False
1780909366.8742697,archive_flood_airfield_274c83,archive_flood_airfield_274c83.mp4,1788,50.0,640,480,combined,detect_combined,Flooded,deeplabv3plus,False,False,0,tensorrt,tensorrt,tensorrt,21.51,21.51,46.01,46.48,12.98,15.79,28.77,1422.01,25.0,8.15,1422.01,25.0,9.07,36.37,42.69,0.94,80.01,0.223,False,False
1780909366.9625804,archive_flood_airfield_274c83,archive_flood_airfield_274c83.mp4,1789,50.0,640,480,combined,detect_combined,Non-Flooded,resnet18,True,False,0,tensorrt,tensorrt,tensorrt,20.62,20.62,48.04,48.5,12.6,23.77,36.37,1422.01,27.5,8.15,1422.01,27.5,9.07,36.37,42.69,0.94,80.01,0.196,False,False
1780909367.0511537,archive_flood_airfield_274c83,archive_flood_airfield_274c83.mp4,1790,50.0,640,480,combined,detect_combined,Non-Flooded,resnet18,False,False,0,tensorrt,tensorrt,tensorrt,22.44,22.44,44.24,44.56,7.66,13.32,20.98,1422.01,25.5,8.15,1422.01,25.5,9.07,36.37,42.69,0.94,80.01,0.1933,False,False
1780909367.137283,archive_flood_airfield_274c83,archive_flood_airfield_274c83.mp4,1791,50.0,640,480,combined,detect_combined,Non-Flooded,resnet18,False,False,0,tensorrt,tensorrt,tensorrt,21.58,21.58,45.93,46.34,7.24,18.62,25.86,1422.01,35.4,8.15,1422.01,35.4,9.07,36.37,42.69,0.94,80.01,0.1901,False,False
1780909367.2320645,archive_flood_airfield_274c83,archive_flood_airfield_274c83.mp4,1792,50.0,640,480,combined,detect_combined,Flooded,deeplabv3plus,True,False,0,tensorrt,tensorrt,tensorrt,18.49,18.49,53.53,54.07,15.08,25.03,40.11,1422.01,46.4,8.15,1422.01,46.4,9.07,36.37,42.69,0.94,80.01,0.2021,False,False
1780909367.3181982,archive_flood_airfield_274c83,archive_flood_airfield_274c83.mp4,1793,50.0,640,480,combined,detect_combined,Non-Flooded,resnet18,True,False,0,tensorrt,tensorrt,tensorrt,22.21,22.21,44.51,45.03,7.79,18.87,26.66,1422.01,45.1,8.0,1422.01,45.1,9.07,36.37,42.69,0.94,80.01,0.196,False,False
1780909367.406358,archive_flood_airfield_274c83,archive_flood_airfield_274c83.mp4,1794,50.0,640,480,combined,detect_combined,Flooded,deeplabv3plus,True,False,0,tensorrt,tensorrt,tensorrt,22.6,22.6,43.67,44.24,9.95,16.89,26.84,1422.01,48.1,8.0,1422.01,48.1,9.07,36.37,42.69,0.94,80.01,0.2117,False,False
1780909367.5031412,archive_flood_airfield_274c83,archive_flood_airfield_274c83.mp4,1795,50.0,640,480,combined,detect_combined,Flooded,deeplabv3plus,False,False,0,tensorrt,tensorrt,tensorrt,20.31,20.31,48.81,49.23,8.99,15.25,24.240000000000002,1422.01,25.5,8.0,1422.01,25.5,9.07,36.37,42.69,0.94,80.01,0.2248,False,False
1780909367.6040957,archive_flood_airfield_274c83,archive_flood_airfield_274c83.mp4,1796,50.0,640,480,combined,detect_combined,Flooded,deeplabv3plus,False,False,0,tensorrt,tensorrt,tensorrt,22.36,22.36,44.32,44.73,14.18,16.83,31.009999999999998,1422.01,27.9,8.0,1422.01,27.9,9.07,36.37,42.69,0.94,80.01,0.2364,False,False
1780909367.7006125,archive_flood_airfield_274c83,archive_flood_airfield_274c83.mp4,1797,50.0,640,480,combined,detect_combined,Flooded,deeplabv3plus,False,False,0,tensorrt,tensorrt,tensorrt,21.03,21.03,47.07,47.54,7.61,15.27,22.88,1422.01,26.8,8.0,1422.01,26.8,9.07,36.37,42.69,0.94,80.01,0.2442,False,False
1780909367.7982364,archive_flood_airfield_274c83,archive_flood_airfield_274c83.mp4,1798,50.0,640,480,combined,detect_combined,Flooded,deeplabv3plus,False,False,0,tensorrt,tensorrt,tensorrt,19.85,19.85,49.95,50.38,10.93,25.77,36.7,1422.01,30.0,8.0,1422.01,30.0,9.07,36.37,42.69,0.94,80.01,0.2091,False,False
1780909367.9038577,archive_flood_airfield_274c83,archive_flood_airfield_274c83.mp4,1799,50.0,640,480,combined,detect_combined,Non-Flooded,resnet18,True,False,0,tensorrt,tensorrt,tensorrt,16.22,16.22,61.08,61.65,16.23,25.82,42.05,1422.01,43.5,7.69,1422.01,43.5,9.07,36.37,42.69,0.94,80.01,0.1832,False,False
1780909367.9853387,archive_flood_airfield_274c83,archive_flood_airfield_274c83.mp4,1800,50.0,640,480,combined,detect_combined,Flooded,deeplabv3plus,True,False,0,tensorrt,tensorrt,tensorrt,23.84,23.84,41.41,41.94,7.85,15.26,23.11,1422.01,29.8,7.69,1422.01,29.8,9.07,36.37,42.69,0.94,80.01,0.2012,False,False
1780909368.068507,archive_flood_airfield_274c83,archive_flood_airfield_274c83.mp4,1801,50.0,640,480,combined,detect_combined,Flooded,deeplabv3plus,False,False,0,tensorrt,tensorrt,tensorrt,23.14,23.14,42.8,43.22,7.77,15.18,22.95,1422.01,29.8,7.69,1422.01,29.8,9.07,36.37,42.69,0.94,80.01,0.2437,False,False
1780909368.1542137,archive_flood_airfield_274c83,archive_flood_airfield_274c83.mp4,1802,50.0,640,480,combined,detect_combined,Flooded,deeplabv3plus,False,False,0,tensorrt,tensorrt,tensorrt,24.14,24.14,41.01,41.42,7.56,16.55,24.11,1422.01,26.0,7.69,1422.01,26.0,9.07,36.37,42.69,0.94,80.01,0.2566,False,False
1780909368.2359278,archive_flood_airfield_274c83,archive_flood_airfield_274c83.mp4,1803,50.0,640,480,combined,detect_combined,Flooded,deeplabv3plus,False,False,0,tensorrt,tensorrt,tensorrt,24.58,24.58,40.27,40.68,7.17,16.17,23.340000000000003,1422.01,29.2,7.69,1422.01,29.2,9.07,36.37,42.69,0.94,80.01,0.2399,False,False
1780909368.320364,archive_flood_airfield_274c83,archive_flood_airfield_274c83.mp4,1804,50.0,640,480,combined,detect_combined,Non-Flooded,resnet18,True,False,0,tensorrt,tensorrt,tensorrt,23.76,23.76,41.59,42.08,7.18,15.68,22.86,1422.01,35.4,7.69,1422.01,35.4,9.07,36.37,42.69,0.94,80.01,0.1839,False,False
1780909368.4081807,archive_flood_airfield_274c83,archive_flood_airfield_274c83.mp4,1805,50.0,640,480,combined,detect_combined,Non-Flooded,resnet18,False,False,0,tensorrt,tensorrt,tensorrt,19.29,19.29,51.42,51.83,14.99,24.25,39.24,1422.01,47.3,7.69,1422.01,47.3,9.07,36.37,42.69,0.94,80.01,0.1958,False,False
1780909368.4885623,archive_flood_airfield_274c83,archive_flood_airfield_274c83.mp4,1806,50.0,640,480,combined,detect_combined,Non-Flooded,resnet18,False,False,0,tensorrt,tensorrt,tensorrt,24.77,24.77,40.05,40.38,7.56,21.8,29.36,1422.01,37.8,7.69,1422.01,37.8,9.07,36.37,42.69,0.94,80.01,0.1899,False,False
1780909368.5654123,archive_flood_airfield_274c83,archive_flood_airfield_274c83.mp4,1807,50.0,640,480,combined,detect_combined,Flooded,deeplabv3plus,True,False,0,tensorrt,tensorrt,tensorrt,21.13,21.13,46.92,47.33,6.25,20.37,26.62,1422.01,43.5,7.69,1422.01,43.5,9.07,36.37,42.69,0.94,80.01,0.2611,False,False
1780909368.638527,archive_flood_airfield_274c83,archive_flood_airfield_274c83.mp4,1808,50.0,640,480,combined,detect_combined,Flooded,deeplabv3plus,False,False,0,tensorrt,tensorrt,tensorrt,22.82,22.82,43.44,43.81,10.92,19.4,30.32,1422.01,46.7,7.69,1422.01,46.7,9.07,36.37,42.69,0.94,80.01,0.2538,False,False
1780909368.727649,archive_flood_airfield_274c83,archive_flood_airfield_274c83.mp4,1809,50.0,640,480,combined,detect_combined,Flooded,deeplabv3plus,False,False,0,tensorrt,tensorrt,tensorrt,20.64,20.64,48.08,48.46,10.76,24.41,35.17,1422.01,26.4,7.69,1422.01,26.4,9.07,36.37,42.69,0.94,80.01,0.2822,False,False
1780909368.8273733,archive_flood_airfield_274c83,archive_flood_airfield_274c83.mp4,1810,50.0,640,480,combined,detect_combined,Flooded,deeplabv3plus,False,False,0,tensorrt,tensorrt,tensorrt,19.95,19.95,49.7,50.12,11.61,24.82,36.43,1422.01,22.4,7.69,1422.01,22.4,9.07,36.37,42.69,0.94,80.01,0.2458,False,False
1780909368.9305778,archive_flood_airfield_274c83,archive_flood_airfield_274c83.mp4,1811,50.0,640,480,combined,detect_combined,Flooded,deeplabv3plus,False,False,0,tensorrt,tensorrt,tensorrt,19.13,19.13,51.86,52.28,11.41,23.81,35.22,1422.01,27.9,7.69,1422.01,27.9,9.07,36.37,42.69,0.94,80.01,0.2762,False,False
1780909369.013851,archive_flood_airfield_274c83,archive_flood_airfield_274c83.mp4,1812,50.0,640,480,combined,detect_combined,Flooded,deeplabv3plus,False,False,0,tensorrt,tensorrt,tensorrt,24.7,24.7,40.03,40.48,8.2,15.56,23.759999999999998,1422.01,27.1,7.69,1422.01,27.1,9.07,36.37,42.69,0.94,80.01,0.2572,False,False
1780909369.0994155,archive_flood_airfield_274c83,archive_flood_airfield_274c83.mp4,1813,50.0,640,480,combined,detect_combined,Flooded,deeplabv3plus,False,False,0,tensorrt,tensorrt,tensorrt,23.04,23.04,42.99,43.41,7.57,15.25,22.82,1422.01,28.0,7.69,1422.01,28.0,9.07,36.37,42.69,0.94,80.01,0.2467,False,False
1780909369.1820962,archive_flood_airfield_274c83,archive_flood_airfield_274c83.mp4,1814,50.0,640,480,combined,detect_combined,Flooded,deeplabv3plus,False,False,0,tensorrt,tensorrt,tensorrt,24.0,24.0,41.25,41.67,7.21,15.4,22.61,1422.01,27.1,7.69,1422.01,27.1,9.07,36.37,42.69,0.94,80.01,0.2728,False,False
1780909369.2653534,archive_flood_airfield_274c83,archive_flood_airfield_274c83.mp4,1815,50.0,640,480,combined,detect_combined,Flooded,deeplabv3plus,False,False,0,tensorrt,tensorrt,tensorrt,23.97,23.97,41.28,41.72,7.68,15.48,23.16,1422.01,31.4,7.69,1422.01,31.4,9.07,36.37,42.69,0.94,80.01,0.2355,False,False
1780909369.3483887,archive_flood_airfield_274c83,archive_flood_airfield_274c83.mp4,1816,50.0,640,480,combined,detect_combined,Flooded,deeplabv3plus,False,False,0,tensorrt,tensorrt,tensorrt,24.33,24.33,40.7,41.1,7.53,14.87,22.4,1422.01,28.0,7.69,1422.01,28.0,9.07,36.37,42.69,0.94,80.01,0.2293,False,False
1780909369.4434204,archive_flood_airfield_274c83,archive_flood_airfield_274c83.mp4,1817,50.0,640,480,combined,detect_combined,Flooded,deeplabv3plus,False,False,0,tensorrt,tensorrt,tensorrt,20.07,20.07,49.4,49.82,10.33,25.84,36.17,1422.01,23.6,7.69,1422.01,23.6,9.07,36.37,42.69,0.94,80.01,0.2215,False,False
1780909369.5416784,archive_flood_airfield_274c83,archive_flood_airfield_274c83.mp4,1818,50.0,640,480,combined,detect_combined,Flooded,deeplabv3plus,False,False,0,tensorrt,tensorrt,tensorrt,19.69,19.69,50.3,50.78,12.7,24.63,37.33,1422.01,38.6,7.69,1422.01,38.6,9.07,36.37,42.69,0.94,80.01,0.2265,False,False
1780909369.634446,archive_flood_airfield_274c83,archive_flood_airfield_274c83.mp4,1819,50.0,640,480,combined,detect_combined,Flooded,deeplabv3plus,False,False,0,tensorrt,tensorrt,tensorrt,20.38,20.38,48.62,49.06,14.91,16.8,31.71,1422.01,44.6,7.38,1422.01,44.6,9.07,36.37,42.69,0.94,80.01,0.2119,False,False
1780909369.7261267,archive_flood_airfield_274c83,archive_flood_airfield_274c83.mp4,1820,50.0,640,480,combined,detect_combined,Flooded,deeplabv3plus,False,False,0,tensorrt,tensorrt,tensorrt,20.41,20.41,48.52,49.0,10.32,24.77,35.09,1422.01,41.5,7.38,1422.01,41.5,9.07,36.37,42.69,0.94,80.01,0.2054,False,False
1780909369.8189728,archive_flood_airfield_274c83,archive_flood_airfield_274c83.mp4,1821,50.0,640,480,combined,detect_combined,Flooded,deeplabv3plus,False,False,0,tensorrt,tensorrt,tensorrt,20.19,20.19,49.13,49.52,15.52,21.08,36.599999999999994,1422.01,38.9,7.38,1422.01,38.9,9.07,36.37,42.69,0.94,80.01,0.2131,False,False
1780909369.9085433,archive_flood_airfield_274c83,archive_flood_airfield_274c83.mp4,1822,50.0,640,480,combined,detect_combined,Non-Flooded,resnet18,True,False,0,tensorrt,tensorrt,tensorrt,19.02,19.02,52.05,52.57,13.3,25.78,39.08,1422.01,23.5,7.38,1422.01,23.5,9.07,36.37,42.69,0.94,80.01,0.1889,False,False
1780909369.9963326,archive_flood_airfield_274c83,archive_flood_airfield_274c83.mp4,1823,50.0,640,480,combined,detect_combined,Flooded,deeplabv3plus,True,False,0,tensorrt,tensorrt,tensorrt,21.92,21.92,45.16,45.62,7.82,15.42,23.240000000000002,1422.01,32.7,7.38,1422.01,32.7,9.07,36.37,42.69,0.94,80.01,0.2458,False,False
1780909370.09423,archive_flood_airfield_274c83,archive_flood_airfield_274c83.mp4,1824,50.0,640,480,combined,detect_combined,Flooded,deeplabv3plus,False,False,0,tensorrt,tensorrt,tensorrt,21.24,21.24,46.67,47.08,8.83,14.42,23.25,1422.01,20.4,7.38,1422.01,20.4,9.07,36.37,42.69,0.94,80.01,0.2647,False,False
1780909370.1984866,archive_flood_airfield_274c83,archive_flood_airfield_274c83.mp4,1825,50.0,640,480,combined,detect_combined,Flooded,deeplabv3plus,False,False,0,tensorrt,tensorrt,tensorrt,22.16,22.16,44.74,45.13,16.37,15.2,31.57,1422.01,23.3,7.54,1422.01,23.3,9.07,36.37,42.69,0.94,80.01,0.269,False,False
1780909370.2938485,archive_flood_airfield_274c83,archive_flood_airfield_274c83.mp4,1826,50.0,640,480,combined,detect_combined,Flooded,deeplabv3plus,False,False,0,tensorrt,tensorrt,tensorrt,21.7,21.7,45.67,46.08,8.03,19.09,27.119999999999997,1422.01,26.8,7.54,1422.01,26.8,9.07,36.37,42.69,0.94,80.01,0.286,False,False
1780909370.3916903,archive_flood_airfield_274c83,archive_flood_airfield_274c83.mp4,1827,50.0,640,480,combined,detect_combined,Flooded,deeplabv3plus,False,False,0,tensorrt,tensorrt,tensorrt,18.41,18.41,53.86,54.31,16.72,22.94,39.66,1422.01,40.0,7.54,1422.01,40.0,9.07,36.37,42.69,0.94,80.01,0.2482,False,False
1780909370.4766114,archive_flood_airfield_274c83,archive_flood_airfield_274c83.mp4,1828,50.0,640,480,combined,detect_combined,Flooded,deeplabv3plus,False,False,0,tensorrt,tensorrt,tensorrt,21.21,21.21,46.69,47.14,7.3,14.67,21.97,1422.01,28.6,7.54,1422.01,28.6,9.07,36.37,42.69,0.94,80.01,0.2395,False,False
1780909370.5597527,archive_flood_airfield_274c83,archive_flood_airfield_274c83.mp4,1829,50.0,640,480,combined,detect_combined,Flooded,deeplabv3plus,False,False,0,tensorrt,tensorrt,tensorrt,23.61,23.61,41.85,42.36,10.06,15.66,25.72,1422.01,32.0,7.54,1422.01,32.0,9.07,36.37,42.69,0.94,80.01,0.2309,False,False
1780909370.646706,archive_flood_airfield_274c83,archive_flood_airfield_274c83.mp4,1830,50.0,640,480,combined,detect_combined,Flooded,deeplabv3plus,False,False,0,tensorrt,tensorrt,tensorrt,22.06,22.06,44.9,45.33,7.51,15.1,22.61,1422.01,26.0,7.54,1422.01,26.0,9.07,36.37,42.69,0.94,80.01,0.2008,False,False
1780909370.7287083,archive_flood_airfield_274c83,archive_flood_airfield_274c83.mp4,1831,50.0,640,480,combined,detect_combined,Flooded,deeplabv3plus,False,False,0,tensorrt,tensorrt,tensorrt,25.72,25.72,38.53,38.88,7.75,13.72,21.47,1422.01,36.7,7.54,1422.01,36.7,9.07,36.37,42.69,0.94,80.01,0.2007,False,False
1780909370.7944756,archive_flood_airfield_274c83,archive_flood_airfield_274c83.mp4,1832,50.0,640,480,combined,detect_combined,Flooded,deeplabv3plus,False,False,0,tensorrt,tensorrt,tensorrt,26.31,26.31,37.63,38.01,6.85,13.71,20.560000000000002,1422.01,51.2,7.54,1422.01,51.2,9.07,36.37,42.69,0.94,80.01,0.2255,False,False
1780909370.8871424,archive_flood_airfield_274c83,archive_flood_airfield_274c83.mp4,1833,50.0,640,480,combined,detect_combined,Flooded,deeplabv3plus,False,False,0,tensorrt,tensorrt,tensorrt,20.56,20.56,48.28,48.64,12.05,25.04,37.09,1422.01,43.4,7.54,1422.01,43.4,9.07,36.37,42.69,0.94,80.01,0.2369,False,False
1780909370.9694934,archive_flood_airfield_274c83,archive_flood_airfield_274c83.mp4,1834,50.0,640,480,combined,detect_combined,Non-Flooded,resnet18,True,False,0,tensorrt,tensorrt,tensorrt,21.08,21.08,47.01,47.44,11.38,24.23,35.61,1422.01,41.7,7.54,1422.01,41.7,9.07,36.37,42.69,0.94,80.01,0.1693,False,False
1780909371.0438774,archive_flood_airfield_274c83,archive_flood_airfield_274c83.mp4,1835,50.0,640,480,combined,detect_combined,Non-Flooded,resnet18,False,False,0,tensorrt,tensorrt,tensorrt,23.49,23.49,42.23,42.57,10.06,13.99,24.05,1422.01,40.0,7.54,1422.01,40.0,9.07,36.37,42.69,0.94,80.01,0.1673,False,False
1780909371.1200826,archive_flood_airfield_274c83,archive_flood_airfield_274c83.mp4,1836,50.0,640,480,combined,detect_combined,Flooded,deeplabv3plus,True,False,0,tensorrt,tensorrt,tensorrt,23.43,23.43,42.28,42.68,9.24,11.63,20.87,1422.01,48.9,7.54,1422.01,48.9,9.07,36.37,42.69,0.94,80.01,0.2118,False,False
1780909371.1929138,archive_flood_airfield_274c83,archive_flood_airfield_274c83.mp4,1837,50.0,640,480,combined,detect_combined,Non-Flooded,resnet18,True,False,0,tensorrt,tensorrt,tensorrt,22.54,22.54,43.97,44.36,13.7,12.31,26.009999999999998,1422.01,38.1,7.54,1422.01,38.1,9.07,36.37,42.69,0.94,80.01,0.1745,False,False
1780909371.2636428,archive_flood_airfield_274c83,archive_flood_airfield_274c83.mp4,1838,50.0,640,480,combined,detect_combined,Non-Flooded,resnet18,False,False,0,tensorrt,tensorrt,tensorrt,22.4,22.4,44.31,44.64,12.91,20.98,33.89,1422.01,20.0,7.54,1422.01,20.0,9.07,36.37,42.69,0.94,80.01,0.1649,False,False
1780909371.3398423,archive_flood_airfield_274c83,archive_flood_airfield_274c83.mp4,1839,50.0,640,480,combined,detect_combined,Flooded,deeplabv3plus,True,False,0,tensorrt,tensorrt,tensorrt,20.44,20.44,48.52,48.93,5.99,19.18,25.17,1422.01,20.9,8.15,1422.01,20.9,9.07,36.37,42.69,0.94,80.01,0.2195,False,False
1780909371.4385056,archive_flood_airfield_274c83,archive_flood_airfield_274c83.mp4,1840,50.0,640,480,combined,detect_combined,Non-Flooded,resnet18,True,False,0,tensorrt,tensorrt,tensorrt,18.54,18.54,53.43,53.94,15.57,24.73,40.3,1422.01,24.1,8.15,1422.01,24.1,9.07,36.37,42.69,0.94,80.01,0.1717,False,False
1780909371.5273287,archive_flood_airfield_274c83,archive_flood_airfield_274c83.mp4,1841,50.0,640,480,combined,detect_combined,Flooded,deeplabv3plus,True,False,0,tensorrt,tensorrt,tensorrt,20.98,20.98,47.17,47.66,7.09,14.31,21.4,1422.01,30.2,8.15,1422.01,30.2,9.07,36.37,42.69,0.94,80.01,0.2318,False,False
1780909371.610876,archive_flood_airfield_274c83,archive_flood_airfield_274c83.mp4,1842,50.0,640,480,combined,detect_combined,Flooded,deeplabv3plus,False,False,0,tensorrt,tensorrt,tensorrt,24.02,24.02,41.05,41.63,7.76,16.33,24.089999999999996,1422.01,28.9,8.15,1422.01,28.9,9.07,36.37,42.69,0.94,80.01,0.2417,False,False
1780909371.6897411,archive_flood_airfield_274c83,archive_flood_airfield_274c83.mp4,1843,50.0,640,480,combined,detect_combined,Flooded,deeplabv3plus,False,False,0,tensorrt,tensorrt,tensorrt,25.17,25.17,39.31,39.73,7.28,14.65,21.93,1421.96,31.1,8.15,1421.96,31.1,9.07,36.37,42.69,0.94,80.01,0.234,False,False
1780909371.7595043,archive_flood_airfield_274c83,archive_flood_airfield_274c83.mp4,1844,50.0,640,480,combined,detect_combined,Non-Flooded,resnet18,True,False,0,tensorrt,tensorrt,tensorrt,25.37,25.37,38.96,39.42,7.15,14.89,22.04,1421.96,27.9,8.15,1421.96,27.9,9.07,36.37,42.69,0.94,80.01,0.1315,False,False
1780909371.8363929,archive_flood_airfield_274c83,archive_flood_airfield_274c83.mp4,1845,50.0,640,480,combined,detect_combined,Non-Flooded,resnet18,False,False,0,tensorrt,tensorrt,tensorrt,23.18,23.18,42.73,43.14,6.47,13.59,20.06,1421.96,24.4,8.15,1421.96,24.4,9.07,36.37,42.69,0.94,80.01,0.1236,False,False
1780909371.9192207,archive_flood_airfield_274c83,archive_flood_airfield_274c83.mp4,1846,50.0,640,480,combined,detect_combined,Non-Flooded,resnet18,False,False,0,tensorrt,tensorrt,tensorrt,20.91,20.91,47.43,47.83,10.9,23.59,34.49,1421.96,28.0,7.54,1421.96,28.0,9.07,36.37,42.69,0.94,80.01,0.0783,False,False
1780909372.0119574,archive_flood_airfield_274c83,archive_flood_airfield_274c83.mp4,1847,50.0,640,480,combined,detect_combined,Non-Flooded,resnet18,False,False,0,tensorrt,tensorrt,tensorrt,20.55,20.55,48.22,48.65,14.84,16.5,31.34,1421.96,25.9,7.54,1421.96,25.9,9.07,36.37,42.69,0.94,80.01,0.1014,False,False
1780909372.099441,archive_flood_airfield_274c83,archive_flood_airfield_274c83.mp4,1848,50.0,640,480,combined,detect_combined,Non-Flooded,resnet18,False,False,0,tensorrt,tensorrt,tensorrt,21.92,21.92,45.23,45.61,11.83,22.02,33.85,1421.96,39.2,7.54,1421.96,39.2,9.07,36.37,42.69,0.94,80.01,0.183,False,False
1780909372.1824389,archive_flood_airfield_274c83,archive_flood_airfield_274c83.mp4,1849,50.0,640,480,combined,detect_combined,Flooded,deeplabv3plus,True,False,0,tensorrt,tensorrt,tensorrt,22.24,22.24,44.56,44.97,11.61,21.79,33.4,1421.96,52.3,7.54,1421.96,52.3,9.07,36.37,42.69,0.94,80.01,0.2633,False,False
1780909372.2612915,archive_flood_airfield_274c83,archive_flood_airfield_274c83.mp4,1850,50.0,640,480,combined,detect_combined,Flooded,deeplabv3plus,False,False,0,tensorrt,tensorrt,tensorrt,21.91,21.91,45.3,45.64,6.04,11.71,17.75,1421.96,55.3,7.54,1421.96,55.3,9.07,36.37,42.69,0.94,80.01,0.2774,False,False
1780909372.3384855,archive_flood_airfield_274c83,archive_flood_airfield_274c83.mp4,1851,50.0,640,480,combined,detect_combined,Non-Flooded,resnet18,True,False,0,tensorrt,tensorrt,tensorrt,22.02,22.02,45.03,45.42,5.76,19.62,25.380000000000003,1421.96,44.4,7.54,1421.96,44.4,9.07,36.37,42.69,0.94,80.01,0.1614,False,False
1780909372.4208903,archive_flood_airfield_274c83,archive_flood_airfield_274c83.mp4,1852,50.0,640,480,combined,detect_combined,Flooded,deeplabv3plus,True,False,0,tensorrt,tensorrt,tensorrt,23.35,23.35,42.38,42.83,9.06,13.85,22.91,1421.96,58.3,7.54,1421.96,58.3,9.07,36.37,42.69,0.94,80.01,0.2037,False,False
1780909372.4971895,archive_flood_airfield_274c83,archive_flood_airfield_274c83.mp4,1853,50.0,640,480,combined,detect_combined,Flooded,deeplabv3plus,False,False,0,tensorrt,tensorrt,tensorrt,25.49,25.49,38.9,39.23,7.87,11.31,19.18,1421.96,43.5,7.54,1421.96,43.5,9.07,36.37,42.69,0.94,80.01,0.2862,False,False
1780909372.5774994,archive_flood_airfield_274c83,archive_flood_airfield_274c83.mp4,1854,50.0,640,480,combined,detect_combined,Flooded,deeplabv3plus,False,False,0,tensorrt,tensorrt,tensorrt,24.73,24.73,40.11,40.44,8.52,21.38,29.9,1421.96,42.6,8.61,1421.96,42.6,9.07,36.37,42.69,0.94,80.01,0.2155,False,False
1780909372.6548796,archive_flood_airfield_274c83,archive_flood_airfield_274c83.mp4,1855,50.0,640,480,combined,detect_combined,Flooded,deeplabv3plus,False,False,0,tensorrt,tensorrt,tensorrt,21.65,21.65,45.83,46.2,6.77,19.07,25.84,1421.96,41.9,8.61,1421.96,41.9,9.07,36.37,42.69,0.94,80.01,0.2328,False,False
1780909372.7365801,archive_flood_airfield_274c83,archive_flood_airfield_274c83.mp4,1856,50.0,640,480,combined,detect_combined,Non-Flooded,resnet18,True,False,0,tensorrt,tensorrt,tensorrt,21.71,21.71,45.44,46.06,6.26,20.62,26.880000000000003,1421.96,44.9,8.61,1421.96,44.9,9.07,36.37,42.69,0.94,80.01,0.1971,False,False
1780909372.8119774,archive_flood_airfield_274c83,archive_flood_airfield_274c83.mp4,1857,50.0,640,480,combined,detect_combined,Non-Flooded,resnet18,False,False,0,tensorrt,tensorrt,tensorrt,24.14,24.14,41.07,41.42,8.5,19.12,27.62,1421.96,37.8,8.61,1421.96,37.8,9.07,36.37,42.69,0.94,80.01,0.1886,False,False
1780909372.9110577,archive_flood_airfield_274c83,archive_flood_airfield_274c83.mp4,1858,50.0,640,480,combined,detect_combined,Flooded,deeplabv3plus,True,False,0,tensorrt,tensorrt,tensorrt,16.23,16.23,61.14,61.63,13.78,21.91,35.69,1421.96,39.3,8.61,1421.96,39.3,9.07,36.37,42.69,0.94,80.01,0.2402,False,False
1780909372.9759386,archive_flood_airfield_274c83,archive_flood_airfield_274c83.mp4,1859,50.0,640,480,combined,detect_combined,Non-Flooded,resnet18,True,False,0,tensorrt,tensorrt,tensorrt,32.35,32.35,30.48,30.91,5.73,10.46,16.19,1421.96,29.7,8.61,1421.96,29.7,9.07,36.37,42.69,0.94,80.01,0.195,False,False
1780909373.0521502,archive_flood_airfield_274c83,archive_flood_airfield_274c83.mp4,1860,50.0,640,480,combined,detect_combined,Flooded,deeplabv3plus,True,False,0,tensorrt,tensorrt,tensorrt,22.8,22.8,43.25,43.86,5.69,18.95,24.64,1421.96,29.5,8.61,1421.96,29.5,9.07,36.37,42.69,0.94,80.01,0.2038,False,False
1780909373.1183841,archive_flood_airfield_274c83,archive_flood_airfield_274c83.mp4,1861,50.0,640,480,combined,detect_combined,Flooded,deeplabv3plus,False,False,0,tensorrt,tensorrt,tensorrt,28.55,28.55,34.7,35.03,5.72,12.74,18.46,1421.96,29.3,8.3,1421.96,29.3,9.07,36.37,42.69,0.94,80.01,0.2072,False,False
1780909373.1876988,archive_flood_airfield_274c83,archive_flood_airfield_274c83.mp4,1862,50.0,640,480,combined,detect_combined,Non-Flooded,resnet18,True,False,0,tensorrt,tensorrt,tensorrt,26.86,26.86,36.81,37.23,6.66,13.84,20.5,1421.96,25.0,8.3,1421.96,25.0,9.07,36.37,42.69,0.94,80.01,0.1989,False,False
1780909373.2666383,archive_flood_airfield_274c83,archive_flood_airfield_274c83.mp4,1863,50.0,640,480,combined,detect_combined,Non-Flooded,resnet18,False,False,0,tensorrt,tensorrt,tensorrt,22.84,22.84,43.43,43.77,6.84,13.69,20.53,1421.96,19.0,8.3,1421.96,19.0,9.07,36.37,42.69,0.94,80.01,0.1378,False,False
1780909373.3527126,archive_flood_airfield_274c83,archive_flood_airfield_274c83.mp4,1864,50.0,640,480,combined,detect_combined,Non-Flooded,resnet18,False,False,0,tensorrt,tensorrt,tensorrt,25.6,25.6,38.67,39.06,15.2,12.72,27.92,1421.96,34.6,8.3,1421.96,34.6,9.07,36.37,42.69,0.94,80.01,0.1597,False,False
1780909373.4354637,archive_flood_airfield_274c83,archive_flood_airfield_274c83.mp4,1865,50.0,640,480,combined,detect_combined,Flooded,deeplabv3plus,True,False,0,tensorrt,tensorrt,tensorrt,21.81,21.81,45.43,45.84,5.91,20.82,26.73,1421.96,44.7,8.3,1421.96,44.7,9.07,36.37,42.69,0.94,80.01,0.2572,False,False
1780909373.5268362,archive_flood_airfield_274c83,archive_flood_airfield_274c83.mp4,1866,50.0,640,480,combined,detect_combined,Flooded,deeplabv3plus,False,False,0,tensorrt,tensorrt,tensorrt,22.31,22.31,44.46,44.81,11.39,22.35,33.74,1421.96,40.4,8.3,1421.96,40.4,9.07,36.37,42.69,0.94,80.01,0.2181,False,False
1780909373.6128805,archive_flood_airfield_274c83,archive_flood_airfield_274c83.mp4,1867,50.0,640,480,combined,detect_combined,Non-Flooded,resnet18,True,False,0,tensorrt,tensorrt,tensorrt,19.37,19.37,51.08,51.62,14.63,25.07,39.7,1421.96,43.1,8.3,1421.96,43.1,9.07,36.37,42.69,0.94,80.01,0.1886,False,False
1780909373.6930528,archive_flood_airfield_274c83,archive_flood_airfield_274c83.mp4,1868,50.0,640,480,combined,detect_combined,Flooded,deeplabv3plus,True,False,0,tensorrt,tensorrt,tensorrt,23.57,23.57,41.98,42.43,7.29,22.81,30.099999999999998,1421.96,43.5,8.15,1421.96,43.5,9.07,36.37,42.69,0.94,80.01,0.3016,False,False
1780909373.7796566,archive_flood_airfield_274c83,archive_flood_airfield_274c83.mp4,1869,50.0,640,480,combined,detect_combined,Flooded,deeplabv3plus,False,False,0,tensorrt,tensorrt,tensorrt,20.23,20.23,49.04,49.43,12.75,24.23,36.980000000000004,1421.96,24.0,8.15,1421.96,24.0,9.07,36.37,42.69,0.94,80.01,0.2831,False,False
1780909373.8666933,archive_flood_airfield_274c83,archive_flood_airfield_274c83.mp4,1870,50.0,640,480,combined,detect_combined,Flooded,deeplabv3plus,False,False,0,tensorrt,tensorrt,tensorrt,22.34,22.34,44.4,44.76,7.04,20.04,27.08,1421.96,28.8,8.15,1421.96,28.8,9.07,36.37,42.69,0.94,80.01,0.3096,False,False
1780909373.9506593,archive_flood_airfield_274c83,archive_flood_airfield_274c83.mp4,1871,50.0,640,480,combined,detect_combined,Flooded,deeplabv3plus,False,False,0,tensorrt,tensorrt,tensorrt,23.47,23.47,42.22,42.61,5.48,12.44,17.92,1421.96,32.0,8.15,1421.96,32.0,9.07,36.37,42.69,0.94,80.01,0.2907,False,False
1780909374.0377247,archive_flood_airfield_274c83,archive_flood_airfield_274c83.mp4,1872,50.0,640,480,combined,detect_combined,Flooded,deeplabv3plus,False,False,0,tensorrt,tensorrt,tensorrt,21.1,21.1,46.98,47.39,7.79,14.54,22.33,1421.96,28.0,8.15,1421.96,28.0,9.07,36.37,42.69,0.94,80.01,0.2692,False,False
1780909374.1262856,archive_flood_airfield_274c83,archive_flood_airfield_274c83.mp4,1873,50.0,640,480,combined,detect_combined,Flooded,deeplabv3plus,False,False,0,tensorrt,tensorrt,tensorrt,22.0,22.0,45.03,45.46,7.57,24.26,31.830000000000002,1421.96,28.3,8.15,1421.96,28.3,9.07,36.37,42.69,0.94,80.01,0.2703,False,False
1780909374.2301629,archive_flood_airfield_274c83,archive_flood_airfield_274c83.mp4,1874,50.0,640,480,combined,detect_combined,Non-Flooded,resnet18,True,False,0,tensorrt,tensorrt,tensorrt,18.85,18.85,52.49,53.05,13.76,25.38,39.14,1421.96,27.9,8.15,1421.96,27.9,9.07,36.37,42.69,0.94,80.01,0.1587,False,False
1780909374.3169823,archive_flood_airfield_274c83,archive_flood_airfield_274c83.mp4,1875,50.0,640,480,combined,detect_combined,Non-Flooded,resnet18,False,False,0,tensorrt,tensorrt,tensorrt,23.33,23.33,42.42,42.85,7.82,15.28,23.1,1421.96,30.8,7.54,1421.96,30.8,9.07,36.37,42.69,0.94,80.01,0.1844,False,False
1780909374.4137902,archive_flood_airfield_274c83,archive_flood_airfield_274c83.mp4,1876,50.0,640,480,combined,detect_combined,Non-Flooded,resnet18,False,False,0,tensorrt,tensorrt,tensorrt,19.28,19.28,51.41,51.87,12.43,25.83,38.26,1421.96,26.3,7.54,1421.96,26.3,9.07,36.37,42.69,0.94,80.01,0.1881,False,False
1780909374.514725,archive_flood_airfield_274c83,archive_flood_airfield_274c83.mp4,1877,50.0,640,480,combined,detect_combined,Flooded,deeplabv3plus,True,False,0,tensorrt,tensorrt,tensorrt,17.98,17.98,54.98,55.63,14.6,26.63,41.23,1421.96,25.0,7.54,1421.96,25.0,9.07,36.37,42.69,0.94,80.01,0.2281,False,False
1780909374.615557,archive_flood_airfield_274c83,archive_flood_airfield_274c83.mp4,1878,50.0,640,480,combined,detect_combined,Non-Flooded,resnet18,True,False,0,tensorrt,tensorrt,tensorrt,21.16,21.16,46.74,47.25,7.64,15.24,22.88,1421.96,28.3,7.54,1421.96,28.3,9.07,36.37,42.69,0.94,80.01,0.1524,False,False
1780909374.7131572,archive_flood_airfield_274c83,archive_flood_airfield_274c83.mp4,1879,50.0,640,480,combined,detect_combined,Non-Flooded,resnet18,False,False,0,tensorrt,tensorrt,tensorrt,20.96,20.96,47.29,47.71,9.88,23.95,33.83,1421.96,29.3,7.54,1421.96,29.3,9.07,36.37,42.69,0.94,80.01,0.1851,False,False
1780909374.8127658,archive_flood_airfield_274c83,archive_flood_airfield_274c83.mp4,1880,50.0,640,480,combined,detect_combined,Flooded,deeplabv3plus,True,False,0,tensorrt,tensorrt,tensorrt,18.48,18.48,53.57,54.11,14.56,25.68,40.24,1421.96,43.1,7.54,1421.96,43.1,9.07,36.37,42.69,0.94,80.01,0.2305,False,False
1780909374.9113555,archive_flood_airfield_274c83,archive_flood_airfield_274c83.mp4,1881,50.0,640,480,combined,detect_combined,Flooded,deeplabv3plus,False,False,0,tensorrt,tensorrt,tensorrt,19.51,19.51,50.83,51.27,12.89,24.71,37.6,1421.96,38.6,7.54,1421.96,38.6,9.07,36.37,42.69,0.94,80.01,0.2433,False,False
1780909374.997661,archive_flood_airfield_274c83,archive_flood_airfield_274c83.mp4,1882,50.0,640,480,combined,detect_combined,Non-Flooded,resnet18,True,False,0,tensorrt,tensorrt,tensorrt,23.39,23.39,42.25,42.75,7.5,17.26,24.76,1421.96,42.9,7.54,1421.96,42.9,9.07,36.37,42.69,0.94,80.01,0.1833,False,False
1780909375.086445,archive_flood_airfield_274c83,archive_flood_airfield_274c83.mp4,1883,50.0,640,480,combined,detect_combined,Flooded,deeplabv3plus,True,False,0,tensorrt,tensorrt,tensorrt,23.59,23.59,41.86,42.38,7.76,17.36,25.119999999999997,1421.96,47.3,7.54,1421.96,47.3,9.07,36.37,42.69,0.94,80.01,0.2201,False,False
1780909375.1809156,archive_flood_airfield_274c83,archive_flood_airfield_274c83.mp4,1884,50.0,640,480,combined,detect_combined,Flooded,deeplabv3plus,False,False,0,tensorrt,tensorrt,tensorrt,21.76,21.76,45.53,45.95,7.17,20.4,27.57,1421.96,25.5,7.54,1421.96,25.5,9.07,36.37,42.69,0.94,80.01,0.209,False,False
1780909375.2861383,archive_flood_airfield_274c83,archive_flood_airfield_274c83.mp4,1885,50.0,640,480,combined,detect_combined,Flooded,deeplabv3plus,False,False,0,tensorrt,tensorrt,tensorrt,22.26,22.26,44.47,44.93,15.91,15.26,31.17,1421.96,25.4,7.54,1421.96,25.4,9.07,36.37,42.69,0.94,80.01,0.3099,False,False
1780909375.3847072,archive_flood_airfield_274c83,archive_flood_airfield_274c83.mp4,1886,50.0,640,480,combined,detect_combined,Flooded,deeplabv3plus,False,False,0,tensorrt,tensorrt,tensorrt,19.31,19.31,51.42,51.8,8.09,26.92,35.010000000000005,1421.97,34.2,7.54,1421.97,34.2,9.07,36.37,42.69,0.94,80.01,0.3356,False,False
1780909375.4782917,archive_flood_airfield_274c83,archive_flood_airfield_274c83.mp4,1887,50.0,640,480,combined,detect_combined,Flooded,deeplabv3plus,False,False,0,tensorrt,tensorrt,tensorrt,20.19,20.19,49.11,49.53,10.92,24.95,35.87,1421.97,32.1,7.69,1421.97,32.1,9.07,36.37,42.69,0.94,80.01,0.384,False,False
1780909375.5734756,archive_flood_airfield_274c83,archive_flood_airfield_274c83.mp4,1888,50.0,640,480,combined,detect_combined,Flooded,deeplabv3plus,False,False,0,tensorrt,tensorrt,tensorrt,19.06,19.06,52.06,52.48,14.19,25.21,39.4,1421.97,24.1,7.69,1421.97,24.1,9.07,36.37,42.69,0.94,80.01,0.386,False,False
1780909375.6556454,archive_flood_airfield_274c83,archive_flood_airfield_274c83.mp4,1889,50.0,640,480,combined,detect_combined,Flooded,deeplabv3plus,False,False,0,tensorrt,tensorrt,tensorrt,23.5,23.5,42.18,42.55,7.23,23.07,30.3,1421.97,26.5,7.69,1421.97,26.5,9.07,36.37,42.69,0.94,80.01,0.3873,False,False
1780909375.7317374,archive_flood_airfield_274c83,archive_flood_airfield_274c83.mp4,1890,50.0,640,480,combined,detect_combined,Flooded,deeplabv3plus,False,False,0,tensorrt,tensorrt,tensorrt,26.46,26.46,37.44,37.8,7.14,14.87,22.009999999999998,1421.97,19.5,7.69,1421.97,19.5,9.07,36.37,42.69,0.94,80.01,0.3906,False,False
1780909375.8052201,archive_flood_airfield_274c83,archive_flood_airfield_274c83.mp4,1891,50.0,640,480,combined,detect_combined,Flooded,deeplabv3plus,False,False,0,tensorrt,tensorrt,tensorrt,26.53,26.53,37.39,37.7,6.34,11.33,17.67,1421.97,24.4,7.69,1421.97,24.4,9.07,36.37,42.69,0.94,80.01,0.3133,False,False
1780909375.8801951,archive_flood_airfield_274c83,archive_flood_airfield_274c83.mp4,1892,50.0,640,480,combined,detect_combined,Flooded,deeplabv3plus,False,False,0,tensorrt,tensorrt,tensorrt,22.35,22.35,44.37,44.75,6.63,17.46,24.09,1421.97,27.3,7.69,1421.97,27.3,9.07,36.37,42.69,0.94,80.01,0.2829,False,False
1780909375.9621632,archive_flood_airfield_274c83,archive_flood_airfield_274c83.mp4,1893,50.0,640,480,combined,detect_combined,Flooded,deeplabv3plus,False,False,0,tensorrt,tensorrt,tensorrt,23.18,23.18,42.81,43.14,5.54,14.04,19.58,1421.97,30.6,7.69,1421.97,30.6,9.07,36.37,42.69,0.94,80.01,0.3449,False,False
1780909376.0396545,archive_flood_airfield_274c83,archive_flood_airfield_274c83.mp4,1894,50.0,640,480,combined,detect_combined,Flooded,deeplabv3plus,False,False,0,tensorrt,tensorrt,tensorrt,26.51,26.51,37.28,37.73,5.65,20.09,25.740000000000002,1421.97,50.0,7.54,1421.97,50.0,9.07,36.37,42.69,0.94,80.01,0.2171,False,False
1780909376.125176,archive_flood_airfield_274c83,archive_flood_airfield_274c83.mp4,1895,50.0,640,480,combined,detect_combined,Flooded,deeplabv3plus,False,False,0,tensorrt,tensorrt,tensorrt,19.44,19.44,51.04,51.45,14.38,23.99,38.37,1421.97,39.6,7.54,1421.97,39.6,9.07,36.37,42.69,0.94,80.01,0.2745,False,False
1780909376.2107418,archive_flood_airfield_274c83,archive_flood_airfield_274c83.mp4,1896,50.0,640,480,combined,detect_combined,Flooded,deeplabv3plus,False,False,0,tensorrt,tensorrt,tensorrt,22.3,22.3,44.49,44.84,7.87,16.32,24.19,1421.97,52.9,7.54,1421.97,52.9,9.07,36.37,42.69,0.94,80.01,0.3981,False,False
1780909376.2960992,archive_flood_airfield_274c83,archive_flood_airfield_274c83.mp4,1897,50.0,640,480,combined,detect_combined,Flooded,deeplabv3plus,False,False,0,tensorrt,tensorrt,tensorrt,21.12,21.12,46.98,47.34,6.63,18.75,25.38,1421.97,42.0,7.54,1421.97,42.0,9.07,36.37,42.69,0.94,80.01,0.4193,False,False
1780909376.390319,archive_flood_airfield_274c83,archive_flood_airfield_274c83.mp4,1898,50.0,640,480,combined,detect_combined,Flooded,deeplabv3plus,False,False,0,tensorrt,tensorrt,tensorrt,19.34,19.34,51.3,51.71,13.04,25.08,38.12,1421.97,30.2,7.54,1421.97,30.2,9.07,36.37,42.69,0.94,80.01,0.3398,False,False
1780909376.4913352,archive_flood_airfield_274c83,archive_flood_airfield_274c83.mp4,1899,50.0,640,480,combined,detect_combined,Flooded,deeplabv3plus,False,False,0,tensorrt,tensorrt,tensorrt,17.94,17.94,55.31,55.73,15.45,25.88,41.33,1421.97,25.9,7.54,1421.97,25.9,9.07,36.37,42.69,0.94,80.01,0.3374,False,False
1780909376.5817182,archive_flood_airfield_274c83,archive_flood_airfield_274c83.mp4,1900,50.0,640,480,combined,detect_combined,Flooded,deeplabv3plus,False,False,0,tensorrt,tensorrt,tensorrt,21.22,21.22,46.71,47.11,7.67,15.25,22.92,1421.97,25.0,7.69,1421.97,25.0,9.07,36.37,42.69,0.94,80.01,0.27,False,False
1780909376.6706135,archive_flood_airfield_274c83,archive_flood_airfield_274c83.mp4,1901,50.0,640,480,combined,detect_combined,Flooded,deeplabv3plus,False,False,0,tensorrt,tensorrt,tensorrt,21.97,21.97,45.11,45.51,7.64,24.27,31.91,1421.97,26.4,7.69,1421.97,26.4,9.07,36.37,42.69,0.94,80.01,0.3132,False,False
1780909376.7744758,archive_flood_airfield_274c83,archive_flood_airfield_274c83.mp4,1902,50.0,640,480,combined,detect_combined,Flooded,deeplabv3plus,False,False,0,tensorrt,tensorrt,tensorrt,18.09,18.09,54.88,55.29,15.13,26.26,41.39,1421.97,27.0,7.69,1421.97,27.0,9.07,36.37,42.69,0.94,80.01,0.2826,False,False
1780909376.8676322,archive_flood_airfield_274c83,archive_flood_airfield_274c83.mp4,1903,50.0,640,480,combined,detect_combined,Non-Flooded,resnet18,True,False,0,tensorrt,tensorrt,tensorrt,21.35,21.35,46.33,46.84,10.73,22.27,33.0,1421.97,29.8,7.69,1421.97,29.8,9.07,36.37,42.69,0.94,80.01,0.1048,False,False
1780909376.9731925,archive_flood_airfield_274c83,archive_flood_airfield_274c83.mp4,1904,50.0,640,480,combined,detect_combined,Non-Flooded,resnet18,False,False,0,tensorrt,tensorrt,tensorrt,20.19,20.19,49.11,49.53,11.43,24.48,35.91,1421.97,28.1,7.69,1421.97,28.1,9.07,36.37,42.69,0.94,80.01,0.1019,False,False
1780909377.0732973,archive_flood_airfield_274c83,archive_flood_airfield_274c83.mp4,1905,50.0,640,480,combined,detect_combined,Non-Flooded,resnet18,False,False,0,tensorrt,tensorrt,tensorrt,19.81,19.81,50.09,50.47,11.09,25.67,36.760000000000005,1421.97,23.7,7.69,1421.97,23.7,9.07,36.37,42.69,0.94,80.01,0.0917,False,False
1780909377.1730988,archive_flood_airfield_274c83,archive_flood_airfield_274c83.mp4,1906,50.0,640,480,combined,detect_combined,Non-Flooded,resnet18,False,False,0,tensorrt,tensorrt,tensorrt,19.44,19.44,51.01,51.43,11.6,25.97,37.57,1421.97,26.7,7.39,1421.97,26.7,9.07,36.37,42.69,0.94,80.01,0.084,False,False
1780909377.2728965,archive_flood_airfield_274c83,archive_flood_airfield_274c83.mp4,1907,50.0,640,480,combined,detect_combined,Non-Flooded,resnet18,False,False,0,tensorrt,tensorrt,tensorrt,19.01,19.01,52.21,52.61,13.58,25.31,38.89,1421.97,25.9,7.39,1421.97,25.9,9.07,36.37,42.69,0.94,80.01,0.0927,False,False
1780909377.3730912,archive_flood_airfield_274c83,archive_flood_airfield_274c83.mp4,1908,50.0,640,480,combined,detect_combined,Non-Flooded,resnet18,False,False,0,tensorrt,tensorrt,tensorrt,20.8,20.8,47.66,48.08,8.19,26.12,34.31,1421.97,32.2,7.39,1421.97,32.2,9.07,36.37,42.69,0.94,80.01,0.09,False,False
1780909377.4742155,archive_flood_airfield_274c83,archive_flood_airfield_274c83.mp4,1909,50.0,640,480,combined,detect_combined,Non-Flooded,resnet18,False,False,0,tensorrt,tensorrt,tensorrt,22.08,22.08,44.92,45.29,5.99,13.55,19.54,1421.97,64.4,7.39,1421.97,64.4,9.07,36.37,42.69,0.94,80.01,0.0749,False,False
1780909377.561104,archive_flood_airfield_274c83,archive_flood_airfield_274c83.mp4,1910,50.0,640,480,combined,detect_combined,Non-Flooded,resnet18,False,False,0,tensorrt,tensorrt,tensorrt,21.88,21.88,45.37,45.7,14.61,13.34,27.95,1421.97,56.0,7.39,1421.97,56.0,9.07,36.37,42.69,0.94,80.01,0.0815,False,False
1780909377.6390975,archive_flood_airfield_274c83,archive_flood_airfield_274c83.mp4,1911,50.0,640,480,combined,detect_combined,Non-Flooded,resnet18,False,False,0,tensorrt,tensorrt,tensorrt,23.76,23.76,41.76,42.09,6.5,15.16,21.66,1421.97,42.2,7.39,1421.97,42.2,9.07,36.37,42.69,0.94,80.01,0.0791,False,False
1780909377.7229679,archive_flood_airfield_274c83,archive_flood_airfield_274c83.mp4,1912,50.0,640,480,combined,detect_combined,Non-Flooded,resnet18,False,False,0,tensorrt,tensorrt,tensorrt,21.16,21.16,46.86,47.26,6.46,20.86,27.32,1421.97,42.0,7.39,1421.97,42.0,9.07,36.37,42.69,0.94,80.01,0.0755,False,False
1780909377.8043401,archive_flood_airfield_274c83,archive_flood_airfield_274c83.mp4,1913,50.0,640,480,combined,detect_combined,Non-Flooded,resnet18,False,False,0,tensorrt,tensorrt,tensorrt,22.02,22.02,45.01,45.41,10.24,12.39,22.630000000000003,1421.97,33.3,8.3,1421.97,33.3,9.07,36.37,42.69,0.94,80.01,0.0863,False,False
1780909377.8984911,archive_flood_airfield_274c83,archive_flood_airfield_274c83.mp4,1914,50.0,640,480,combined,detect_combined,Non-Flooded,resnet18,False,False,0,tensorrt,tensorrt,tensorrt,17.53,17.53,56.57,57.05,8.05,17.9,25.95,1421.97,43.6,8.3,1421.97,43.6,9.07,36.37,42.69,0.94,80.01,0.106,False,False
1780909377.9758384,archive_flood_airfield_274c83,archive_flood_airfield_274c83.mp4,1915,50.0,640,480,combined,detect_combined,Non-Flooded,resnet18,False,False,0,tensorrt,tensorrt,tensorrt,23.46,23.46,42.3,42.63,7.16,13.77,20.93,1421.97,27.3,8.3,1421.97,27.3,9.07,36.37,42.69,0.94,80.01,0.1287,False,False
1780909378.0583472,archive_flood_airfield_274c83,archive_flood_airfield_274c83.mp4,1916,50.0,640,480,combined,detect_combined,Non-Flooded,resnet18,False,False,0,tensorrt,tensorrt,tensorrt,22.21,22.21,44.63,45.02,8.91,13.91,22.82,1421.97,30.0,8.3,1421.97,30.0,9.07,36.37,42.69,0.94,80.01,0.1326,False,False
1780909378.1396716,archive_flood_airfield_274c83,archive_flood_airfield_274c83.mp4,1917,50.0,640,480,combined,detect_combined,Non-Flooded,resnet18,False,False,0,tensorrt,tensorrt,tensorrt,22.33,22.33,44.39,44.79,7.08,14.93,22.009999999999998,1421.97,28.0,8.3,1421.97,28.0,9.07,36.37,42.69,0.94,80.01,0.1256,False,False
1780909378.2270832,archive_flood_airfield_274c83,archive_flood_airfield_274c83.mp4,1918,50.0,640,480,combined,detect_combined,Non-Flooded,resnet18,False,False,0,tensorrt,tensorrt,tensorrt,21.0,21.0,47.2,47.62,7.61,14.91,22.52,1421.97,28.8,8.3,1421.97,28.8,9.07,36.37,42.69,0.94,80.01,0.1203,False,False
1780909378.3224442,archive_flood_airfield_274c83,archive_flood_airfield_274c83.mp4,1919,50.0,640,480,combined,detect_combined,Non-Flooded,resnet18,False,False,0,tensorrt,tensorrt,tensorrt,19.33,19.33,51.31,51.72,7.78,24.4,32.18,1421.97,25.9,8.3,1421.97,25.9,9.07,36.37,42.69,0.94,80.01,0.119,False,False
1780909378.419967,archive_flood_airfield_274c83,archive_flood_airfield_274c83.mp4,1920,50.0,640,480,combined,detect_combined,Non-Flooded,resnet18,False,False,0,tensorrt,tensorrt,tensorrt,21.99,21.99,45.08,45.48,7.82,23.72,31.54,1421.97,27.6,7.69,1421.97,27.6,9.07,36.37,42.69,0.94,80.01,0.1172,False,False
1780909378.516501,archive_flood_airfield_274c83,archive_flood_airfield_274c83.mp4,1921,50.0,640,480,combined,detect_combined,Non-Flooded,resnet18,False,False,0,tensorrt,tensorrt,tensorrt,23.42,23.42,42.38,42.71,7.32,22.84,30.16,1421.97,28.6,7.69,1421.97,28.6,9.07,36.37,42.69,0.94,80.01,0.152,False,False
1780909378.5953054,archive_flood_airfield_274c83,archive_flood_airfield_274c83.mp4,1922,50.0,640,480,combined,detect_combined,Non-Flooded,resnet18,False,False,0,tensorrt,tensorrt,tensorrt,24.39,24.39,40.66,41.0,9.02,12.5,21.52,1421.97,44.7,7.69,1421.97,44.7,9.07,36.37,42.69,0.94,80.01,0.1191,False,False
1780909378.6828454,archive_flood_airfield_274c83,archive_flood_airfield_274c83.mp4,1923,50.0,640,480,combined,detect_combined,Non-Flooded,resnet18,False,False,0,tensorrt,tensorrt,tensorrt,21.68,21.68,45.79,46.13,8.76,24.11,32.87,1421.97,44.2,7.69,1421.97,44.2,9.07,36.37,42.69,0.94,80.01,0.1278,False,False
1780909378.7653916,archive_flood_airfield_274c83,archive_flood_airfield_274c83.mp4,1924,50.0,640,480,combined,detect_combined,Non-Flooded,resnet18,False,False,0,tensorrt,tensorrt,tensorrt,20.92,20.92,47.39,47.8,11.23,24.05,35.28,1421.97,43.7,7.69,1421.97,43.7,9.07,36.37,42.69,0.94,80.01,0.1078,False,False
1780909378.8515568,archive_flood_airfield_274c83,archive_flood_airfield_274c83.mp4,1925,50.0,640,480,combined,detect_combined,Non-Flooded,resnet18,False,False,0,tensorrt,tensorrt,tensorrt,22.9,22.9,43.28,43.68,7.88,14.8,22.68,1421.97,45.1,7.69,1421.97,45.1,9.07,36.37,42.69,0.94,80.01,0.1106,False,False
1780909378.9453425,archive_flood_airfield_274c83,archive_flood_airfield_274c83.mp4,1926,50.0,640,480,combined,detect_combined,Non-Flooded,resnet18,False,False,0,tensorrt,tensorrt,tensorrt,19.58,19.58,50.66,51.07,14.47,21.85,36.32,1421.97,43.6,8.0,1421.97,43.6,9.07,36.37,42.69,0.94,80.01,0.109,False,False
1780909379.0465372,archive_flood_airfield_274c83,archive_flood_airfield_274c83.mp4,1927,50.0,640,480,combined,detect_combined,Non-Flooded,resnet18,False,False,0,tensorrt,tensorrt,tensorrt,19.5,19.5,50.94,51.27,14.85,25.45,40.3,1421.97,44.3,8.0,1421.97,44.3,9.07,36.37,42.69,0.94,80.01,0.1159,False,False
1780909379.1175985,archive_flood_airfield_274c83,archive_flood_airfield_274c83.mp4,1928,50.0,640,480,combined,detect_combined,Non-Flooded,resnet18,False,False,0,tensorrt,tensorrt,tensorrt,22.76,22.76,43.57,43.94,6.47,13.77,20.24,1421.97,42.2,8.0,1421.97,42.2,9.07,36.37,42.69,0.94,80.01,0.1101,False,False
1780909379.216893,archive_flood_airfield_274c83,archive_flood_airfield_274c83.mp4,1929,50.0,640,480,combined,detect_combined,Non-Flooded,resnet18,False,False,0,tensorrt,tensorrt,tensorrt,18.69,18.69,53.08,53.5,14.74,25.58,40.32,1421.97,29.0,8.0,1421.97,29.0,9.07,36.37,42.69,0.94,80.01,0.1236,False,False
1780909379.3010247,archive_flood_airfield_274c83,archive_flood_airfield_274c83.mp4,1930,50.0,640,480,combined,detect_combined,Non-Flooded,resnet18,False,False,0,tensorrt,tensorrt,tensorrt,24.85,24.85,39.83,40.23,9.12,15.32,24.439999999999998,1421.97,30.0,8.0,1421.97,30.0,9.07,36.37,42.69,0.94,80.01,0.1005,False,False
1780909379.3976538,archive_flood_airfield_274c83,archive_flood_airfield_274c83.mp4,1931,50.0,640,480,combined,detect_combined,Non-Flooded,resnet18,False,False,0,tensorrt,tensorrt,tensorrt,20.92,20.92,47.44,47.81,12.26,23.01,35.27,1421.97,26.8,8.0,1421.97,26.8,9.07,36.37,42.69,0.94,80.01,0.1027,False,False
1780909379.4858162,archive_flood_airfield_274c83,archive_flood_airfield_274c83.mp4,1932,50.0,640,480,combined,detect_combined,Non-Flooded,resnet18,False,False,0,tensorrt,tensorrt,tensorrt,21.05,21.05,47.07,47.51,8.57,14.89,23.46,1421.97,26.0,8.0,1421.97,26.0,9.07,36.37,42.69,0.94,80.01,0.1042,False,False
1780909379.5857651,archive_flood_airfield_274c83,archive_flood_airfield_274c83.mp4,1933,50.0,640,480,combined,detect_combined,Non-Flooded,resnet18,False,False,0,tensorrt,tensorrt,tensorrt,21.51,21.51,46.07,46.49,8.38,15.33,23.71,1421.97,24.6,7.69,1421.97,24.6,9.07,36.37,42.69,0.94,80.01,0.0941,False,False
1780909379.6828187,archive_flood_airfield_274c83,archive_flood_airfield_274c83.mp4,1934,50.0,640,480,combined,detect_combined,Non-Flooded,resnet18,False,False,0,tensorrt,tensorrt,tensorrt,21.45,21.45,46.21,46.62,8.76,24.3,33.06,1421.97,23.6,7.69,1421.97,23.6,9.07,36.37,42.69,0.94,80.01,0.0706,False,False
1780909379.7823882,archive_flood_airfield_274c83,archive_flood_airfield_274c83.mp4,1935,50.0,640,480,combined,detect_combined,Non-Flooded,resnet18,False,False,0,tensorrt,tensorrt,tensorrt,20.48,20.48,48.38,48.82,10.81,24.57,35.38,1421.97,29.0,7.69,1421.97,29.0,9.07,36.37,42.69,0.94,80.01,0.1087,False,False
1780909379.8820024,archive_flood_airfield_274c83,archive_flood_airfield_274c83.mp4,1936,50.0,640,480,combined,detect_combined,Non-Flooded,resnet18,False,False,0,tensorrt,tensorrt,tensorrt,20.35,20.35,48.69,49.15,11.92,23.56,35.48,1421.97,27.1,7.69,1421.97,27.1,9.07,36.37,42.69,0.94,80.01,0.0969,False,False
1780909379.980918,archive_flood_airfield_274c83,archive_flood_airfield_274c83.mp4,1937,50.0,640,480,combined,detect_combined,Non-Flooded,resnet18,False,False,0,tensorrt,tensorrt,tensorrt,21.69,21.69,45.67,46.11,9.95,22.31,32.26,1421.97,40.0,7.69,1421.97,40.0,9.07,36.37,42.69,0.94,80.01,0.0977,False,False
1780909380.0825753,archive_flood_airfield_274c83,archive_flood_airfield_274c83.mp4,1938,50.0,640,480,combined,detect_combined,Non-Flooded,resnet18,False,False,0,tensorrt,tensorrt,tensorrt,17.66,17.66,56.18,56.61,15.77,26.75,42.519999999999996,1421.97,40.7,7.69,1421.97,40.7,9.07,36.37,42.69,0.94,80.01,0.1052,False,False
1780909380.1808493,archive_flood_airfield_274c83,archive_flood_airfield_274c83.mp4,1939,50.0,640,480,combined,detect_combined,Non-Flooded,resnet18,False,False,0,tensorrt,tensorrt,tensorrt,20.97,20.97,47.26,47.68,8.08,25.8,33.88,1421.97,39.0,7.69,1421.97,39.0,9.07,36.37,42.69,0.94,80.01,0.0986,False,False
1780909380.279441,archive_flood_airfield_274c83,archive_flood_airfield_274c83.mp4,1940,50.0,640,480,combined,detect_combined,Non-Flooded,resnet18,False,False,0,tensorrt,tensorrt,tensorrt,18.15,18.15,54.66,55.1,14.68,26.08,40.76,1421.97,42.4,7.69,1421.97,42.4,9.07,36.37,42.69,0.94,80.01,0.1159,False,False
1780909380.390837,archive_flood_airfield_274c83,archive_flood_airfield_274c83.mp4,1941,50.0,640,480,combined,detect_combined,Non-Flooded,resnet18,False,False,0,tensorrt,tensorrt,tensorrt,15.31,15.31,64.94,65.32,19.3,29.96,49.260000000000005,1421.98,34.0,7.69,1421.98,34.0,9.07,36.37,42.69,0.94,80.01,0.118,False,False
1780909380.498622,archive_flood_airfield_274c83,archive_flood_airfield_274c83.mp4,1942,50.0,640,480,combined,detect_combined,Non-Flooded,resnet18,False,False,0,tensorrt,tensorrt,tensorrt,18.55,18.55,53.44,53.89,15.92,24.28,40.2,1421.98,33.3,7.69,1421.98,33.3,9.07,36.37,42.69,0.94,80.01,0.1411,False,False
1780909380.5941517,archive_flood_airfield_274c83,archive_flood_airfield_274c83.mp4,1943,50.0,640,480,combined,detect_combined,Non-Flooded,resnet18,False,False,0,tensorrt,tensorrt,tensorrt,21.21,21.21,46.73,47.15,8.2,25.42,33.620000000000005,1421.98,28.1,7.69,1421.98,28.1,9.07,36.37,42.69,0.94,80.01,0.1489,False,False
1780909380.6962426,archive_flood_airfield_274c83,archive_flood_airfield_274c83.mp4,1944,50.0,640,480,combined,detect_combined,Non-Flooded,resnet18,False,False,0,tensorrt,tensorrt,tensorrt,19.43,19.43,51.03,51.46,12.57,25.26,37.83,1421.98,27.4,7.54,1421.98,27.4,9.07,36.37,42.69,0.94,80.01,0.1025,False,False
1780909380.7844582,archive_flood_airfield_274c83,archive_flood_airfield_274c83.mp4,1945,50.0,640,480,combined,detect_combined,Non-Flooded,resnet18,False,False,0,tensorrt,tensorrt,tensorrt,23.5,23.5,42.15,42.56,7.56,15.34,22.9,1421.98,25.0,7.54,1421.98,25.0,9.07,36.37,42.69,0.94,80.01,0.1331,False,False
1780909380.8784628,archive_flood_airfield_274c83,archive_flood_airfield_274c83.mp4,1946,50.0,640,480,combined,detect_combined,Non-Flooded,resnet18,False,False,0,tensorrt,tensorrt,tensorrt,20.09,20.09,49.34,49.77,10.51,25.6,36.11,1421.98,27.8,7.54,1421.98,27.8,9.07,36.37,42.69,0.94,80.01,0.1309,False,False
1780909380.979557,archive_flood_airfield_274c83,archive_flood_airfield_274c83.mp4,1947,50.0,640,480,combined,detect_combined,Non-Flooded,resnet18,False,False,0,tensorrt,tensorrt,tensorrt,20.09,20.09,49.36,49.76,11.41,24.68,36.09,1421.98,30.0,7.54,1421.98,30.0,9.07,36.37,42.69,0.94,80.01,0.1288,False,False
1780909381.0782065,archive_flood_airfield_274c83,archive_flood_airfield_274c83.mp4,1948,50.0,640,480,combined,detect_combined,Non-Flooded,resnet18,False,False,0,tensorrt,tensorrt,tensorrt,19.23,19.23,51.54,52.01,12.16,26.01,38.17,1421.98,23.2,7.54,1421.98,23.2,9.07,36.37,42.69,0.94,80.01,0.1103,False,False
1780909381.177508,archive_flood_airfield_274c83,archive_flood_airfield_274c83.mp4,1949,50.0,640,480,combined,detect_combined,Non-Flooded,resnet18,False,False,0,tensorrt,tensorrt,tensorrt,21.67,21.67,45.74,46.15,8.17,25.03,33.2,1421.98,44.8,7.54,1421.98,44.8,9.07,36.37,42.69,0.94,80.01,0.0956,False,False
1780909381.2666552,archive_flood_airfield_274c83,archive_flood_airfield_274c83.mp4,1950,50.0,640,480,combined,detect_combined,Non-Flooded,resnet18,False,False,0,tensorrt,tensorrt,tensorrt,20.16,20.16,49.17,49.61,7.55,26.67,34.22,1421.98,47.2,7.69,1421.98,47.2,9.07,36.37,42.69,0.94,80.01,0.1002,False,False
1780909381.3618975,archive_flood_airfield_274c83,archive_flood_airfield_274c83.mp4,1951,50.0,640,480,combined,detect_combined,Non-Flooded,resnet18,False,False,0,tensorrt,tensorrt,tensorrt,18.84,18.84,52.64,53.07,14.01,25.25,39.26,1421.98,43.6,7.69,1421.98,43.6,9.07,36.37,42.69,0.94,80.01,0.1015,False,False
1780909381.4615173,archive_flood_airfield_274c83,archive_flood_airfield_274c83.mp4,1952,50.0,640,480,combined,detect_combined,Non-Flooded,resnet18,False,False,0,tensorrt,tensorrt,tensorrt,17.92,17.92,55.38,55.8,14.8,25.38,40.18,1421.98,44.8,7.69,1421.98,44.8,9.07,36.37,42.69,0.94,80.01,0.0879,False,False
1780909381.5518935,archive_flood_airfield_274c83,archive_flood_airfield_274c83.mp4,1953,50.0,640,480,combined,detect_combined,Non-Flooded,resnet18,False,False,0,tensorrt,tensorrt,tensorrt,20.86,20.86,47.52,47.93,7.42,15.13,22.55,1421.98,26.4,7.69,1421.98,26.4,9.07,36.37,42.69,0.94,80.01,0.0891,False,False
1780909381.641707,archive_flood_airfield_274c83,archive_flood_airfield_274c83.mp4,1954,50.0,640,480,combined,detect_combined,Non-Flooded,resnet18,False,False,0,tensorrt,tensorrt,tensorrt,21.46,21.46,46.2,46.6,9.46,23.28,32.74,1421.98,23.5,7.69,1421.98,23.5,9.07,36.37,42.69,0.94,80.01,0.0981,False,False
1780909381.744151,archive_flood_airfield_274c83,archive_flood_airfield_274c83.mp4,1955,50.0,640,480,combined,detect_combined,Non-Flooded,resnet18,False,False,0,tensorrt,tensorrt,tensorrt,19.14,19.14,51.84,52.25,13.05,25.46,38.510000000000005,1421.98,28.6,7.69,1421.98,28.6,9.07,36.37,42.69,0.94,80.01,0.0975,False,False
1780909381.8321857,archive_flood_airfield_274c83,archive_flood_airfield_274c83.mp4,1956,50.0,640,480,combined,detect_combined,Non-Flooded,resnet18,False,False,0,tensorrt,tensorrt,tensorrt,23.02,23.02,43.03,43.44,7.55,15.41,22.96,1421.98,28.0,7.54,1421.98,28.0,9.07,36.37,42.69,0.94,80.01,0.1067,False,False
1780909381.9186196,archive_flood_airfield_274c83,archive_flood_airfield_274c83.mp4,1957,50.0,640,480,combined,detect_combined,Non-Flooded,resnet18,False,False,0,tensorrt,tensorrt,tensorrt,24.15,24.15,40.98,41.41,7.45,16.34,23.79,1421.98,30.0,7.54,1421.98,30.0,9.07,36.37,42.69,0.94,80.01,0.1235,False,False
1780909382.0147257,archive_flood_airfield_274c83,archive_flood_airfield_274c83.mp4,1958,50.0,640,480,combined,detect_combined,Non-Flooded,resnet18,False,False,0,tensorrt,tensorrt,tensorrt,21.38,21.38,46.37,46.77,7.16,18.55,25.71,1421.98,28.1,7.54,1421.98,28.1,9.07,36.37,42.69,0.94,80.01,0.1021,False,False
1780909382.1124654,archive_flood_airfield_274c83,archive_flood_airfield_274c83.mp4,1959,50.0,640,480,combined,detect_combined,Non-Flooded,resnet18,False,False,0,tensorrt,tensorrt,tensorrt,21.43,21.43,46.24,46.66,7.4,20.25,27.65,1421.98,30.4,7.54,1421.98,30.4,9.07,36.37,42.69,0.94,80.01,0.0784,False,False
1780909382.2253299,archive_flood_airfield_274c83,archive_flood_airfield_274c83.mp4,1960,50.0,640,480,combined,detect_combined,Non-Flooded,resnet18,False,False,0,tensorrt,tensorrt,tensorrt,20.33,20.33,48.77,49.18,11.97,23.54,35.51,1421.98,38.6,7.54,1421.98,38.6,9.07,36.37,42.69,0.94,80.01,0.0695,False,False
1780909382.3136535,archive_flood_airfield_274c83,archive_flood_airfield_274c83.mp4,1961,50.0,640,480,combined,detect_combined,Non-Flooded,resnet18,False,False,0,tensorrt,tensorrt,tensorrt,22.3,22.3,44.42,44.84,11.06,15.26,26.32,1421.98,32.7,7.54,1421.98,32.7,9.07,36.37,42.69,0.94,80.01,0.0579,False,False
1780909382.4116495,archive_flood_airfield_274c83,archive_flood_airfield_274c83.mp4,1962,50.0,640,480,combined,detect_combined,Non-Flooded,resnet18,False,False,0,tensorrt,tensorrt,tensorrt,22.03,22.03,44.97,45.4,7.12,15.36,22.48,1421.98,39.3,7.54,1421.98,39.3,9.07,36.37,42.69,0.94,80.01,0.0761,False,False
1780909382.5079875,archive_flood_airfield_274c83,archive_flood_airfield_274c83.mp4,1963,50.0,640,480,combined,detect_combined,Non-Flooded,resnet18,False,False,0,tensorrt,tensorrt,tensorrt,20.97,20.97,47.26,47.68,13.29,20.68,33.97,1421.98,43.6,7.54,1421.98,43.6,9.07,36.37,42.69,0.94,80.01,0.1041,False,False
1780909382.6040142,archive_flood_airfield_274c83,archive_flood_airfield_274c83.mp4,1964,50.0,640,480,combined,detect_combined,Non-Flooded,resnet18,False,False,0,tensorrt,tensorrt,tensorrt,20.59,20.59,48.23,48.57,13.42,24.04,37.46,1421.98,42.1,7.54,1421.98,42.1,9.07,36.37,42.69,0.94,80.01,0.1198,False,False
1780909382.6956382,archive_flood_airfield_274c83,archive_flood_airfield_274c83.mp4,1965,50.0,640,480,combined,detect_combined,Non-Flooded,resnet18,False,False,0,tensorrt,tensorrt,tensorrt,20.93,20.93,47.39,47.77,7.31,18.99,26.299999999999997,1421.98,37.7,7.54,1421.98,37.7,9.07,36.37,42.69,0.94,80.01,0.1273,False,False
1780909382.7971866,archive_flood_airfield_274c83,archive_flood_airfield_274c83.mp4,1966,50.0,640,480,combined,detect_combined,Non-Flooded,resnet18,False,False,0,tensorrt,tensorrt,tensorrt,20.22,20.22,48.96,49.45,7.77,24.86,32.629999999999995,1421.98,30.5,7.54,1421.98,30.5,9.07,36.37,42.69,0.94,80.01,0.113,False,False
1780909382.8905196,archive_flood_airfield_274c83,archive_flood_airfield_274c83.mp4,1967,50.0,640,480,combined,detect_combined,Non-Flooded,resnet18,False,False,0,tensorrt,tensorrt,tensorrt,22.52,22.52,43.95,44.4,11.37,18.63,30.0,1421.98,44.4,7.54,1421.98,44.4,9.07,36.37,42.69,0.94,80.01,0.0859,False,False
1780909382.978882,archive_flood_airfield_274c83,archive_flood_airfield_274c83.mp4,1968,50.0,640,480,combined,detect_combined,Non-Flooded,resnet18,False,False,0,tensorrt,tensorrt,tensorrt,21.0,21.0,47.22,47.62,7.01,14.52,21.53,1421.98,34.0,7.54,1421.98,34.0,9.07,36.37,42.69,0.94,80.01,0.0891,False,False
1780909383.0716686,archive_flood_airfield_274c83,archive_flood_airfield_274c83.mp4,1969,50.0,640,480,combined,detect_combined,Non-Flooded,resnet18,False,False,0,tensorrt,tensorrt,tensorrt,21.31,21.31,46.52,46.92,7.64,25.61,33.25,1421.98,29.6,7.85,1421.98,29.6,9.07,36.37,42.69,0.94,80.01,0.0992,False,False
1780909383.1740308,archive_flood_airfield_274c83,archive_flood_airfield_274c83.mp4,1970,50.0,640,480,combined,detect_combined,Non-Flooded,resnet18,False,False,0,tensorrt,tensorrt,tensorrt,19.15,19.15,51.8,52.22,12.45,25.94,38.39,1421.98,24.1,7.85,1421.98,24.1,9.07,36.37,42.69,0.94,80.01,0.0953,False,False
1780909383.261389,archive_flood_airfield_274c83,archive_flood_airfield_274c83.mp4,1971,50.0,640,480,combined,detect_combined,Non-Flooded,resnet18,False,False,0,tensorrt,tensorrt,tensorrt,23.09,23.09,42.86,43.32,7.44,14.84,22.28,1421.98,28.3,7.85,1421.98,28.3,9.07,36.37,42.69,0.94,80.01,0.0748,False,False
1780909383.3585002,archive_flood_airfield_274c83,archive_flood_airfield_274c83.mp4,1972,50.0,640,480,combined,detect_combined,Non-Flooded,resnet18,False,False,0,tensorrt,tensorrt,tensorrt,18.75,18.75,52.92,53.33,11.26,28.54,39.8,1421.98,28.1,7.85,1421.98,28.1,9.07,36.37,42.69,0.94,80.01,0.0744,False,False
1780909383.4559195,archive_flood_airfield_274c83,archive_flood_airfield_274c83.mp4,1973,50.0,640,480,combined,detect_combined,Non-Flooded,resnet18,False,False,0,tensorrt,tensorrt,tensorrt,20.96,20.96,47.3,47.71,8.62,25.44,34.06,1421.98,30.5,7.85,1421.98,30.5,9.07,36.37,42.69,0.94,80.01,0.0754,False,False
1780909383.5560842,archive_flood_airfield_274c83,archive_flood_airfield_274c83.mp4,1974,50.0,640,480,combined,detect_combined,Non-Flooded,resnet18,False,False,0,tensorrt,tensorrt,tensorrt,19.94,19.94,49.75,50.16,12.16,24.06,36.22,1421.98,27.1,7.85,1421.98,27.1,9.07,36.37,42.69,0.94,80.01,0.0795,False,False
1780909383.6557229,archive_flood_airfield_274c83,archive_flood_airfield_274c83.mp4,1975,50.0,640,480,combined,detect_combined,Non-Flooded,resnet18,False,False,0,tensorrt,tensorrt,tensorrt,21.81,21.81,45.43,45.84,7.59,24.32,31.91,1421.98,45.8,7.38,1421.98,45.8,9.07,36.37,42.69,0.94,80.01,0.0735,False,False
1780909383.7546082,archive_flood_airfield_274c83,archive_flood_airfield_274c83.mp4,1976,50.0,640,480,combined,detect_combined,Non-Flooded,resnet18,False,False,0,tensorrt,tensorrt,tensorrt,20.6,20.6,48.12,48.55,8.78,26.08,34.86,1421.98,44.1,7.38,1421.98,44.1,9.07,36.37,42.69,0.94,80.01,0.0863,False,False
1780909383.8552446,archive_flood_airfield_274c83,archive_flood_airfield_274c83.mp4,1977,50.0,640,480,combined,detect_combined,Non-Flooded,resnet18,False,False,0,tensorrt,tensorrt,tensorrt,17.81,17.81,55.72,56.16,15.56,26.65,42.21,1421.98,44.8,7.38,1421.98,44.8,9.07,36.37,42.69,0.94,80.01,0.0844,False,False
1780909383.9530957,archive_flood_airfield_274c83,archive_flood_airfield_274c83.mp4,1978,50.0,640,480,combined,detect_combined,Non-Flooded,resnet18,False,False,0,tensorrt,tensorrt,tensorrt,19.72,19.72,50.26,50.71,12.9,24.92,37.82,1421.98,38.6,7.38,1421.98,38.6,9.07,36.37,42.69,0.94,80.01,0.0797,False,False
1780909384.0551467,archive_flood_airfield_274c83,archive_flood_airfield_274c83.mp4,1979,50.0,640,480,combined,detect_combined,Non-Flooded,resnet18,False,False,0,tensorrt,tensorrt,tensorrt,18.57,18.57,53.44,53.86,13.75,26.26,40.010000000000005,1421.98,27.9,7.38,1421.98,27.9,9.07,36.37,42.69,0.94,80.01,0.0924,False,False
1780909384.1428332,archive_flood_airfield_274c83,archive_flood_airfield_274c83.mp4,1980,50.0,640,480,combined,detect_combined,Non-Flooded,resnet18,False,False,0,tensorrt,tensorrt,tensorrt,21.98,21.98,45.08,45.5,7.82,15.43,23.25,1421.98,25.5,7.38,1421.98,25.5,9.07,36.37,42.69,0.94,80.01,0.1528,False,False
1780909384.2352593,archive_flood_airfield_274c83,archive_flood_airfield_274c83.mp4,1981,50.0,640,480,combined,detect_combined,Non-Flooded,resnet18,False,False,0,tensorrt,tensorrt,tensorrt,21.58,21.58,45.9,46.33,8.14,24.52,32.66,1421.98,27.3,7.54,1421.98,27.3,9.07,36.37,42.69,0.94,80.01,0.1594,False,False
1780909384.343342,archive_flood_airfield_274c83,archive_flood_airfield_274c83.mp4,1982,50.0,640,480,combined,detect_combined,Non-Flooded,resnet18,False,False,0,tensorrt,tensorrt,tensorrt,16.85,16.85,58.93,59.36,13.42,26.57,39.99,1421.98,28.1,7.54,1421.98,28.1,9.07,36.37,42.69,0.94,80.01,0.1405,False,False
1780909384.439538,archive_flood_airfield_274c83,archive_flood_airfield_274c83.mp4,1983,50.0,640,480,combined,detect_combined,Non-Flooded,resnet18,False,False,0,tensorrt,tensorrt,tensorrt,22.77,22.77,43.53,43.93,10.31,15.49,25.8,1421.98,28.6,7.54,1421.98,28.6,9.07,36.37,42.69,0.94,80.01,0.0863,False,False
1780909384.5392141,archive_flood_airfield_274c83,archive_flood_airfield_274c83.mp4,1984,50.0,640,480,combined,detect_combined,Non-Flooded,resnet18,False,False,0,tensorrt,tensorrt,tensorrt,21.0,21.0,47.25,47.63,7.88,14.75,22.63,1421.98,30.0,7.54,1421.98,30.0,9.07,36.37,42.69,0.94,80.01,0.0807,False,False
1780909384.6387322,archive_flood_airfield_274c83,archive_flood_airfield_274c83.mp4,1985,50.0,640,480,combined,detect_combined,Non-Flooded,resnet18,False,False,0,tensorrt,tensorrt,tensorrt,21.46,21.46,46.19,46.6,7.63,15.27,22.9,1421.98,25.9,7.54,1421.98,25.9,9.07,36.37,42.69,0.94,80.01,0.105,False,False
1780909384.7374654,archive_flood_airfield_274c83,archive_flood_airfield_274c83.mp4,1986,50.0,640,480,combined,detect_combined,Non-Flooded,resnet18,False,False,0,tensorrt,tensorrt,tensorrt,19.78,19.78,50.15,50.55,9.75,25.98,35.730000000000004,1421.98,25.0,7.38,1421.98,25.0,9.07,36.37,42.69,0.94,80.01,0.1038,False,False
1780909384.8353853,archive_flood_airfield_274c83,archive_flood_airfield_274c83.mp4,1987,50.0,640,480,combined,detect_combined,Non-Flooded,resnet18,False,False,0,tensorrt,tensorrt,tensorrt,22.74,22.74,43.57,43.98,7.25,23.69,30.94,1421.98,29.3,7.38,1421.98,29.3,9.07,36.37,42.69,0.94,80.01,0.0959,False,False
1780909384.9234726,archive_flood_airfield_274c83,archive_flood_airfield_274c83.mp4,1988,50.0,640,480,combined,detect_combined,Non-Flooded,resnet18,False,False,0,tensorrt,tensorrt,tensorrt,20.65,20.65,47.97,48.43,6.97,20.41,27.38,1421.98,34.0,7.38,1421.98,34.0,9.07,36.37,42.69,0.94,80.01,0.1078,False,False
1780909385.0041723,archive_flood_airfield_274c83,archive_flood_airfield_274c83.mp4,1989,50.0,640,480,combined,detect_combined,Non-Flooded,resnet18,False,False,0,tensorrt,tensorrt,tensorrt,20.39,20.39,48.6,49.05,10.37,14.04,24.409999999999997,1421.98,46.9,7.38,1421.98,46.9,9.07,36.37,42.69,0.94,80.01,0.141,False,False
1780909385.0895932,archive_flood_airfield_274c83,archive_flood_airfield_274c83.mp4,1990,50.0,640,480,combined,detect_combined,Non-Flooded,resnet18,False,False,0,tensorrt,tensorrt,tensorrt,21.1,21.1,47.06,47.39,6.46,17.38,23.84,1421.98,51.0,7.38,1421.98,51.0,9.07,36.37,42.69,0.94,80.01,0.1375,False,False
1780909385.162959,archive_flood_airfield_274c83,archive_flood_airfield_274c83.mp4,1991,50.0,640,480,combined,detect_combined,Non-Flooded,resnet18,False,False,0,tensorrt,tensorrt,tensorrt,23.93,23.93,41.42,41.8,6.96,23.11,30.07,1421.98,50.0,7.38,1421.98,50.0,9.07,36.37,42.69,0.94,80.01,0.143,False,False
1780909385.2374375,archive_flood_airfield_274c83,archive_flood_airfield_274c83.mp4,1992,50.0,640,480,combined,detect_combined,Non-Flooded,resnet18,False,False,0,tensorrt,tensorrt,tensorrt,21.55,21.55,46.07,46.4,5.86,19.62,25.48,1421.98,46.7,7.38,1421.98,46.7,9.07,36.37,42.69,0.94,80.01,0.1591,False,False
1780909385.326473,archive_flood_airfield_274c83,archive_flood_airfield_274c83.mp4,1993,50.0,640,480,combined,detect_combined,Non-Flooded,resnet18,False,False,0,tensorrt,tensorrt,tensorrt,18.4,18.4,53.91,54.34,5.94,19.85,25.790000000000003,1421.98,47.1,8.3,1421.98,47.1,9.07,36.37,42.69,0.94,80.01,0.1544,False,False
1780909385.4284608,archive_flood_airfield_274c83,archive_flood_airfield_274c83.mp4,1994,50.0,640,480,combined,detect_combined,Non-Flooded,resnet18,False,False,0,tensorrt,tensorrt,tensorrt,18.27,18.27,54.23,54.72,6.37,22.82,29.19,1421.98,58.1,8.3,1421.98,58.1,9.07,36.37,42.69,0.94,80.01,0.1648,False,False
1780909385.4943593,archive_flood_airfield_274c83,archive_flood_airfield_274c83.mp4,1995,50.0,640,480,combined,detect_combined,Non-Flooded,resnet18,False,False,0,tensorrt,tensorrt,tensorrt,27.54,27.54,35.99,36.31,5.71,10.82,16.53,1421.98,39.5,8.3,1421.98,39.5,9.07,36.37,42.69,0.94,80.01,0.1785,False,False
1780909385.567134,archive_flood_airfield_274c83,archive_flood_airfield_274c83.mp4,1996,50.0,640,480,combined,detect_combined,Non-Flooded,resnet18,False,False,0,tensorrt,tensorrt,tensorrt,23.23,23.23,42.73,43.04,6.48,13.2,19.68,1421.98,28.6,8.3,1421.98,28.6,9.07,36.37,42.69,0.94,80.01,0.1909,False,False
1780909385.6345253,archive_flood_airfield_274c83,archive_flood_airfield_274c83.mp4,1997,50.0,640,480,combined,detect_combined,Non-Flooded,resnet18,False,False,0,tensorrt,tensorrt,tensorrt,26.68,26.68,37.14,37.49,6.79,13.24,20.03,1421.98,30.0,8.3,1421.98,30.0,9.07,36.37,42.69,0.94,80.01,0.1841,False,False
1780909385.701112,archive_flood_airfield_274c83,archive_flood_airfield_274c83.mp4,1998,50.0,640,480,combined,detect_combined,Non-Flooded,resnet18,False,False,0,tensorrt,tensorrt,tensorrt,28.37,28.37,34.85,35.25,6.85,11.34,18.189999999999998,1421.98,26.3,8.3,1421.98,26.3,9.07,36.37,42.69,0.94,80.01,0.1714,False,False
1780909385.7711585,archive_flood_airfield_274c83,archive_flood_airfield_274c83.mp4,1999,50.0,640,480,combined,detect_combined,Non-Flooded,resnet18,False,False,0,tensorrt,tensorrt,tensorrt,26.69,26.69,37.1,37.47,7.09,13.31,20.4,1421.98,30.2,8.3,1421.98,30.2,9.07,36.37,42.69,0.94,80.01,0.171,False,False
1780909385.8632452,archive_flood_airfield_274c83,archive_flood_airfield_274c83.mp4,2000,50.0,640,480,combined,detect_combined,Non-Flooded,resnet18,False,False,0,tensorrt,tensorrt,tensorrt,19.5,19.5,50.92,51.27,14.72,24.01,38.730000000000004,1421.98,28.6,8.3,1421.98,28.6,9.07,36.37,42.69,0.94,80.01,0.1838,False,False
1780909385.9443152,archive_flood_airfield_274c83,archive_flood_airfield_274c83.mp4,2001,50.0,640,480,combined,detect_combined,Non-Flooded,resnet18,False,False,0,tensorrt,tensorrt,tensorrt,22.33,22.33,44.44,44.79,9.92,23.37,33.29,1421.98,23.4,8.0,1421.98,23.4,9.07,36.37,42.69,0.94,80.01,0.1856,False,False
1780909386.0367212,archive_flood_airfield_274c83,archive_flood_airfield_274c83.mp4,2002,50.0,640,480,combined,detect_combined,Non-Flooded,resnet18,False,False,0,tensorrt,tensorrt,tensorrt,21.35,21.35,46.47,46.84,7.53,18.24,25.77,1421.98,24.5,8.0,1421.98,24.5,9.07,36.37,42.69,0.94,80.01,0.1818,False,False
1780909386.117463,archive_flood_airfield_274c83,archive_flood_airfield_274c83.mp4,2003,50.0,640,480,combined,detect_combined,Non-Flooded,resnet18,False,False,0,tensorrt,tensorrt,tensorrt,23.25,23.25,42.67,43.01,6.66,18.34,25.0,1421.98,27.7,8.0,1421.98,27.7,9.07,36.37,42.69,0.94,80.01,0.1762,False,False
1780909386.2038057,archive_flood_airfield_274c83,archive_flood_airfield_274c83.mp4,2004,50.0,640,480,combined,detect_combined,Non-Flooded,resnet18,False,False,0,tensorrt,tensorrt,tensorrt,21.91,21.91,45.32,45.65,14.32,14.03,28.35,1421.98,44.9,8.0,1421.98,44.9,9.07,36.37,42.69,0.94,80.01,0.1549,False,False
1780909386.2742019,archive_flood_airfield_274c83,archive_flood_airfield_274c83.mp4,2005,50.0,640,480,combined,detect_combined,Non-Flooded,resnet18,False,False,0,tensorrt,tensorrt,tensorrt,23.0,23.0,43.15,43.48,11.05,21.26,32.31,1421.98,48.8,8.0,1421.98,48.8,9.07,36.37,42.69,0.94,80.01,0.1583,False,False
1780909386.3512924,archive_flood_airfield_274c83,archive_flood_airfield_274c83.mp4,2006,50.0,640,480,combined,detect_combined,Non-Flooded,resnet18,False,False,0,tensorrt,tensorrt,tensorrt,21.25,21.25,46.68,47.07,5.99,20.23,26.22,1421.98,26.7,8.0,1421.98,26.7,9.07,36.37,42.69,0.94,80.01,0.1711,False,False
1780909386.433609,archive_flood_airfield_274c83,archive_flood_airfield_274c83.mp4,2007,50.0,640,480,combined,detect_combined,Non-Flooded,resnet18,False,False,0,tensorrt,tensorrt,tensorrt,20.63,20.63,48.15,48.48,5.53,18.65,24.18,1421.98,40.8,8.0,1421.98,40.8,9.07,36.37,42.69,0.94,80.01,0.181,False,False
1780909386.5166788,archive_flood_airfield_274c83,archive_flood_airfield_274c83.mp4,2008,50.0,640,480,combined,detect_combined,Non-Flooded,resnet18,False,False,0,tensorrt,tensorrt,tensorrt,19.7,19.7,50.38,50.77,10.14,23.67,33.81,1421.98,47.9,8.3,1421.98,47.9,9.07,36.37,42.69,0.94,80.01,0.1588,False,False
1780909386.5859725,archive_flood_airfield_274c83,archive_flood_airfield_274c83.mp4,2009,50.0,640,480,combined,detect_combined,Non-Flooded,resnet18,False,False,0,tensorrt,tensorrt,tensorrt,24.74,24.74,40.08,40.43,6.01,12.12,18.13,1421.98,38.1,8.3,1421.98,38.1,9.07,36.37,42.69,0.94,80.01,0.1644,False,False
1780909386.6495612,archive_flood_airfield_274c83,archive_flood_airfield_274c83.mp4,2010,50.0,640,480,combined,detect_combined,Non-Flooded,resnet18,False,False,0,tensorrt,tensorrt,tensorrt,28.48,28.48,34.74,35.12,6.74,12.83,19.57,1421.98,27.0,8.3,1421.98,27.0,9.07,36.37,42.69,0.94,80.01,0.1707,False,False
1780909386.719646,archive_flood_airfield_274c83,archive_flood_airfield_274c83.mp4,2011,50.0,640,480,combined,detect_combined,Non-Flooded,resnet18,False,False,0,tensorrt,tensorrt,tensorrt,26.66,26.66,37.18,37.51,6.69,14.58,21.27,1421.98,23.1,8.3,1421.98,23.1,9.07,36.37,42.69,0.94,80.01,0.1835,False,False
1780909386.798989,archive_flood_airfield_274c83,archive_flood_airfield_274c83.mp4,2012,50.0,640,480,combined,detect_combined,Non-Flooded,resnet18,False,False,0,tensorrt,tensorrt,tensorrt,22.71,22.71,43.68,44.04,6.52,13.32,19.84,1421.98,27.7,8.3,1421.98,27.7,9.07,36.37,42.69,0.94,80.01,0.1693,False,False
1780909386.885819,archive_flood_airfield_274c83,archive_flood_airfield_274c83.mp4,2013,50.0,640,480,combined,detect_combined,Non-Flooded,resnet18,False,False,0,tensorrt,tensorrt,tensorrt,23.2,23.2,42.79,43.11,13.29,12.97,26.259999999999998,1421.98,27.5,8.3,1421.98,27.5,9.07,36.37,42.69,0.94,80.01,0.162,False,False
1780909386.9545536,archive_flood_airfield_274c83,archive_flood_airfield_274c83.mp4,2014,50.0,640,480,combined,detect_combined,Non-Flooded,resnet18,False,False,0,tensorrt,tensorrt,tensorrt,23.06,23.06,42.97,43.36,10.09,16.01,26.1,1421.98,25.0,8.3,1421.98,25.0,9.07,36.37,42.69,0.94,80.01,0.183,False,False
1780909387.0430152,archive_flood_airfield_274c83,archive_flood_airfield_274c83.mp4,2015,50.0,640,480,combined,detect_combined,Non-Flooded,resnet18,False,False,0,tensorrt,tensorrt,tensorrt,20.68,20.68,47.99,48.36,12.39,24.38,36.769999999999996,1421.98,33.3,8.3,1421.98,33.3,9.07,36.37,42.69,0.94,80.01,0.1784,False,False
1780909387.1308706,archive_flood_airfield_274c83,archive_flood_airfield_274c83.mp4,2016,50.0,640,480,combined,detect_combined,Non-Flooded,resnet18,False,False,0,tensorrt,tensorrt,tensorrt,21.96,21.96,45.13,45.54,7.44,13.71,21.150000000000002,1421.98,27.5,7.85,1421.98,27.5,9.07,36.37,42.69,0.94,80.01,0.1726,False,False
1780909387.2247162,archive_flood_airfield_274c83,archive_flood_airfield_274c83.mp4,2017,50.0,640,480,combined,detect_combined,Non-Flooded,resnet18,False,False,0,tensorrt,tensorrt,tensorrt,21.21,21.21,46.79,47.16,11.88,23.79,35.67,1421.98,31.6,7.85,1421.98,31.6,9.07,36.37,42.69,0.94,80.01,0.1698,False,False
1780909387.3076947,archive_flood_airfield_274c83,archive_flood_airfield_274c83.mp4,2018,50.0,640,480,combined,detect_combined,Non-Flooded,resnet18,False,False,0,tensorrt,tensorrt,tensorrt,21.94,21.94,45.18,45.59,10.71,22.49,33.2,1421.98,27.1,7.85,1421.98,27.1,9.07,36.37,42.69,0.94,80.01,0.1761,False,False
1780909387.394332,archive_flood_airfield_274c83,archive_flood_airfield_274c83.mp4,2019,50.0,640,480,combined,detect_combined,Non-Flooded,resnet18,False,False,0,tensorrt,tensorrt,tensorrt,22.48,22.48,44.1,44.48,8.9,13.29,22.189999999999998,1421.98,35.3,7.85,1421.98,35.3,9.07,36.37,42.69,0.94,80.01,0.1672,False,False
1780909387.4737694,archive_flood_airfield_274c83,archive_flood_airfield_274c83.mp4,2020,50.0,640,480,combined,detect_combined,Non-Flooded,resnet18,False,False,0,tensorrt,tensorrt,tensorrt,20.05,20.05,49.38,49.87,14.55,23.58,38.129999999999995,1421.98,43.5,7.85,1421.98,43.5,9.07,36.37,42.69,0.94,80.01,0.1858,False,False
1780909387.554359,archive_flood_airfield_274c83,archive_flood_airfield_274c83.mp4,2021,50.0,640,480,combined,detect_combined,Non-Flooded,resnet18,False,False,0,tensorrt,tensorrt,tensorrt,22.99,22.99,43.11,43.5,9.67,21.59,31.259999999999998,1421.98,47.9,7.85,1421.98,47.9,9.07,36.37,42.69,0.94,80.01,0.1996,False,False
1780909387.6371493,archive_flood_airfield_274c83,archive_flood_airfield_274c83.mp4,2022,50.0,640,480,combined,detect_combined,Flooded,deeplabv3plus,True,False,0,tensorrt,tensorrt,tensorrt,21.11,21.11,46.97,47.38,14.27,22.16,36.43,1421.98,46.8,7.85,1421.98,46.8,9.07,36.37,42.69,0.94,80.01,0.2001,False,False
1780909387.7216609,archive_flood_airfield_274c83,archive_flood_airfield_274c83.mp4,2023,50.0,640,480,combined,detect_combined,Flooded,deeplabv3plus,False,False,0,tensorrt,tensorrt,tensorrt,22.43,22.43,44.2,44.58,10.2,22.33,32.53,1421.98,40.4,8.0,1421.98,40.4,9.07,36.37,42.69,0.94,80.01,0.216,False,False
1780909387.809128,archive_flood_airfield_274c83,archive_flood_airfield_274c83.mp4,2024,50.0,640,480,combined,detect_combined,Flooded,deeplabv3plus,False,False,0,tensorrt,tensorrt,tensorrt,22.9,22.9,43.27,43.67,7.88,23.08,30.959999999999997,1421.98,37.3,8.0,1421.98,37.3,9.07,36.37,42.69,0.94,80.01,0.2176,False,False
1780909387.8948367,archive_flood_airfield_274c83,archive_flood_airfield_274c83.mp4,2025,50.0,640,480,combined,detect_combined,Flooded,deeplabv3plus,False,False,0,tensorrt,tensorrt,tensorrt,21.16,21.16,46.83,47.25,11.59,21.7,33.29,1421.98,44.9,8.0,1421.98,44.9,9.07,36.37,42.69,0.94,80.01,0.2275,False,False
1780909388.0072062,archive_flood_airfield_274c83,archive_flood_airfield_274c83.mp4,2026,50.0,640,480,combined,detect_combined,Flooded,deeplabv3plus,False,False,0,tensorrt,tensorrt,tensorrt,15.04,15.04,65.99,66.5,16.84,24.56,41.4,1421.98,32.8,8.0,1421.98,32.8,9.07,36.37,42.69,0.94,80.01,0.2123,False,False
1780909388.1049345,archive_flood_airfield_274c83,archive_flood_airfield_274c83.mp4,2027,50.0,640,480,combined,detect_combined,Non-Flooded,resnet18,True,False,0,tensorrt,tensorrt,tensorrt,18.85,18.85,52.52,53.06,10.39,18.48,28.87,1421.98,37.3,8.0,1421.98,37.3,9.07,36.37,42.69,0.94,80.01,0.1933,False,False
1780909388.196197,archive_flood_airfield_274c83,archive_flood_airfield_274c83.mp4,2028,50.0,640,480,combined,detect_combined,Flooded,deeplabv3plus,True,False,0,tensorrt,tensorrt,tensorrt,25.9,25.9,38.09,38.61,7.23,13.87,21.1,1421.98,39.2,8.0,1421.98,39.2,9.07,36.37,42.69,0.94,80.01,0.2059,False,False
1780909388.3063278,archive_flood_airfield_274c83,archive_flood_airfield_274c83.mp4,2029,50.0,640,480,combined,detect_combined,Flooded,deeplabv3plus,False,False,0,tensorrt,tensorrt,tensorrt,15.83,15.83,62.69,63.15,12.27,28.76,41.03,1421.98,30.6,8.15,1421.98,30.6,9.07,36.37,42.69,0.94,80.01,0.2287,False,False
1780909388.4098496,archive_flood_airfield_274c83,archive_flood_airfield_274c83.mp4,2030,50.0,640,480,combined,detect_combined,Flooded,deeplabv3plus,False,False,0,tensorrt,tensorrt,tensorrt,19.73,19.73,50.26,50.68,13.36,23.46,36.82,1421.98,26.2,8.15,1421.98,26.2,9.07,36.37,42.69,0.94,80.01,0.267,False,False
1780909388.5098977,archive_flood_airfield_274c83,archive_flood_airfield_274c83.mp4,2031,50.0,640,480,combined,detect_combined,Flooded,deeplabv3plus,False,False,0,tensorrt,tensorrt,tensorrt,21.64,21.64,45.79,46.21,7.39,24.88,32.269999999999996,1421.98,24.6,8.15,1421.98,24.6,9.07,36.37,42.69,0.94,80.01,0.2484,False,False
1780909388.6090567,archive_flood_airfield_274c83,archive_flood_airfield_274c83.mp4,2032,50.0,640,480,combined,detect_combined,Flooded,deeplabv3plus,False,False,0,tensorrt,tensorrt,tensorrt,21.46,21.46,46.2,46.6,8.04,25.01,33.05,1421.98,28.3,8.15,1421.98,28.3,9.07,36.37,42.69,0.94,80.01,0.209,False,False
1780909388.7103457,archive_flood_airfield_274c83,archive_flood_airfield_274c83.mp4,2033,50.0,640,480,combined,detect_combined,Flooded,deeplabv3plus,False,False,0,tensorrt,tensorrt,tensorrt,17.99,17.99,55.15,55.6,14.17,25.91,40.08,1421.98,48.4,8.15,1421.98,48.4,9.07,36.37,42.69,0.94,80.01,0.2161,False,False
1780909388.8075817,archive_flood_airfield_274c83,archive_flood_airfield_274c83.mp4,2034,50.0,640,480,combined,detect_combined,Non-Flooded,resnet18,True,False,0,tensorrt,tensorrt,tensorrt,19.03,19.03,52.03,52.55,13.9,24.83,38.73,1421.98,44.6,8.15,1421.98,44.6,9.07,36.37,42.69,0.94,80.01,0.1788,False,False
1780909388.9062202,archive_flood_airfield_274c83,archive_flood_airfield_274c83.mp4,2035,50.0,640,480,combined,detect_combined,Non-Flooded,resnet18,False,False,0,tensorrt,tensorrt,tensorrt,18.92,18.92,52.36,52.85,14.97,24.97,39.94,1421.98,41.7,7.85,1421.98,41.7,9.07,36.37,42.69,0.94,80.01,0.1743,False,False
1780909388.9954185,archive_flood_airfield_274c83,archive_flood_airfield_274c83.mp4,2036,50.0,640,480,combined,detect_combined,Non-Flooded,resnet18,False,False,0,tensorrt,tensorrt,tensorrt,19.21,19.21,51.65,52.05,10.08,24.52,34.6,1421.98,53.8,7.85,1421.98,53.8,9.07,36.37,42.69,0.94,80.01,0.1663,False,False
1780909389.0838273,archive_flood_airfield_274c83,archive_flood_airfield_274c83.mp4,2037,50.0,640,480,combined,detect_combined,Non-Flooded,resnet18,False,False,0,tensorrt,tensorrt,tensorrt,19.84,19.84,49.91,50.4,11.85,15.11,26.96,1421.98,44.4,7.85,1421.98,44.4,9.07,36.37,42.69,0.94,80.01,0.1703,False,False
1780909389.177844,archive_flood_airfield_274c83,archive_flood_airfield_274c83.mp4,2038,50.0,640,480,combined,detect_combined,Non-Flooded,resnet18,False,False,0,tensorrt,tensorrt,tensorrt,18.93,18.93,52.45,52.83,7.07,15.06,22.130000000000003,1421.98,39.3,7.85,1421.98,39.3,9.07,36.37,42.69,0.94,80.01,0.1616,False,False
1780909389.2675552,archive_flood_airfield_274c83,archive_flood_airfield_274c83.mp4,2039,50.0,640,480,combined,detect_combined,Non-Flooded,resnet18,False,False,0,tensorrt,tensorrt,tensorrt,19.62,19.62,50.57,50.98,6.93,18.21,25.14,1421.98,36.5,7.85,1421.98,36.5,9.07,36.37,42.69,0.94,80.01,0.1863,False,False
1780909389.3620758,archive_flood_airfield_274c83,archive_flood_airfield_274c83.mp4,2040,50.0,640,480,combined,detect_combined,Flooded,deeplabv3plus,True,False,0,tensorrt,tensorrt,tensorrt,18.67,18.67,53.07,53.57,11.42,22.18,33.6,1421.98,36.4,7.85,1421.98,36.4,9.07,36.37,42.69,0.94,80.01,0.2043,False,False
1780909389.4250402,archive_flood_airfield_274c83,archive_flood_airfield_274c83.mp4,2041,50.0,640,480,combined,detect_combined,Non-Flooded,resnet18,True,False,0,tensorrt,tensorrt,tensorrt,38.26,38.26,25.67,26.13,5.62,9.72,15.34,1421.98,40.5,8.15,1421.98,40.5,9.07,36.37,42.69,0.94,80.01,0.1944,False,False
1780909389.508414,archive_flood_airfield_274c83,archive_flood_airfield_274c83.mp4,2042,50.0,640,480,combined,detect_combined,Non-Flooded,resnet18,False,False,0,tensorrt,tensorrt,tensorrt,21.63,21.63,45.9,46.24,5.75,18.96,24.71,1421.98,28.0,8.15,1421.98,28.0,9.07,36.37,42.69,0.94,80.01,0.199,False,False
1780909389.6035106,archive_flood_airfield_274c83,archive_flood_airfield_274c83.mp4,2043,50.0,640,480,combined,detect_combined,Flooded,deeplabv3plus,True,False,0,tensorrt,tensorrt,tensorrt,21.57,21.57,45.88,46.36,10.88,22.55,33.43,1421.98,31.0,8.15,1421.98,31.0,9.07,36.37,42.69,0.94,80.01,0.2089,False,False
1780909389.7037127,archive_flood_airfield_274c83,archive_flood_airfield_274c83.mp4,2044,50.0,640,480,combined,detect_combined,Non-Flooded,resnet18,True,False,0,tensorrt,tensorrt,tensorrt,18.61,18.61,53.29,53.75,15.05,25.18,40.230000000000004,1421.98,22.8,8.15,1421.98,22.8,9.07,36.37,42.69,0.94,80.01,0.1775,False,False
1780909389.8065925,archive_flood_airfield_274c83,archive_flood_airfield_274c83.mp4,2045,50.0,640,480,combined,detect_combined,Flooded,deeplabv3plus,True,False,0,tensorrt,tensorrt,tensorrt,20.21,20.21,48.98,49.48,9.32,26.28,35.6,1421.98,27.4,8.15,1421.98,27.4,9.07,36.37,42.69,0.94,80.01,0.205,False,False
1780909389.9050586,archive_flood_airfield_274c83,archive_flood_airfield_274c83.mp4,2046,50.0,640,480,combined,detect_combined,Non-Flooded,resnet18,True,False,0,tensorrt,tensorrt,tensorrt,21.54,21.54,45.93,46.42,7.31,25.21,32.52,1421.98,28.1,8.15,1421.98,28.1,9.07,36.37,42.69,0.94,80.01,0.1924,False,False
1780909389.9994853,archive_flood_airfield_274c83,archive_flood_airfield_274c83.mp4,2047,50.0,640,480,combined,detect_combined,Non-Flooded,resnet18,False,False,0,tensorrt,tensorrt,tensorrt,20.41,20.41,48.65,49.0,14.88,23.28,38.160000000000004,1421.98,38.2,7.54,1421.98,38.2,9.07,36.37,42.69,0.94,80.01,0.1808,False,False
1780909390.091396,archive_flood_airfield_274c83,archive_flood_airfield_274c83.mp4,2048,50.0,640,480,combined,detect_combined,Non-Flooded,resnet18,False,False,0,tensorrt,tensorrt,tensorrt,22.09,22.09,44.89,45.28,7.17,16.8,23.97,1421.98,46.3,7.54,1421.98,46.3,9.07,36.37,42.69,0.94,80.01,0.1831,False,False
1780909390.1856313,archive_flood_airfield_274c83,archive_flood_airfield_274c83.mp4,2049,50.0,640,480,combined,detect_combined,Non-Flooded,resnet18,False,False,0,tensorrt,tensorrt,tensorrt,19.83,19.83,50.01,50.42,12.61,23.92,36.53,1421.98,43.6,7.54,1421.98,43.6,9.07,36.37,42.69,0.94,80.01,0.1756,False,False
1780909390.285465,archive_flood_airfield_274c83,archive_flood_airfield_274c83.mp4,2050,50.0,640,480,combined,detect_combined,Non-Flooded,resnet18,False,False,0,tensorrt,tensorrt,tensorrt,19.32,19.32,51.37,51.77,14.43,24.47,38.9,1421.98,36.4,7.54,1421.98,36.4,9.07,36.37,42.69,0.94,80.01,0.166,False,False
1780909390.3902614,archive_flood_airfield_274c83,archive_flood_airfield_274c83.mp4,2051,50.0,640,480,combined,detect_combined,Non-Flooded,resnet18,False,False,0,tensorrt,tensorrt,tensorrt,16.56,16.56,60.01,60.4,24.59,24.64,49.230000000000004,1421.98,34.8,7.54,1421.98,34.8,9.07,36.37,42.69,0.94,80.01,0.1713,False,False
1780909390.501367,archive_flood_airfield_274c83,archive_flood_airfield_274c83.mp4,2052,50.0,640,480,combined,detect_combined,Non-Flooded,resnet18,False,False,0,tensorrt,tensorrt,tensorrt,19.64,19.64,50.54,50.93,18.01,19.73,37.74,1421.98,38.3,7.54,1421.98,38.3,9.07,36.37,42.69,0.94,80.01,0.1804,False,False
1780909390.6014674,archive_flood_airfield_274c83,archive_flood_airfield_274c83.mp4,2053,50.0,640,480,combined,detect_combined,Non-Flooded,resnet18,False,False,0,tensorrt,tensorrt,tensorrt,18.65,18.65,53.26,53.63,15.51,24.59,40.1,1421.98,27.1,7.85,1421.98,27.1,9.07,36.37,42.69,0.94,80.01,0.1865,False,False
1780909390.7007205,archive_flood_airfield_274c83,archive_flood_airfield_274c83.mp4,2054,50.0,640,480,combined,detect_combined,Non-Flooded,resnet18,False,False,0,tensorrt,tensorrt,tensorrt,19.5,19.5,50.87,51.29,15.13,23.74,38.87,1421.98,30.6,7.85,1421.98,30.6,9.07,36.37,42.69,0.94,80.01,0.1707,False,False
1780909390.7939515,archive_flood_airfield_274c83,archive_flood_airfield_274c83.mp4,2055,50.0,640,480,combined,detect_combined,Non-Flooded,resnet18,False,False,0,tensorrt,tensorrt,tensorrt,24.82,24.82,39.88,40.3,11.67,14.81,26.48,1421.98,24.1,7.85,1421.98,24.1,9.07,36.37,42.69,0.94,80.01,0.1815,False,False
1780909390.8866506,archive_flood_airfield_274c83,archive_flood_airfield_274c83.mp4,2056,50.0,640,480,combined,detect_combined,Non-Flooded,resnet18,False,False,0,tensorrt,tensorrt,tensorrt,19.29,19.29,51.42,51.84,13.8,24.29,38.09,1421.98,26.8,7.85,1421.98,26.8,9.07,36.37,42.69,0.94,80.01,0.1666,False,False
1780909390.9790642,archive_flood_airfield_274c83,archive_flood_airfield_274c83.mp4,2057,50.0,640,480,combined,detect_combined,Non-Flooded,resnet18,False,False,0,tensorrt,tensorrt,tensorrt,20.68,20.68,47.98,48.36,13.69,21.93,35.62,1421.98,32.2,7.85,1421.98,32.2,9.07,36.37,42.69,0.94,80.01,0.15,False,False
1780909391.071918,archive_flood_airfield_274c83,archive_flood_airfield_274c83.mp4,2058,50.0,640,480,combined,detect_combined,Non-Flooded,resnet18,False,False,0,tensorrt,tensorrt,tensorrt,20.83,20.83,47.5,48.0,9.1,13.85,22.95,1421.98,28.6,7.85,1421.98,28.6,9.07,36.37,42.69,0.94,80.01,0.1618,False,False
1780909391.163928,archive_flood_airfield_274c83,archive_flood_airfield_274c83.mp4,2059,50.0,640,480,combined,detect_combined,Non-Flooded,resnet18,False,False,0,tensorrt,tensorrt,tensorrt,20.47,20.47,48.49,48.85,13.62,24.16,37.78,1421.98,44.4,7.38,1421.98,44.4,9.07,36.37,42.69,0.94,80.01,0.1628,False,False
1780909391.2444956,archive_flood_airfield_274c83,archive_flood_airfield_274c83.mp4,2060,50.0,640,480,combined,detect_combined,Non-Flooded,resnet18,False,False,0,tensorrt,tensorrt,tensorrt,23.29,23.29,42.6,42.94,9.7,22.21,31.91,1421.98,54.3,7.38,1421.98,54.3,9.07,36.37,42.69,0.94,80.01,0.152,False,False
1780909391.320325,archive_flood_airfield_274c83,archive_flood_airfield_274c83.mp4,2061,50.0,640,480,combined,detect_combined,Non-Flooded,resnet18,False,False,0,tensorrt,tensorrt,tensorrt,23.99,23.99,41.33,41.68,6.41,15.64,22.05,1421.98,43.2,7.38,1421.98,43.2,9.07,36.37,42.69,0.94,80.01,0.1643,False,False
1780909391.3871703,archive_flood_airfield_274c83,archive_flood_airfield_274c83.mp4,2062,50.0,640,480,combined,detect_combined,Non-Flooded,resnet18,False,False,0,tensorrt,tensorrt,tensorrt,33.14,33.14,29.87,30.18,4.61,8.66,13.27,1421.89,51.3,7.38,1421.89,51.3,9.07,36.37,42.69,0.94,80.01,0.1548,False,False
1780909391.4699497,archive_flood_airfield_274c83,archive_flood_airfield_274c83.mp4,2063,50.0,640,480,combined,detect_combined,Non-Flooded,resnet18,False,False,0,tensorrt,tensorrt,tensorrt,21.2,21.2,46.85,47.17,6.31,20.25,26.56,1421.89,52.9,7.38,1421.89,52.9,9.07,36.37,42.69,0.94,80.01,0.1572,False,False
1780909391.5500605,archive_flood_airfield_274c83,archive_flood_airfield_274c83.mp4,2064,50.0,640,480,combined,detect_combined,Non-Flooded,resnet18,False,False,0,tensorrt,tensorrt,tensorrt,20.92,20.92,47.45,47.8,9.14,23.02,32.16,1421.89,51.1,7.38,1421.89,51.1,9.07,36.37,42.69,0.94,80.01,0.1666,False,False
1780909391.6135042,archive_flood_airfield_274c83,archive_flood_airfield_274c83.mp4,2065,50.0,640,480,combined,detect_combined,Non-Flooded,resnet18,False,False,0,tensorrt,tensorrt,tensorrt,25.71,25.71,38.52,38.89,6.16,11.53,17.689999999999998,1421.89,46.2,7.38,1421.89,46.2,9.07,36.37,42.69,0.94,80.01,0.1586,False,False
1780909391.672096,archive_flood_airfield_274c83,archive_flood_airfield_274c83.mp4,2066,50.0,640,480,combined,detect_combined,Non-Flooded,resnet18,False,False,0,tensorrt,tensorrt,tensorrt,31.7,31.7,31.22,31.55,6.31,10.93,17.24,1421.89,39.4,7.38,1421.89,39.4,9.07,36.37,42.69,0.94,80.01,0.1587,False,False
1780909391.7363477,archive_flood_airfield_274c83,archive_flood_airfield_274c83.mp4,2067,50.0,640,480,combined,detect_combined,Non-Flooded,resnet18,False,False,0,tensorrt,tensorrt,tensorrt,27.41,27.41,36.01,36.48,6.49,12.81,19.3,1421.89,29.7,8.76,1421.89,29.7,9.07,36.37,42.69,0.94,80.01,0.1527,False,False
1780909391.8022845,archive_flood_airfield_274c83,archive_flood_airfield_274c83.mp4,2068,50.0,640,480,combined,detect_combined,Non-Flooded,resnet18,False,False,0,tensorrt,tensorrt,tensorrt,26.95,26.95,36.79,37.1,6.44,12.61,19.05,1421.89,29.3,8.76,1421.89,29.3,9.07,36.37,42.69,0.94,80.01,0.1548,False,False
1780909391.8691258,archive_flood_airfield_274c83,archive_flood_airfield_274c83.mp4,2069,50.0,640,480,combined,detect_combined,Non-Flooded,resnet18,False,False,0,tensorrt,tensorrt,tensorrt,27.6,27.6,35.66,36.23,6.5,12.65,19.15,1421.89,28.2,8.76,1421.89,28.2,9.07,36.37,42.69,0.94,80.01,0.1664,False,False
1780909391.939773,archive_flood_airfield_274c83,archive_flood_airfield_274c83.mp4,2070,50.0,640,480,combined,detect_combined,Non-Flooded,resnet18,False,False,0,tensorrt,tensorrt,tensorrt,25.37,25.37,39.03,39.41,6.79,15.01,21.8,1421.89,31.0,8.76,1421.89,31.0,9.07,36.37,42.69,0.94,80.01,0.1557,False,False
1780909392.0183508,archive_flood_airfield_274c83,archive_flood_airfield_274c83.mp4,2071,50.0,640,480,combined,detect_combined,Non-Flooded,resnet18,False,False,0,tensorrt,tensorrt,tensorrt,22.53,22.53,43.96,44.38,7.01,17.7,24.71,1421.89,27.7,8.76,1421.89,27.7,9.07,36.37,42.69,0.94,80.01,0.149,False,False
1780909392.1014934,archive_flood_airfield_274c83,archive_flood_airfield_274c83.mp4,2072,50.0,640,480,combined,detect_combined,Non-Flooded,resnet18,False,False,0,tensorrt,tensorrt,tensorrt,21.74,21.74,45.64,46.0,6.61,20.42,27.03,1421.64,34.7,8.76,1421.64,34.7,9.07,36.37,42.69,0.94,80.01,0.1548,False,False
1780909392.1848829,archive_flood_airfield_274c83,archive_flood_airfield_274c83.mp4,2073,50.0,640,480,combined,detect_combined,Non-Flooded,resnet18,False,False,0,tensorrt,tensorrt,tensorrt,21.75,21.75,45.64,45.98,6.98,20.0,26.98,1421.64,25.5,8.76,1421.64,25.5,9.07,36.37,42.69,0.94,80.01,0.148,False,False
1780909392.2687693,archive_flood_airfield_274c83,archive_flood_airfield_274c83.mp4,2074,50.0,640,480,combined,detect_combined,Non-Flooded,resnet18,False,False,0,tensorrt,tensorrt,tensorrt,20.24,20.24,48.99,49.41,9.31,14.31,23.62,1421.64,34.7,8.76,1421.64,34.7,9.07,36.37,42.69,0.94,80.01,0.1446,False,False
1780909392.3626463,archive_flood_airfield_274c83,archive_flood_airfield_274c83.mp4,2075,50.0,640,480,combined,detect_combined,Non-Flooded,resnet18,False,False,0,tensorrt,tensorrt,tensorrt,22.32,22.32,44.45,44.81,8.28,23.95,32.23,1421.64,41.1,7.85,1421.64,41.1,9.07,36.37,42.69,0.94,80.01,0.1504,False,False
1780909392.4357169,archive_flood_airfield_274c83,archive_flood_airfield_274c83.mp4,2076,50.0,640,480,combined,detect_combined,Non-Flooded,resnet18,False,False,0,tensorrt,tensorrt,tensorrt,25.37,25.37,38.99,39.41,7.52,14.57,22.09,1421.64,55.8,7.85,1421.64,55.8,9.07,36.37,42.69,0.94,80.01,0.1486,False,False
1780909392.529597,archive_flood_airfield_274c83,archive_flood_airfield_274c83.mp4,2077,50.0,640,480,combined,detect_combined,Non-Flooded,resnet18,False,False,0,tensorrt,tensorrt,tensorrt,19.23,19.23,51.48,52.0,14.38,24.21,38.59,1421.64,43.6,7.85,1421.64,43.6,9.07,36.37,42.69,0.94,80.01,0.1426,False,False
1780909392.6198616,archive_flood_airfield_274c83,archive_flood_airfield_274c83.mp4,2078,50.0,640,480,combined,detect_combined,Non-Flooded,resnet18,False,False,0,tensorrt,tensorrt,tensorrt,20.21,20.21,49.06,49.48,8.86,14.72,23.58,1421.64,43.4,7.85,1421.64,43.4,9.07,36.37,42.69,0.94,80.01,0.1414,False,False
1780909392.7068899,archive_flood_airfield_274c83,archive_flood_airfield_274c83.mp4,2079,50.0,640,480,combined,detect_combined,Non-Flooded,resnet18,False,False,0,tensorrt,tensorrt,tensorrt,24.37,24.37,40.67,41.04,8.93,21.34,30.27,1421.64,40.0,7.85,1421.64,40.0,9.07,36.37,42.69,0.94,80.01,0.1357,False,False
1780909392.7824416,archive_flood_airfield_274c83,archive_flood_airfield_274c83.mp4,2080,50.0,640,480,combined,detect_combined,Non-Flooded,resnet18,False,False,0,tensorrt,tensorrt,tensorrt,23.04,23.04,43.03,43.41,6.96,17.99,24.95,1421.64,34.8,7.85,1421.64,34.8,9.07,36.37,42.69,0.94,80.01,0.1266,False,False
1780909392.892693,archive_flood_airfield_274c83,archive_flood_airfield_274c83.mp4,2081,50.0,640,480,combined,detect_combined,Non-Flooded,resnet18,False,False,0,tensorrt,tensorrt,tensorrt,14.98,14.98,66.24,66.77,13.16,34.71,47.870000000000005,1421.64,37.3,7.85,1421.64,37.3,9.07,36.37,42.69,0.94,80.01,0.1393,False,False
1780909393.0174198,archive_flood_airfield_274c83,archive_flood_airfield_274c83.mp4,2082,50.0,640,480,combined,detect_combined,Non-Flooded,resnet18,False,False,0,tensorrt,tensorrt,tensorrt,15.62,15.62,63.56,64.01,14.86,23.9,38.76,1421.64,38.7,8.0,1421.64,38.7,9.07,36.37,42.69,0.94,80.01,0.1316,False,False
1780909393.1099565,archive_flood_airfield_274c83,archive_flood_airfield_274c83.mp4,2083,50.0,640,480,combined,detect_combined,Non-Flooded,resnet18,False,False,0,tensorrt,tensorrt,tensorrt,21.5,21.5,46.14,46.5,7.05,23.26,30.310000000000002,1421.64,36.4,8.0,1421.64,36.4,9.07,36.37,42.69,0.94,80.01,0.1296,False,False
1780909393.1949255,archive_flood_airfield_274c83,archive_flood_airfield_274c83.mp4,2084,50.0,640,480,combined,detect_combined,Non-Flooded,resnet18,False,False,0,tensorrt,tensorrt,tensorrt,19.06,19.06,52.0,52.47,11.67,20.08,31.75,1421.64,40.0,8.0,1421.64,40.0,9.07,36.37,42.69,0.94,80.01,0.1229,False,False
1780909393.2740235,archive_flood_airfield_274c83,archive_flood_airfield_274c83.mp4,2085,50.0,640,480,combined,detect_combined,Non-Flooded,resnet18,False,False,0,tensorrt,tensorrt,tensorrt,20.25,20.25,49.05,49.39,10.92,19.05,29.97,1421.64,41.3,8.0,1421.64,41.3,9.07,36.37,42.69,0.94,80.01,0.1354,False,False
1780909393.3535137,archive_flood_airfield_274c83,archive_flood_airfield_274c83.mp4,2086,50.0,640,480,combined,detect_combined,Non-Flooded,resnet18,False,False,0,tensorrt,tensorrt,tensorrt,20.39,20.39,48.7,49.04,13.93,18.0,31.93,1421.64,40.0,8.0,1421.64,40.0,9.07,36.37,42.69,0.94,80.01,0.146,False,False
1780909393.4363256,archive_flood_airfield_274c83,archive_flood_airfield_274c83.mp4,2087,50.0,640,480,combined,detect_combined,Non-Flooded,resnet18,False,False,0,tensorrt,tensorrt,tensorrt,21.52,21.52,46.12,46.48,14.12,15.1,29.22,1421.64,23.9,8.0,1421.64,23.9,9.07,36.37,42.69,0.94,80.01,0.1515,False,False
1780909393.528915,archive_flood_airfield_274c83,archive_flood_airfield_274c83.mp4,2088,50.0,640,480,combined,detect_combined,Non-Flooded,resnet18,False,False,0,tensorrt,tensorrt,tensorrt,19.96,19.96,49.67,50.09,10.97,25.33,36.3,1421.64,27.3,8.0,1421.64,27.3,9.07,36.37,42.69,0.94,80.01,0.1458,False,False
1780909393.6286912,archive_flood_airfield_274c83,archive_flood_airfield_274c83.mp4,2089,50.0,640,480,combined,detect_combined,Non-Flooded,resnet18,False,False,0,tensorrt,tensorrt,tensorrt,20.46,20.46,48.45,48.87,10.39,24.84,35.230000000000004,1421.64,29.5,8.0,1421.64,29.5,9.07,36.37,42.69,0.94,80.01,0.1424,False,False
1780909393.7260172,archive_flood_airfield_274c83,archive_flood_airfield_274c83.mp4,2090,50.0,640,480,combined,detect_combined,Non-Flooded,resnet18,False,False,0,tensorrt,tensorrt,tensorrt,19.39,19.39,51.21,51.56,14.35,24.99,39.339999999999996,1421.64,35.6,8.0,1421.64,35.6,9.07,36.37,42.69,0.94,80.01,0.16,False,False
1780909393.8091893,archive_flood_airfield_274c83,archive_flood_airfield_274c83.mp4,2091,50.0,640,480,combined,detect_combined,Non-Flooded,resnet18,False,False,0,tensorrt,tensorrt,tensorrt,21.14,21.14,46.93,47.31,10.83,24.03,34.86,1421.64,46.0,8.0,1421.64,46.0,9.07,36.37,42.69,0.94,80.01,0.1721,False,False
1780909393.9001634,archive_flood_airfield_274c83,archive_flood_airfield_274c83.mp4,2092,50.0,640,480,combined,detect_combined,Non-Flooded,resnet18,False,False,0,tensorrt,tensorrt,tensorrt,21.84,21.84,45.29,45.8,13.88,15.45,29.33,1421.64,45.3,8.0,1421.64,45.3,9.07,36.37,42.69,0.94,80.01,0.1712,False,False
1780909394.0041273,archive_flood_airfield_274c83,archive_flood_airfield_274c83.mp4,2093,50.0,640,480,combined,detect_combined,Non-Flooded,resnet18,False,False,0,tensorrt,tensorrt,tensorrt,17.13,17.13,57.95,58.36,9.93,24.61,34.54,1421.64,46.7,8.0,1421.64,46.7,9.07,36.37,42.69,0.94,80.01,0.1729,False,False
1780909394.102555,archive_flood_airfield_274c83,archive_flood_airfield_274c83.mp4,2094,50.0,640,480,combined,detect_combined,Non-Flooded,resnet18,False,False,0,tensorrt,tensorrt,tensorrt,16.35,16.35,60.77,61.17,12.53,25.11,37.64,1421.64,42.9,8.15,1421.64,42.9,9.07,36.37,42.69,0.94,80.01,0.17,False,False
1780909394.1949034,archive_flood_airfield_274c83,archive_flood_airfield_274c83.mp4,2095,50.0,640,480,combined,detect_combined,Flooded,deeplabv3plus,True,False,0,tensorrt,tensorrt,tensorrt,19.3,19.3,51.29,51.81,7.38,19.06,26.439999999999998,1421.64,43.6,8.15,1421.64,43.6,9.07,36.37,42.69,0.94,80.01,0.2052,False,False
1780909394.2830234,archive_flood_airfield_274c83,archive_flood_airfield_274c83.mp4,2096,50.0,640,480,combined,detect_combined,Non-Flooded,resnet18,True,False,0,tensorrt,tensorrt,tensorrt,23.69,23.69,41.68,42.21,6.98,15.2,22.18,1421.64,41.8,8.15,1421.64,41.8,9.07,36.37,42.69,0.94,80.01,0.1895,False,False
1780909394.3743713,archive_flood_airfield_274c83,archive_flood_airfield_274c83.mp4,2097,50.0,640,480,combined,detect_combined,Non-Flooded,resnet18,False,False,0,tensorrt,tensorrt,tensorrt,20.68,20.68,47.92,48.36,7.09,19.05,26.14,1421.64,37.7,8.15,1421.64,37.7,9.07,36.37,42.69,0.94,80.01,0.1867,False,False
1780909394.4753387,archive_flood_airfield_274c83,archive_flood_airfield_274c83.mp4,2098,50.0,640,480,combined,detect_combined,Non-Flooded,resnet18,False,False,0,tensorrt,tensorrt,tensorrt,19.87,19.87,49.92,50.32,12.04,24.62,36.66,1421.64,25.9,8.15,1421.64,25.9,9.07,36.37,42.69,0.94,80.01,0.1894,False,False
1780909394.575368,archive_flood_airfield_274c83,archive_flood_airfield_274c83.mp4,2099,50.0,640,480,combined,detect_combined,Non-Flooded,resnet18,False,False,0,tensorrt,tensorrt,tensorrt,20.43,20.43,48.45,48.94,11.02,24.18,35.2,1421.64,24.1,8.15,1421.64,24.1,9.07,36.37,42.69,0.94,80.01,0.1678,False,False
1780909394.6763659,archive_flood_airfield_274c83,archive_flood_airfield_274c83.mp4,2100,50.0,640,480,combined,detect_combined,Non-Flooded,resnet18,False,False,0,tensorrt,tensorrt,tensorrt,21.5,21.5,46.11,46.51,7.86,24.85,32.71,1421.64,30.6,7.69,1421.64,30.6,9.07,36.37,42.69,0.94,80.01,0.1639,False,False
1780909394.7731504,archive_flood_airfield_274c83,archive_flood_airfield_274c83.mp4,2101,50.0,640,480,combined,detect_combined,Non-Flooded,resnet18,False,False,0,tensorrt,tensorrt,tensorrt,23.22,23.22,42.7,43.06,7.16,23.77,30.93,1421.64,26.3,7.69,1421.64,26.3,9.07,36.37,42.69,0.94,80.01,0.161,False,False
1780909394.8621402,archive_flood_airfield_274c83,archive_flood_airfield_274c83.mp4,2102,50.0,640,480,combined,detect_combined,Non-Flooded,resnet18,False,False,0,tensorrt,tensorrt,tensorrt,21.57,21.57,45.98,46.35,7.43,19.19,26.62,1421.64,26.4,7.69,1421.64,26.4,9.07,36.37,42.69,0.94,80.01,0.1736,False,False
1780909394.9560666,archive_flood_airfield_274c83,archive_flood_airfield_274c83.mp4,2103,50.0,640,480,combined,detect_combined,Non-Flooded,resnet18,False,False,0,tensorrt,tensorrt,tensorrt,20.14,20.14,49.25,49.64,12.94,23.78,36.72,1421.64,28.1,7.69,1421.64,28.1,9.07,36.37,42.69,0.94,80.01,0.1563,False,False
1780909395.0423863,archive_flood_airfield_274c83,archive_flood_airfield_274c83.mp4,2104,50.0,640,480,combined,detect_combined,Non-Flooded,resnet18,False,False,0,tensorrt,tensorrt,tensorrt,22.37,22.37,44.34,44.71,7.56,18.52,26.08,1421.64,44.0,7.69,1421.64,44.0,9.07,36.37,42.69,0.94,80.01,0.1264,False,False
1780909395.123365,archive_flood_airfield_274c83,archive_flood_airfield_274c83.mp4,2105,50.0,640,480,combined,detect_combined,Non-Flooded,resnet18,False,False,0,tensorrt,tensorrt,tensorrt,21.27,21.27,46.64,47.01,12.36,22.13,34.489999999999995,1421.64,44.9,7.69,1421.64,44.9,9.07,36.37,42.69,0.94,80.01,0.1408,False,False
1780909395.2029262,archive_flood_airfield_274c83,archive_flood_airfield_274c83.mp4,2106,50.0,640,480,combined,detect_combined,Non-Flooded,resnet18,False,False,0,tensorrt,tensorrt,tensorrt,22.75,22.75,43.61,43.95,8.61,23.95,32.56,1421.64,49.0,7.69,1421.64,49.0,9.07,36.37,42.69,0.94,80.01,0.1592,False,False
1780909395.2844424,archive_flood_airfield_274c83,archive_flood_airfield_274c83.mp4,2107,50.0,640,480,combined,detect_combined,Non-Flooded,resnet18,False,False,0,tensorrt,tensorrt,tensorrt,23.34,23.34,42.48,42.85,9.43,22.56,31.99,1421.64,38.6,7.85,1421.64,38.6,9.07,36.37,42.69,0.94,80.01,0.1638,False,False
1780909395.3915792,archive_flood_airfield_274c83,archive_flood_airfield_274c83.mp4,2108,50.0,640,480,combined,detect_combined,Non-Flooded,resnet18,False,False,0,tensorrt,tensorrt,tensorrt,13.51,13.51,72.99,74.02,13.92,28.45,42.37,1421.64,34.4,7.85,1421.64,34.4,9.07,36.37,42.69,0.94,80.01,0.1782,False,False
1780909395.4845133,archive_flood_airfield_274c83,archive_flood_airfield_274c83.mp4,2109,50.0,640,480,combined,detect_combined,Non-Flooded,resnet18,False,False,0,tensorrt,tensorrt,tensorrt,18.42,18.42,53.88,54.3,7.51,14.99,22.5,1421.64,35.2,7.85,1421.64,35.2,9.07,36.37,42.69,0.94,80.01,0.1857,False,False
1780909395.569595,archive_flood_airfield_274c83,archive_flood_airfield_274c83.mp4,2110,50.0,640,480,combined,detect_combined,Non-Flooded,resnet18,False,False,0,tensorrt,tensorrt,tensorrt,20.48,20.48,48.48,48.83,7.89,14.72,22.61,1421.64,37.3,7.85,1421.64,37.3,9.07,36.37,42.69,0.94,80.01,0.1783,False,False
1780909395.6224678,archive_flood_airfield_274c83,archive_flood_airfield_274c83.mp4,2111,50.0,640,480,combined,detect_combined,Non-Flooded,resnet18,False,False,0,tensorrt,tensorrt,tensorrt,43.85,43.85,22.46,22.81,4.36,9.12,13.48,1421.64,45.2,7.85,1421.64,45.2,9.07,36.37,42.69,0.94,80.01,0.1823,False,False
1780909395.6967447,archive_flood_airfield_274c83,archive_flood_airfield_274c83.mp4,2112,50.0,640,480,combined,detect_combined,Non-Flooded,resnet18,False,False,0,tensorrt,tensorrt,tensorrt,21.01,21.01,47.23,47.59,5.44,16.44,21.880000000000003,1421.64,38.3,7.85,1421.64,38.3,9.07,36.37,42.69,0.94,80.01,0.1792,False,False
1780909395.785627,archive_flood_airfield_274c83,archive_flood_airfield_274c83.mp4,2113,50.0,640,480,combined,detect_combined,Non-Flooded,resnet18,False,False,0,tensorrt,tensorrt,tensorrt,19.04,19.04,52.11,52.51,11.62,16.15,27.769999999999996,1421.64,37.0,7.85,1421.64,37.0,9.07,36.37,42.69,0.94,80.01,0.179,False,False
1780909395.859699,archive_flood_airfield_274c83,archive_flood_airfield_274c83.mp4,2114,50.0,640,480,combined,detect_combined,Non-Flooded,resnet18,False,False,0,tensorrt,tensorrt,tensorrt,23.6,23.6,42.05,42.37,6.26,18.29,24.549999999999997,1421.64,31.0,8.15,1421.64,31.0,9.07,36.37,42.69,0.94,80.01,0.1793,False,False
1780909395.9429266,archive_flood_airfield_274c83,archive_flood_airfield_274c83.mp4,2115,50.0,640,480,combined,detect_combined,Non-Flooded,resnet18,False,False,0,tensorrt,tensorrt,tensorrt,21.67,21.67,45.75,46.15,7.02,17.77,24.79,1421.64,28.6,8.15,1421.64,28.6,9.07,36.37,42.69,0.94,80.01,0.1891,False,False
1780909396.036052,archive_flood_airfield_274c83,archive_flood_airfield_274c83.mp4,2116,50.0,640,480,combined,detect_combined,Non-Flooded,resnet18,False,False,0,tensorrt,tensorrt,tensorrt,19.83,19.83,50.09,50.42,13.95,24.61,38.56,1421.64,28.6,8.15,1421.64,28.6,9.07,36.37,42.69,0.94,80.01,0.1758,False,False
1780909396.109785,archive_flood_airfield_274c83,archive_flood_airfield_274c83.mp4,2117,50.0,640,480,combined,detect_combined,Non-Flooded,resnet18,False,False,0,tensorrt,tensorrt,tensorrt,22.78,22.78,43.55,43.91,13.8,12.32,26.12,1421.64,43.2,8.15,1421.64,43.2,9.07,36.37,42.69,0.94,80.01,0.1694,False,False
1780909396.1836212,archive_flood_airfield_274c83,archive_flood_airfield_274c83.mp4,2118,50.0,640,480,combined,detect_combined,Non-Flooded,resnet18,False,False,0,tensorrt,tensorrt,tensorrt,22.55,22.55,44.03,44.35,11.92,21.54,33.46,1421.64,42.2,8.15,1421.64,42.2,9.07,36.37,42.69,0.94,80.01,0.1696,False,False
1780909396.2572587,archive_flood_airfield_274c83,archive_flood_airfield_274c83.mp4,2119,50.0,640,480,combined,detect_combined,Non-Flooded,resnet18,False,False,0,tensorrt,tensorrt,tensorrt,22.67,22.67,43.75,44.11,6.03,16.87,22.900000000000002,1421.64,45.2,8.15,1421.64,45.2,9.07,36.37,42.69,0.94,80.01,0.1911,False,False
1780909396.3334205,archive_flood_airfield_274c83,archive_flood_airfield_274c83.mp4,2120,50.0,640,480,combined,detect_combined,Non-Flooded,resnet18,False,False,0,tensorrt,tensorrt,tensorrt,22.49,22.49,44.12,44.46,10.26,23.14,33.4,1421.64,44.2,8.15,1421.64,44.2,9.07,36.37,42.69,0.94,80.01,0.1975,False,False
1780909396.416891,archive_flood_airfield_274c83,archive_flood_airfield_274c83.mp4,2121,50.0,640,480,combined,detect_combined,Flooded,deeplabv3plus,True,False,0,tensorrt,tensorrt,tensorrt,20.33,20.33,48.76,49.19,13.96,23.58,37.54,1421.64,43.7,8.46,1421.64,43.7,9.07,36.37,42.69,0.94,80.01,0.2021,False,False
1780909396.4913812,archive_flood_airfield_274c83,archive_flood_airfield_274c83.mp4,2122,50.0,640,480,combined,detect_combined,Non-Flooded,resnet18,True,False,0,tensorrt,tensorrt,tensorrt,22.42,22.42,44.17,44.6,6.19,11.99,18.18,1421.64,50.0,8.46,1421.64,50.0,9.07,36.37,42.69,0.94,80.01,0.1951,False,False
1780909396.5699422,archive_flood_airfield_274c83,archive_flood_airfield_274c83.mp4,2123,50.0,640,480,combined,detect_combined,Non-Flooded,resnet18,False,False,0,tensorrt,tensorrt,tensorrt,19.73,19.73,50.32,50.67,12.49,19.45,31.939999999999998,1421.64,54.3,8.46,1421.64,54.3,9.07,36.37,42.69,0.94,80.01,0.1723,False,False
1780909396.648981,archive_flood_airfield_274c83,archive_flood_airfield_274c83.mp4,2124,50.0,640,480,combined,detect_combined,Non-Flooded,resnet18,False,False,0,tensorrt,tensorrt,tensorrt,20.62,20.62,48.11,48.51,9.22,20.39,29.61,1421.64,43.7,8.46,1421.64,43.7,9.07,36.37,42.69,0.94,80.01,0.1754,False,False
1780909396.735517,archive_flood_airfield_274c83,archive_flood_airfield_274c83.mp4,2125,50.0,640,480,combined,detect_combined,Non-Flooded,resnet18,False,False,0,tensorrt,tensorrt,tensorrt,21.64,21.64,45.78,46.21,7.5,20.23,27.73,1421.64,40.4,8.46,1421.64,40.4,9.07,36.37,42.69,0.94,80.01,0.184,False,False
1780909396.81891,archive_flood_airfield_274c83,archive_flood_airfield_274c83.mp4,2126,50.0,640,480,combined,detect_combined,Non-Flooded,resnet18,False,False,0,tensorrt,tensorrt,tensorrt,19.17,19.17,51.76,52.17,9.34,23.63,32.97,1421.64,39.6,8.46,1421.64,39.6,9.07,36.37,42.69,0.94,80.01,0.1727,False,False
1780909396.8985434,archive_flood_airfield_274c83,archive_flood_airfield_274c83.mp4,2127,50.0,640,480,combined,detect_combined,Non-Flooded,resnet18,False,False,0,tensorrt,tensorrt,tensorrt,24.21,24.21,40.82,41.31,6.29,21.11,27.4,1421.64,37.8,8.46,1421.64,37.8,9.07,36.37,42.69,0.94,80.01,0.1799,False,False
1780909396.98657,archive_flood_airfield_274c83,archive_flood_airfield_274c83.mp4,2128,50.0,640,480,combined,detect_combined,Non-Flooded,resnet18,False,False,0,tensorrt,tensorrt,tensorrt,19.92,19.92,49.76,50.2,10.93,25.8,36.730000000000004,1421.64,25.0,8.46,1421.64,25.0,9.07,36.37,42.69,0.94,80.01,0.1768,False,False
1780909397.086642,archive_flood_airfield_274c83,archive_flood_airfield_274c83.mp4,2129,50.0,640,480,combined,detect_combined,Non-Flooded,resnet18,False,False,0,tensorrt,tensorrt,tensorrt,18.8,18.8,52.77,53.2,15.35,24.12,39.47,1421.64,27.1,8.46,1421.64,27.1,9.07,36.37,42.69,0.94,80.01,0.1818,False,False
1780909397.185074,archive_flood_airfield_274c83,archive_flood_airfield_274c83.mp4,2130,50.0,640,480,combined,detect_combined,Non-Flooded,resnet18,False,False,0,tensorrt,tensorrt,tensorrt,20.53,20.53,48.28,48.72,10.32,24.93,35.25,1421.64,27.6,8.46,1421.64,27.6,9.07,36.37,42.69,0.94,80.01,0.1867,False,False
1780909397.2776878,archive_flood_airfield_274c83,archive_flood_airfield_274c83.mp4,2131,50.0,640,480,combined,detect_combined,Non-Flooded,resnet18,False,False,0,tensorrt,tensorrt,tensorrt,20.86,20.86,47.47,47.95,15.12,15.9,31.02,1421.64,28.8,8.46,1421.64,28.8,9.07,36.37,42.69,0.94,80.01,0.1833,False,False
1780909397.3670104,archive_flood_airfield_274c83,archive_flood_airfield_274c83.mp4,2132,50.0,640,480,combined,detect_combined,Non-Flooded,resnet18,False,False,0,tensorrt,tensorrt,tensorrt,21.98,21.98,45.17,45.49,7.82,24.3,32.120000000000005,1421.64,30.2,8.46,1421.64,30.2,9.07,36.37,42.69,0.94,80.01,0.1834,False,False
1780909397.4509284,archive_flood_airfield_274c83,archive_flood_airfield_274c83.mp4,2133,50.0,640,480,combined,detect_combined,Flooded,deeplabv3plus,True,False,0,tensorrt,tensorrt,tensorrt,21.93,21.93,45.11,45.6,9.1,13.67,22.77,1421.64,32.7,8.46,1421.64,32.7,9.07,36.37,42.69,0.94,80.01,0.2068,False,False
1780909397.5288866,archive_flood_airfield_274c83,archive_flood_airfield_274c83.mp4,2134,50.0,640,480,combined,detect_combined,Non-Flooded,resnet18,True,False,0,tensorrt,tensorrt,tensorrt,21.72,21.72,45.59,46.04,12.37,21.78,34.15,1421.64,40.0,8.46,1421.64,40.0,9.07,36.37,42.69,0.94,80.01,0.1935,False,False
1780909397.6038713,archive_flood_airfield_274c83,archive_flood_airfield_274c83.mp4,2135,50.0,640,480,combined,detect_combined,Flooded,deeplabv3plus,True,False,0,tensorrt,tensorrt,tensorrt,23.16,23.16,42.78,43.18,6.06,16.26,22.32,1421.64,50.0,7.84,1421.64,50.0,9.07,36.37,42.69,0.94,80.01,0.2793,False,False
1780909397.6869922,archive_flood_airfield_274c83,archive_flood_airfield_274c83.mp4,2136,50.0,640,480,combined,detect_combined,Flooded,deeplabv3plus,False,False,0,tensorrt,tensorrt,tensorrt,22.57,22.57,43.98,44.3,5.69,18.55,24.240000000000002,1421.64,48.9,7.84,1421.64,48.9,9.07,36.37,42.69,0.94,80.01,0.654,False,False
1780909397.763969,archive_flood_airfield_274c83,archive_flood_airfield_274c83.mp4,2137,50.0,640,480,combined,detect_combined,Flooded,deeplabv3plus,False,False,0,tensorrt,tensorrt,tensorrt,22.75,22.75,43.62,43.96,12.02,20.94,32.96,1421.64,47.8,7.84,1421.64,47.8,9.07,36.37,42.69,0.94,80.01,0.6498,False,False
1780909397.8433163,archive_flood_airfield_274c83,archive_flood_airfield_274c83.mp4,2138,50.0,640,480,combined,detect_combined,Flooded,deeplabv3plus,False,False,0,tensorrt,tensorrt,tensorrt,20.24,20.24,48.99,49.41,15.06,15.3,30.36,1421.64,42.9,7.84,1421.64,42.9,9.07,36.37,42.69,0.94,80.01,0.6265,False,False
1780909397.9286382,archive_flood_airfield_274c83,archive_flood_airfield_274c83.mp4,2139,50.0,640,480,combined,detect_combined,Flooded,deeplabv3plus,False,False,0,tensorrt,tensorrt,tensorrt,18.35,18.35,54.09,54.48,6.0,20.11,26.11,1421.64,37.4,7.84,1421.64,37.4,9.07,36.37,42.69,0.94,80.01,0.6003,False,False
1780909398.0044541,archive_flood_airfield_274c83,archive_flood_airfield_274c83.mp4,2140,50.0,640,480,combined,detect_combined,Flooded,deeplabv3plus,False,False,0,tensorrt,tensorrt,tensorrt,19.08,19.08,52.0,52.41,9.22,13.75,22.97,1421.64,51.1,7.84,1421.64,51.1,9.07,36.37,42.69,0.94,80.01,0.7381,False,False
1780909398.0588257,archive_flood_airfield_274c83,archive_flood_airfield_274c83.mp4,2141,50.0,640,480,combined,detect_combined,Flooded,deeplabv3plus,False,False,0,tensorrt,tensorrt,tensorrt,34.01,34.01,29.08,29.4,4.84,10.18,15.02,1421.64,48.3,7.84,1421.64,48.3,9.07,36.37,42.69,0.94,80.01,0.729,False,False
1780909398.1195402,archive_flood_airfield_274c83,archive_flood_airfield_274c83.mp4,2142,50.0,640,480,combined,detect_combined,Flooded,deeplabv3plus,False,False,0,tensorrt,tensorrt,tensorrt,29.17,29.17,33.91,34.28,6.49,12.86,19.35,1421.64,41.7,7.84,1421.64,41.7,9.07,36.37,42.69,0.94,80.01,0.7181,False,False
1780909398.2027283,archive_flood_airfield_274c83,archive_flood_airfield_274c83.mp4,2143,50.0,640,480,combined,detect_combined,Flooded,deeplabv3plus,False,False,0,tensorrt,tensorrt,tensorrt,18.54,18.54,53.55,53.94,11.37,25.21,36.58,1421.64,31.9,8.92,1421.64,31.9,9.07,36.37,42.69,0.94,80.01,0.7256,False,False
1780909398.2805023,archive_flood_airfield_274c83,archive_flood_airfield_274c83.mp4,2144,50.0,640,480,combined,detect_combined,Flooded,deeplabv3plus,False,False,0,tensorrt,tensorrt,tensorrt,28.28,28.28,34.96,35.36,7.23,11.73,18.96,1421.64,37.0,8.92,1421.64,37.0,9.07,36.37,42.69,0.94,80.01,0.7063,False,False
1780909398.3484597,archive_flood_airfield_274c83,archive_flood_airfield_274c83.mp4,2145,50.0,640,480,combined,detect_combined,Flooded,deeplabv3plus,False,False,0,tensorrt,tensorrt,tensorrt,27.98,27.98,35.34,35.74,6.82,13.01,19.83,1421.64,39.0,8.92,1421.64,39.0,9.07,36.37,42.69,0.94,80.01,0.6601,False,False
1780909398.4326866,archive_flood_airfield_274c83,archive_flood_airfield_274c83.mp4,2146,50.0,640,480,combined,detect_combined,Flooded,deeplabv3plus,False,False,0,tensorrt,tensorrt,tensorrt,22.87,22.87,43.32,43.73,6.68,18.08,24.759999999999998,1421.64,25.0,8.92,1421.64,25.0,9.07,36.37,42.69,0.94,80.01,0.6434,False,False
1780909398.533475,archive_flood_airfield_274c83,archive_flood_airfield_274c83.mp4,2147,50.0,640,480,combined,detect_combined,Flooded,deeplabv3plus,False,False,0,tensorrt,tensorrt,tensorrt,17.63,17.63,56.34,56.74,14.7,26.74,41.44,1421.64,27.9,8.92,1421.64,27.9,9.07,36.37,42.69,0.94,80.01,0.6748,False,False
1780909398.6212978,archive_flood_airfield_274c83,archive_flood_airfield_274c83.mp4,2148,50.0,640,480,combined,detect_combined,Flooded,deeplabv3plus,False,False,0,tensorrt,tensorrt,tensorrt,22.02,22.02,45.01,45.42,11.22,15.38,26.6,1421.64,25.5,8.92,1421.64,25.5,9.07,36.37,42.69,0.94,80.01,0.6604,False,False
1780909398.7162232,archive_flood_airfield_274c83,archive_flood_airfield_274c83.mp4,2149,50.0,640,480,combined,detect_combined,Flooded,deeplabv3plus,False,False,0,tensorrt,tensorrt,tensorrt,21.22,21.22,46.71,47.12,10.53,21.19,31.72,1421.64,26.8,8.92,1421.64,26.8,9.07,36.37,42.69,0.94,80.01,0.7145,False,False
1780909398.807022,archive_flood_airfield_274c83,archive_flood_airfield_274c83.mp4,2150,50.0,640,480,combined,detect_combined,Flooded,deeplabv3plus,False,False,0,tensorrt,tensorrt,tensorrt,19.95,19.95,49.71,50.13,15.14,17.37,32.510000000000005,1421.64,41.5,7.85,1421.64,41.5,9.07,36.37,42.69,0.94,80.01,0.672,False,False
1780909398.8859901,archive_flood_airfield_274c83,archive_flood_airfield_274c83.mp4,2151,50.0,640,480,combined,detect_combined,Flooded,deeplabv3plus,False,False,0,tensorrt,tensorrt,tensorrt,22.07,22.07,44.9,45.3,9.19,15.35,24.54,1421.64,46.8,7.85,1421.64,46.8,9.07,36.37,42.69,0.94,80.01,0.6114,False,False
1780909398.9724126,archive_flood_airfield_274c83,archive_flood_airfield_274c83.mp4,2152,50.0,640,480,combined,detect_combined,Flooded,deeplabv3plus,False,False,0,tensorrt,tensorrt,tensorrt,19.59,19.59,50.63,51.06,7.0,19.34,26.34,1421.64,50.9,7.85,1421.64,50.9,9.07,36.37,42.69,0.94,80.01,0.605,False,False
1780909399.066415,archive_flood_airfield_274c83,archive_flood_airfield_274c83.mp4,2153,50.0,640,480,combined,detect_combined,Flooded,deeplabv3plus,False,False,0,tensorrt,tensorrt,tensorrt,17.86,17.86,55.55,55.98,13.1,15.63,28.73,1421.64,56.4,7.85,1421.64,56.4,9.07,36.37,42.69,0.94,80.01,0.5944,False,False
1780909399.1446238,archive_flood_airfield_274c83,archive_flood_airfield_274c83.mp4,2154,50.0,640,480,combined,detect_combined,Flooded,deeplabv3plus,False,False,0,tensorrt,tensorrt,tensorrt,19.27,19.27,51.52,51.89,13.58,15.1,28.68,1421.64,52.1,7.85,1421.64,52.1,9.07,36.37,42.69,0.94,80.01,0.5434,False,False
1780909399.2237651,archive_flood_airfield_274c83,archive_flood_airfield_274c83.mp4,2155,50.0,640,480,combined,detect_combined,Flooded,deeplabv3plus,False,False,0,tensorrt,tensorrt,tensorrt,20.05,20.05,49.48,49.88,9.99,13.06,23.05,1421.64,37.0,7.85,1421.64,37.0,9.07,36.37,42.69,0.94,80.01,0.5561,False,False
1780909399.2911532,archive_flood_airfield_274c83,archive_flood_airfield_274c83.mp4,2156,50.0,640,480,combined,detect_combined,Flooded,deeplabv3plus,False,False,0,tensorrt,tensorrt,tensorrt,28.05,28.05,35.31,35.65,5.2,13.65,18.85,1421.64,35.0,7.85,1421.64,35.0,9.07,36.37,42.69,0.94,80.01,0.5266,False,False
1780909399.3693986,archive_flood_airfield_274c83,archive_flood_airfield_274c83.mp4,2157,50.0,640,480,combined,detect_combined,Flooded,deeplabv3plus,False,False,0,tensorrt,tensorrt,tensorrt,20.11,20.11,49.39,49.73,5.92,17.7,23.619999999999997,1421.64,36.2,8.61,1421.64,36.2,9.07,36.37,42.69,0.94,80.01,0.5334,False,False
1780909399.440158,archive_flood_airfield_274c83,archive_flood_airfield_274c83.mp4,2158,50.0,640,480,combined,detect_combined,Flooded,deeplabv3plus,False,False,0,tensorrt,tensorrt,tensorrt,25.35,25.35,39.08,39.44,6.12,20.3,26.42,1421.64,33.3,8.61,1421.64,33.3,9.07,36.37,42.69,0.94,80.01,0.5649,False,False
1780909399.5172184,archive_flood_airfield_274c83,archive_flood_airfield_274c83.mp4,2159,50.0,640,480,combined,detect_combined,Flooded,deeplabv3plus,False,False,0,tensorrt,tensorrt,tensorrt,22.9,22.9,43.13,43.67,6.23,16.54,22.77,1421.64,29.8,8.61,1421.64,29.8,9.07,36.37,42.69,0.94,80.01,0.5791,False,False
1780909399.6004605,archive_flood_airfield_274c83,archive_flood_airfield_274c83.mp4,2160,50.0,640,480,combined,detect_combined,Flooded,deeplabv3plus,False,False,0,tensorrt,tensorrt,tensorrt,21.09,21.09,47.05,47.41,6.56,20.22,26.779999999999998,1421.64,25.0,8.61,1421.64,25.0,9.07,36.37,42.69,0.94,80.01,0.5663,False,False
1780909399.6960354,archive_flood_airfield_274c83,archive_flood_airfield_274c83.mp4,2161,50.0,640,480,combined,detect_combined,Flooded,deeplabv3plus,False,False,0,tensorrt,tensorrt,tensorrt,19.45,19.45,51.06,51.41,11.71,25.0,36.71,1421.64,27.6,8.61,1421.64,27.6,9.07,36.37,42.69,0.94,80.01,0.5713,False,False
1780909399.782057,archive_flood_airfield_274c83,archive_flood_airfield_274c83.mp4,2162,50.0,640,480,combined,detect_combined,Flooded,deeplabv3plus,False,False,0,tensorrt,tensorrt,tensorrt,21.19,21.19,46.85,47.2,7.4,19.86,27.259999999999998,1421.64,26.0,8.61,1421.64,26.0,9.07,36.37,42.69,0.94,80.01,0.5856,False,False
1780909399.8754096,archive_flood_airfield_274c83,archive_flood_airfield_274c83.mp4,2163,50.0,640,480,combined,detect_combined,Flooded,deeplabv3plus,False,False,0,tensorrt,tensorrt,tensorrt,18.74,18.74,52.98,53.37,15.23,24.78,40.010000000000005,1421.64,22.6,8.61,1421.64,22.6,9.07,36.37,42.69,0.94,80.01,0.5315,False,False
1780909399.9616349,archive_flood_airfield_274c83,archive_flood_airfield_274c83.mp4,2164,50.0,640,480,combined,detect_combined,Flooded,deeplabv3plus,False,False,0,tensorrt,tensorrt,tensorrt,25.39,25.39,39.04,39.38,9.31,16.11,25.42,1421.64,28.8,7.69,1421.64,28.8,9.07,36.37,42.69,0.94,80.01,0.543,False,False
1780909400.0484877,archive_flood_airfield_274c83,archive_flood_airfield_274c83.mp4,2165,50.0,640,480,combined,detect_combined,Flooded,deeplabv3plus,False,False,0,tensorrt,tensorrt,tensorrt,21.55,21.55,46.01,46.41,7.43,18.93,26.36,1421.64,32.7,7.69,1421.64,32.7,9.07,36.37,42.69,0.94,80.01,0.5888,False,False
1780909400.1244166,archive_flood_airfield_274c83,archive_flood_airfield_274c83.mp4,2166,50.0,640,480,combined,detect_combined,Flooded,deeplabv3plus,False,False,0,tensorrt,tensorrt,tensorrt,21.79,21.79,45.5,45.9,11.59,22.55,34.14,1421.64,43.2,7.69,1421.64,43.2,9.07,36.37,42.69,0.94,80.01,0.6018,False,False
1780909400.2024214,archive_flood_airfield_274c83,archive_flood_airfield_274c83.mp4,2167,50.0,640,480,combined,detect_combined,Flooded,deeplabv3plus,False,False,0,tensorrt,tensorrt,tensorrt,20.88,20.88,47.46,47.88,14.69,14.88,29.57,1421.64,42.2,7.69,1421.64,42.2,9.07,36.37,42.69,0.94,80.01,0.6483,False,False
1780909400.2823026,archive_flood_airfield_274c83,archive_flood_airfield_274c83.mp4,2168,50.0,640,480,combined,detect_combined,Flooded,deeplabv3plus,False,False,0,tensorrt,tensorrt,tensorrt,20.6,20.6,48.14,48.54,6.6,19.02,25.619999999999997,1421.64,48.9,7.69,1421.64,48.9,9.07,36.37,42.69,0.94,80.01,0.6061,False,False
1780909400.377574,archive_flood_airfield_274c83,archive_flood_airfield_274c83.mp4,2169,50.0,640,480,combined,detect_combined,Flooded,deeplabv3plus,False,False,0,tensorrt,tensorrt,tensorrt,16.35,16.35,60.82,61.18,9.48,23.27,32.75,1421.65,50.9,7.69,1421.65,50.9,9.07,36.37,42.69,0.94,80.01,0.6577,False,False
1780909400.453779,archive_flood_airfield_274c83,archive_flood_airfield_274c83.mp4,2170,50.0,640,480,combined,detect_combined,Flooded,deeplabv3plus,False,False,0,tensorrt,tensorrt,tensorrt,20.61,20.61,48.16,48.51,14.19,23.14,37.33,1421.65,47.7,7.69,1421.65,47.7,9.07,36.37,42.69,0.94,80.01,0.6142,False,False
1780909400.5395954,archive_flood_airfield_274c83,archive_flood_airfield_274c83.mp4,2171,50.0,640,480,combined,detect_combined,Flooded,deeplabv3plus,False,False,0,tensorrt,tensorrt,tensorrt,19.06,19.06,52.13,52.46,14.23,11.21,25.44,1421.65,30.2,8.3,1421.65,30.2,9.07,36.37,42.69,0.94,80.01,0.6335,False,False
1780909400.6125817,archive_flood_airfield_274c83,archive_flood_airfield_274c83.mp4,2172,50.0,640,480,combined,detect_combined,Flooded,deeplabv3plus,False,False,0,tensorrt,tensorrt,tensorrt,22.04,22.04,44.98,45.38,7.21,14.23,21.44,1421.65,21.4,8.3,1421.65,21.4,9.07,36.37,42.69,0.94,80.01,0.5786,False,False
1780909400.6899421,archive_flood_airfield_274c83,archive_flood_airfield_274c83.mp4,2173,50.0,640,480,combined,detect_combined,Flooded,deeplabv3plus,False,False,0,tensorrt,tensorrt,tensorrt,22.4,22.4,44.21,44.63,6.98,23.77,30.75,1421.65,27.7,8.3,1421.65,27.7,9.07,36.37,42.69,0.94,80.01,0.4933,False,False
1780909400.7632189,archive_flood_airfield_274c83,archive_flood_airfield_274c83.mp4,2174,50.0,640,480,combined,detect_combined,Flooded,deeplabv3plus,False,False,0,tensorrt,tensorrt,tensorrt,23.89,23.89,41.44,41.87,6.99,12.91,19.9,1421.65,29.5,8.3,1421.65,29.5,9.07,36.37,42.69,0.94,80.01,0.5768,False,False
1780909400.8589234,archive_flood_airfield_274c83,archive_flood_airfield_274c83.mp4,2175,50.0,640,480,combined,detect_combined,Flooded,deeplabv3plus,False,False,0,tensorrt,tensorrt,tensorrt,18.77,18.77,52.87,53.28,14.51,25.41,39.92,1421.65,22.6,8.3,1421.65,22.6,9.07,36.37,42.69,0.94,80.01,0.5117,False,False
1780909400.9484103,archive_flood_airfield_274c83,archive_flood_airfield_274c83.mp4,2176,50.0,640,480,combined,detect_combined,Flooded,deeplabv3plus,False,False,0,tensorrt,tensorrt,tensorrt,21.86,21.86,45.39,45.74,14.5,16.14,30.64,1421.65,25.0,8.3,1421.65,25.0,9.07,36.37,42.69,0.94,80.01,0.2793,False,False
