timestamp,video_id,video_name,frame_idx,sim_altitude_m,input_width,input_height,mode,active_tool,classification_label,primary_model,model_switch_occurred,segmentation_skipped,human_count,clf_backend,seg_backend,human_backend,fps,instant_fps,total_inference_ms,total_latency_ms,classification_ms,segmentation_ms,model_switch_latency_ms,memory_mb,cpu_percent,power_w,peak_memory_mb,peak_cpu_percent,peak_power_w,clf_load_ms,seg_load_ms,human_load_ms,model_load_total_ms,flood_ratio,warmup,session_first_frame
1780822798.8386893,youtube_cal_oes_flood_prep_274d74,youtube_cal_oes_flood_prep_274d74.mp4,0,50.0,640,480,combined,detect_combined,Non-Flooded,resnet18,False,False,1,tensorrt,tensorrt,tensorrt,12.46,12.46,79.15,80.29,19.49,28.9,48.39,1385.87,26.5,6.62,1385.87,26.5,9.22,25.5,44.56,1.03,71.1,0.1659,False,True
1780822798.95464,youtube_cal_oes_flood_prep_274d74,youtube_cal_oes_flood_prep_274d74.mp4,1,50.0,640,480,combined,detect_combined,Non-Flooded,resnet18,False,False,1,tensorrt,tensorrt,tensorrt,15.88,15.88,61.62,62.99,15.81,18.22,34.03,1387.03,44.8,8.15,1387.03,44.8,9.22,25.5,44.56,1.03,71.1,0.1566,False,False
1780822799.0744433,youtube_cal_oes_flood_prep_274d74,youtube_cal_oes_flood_prep_274d74.mp4,2,50.0,640,480,combined,detect_combined,Non-Flooded,resnet18,False,False,1,tensorrt,tensorrt,tensorrt,13.93,13.93,70.76,71.81,10.7,19.74,30.439999999999998,1387.03,41.5,8.15,1387.03,41.5,9.22,25.5,44.56,1.03,71.1,0.1597,False,False
1780822799.1618154,youtube_cal_oes_flood_prep_274d74,youtube_cal_oes_flood_prep_274d74.mp4,3,50.0,640,480,combined,detect_combined,Non-Flooded,resnet18,False,False,1,tensorrt,tensorrt,tensorrt,19.26,19.26,50.69,51.92,5.72,11.55,17.27,1387.03,53.8,8.15,1387.03,53.8,9.22,25.5,44.56,1.03,71.1,0.1411,False,False
1780822799.2439637,youtube_cal_oes_flood_prep_274d74,youtube_cal_oes_flood_prep_274d74.mp4,4,50.0,640,480,combined,detect_combined,Non-Flooded,resnet18,False,False,1,tensorrt,tensorrt,tensorrt,19.62,19.62,49.43,50.97,6.78,10.39,17.17,1387.03,50.0,8.15,1387.03,50.0,9.22,25.5,44.56,1.03,71.1,0.1132,False,False
1780822799.328273,youtube_cal_oes_flood_prep_274d74,youtube_cal_oes_flood_prep_274d74.mp4,5,50.0,640,480,combined,detect_combined,Non-Flooded,resnet18,False,False,1,tensorrt,tensorrt,tensorrt,25.02,25.02,39.05,39.97,4.99,9.83,14.82,1387.03,42.9,8.15,1387.03,42.9,9.22,25.5,44.56,1.03,71.1,0.1416,False,False
1780822799.41424,youtube_cal_oes_flood_prep_274d74,youtube_cal_oes_flood_prep_274d74.mp4,6,50.0,640,480,combined,detect_combined,Non-Flooded,resnet18,False,False,1,tensorrt,tensorrt,tensorrt,20.52,20.52,47.52,48.74,4.9,15.97,20.87,1387.03,38.0,8.15,1387.03,38.0,9.22,25.5,44.56,1.03,71.1,0.1425,False,False
1780822799.5046728,youtube_cal_oes_flood_prep_274d74,youtube_cal_oes_flood_prep_274d74.mp4,7,50.0,640,480,combined,detect_combined,Non-Flooded,resnet18,False,False,1,tensorrt,tensorrt,tensorrt,20.27,20.27,47.96,49.33,5.73,14.62,20.35,1387.02,34.0,8.76,1387.02,34.0,9.22,25.5,44.56,1.03,71.1,0.1342,False,False
1780822799.6083329,youtube_cal_oes_flood_prep_274d74,youtube_cal_oes_flood_prep_274d74.mp4,8,50.0,640,480,combined,detect_combined,Non-Flooded,resnet18,False,False,1,tensorrt,tensorrt,tensorrt,18.5,18.5,52.69,54.04,8.55,17.48,26.03,1387.02,36.1,8.76,1387.02,36.1,9.22,25.5,44.56,1.03,71.1,0.1382,False,False
1780822799.711552,youtube_cal_oes_flood_prep_274d74,youtube_cal_oes_flood_prep_274d74.mp4,9,50.0,640,480,combined,detect_combined,Non-Flooded,resnet18,False,False,1,tensorrt,tensorrt,tensorrt,19.8,19.8,49.22,50.51,6.66,21.87,28.53,1387.02,28.3,8.76,1387.02,28.3,9.22,25.5,44.56,1.03,71.1,0.1412,False,False
1780822799.8072443,youtube_cal_oes_flood_prep_274d74,youtube_cal_oes_flood_prep_274d74.mp4,10,50.0,640,480,combined,detect_combined,Non-Flooded,resnet18,False,False,1,tensorrt,tensorrt,tensorrt,22.32,22.32,43.88,44.81,7.15,20.86,28.009999999999998,1387.02,32.7,8.76,1387.02,32.7,9.22,25.5,44.56,1.03,71.1,0.1218,False,False
1780822799.8988023,youtube_cal_oes_flood_prep_274d74,youtube_cal_oes_flood_prep_274d74.mp4,11,50.0,640,480,combined,detect_combined,Non-Flooded,resnet18,False,False,1,tensorrt,tensorrt,tensorrt,17.93,17.93,54.5,55.77,6.44,16.14,22.580000000000002,1387.02,39.2,8.76,1387.02,39.2,9.22,25.5,44.56,1.03,71.1,0.1029,False,False
1780822799.9730215,youtube_cal_oes_flood_prep_274d74,youtube_cal_oes_flood_prep_274d74.mp4,12,50.0,640,480,combined,detect_combined,Non-Flooded,resnet18,False,False,1,tensorrt,tensorrt,tensorrt,25.18,25.18,38.39,39.71,6.32,10.81,17.130000000000003,1387.02,47.8,8.76,1387.02,47.8,9.22,25.5,44.56,1.03,71.1,0.088,False,False
1780822800.057698,youtube_cal_oes_flood_prep_274d74,youtube_cal_oes_flood_prep_274d74.mp4,13,50.0,640,480,combined,detect_combined,Non-Flooded,resnet18,False,False,1,tensorrt,tensorrt,tensorrt,21.02,21.02,46.01,47.57,5.6,10.96,16.560000000000002,1387.02,38.8,8.46,1387.02,38.8,9.22,25.5,44.56,1.03,71.1,0.0993,False,False
1780822800.140138,youtube_cal_oes_flood_prep_274d74,youtube_cal_oes_flood_prep_274d74.mp4,14,50.0,640,480,combined,detect_combined,Non-Flooded,resnet18,False,False,1,tensorrt,tensorrt,tensorrt,21.99,21.99,44.34,45.47,5.36,16.74,22.099999999999998,1387.02,36.7,8.46,1387.02,36.7,9.22,25.5,44.56,1.03,71.1,0.1014,False,False
1780822800.2152936,youtube_cal_oes_flood_prep_274d74,youtube_cal_oes_flood_prep_274d74.mp4,15,50.0,640,480,combined,detect_combined,Non-Flooded,resnet18,False,False,1,tensorrt,tensorrt,tensorrt,23.09,23.09,41.38,43.3,5.06,10.38,15.440000000000001,1387.02,33.3,8.46,1387.02,33.3,9.22,25.5,44.56,1.03,71.1,0.1169,False,False
1780822800.2972746,youtube_cal_oes_flood_prep_274d74,youtube_cal_oes_flood_prep_274d74.mp4,16,50.0,640,480,combined,detect_combined,Non-Flooded,resnet18,False,False,1,tensorrt,tensorrt,tensorrt,19.48,19.48,50.1,51.33,6.11,11.18,17.29,1387.02,38.8,8.46,1387.02,38.8,9.22,25.5,44.56,1.03,71.1,0.1181,False,False
1780822800.3731403,youtube_cal_oes_flood_prep_274d74,youtube_cal_oes_flood_prep_274d74.mp4,17,50.0,640,480,combined,detect_combined,Non-Flooded,resnet18,False,False,1,tensorrt,tensorrt,tensorrt,25.49,25.49,38.07,39.23,5.11,15.84,20.95,1387.02,31.8,8.46,1387.02,31.8,9.22,25.5,44.56,1.03,71.1,0.112,False,False
1780822800.4585228,youtube_cal_oes_flood_prep_274d74,youtube_cal_oes_flood_prep_274d74.mp4,18,50.0,640,480,combined,detect_combined,Non-Flooded,resnet18,False,False,1,tensorrt,tensorrt,tensorrt,20.82,20.82,47.1,48.03,6.27,11.48,17.75,1387.02,30.6,8.46,1387.02,30.6,9.22,25.5,44.56,1.03,71.1,0.0707,False,False
1780822800.550771,youtube_cal_oes_flood_prep_274d74,youtube_cal_oes_flood_prep_274d74.mp4,19,50.0,640,480,combined,detect_combined,Non-Flooded,resnet18,False,False,1,tensorrt,tensorrt,tensorrt,20.17,20.17,48.32,49.58,4.98,18.01,22.990000000000002,1387.02,29.6,8.46,1387.02,29.6,9.22,25.5,44.56,1.03,71.1,0.0965,False,False
1780822800.6253753,youtube_cal_oes_flood_prep_274d74,youtube_cal_oes_flood_prep_274d74.mp4,20,50.0,640,480,combined,detect_combined,Non-Flooded,resnet18,False,False,1,tensorrt,tensorrt,tensorrt,28.02,28.02,34.78,35.68,6.38,15.14,21.52,1387.02,32.6,8.3,1387.02,32.6,9.22,25.5,44.56,1.03,71.1,0.0911,False,False
1780822800.7137306,youtube_cal_oes_flood_prep_274d74,youtube_cal_oes_flood_prep_274d74.mp4,21,50.0,640,480,combined,detect_combined,Non-Flooded,resnet18,False,False,1,tensorrt,tensorrt,tensorrt,22.46,22.46,43.35,44.52,6.54,15.23,21.77,1387.02,37.0,8.3,1387.02,37.0,9.22,25.5,44.56,1.03,71.1,0.0393,False,False
1780822800.797368,youtube_cal_oes_flood_prep_274d74,youtube_cal_oes_flood_prep_274d74.mp4,22,50.0,640,480,combined,detect_combined,Non-Flooded,resnet18,False,False,1,tensorrt,tensorrt,tensorrt,19.26,19.26,50.9,51.91,5.76,12.47,18.23,1387.02,38.8,8.3,1387.02,38.8,9.22,25.5,44.56,1.03,71.1,0.0324,False,False
1780822800.8842795,youtube_cal_oes_flood_prep_274d74,youtube_cal_oes_flood_prep_274d74.mp4,23,50.0,640,480,combined,detect_combined,Non-Flooded,resnet18,False,False,1,tensorrt,tensorrt,tensorrt,19.47,19.47,50.32,51.35,6.77,18.13,24.9,1387.02,42.6,8.3,1387.02,42.6,9.22,25.5,44.56,1.03,71.1,0.0212,False,False
1780822800.951323,youtube_cal_oes_flood_prep_274d74,youtube_cal_oes_flood_prep_274d74.mp4,24,50.0,640,480,combined,detect_combined,Non-Flooded,resnet18,False,False,1,tensorrt,tensorrt,tensorrt,26.32,26.32,36.94,37.99,4.53,9.24,13.77,1387.02,35.1,8.3,1387.02,35.1,9.22,25.5,44.56,1.03,71.1,0.0364,False,False
1780822801.0287912,youtube_cal_oes_flood_prep_274d74,youtube_cal_oes_flood_prep_274d74.mp4,25,50.0,640,480,combined,detect_combined,Non-Flooded,resnet18,False,False,1,tensorrt,tensorrt,tensorrt,22.5,22.5,43.33,44.45,5.0,9.15,14.15,1387.02,40.0,8.3,1387.02,40.0,9.22,25.5,44.56,1.03,71.1,0.0374,False,False
1780822801.1127036,youtube_cal_oes_flood_prep_274d74,youtube_cal_oes_flood_prep_274d74.mp4,26,50.0,640,480,combined,detect_combined,Non-Flooded,resnet18,False,False,1,tensorrt,tensorrt,tensorrt,19.44,19.44,50.3,51.43,5.68,17.72,23.4,1387.02,34.7,8.3,1387.02,34.7,9.22,25.5,44.56,1.03,71.1,0.0439,False,False
1780822801.18788,youtube_cal_oes_flood_prep_274d74,youtube_cal_oes_flood_prep_274d74.mp4,27,50.0,640,480,combined,detect_combined,Non-Flooded,resnet18,False,False,1,tensorrt,tensorrt,tensorrt,25.67,25.67,38.03,38.96,6.35,13.03,19.38,1387.02,30.2,8.3,1387.02,30.2,9.22,25.5,44.56,1.03,71.1,0.0428,False,False
1780822801.282628,youtube_cal_oes_flood_prep_274d74,youtube_cal_oes_flood_prep_274d74.mp4,28,50.0,640,480,combined,detect_combined,Non-Flooded,resnet18,False,False,1,tensorrt,tensorrt,tensorrt,17.54,17.54,44.07,57.0,5.23,16.41,21.64,1388.05,40.0,8.46,1388.05,40.0,9.22,25.5,44.56,1.03,71.1,0.0385,False,False
1780822801.3588345,youtube_cal_oes_flood_prep_274d74,youtube_cal_oes_flood_prep_274d74.mp4,29,50.0,640,480,combined,detect_combined,Non-Flooded,resnet18,False,False,1,tensorrt,tensorrt,tensorrt,26.3,26.3,36.92,38.02,5.7,15.14,20.84,1393.22,0.0,8.46,1393.22,0.0,9.22,25.5,44.56,1.03,71.1,0.0426,False,False
1780822801.439396,youtube_cal_oes_flood_prep_274d74,youtube_cal_oes_flood_prep_274d74.mp4,30,50.0,640,480,combined,detect_combined,Non-Flooded,resnet18,False,False,1,tensorrt,tensorrt,tensorrt,24.0,24.0,40.57,41.67,5.76,13.16,18.92,1393.73,37.5,8.46,1393.73,37.5,9.22,25.5,44.56,1.03,71.1,0.0686,False,False
1780822801.5082614,youtube_cal_oes_flood_prep_274d74,youtube_cal_oes_flood_prep_274d74.mp4,31,50.0,640,480,combined,detect_combined,Non-Flooded,resnet18,False,False,1,tensorrt,tensorrt,tensorrt,28.43,28.43,34.28,35.17,4.19,8.95,13.14,1394.51,42.1,8.46,1394.51,42.1,9.22,25.5,44.56,1.03,71.1,0.0646,False,False
1780822801.5939395,youtube_cal_oes_flood_prep_274d74,youtube_cal_oes_flood_prep_274d74.mp4,32,50.0,640,480,combined,detect_combined,Non-Flooded,resnet18,False,False,1,tensorrt,tensorrt,tensorrt,20.59,20.59,47.43,48.56,6.82,13.08,19.9,1395.02,35.4,8.46,1395.02,35.4,9.22,25.5,44.56,1.03,71.1,0.0615,False,False
1780822801.6720672,youtube_cal_oes_flood_prep_274d74,youtube_cal_oes_flood_prep_274d74.mp4,33,50.0,640,480,combined,detect_combined,Non-Flooded,resnet18,False,False,1,tensorrt,tensorrt,tensorrt,22.81,22.81,42.66,43.84,5.93,11.32,17.25,1395.02,44.4,8.46,1395.02,44.4,9.22,25.5,44.56,1.03,71.1,0.0684,False,False
1780822801.7486336,youtube_cal_oes_flood_prep_274d74,youtube_cal_oes_flood_prep_274d74.mp4,34,50.0,640,480,combined,detect_combined,Non-Flooded,resnet18,False,False,1,tensorrt,tensorrt,tensorrt,27.48,27.48,35.22,36.39,4.66,11.11,15.77,1395.02,38.1,8.46,1395.02,38.1,9.22,25.5,44.56,1.03,71.1,0.0651,False,False
1780822801.820517,youtube_cal_oes_flood_prep_274d74,youtube_cal_oes_flood_prep_274d74.mp4,35,50.0,640,480,combined,detect_combined,Non-Flooded,resnet18,False,False,1,tensorrt,tensorrt,tensorrt,24.24,24.24,40.31,41.25,5.23,10.52,15.75,1395.02,39.0,8.76,1395.02,39.0,9.22,25.5,44.56,1.03,71.1,0.0538,False,False
1780822801.8956275,youtube_cal_oes_flood_prep_274d74,youtube_cal_oes_flood_prep_274d74.mp4,36,50.0,640,480,combined,detect_combined,Non-Flooded,resnet18,False,False,1,tensorrt,tensorrt,tensorrt,23.04,23.04,42.21,43.4,5.37,10.06,15.43,1395.02,35.7,8.76,1395.02,35.7,9.22,25.5,44.56,1.03,71.1,0.0577,False,False
1780822801.969234,youtube_cal_oes_flood_prep_274d74,youtube_cal_oes_flood_prep_274d74.mp4,37,50.0,640,480,combined,detect_combined,Non-Flooded,resnet18,False,False,1,tensorrt,tensorrt,tensorrt,24.72,24.72,39.55,40.46,5.17,10.59,15.76,1395.02,30.8,8.76,1395.02,30.8,9.22,25.5,44.56,1.03,71.1,0.0745,False,False
1780822802.0442183,youtube_cal_oes_flood_prep_274d74,youtube_cal_oes_flood_prep_274d74.mp4,38,50.0,640,480,combined,detect_combined,Non-Flooded,resnet18,False,False,1,tensorrt,tensorrt,tensorrt,23.06,23.06,41.82,43.37,4.98,9.81,14.790000000000001,1395.02,37.0,8.76,1395.02,37.0,9.22,25.5,44.56,1.03,71.1,0.081,False,False
1780822802.1143973,youtube_cal_oes_flood_prep_274d74,youtube_cal_oes_flood_prep_274d74.mp4,39,50.0,640,480,combined,detect_combined,Non-Flooded,resnet18,False,False,1,tensorrt,tensorrt,tensorrt,26.94,26.94,36.1,37.12,4.98,9.23,14.21,1395.02,42.1,8.76,1395.02,42.1,9.22,25.5,44.56,1.03,71.1,0.071,False,False
1780822802.173278,youtube_cal_oes_flood_prep_274d74,youtube_cal_oes_flood_prep_274d74.mp4,40,50.0,640,480,combined,detect_combined,Non-Flooded,resnet18,False,False,1,tensorrt,tensorrt,tensorrt,29.91,29.91,32.46,33.43,4.42,8.21,12.63,1395.02,58.3,8.76,1395.02,58.3,9.22,25.5,44.56,1.03,71.1,0.061,False,False
1780822802.2370002,youtube_cal_oes_flood_prep_274d74,youtube_cal_oes_flood_prep_274d74.mp4,41,50.0,640,480,combined,detect_combined,Non-Flooded,resnet18,False,False,1,tensorrt,tensorrt,tensorrt,27.59,27.59,35.41,36.25,4.67,9.27,13.94,1395.02,54.3,8.76,1395.02,54.3,9.22,25.5,44.56,1.03,71.1,0.0591,False,False
1780822802.3192053,youtube_cal_oes_flood_prep_274d74,youtube_cal_oes_flood_prep_274d74.mp4,42,50.0,640,480,combined,detect_combined,Non-Flooded,resnet18,False,False,1,tensorrt,tensorrt,tensorrt,24.51,24.51,39.97,40.79,5.19,12.35,17.54,1395.02,49.0,8.76,1395.02,49.0,9.22,25.5,44.56,1.03,71.1,0.073,False,False
1780822802.4022799,youtube_cal_oes_flood_prep_274d74,youtube_cal_oes_flood_prep_274d74.mp4,43,50.0,640,480,combined,detect_combined,Non-Flooded,resnet18,False,False,1,tensorrt,tensorrt,tensorrt,23.89,23.89,40.73,41.85,4.95,20.61,25.56,1395.02,41.7,9.07,1395.02,41.7,9.22,25.5,44.56,1.03,71.1,0.1053,False,False
1780822802.490975,youtube_cal_oes_flood_prep_274d74,youtube_cal_oes_flood_prep_274d74.mp4,44,50.0,640,480,combined,detect_combined,Non-Flooded,resnet18,False,False,1,tensorrt,tensorrt,tensorrt,19.29,19.29,50.89,51.84,5.42,19.51,24.93,1395.02,36.4,9.07,1395.02,36.4,9.22,25.5,44.56,1.03,71.1,0.1,False,False
1780822802.5772128,youtube_cal_oes_flood_prep_274d74,youtube_cal_oes_flood_prep_274d74.mp4,45,50.0,640,480,combined,detect_combined,Non-Flooded,resnet18,False,False,1,tensorrt,tensorrt,tensorrt,18.83,18.83,52.06,53.1,5.7,11.58,17.28,1395.02,37.7,9.07,1395.02,37.7,9.22,25.5,44.56,1.03,71.1,0.11,False,False
1780822802.6534016,youtube_cal_oes_flood_prep_274d74,youtube_cal_oes_flood_prep_274d74.mp4,46,50.0,640,480,combined,detect_combined,Non-Flooded,resnet18,False,False,1,tensorrt,tensorrt,tensorrt,28.13,28.13,34.43,35.55,5.81,11.47,17.28,1395.27,36.2,9.07,1395.27,36.2,9.22,25.5,44.56,1.03,71.1,0.1183,False,False
1780822802.7446525,youtube_cal_oes_flood_prep_274d74,youtube_cal_oes_flood_prep_274d74.mp4,47,50.0,640,480,combined,detect_combined,Non-Flooded,resnet18,False,False,1,tensorrt,tensorrt,tensorrt,19.58,19.58,50.22,51.08,5.45,16.0,21.45,1395.27,33.3,9.07,1395.27,33.3,9.22,25.5,44.56,1.03,71.1,0.112,False,False
1780822802.815047,youtube_cal_oes_flood_prep_274d74,youtube_cal_oes_flood_prep_274d74.mp4,48,50.0,640,480,combined,detect_combined,Non-Flooded,resnet18,False,False,1,tensorrt,tensorrt,tensorrt,23.77,23.77,41.2,42.06,5.1,10.14,15.24,1395.27,31.7,9.07,1395.27,31.7,9.22,25.5,44.56,1.03,71.1,0.131,False,False
1780822802.8926795,youtube_cal_oes_flood_prep_274d74,youtube_cal_oes_flood_prep_274d74.mp4,49,50.0,640,480,combined,detect_combined,Non-Flooded,resnet18,False,False,1,tensorrt,tensorrt,tensorrt,23.32,23.32,41.91,42.87,5.59,10.43,16.02,1395.27,35.6,9.07,1395.27,35.6,9.22,25.5,44.56,1.03,71.1,0.1668,False,False
1780822802.9706223,youtube_cal_oes_flood_prep_274d74,youtube_cal_oes_flood_prep_274d74.mp4,50,50.0,640,480,combined,detect_combined,Non-Flooded,resnet18,False,False,1,tensorrt,tensorrt,tensorrt,28.33,28.33,34.43,35.3,4.82,10.85,15.67,1395.27,45.5,8.61,1395.27,45.5,9.22,25.5,44.56,1.03,71.1,0.161,False,False
1780822803.05248,youtube_cal_oes_flood_prep_274d74,youtube_cal_oes_flood_prep_274d74.mp4,51,50.0,640,480,combined,detect_combined,Non-Flooded,resnet18,False,False,1,tensorrt,tensorrt,tensorrt,21.93,21.93,44.63,45.59,5.78,12.61,18.39,1395.27,39.6,8.61,1395.27,39.6,9.22,25.5,44.56,1.03,71.1,0.1387,False,False
1780822803.1449578,youtube_cal_oes_flood_prep_274d74,youtube_cal_oes_flood_prep_274d74.mp4,52,50.0,640,480,combined,detect_combined,Non-Flooded,resnet18,False,False,1,tensorrt,tensorrt,tensorrt,19.82,19.82,49.29,50.46,8.45,14.57,23.02,1395.27,34.0,8.61,1395.27,34.0,9.22,25.5,44.56,1.03,71.1,0.1466,False,False
1780822803.2306116,youtube_cal_oes_flood_prep_274d74,youtube_cal_oes_flood_prep_274d74.mp4,53,50.0,640,480,combined,detect_combined,Non-Flooded,resnet18,False,False,1,tensorrt,tensorrt,tensorrt,22.69,22.69,42.88,44.07,5.41,16.58,21.99,1395.27,30.6,8.61,1395.27,30.6,9.22,25.5,44.56,1.03,71.1,0.1192,False,False
1780822803.3151746,youtube_cal_oes_flood_prep_274d74,youtube_cal_oes_flood_prep_274d74.mp4,54,50.0,640,480,combined,detect_combined,Non-Flooded,resnet18,False,False,1,tensorrt,tensorrt,tensorrt,20.11,20.11,48.55,49.73,6.52,15.78,22.299999999999997,1395.27,34.0,8.61,1395.27,34.0,9.22,25.5,44.56,1.03,71.1,0.1105,False,False
1780822803.3951235,youtube_cal_oes_flood_prep_274d74,youtube_cal_oes_flood_prep_274d74.mp4,55,50.0,640,480,combined,detect_combined,Non-Flooded,resnet18,False,False,1,tensorrt,tensorrt,tensorrt,19.02,19.02,51.62,52.58,5.21,15.71,20.92,1395.27,34.0,8.61,1395.27,34.0,9.22,25.5,44.56,1.03,71.1,0.1147,False,False
1780822803.4875503,youtube_cal_oes_flood_prep_274d74,youtube_cal_oes_flood_prep_274d74.mp4,56,50.0,640,480,combined,detect_combined,Non-Flooded,resnet18,False,False,1,tensorrt,tensorrt,tensorrt,19.65,19.65,49.38,50.89,5.82,17.21,23.03,1395.27,38.9,8.61,1395.27,38.9,9.22,25.5,44.56,1.03,71.1,0.0902,False,False
1780822803.5847201,youtube_cal_oes_flood_prep_274d74,youtube_cal_oes_flood_prep_274d74.mp4,57,50.0,640,480,combined,detect_combined,Non-Flooded,resnet18,False,False,1,tensorrt,tensorrt,tensorrt,18.65,18.65,52.58,53.62,9.98,23.3,33.28,1395.27,50.0,8.3,1395.27,50.0,9.22,25.5,44.56,1.03,71.1,0.0581,False,False
1780822803.6702697,youtube_cal_oes_flood_prep_274d74,youtube_cal_oes_flood_prep_274d74.mp4,58,50.0,640,480,combined,detect_combined,Non-Flooded,resnet18,False,False,1,tensorrt,tensorrt,tensorrt,22.39,22.39,43.36,44.65,4.98,12.31,17.29,1395.27,46.9,8.3,1395.27,46.9,9.22,25.5,44.56,1.03,71.1,0.0478,False,False
1780822803.763081,youtube_cal_oes_flood_prep_274d74,youtube_cal_oes_flood_prep_274d74.mp4,59,50.0,640,480,combined,detect_combined,Non-Flooded,resnet18,False,False,1,tensorrt,tensorrt,tensorrt,18.07,18.07,53.48,55.34,6.11,14.42,20.53,1395.27,45.1,8.3,1395.27,45.1,9.22,25.5,44.56,1.03,71.1,0.0648,False,False
1780822803.8368788,youtube_cal_oes_flood_prep_274d74,youtube_cal_oes_flood_prep_274d74.mp4,60,50.0,640,480,combined,detect_combined,Non-Flooded,resnet18,False,False,1,tensorrt,tensorrt,tensorrt,21.8,21.8,44.68,45.87,8.28,13.63,21.91,1395.27,56.1,8.3,1395.27,56.1,9.22,25.5,44.56,1.03,71.1,0.0632,False,False
1780822803.9077287,youtube_cal_oes_flood_prep_274d74,youtube_cal_oes_flood_prep_274d74.mp4,61,50.0,640,480,combined,detect_combined,Non-Flooded,resnet18,False,False,1,tensorrt,tensorrt,tensorrt,27.04,27.04,36.17,36.99,4.01,8.5,12.51,1395.27,50.0,8.3,1395.27,50.0,9.22,25.5,44.56,1.03,71.1,0.0366,False,False
1780822803.9802113,youtube_cal_oes_flood_prep_274d74,youtube_cal_oes_flood_prep_274d74.mp4,62,50.0,640,480,combined,detect_combined,Non-Flooded,resnet18,False,False,1,tensorrt,tensorrt,tensorrt,25.13,25.13,38.79,39.79,4.11,12.22,16.330000000000002,1395.27,50.0,8.3,1395.27,50.0,9.22,25.5,44.56,1.03,71.1,0.0489,False,False
1780822804.0524182,youtube_cal_oes_flood_prep_274d74,youtube_cal_oes_flood_prep_274d74.mp4,63,50.0,640,480,combined,detect_combined,Non-Flooded,resnet18,False,False,1,tensorrt,tensorrt,tensorrt,22.0,22.0,44.48,45.46,5.14,11.08,16.22,1395.27,43.9,8.3,1395.27,43.9,9.22,25.5,44.56,1.03,71.1,0.0698,False,False
1780822804.1142852,youtube_cal_oes_flood_prep_274d74,youtube_cal_oes_flood_prep_274d74.mp4,64,50.0,640,480,combined,detect_combined,Non-Flooded,resnet18,False,False,1,tensorrt,tensorrt,tensorrt,27.62,27.62,35.26,36.2,4.26,9.49,13.75,1395.27,44.1,8.3,1395.27,44.1,9.22,25.5,44.56,1.03,71.1,0.0792,False,False
1780822804.177481,youtube_cal_oes_flood_prep_274d74,youtube_cal_oes_flood_prep_274d74.mp4,65,50.0,640,480,combined,detect_combined,Non-Flooded,resnet18,False,False,1,tensorrt,tensorrt,tensorrt,27.92,27.92,34.34,35.82,4.17,8.93,13.1,1395.27,35.9,10.14,1395.27,35.9,10.14,25.5,44.56,1.03,71.1,0.0749,False,False
1780822804.2353694,youtube_cal_oes_flood_prep_274d74,youtube_cal_oes_flood_prep_274d74.mp4,66,50.0,640,480,combined,detect_combined,Non-Flooded,resnet18,False,False,1,tensorrt,tensorrt,tensorrt,29.8,29.8,32.67,33.56,4.54,8.26,12.8,1395.27,29.0,10.14,1395.27,29.0,10.14,25.5,44.56,1.03,71.1,0.0669,False,False
1780822804.2940602,youtube_cal_oes_flood_prep_274d74,youtube_cal_oes_flood_prep_274d74.mp4,67,50.0,640,480,combined,detect_combined,Non-Flooded,resnet18,False,False,1,tensorrt,tensorrt,tensorrt,28.27,28.27,34.57,35.38,4.8,8.53,13.329999999999998,1395.27,37.8,10.14,1395.27,37.8,10.14,25.5,44.56,1.03,71.1,0.078,False,False
1780822804.3696113,youtube_cal_oes_flood_prep_274d74,youtube_cal_oes_flood_prep_274d74.mp4,68,50.0,640,480,combined,detect_combined,Non-Flooded,resnet18,False,False,1,tensorrt,tensorrt,tensorrt,23.14,23.14,42.12,43.22,5.66,9.57,15.23,1395.27,31.8,10.14,1395.27,31.8,10.14,25.5,44.56,1.03,71.1,0.076,False,False
1780822804.4507313,youtube_cal_oes_flood_prep_274d74,youtube_cal_oes_flood_prep_274d74.mp4,69,50.0,640,480,combined,detect_combined,Non-Flooded,resnet18,False,False,1,tensorrt,tensorrt,tensorrt,22.97,22.97,42.71,43.54,5.85,13.34,19.189999999999998,1395.27,33.3,10.14,1395.27,33.3,10.14,25.5,44.56,1.03,71.1,0.074,False,False
1780822804.5279574,youtube_cal_oes_flood_prep_274d74,youtube_cal_oes_flood_prep_274d74.mp4,70,50.0,640,480,combined,detect_combined,Non-Flooded,resnet18,False,False,1,tensorrt,tensorrt,tensorrt,24.31,24.31,39.94,41.14,4.12,15.49,19.61,1395.27,25.6,10.14,1395.27,25.6,10.14,25.5,44.56,1.03,71.1,0.0595,False,False
1780822804.613583,youtube_cal_oes_flood_prep_274d74,youtube_cal_oes_flood_prep_274d74.mp4,71,50.0,640,480,combined,detect_combined,Non-Flooded,resnet18,False,False,1,tensorrt,tensorrt,tensorrt,22.68,22.68,43.11,44.09,5.42,14.71,20.130000000000003,1395.27,31.4,10.14,1395.27,31.4,10.14,25.5,44.56,1.03,71.1,0.0616,False,False
1780822804.6949291,youtube_cal_oes_flood_prep_274d74,youtube_cal_oes_flood_prep_274d74.mp4,72,50.0,640,480,combined,detect_combined,Non-Flooded,resnet18,False,False,1,tensorrt,tensorrt,tensorrt,23.24,23.24,41.81,43.02,5.11,16.25,21.36,1395.27,34.0,10.14,1395.27,34.0,10.14,25.5,44.56,1.03,71.1,0.0712,False,False
1780822804.7792659,youtube_cal_oes_flood_prep_274d74,youtube_cal_oes_flood_prep_274d74.mp4,73,50.0,640,480,combined,detect_combined,Non-Flooded,resnet18,False,False,1,tensorrt,tensorrt,tensorrt,24.81,24.81,38.99,40.3,5.36,15.83,21.19,1395.27,32.7,8.92,1395.27,32.7,10.14,25.5,44.56,1.03,71.1,0.0775,False,False
1780822804.8471563,youtube_cal_oes_flood_prep_274d74,youtube_cal_oes_flood_prep_274d74.mp4,74,50.0,640,480,combined,detect_combined,Non-Flooded,resnet18,False,False,1,tensorrt,tensorrt,tensorrt,28.7,28.7,33.82,34.84,4.42,9.04,13.459999999999999,1395.27,34.2,8.92,1395.27,34.2,10.14,25.5,44.56,1.03,71.1,0.0782,False,False
1780822804.9188755,youtube_cal_oes_flood_prep_274d74,youtube_cal_oes_flood_prep_274d74.mp4,75,50.0,640,480,combined,detect_combined,Non-Flooded,resnet18,False,False,1,tensorrt,tensorrt,tensorrt,24.13,24.13,40.34,41.43,5.27,9.83,15.1,1395.53,27.5,8.92,1395.53,27.5,10.14,25.5,44.56,1.03,71.1,0.056,False,False
1780822805.0062706,youtube_cal_oes_flood_prep_274d74,youtube_cal_oes_flood_prep_274d74.mp4,76,50.0,640,480,combined,detect_combined,Non-Flooded,resnet18,False,False,1,tensorrt,tensorrt,tensorrt,21.07,21.07,46.35,47.47,8.66,12.62,21.28,1395.53,38.0,8.92,1395.53,38.0,10.14,25.5,44.56,1.03,71.1,0.0502,False,False
1780822805.0879004,youtube_cal_oes_flood_prep_274d74,youtube_cal_oes_flood_prep_274d74.mp4,77,50.0,640,480,combined,detect_combined,Non-Flooded,resnet18,False,False,1,tensorrt,tensorrt,tensorrt,22.14,22.14,43.9,45.16,9.16,10.29,19.45,1395.53,42.9,8.92,1395.53,42.9,10.14,25.5,44.56,1.03,71.1,0.0316,False,False
1780822805.1733973,youtube_cal_oes_flood_prep_274d74,youtube_cal_oes_flood_prep_274d74.mp4,78,50.0,640,480,combined,detect_combined,Non-Flooded,resnet18,False,False,1,tensorrt,tensorrt,tensorrt,19.92,19.92,48.57,50.21,6.2,11.94,18.14,1395.53,46.2,8.92,1395.53,46.2,10.14,25.5,44.56,1.03,71.1,0.0351,False,False
1780822805.2508726,youtube_cal_oes_flood_prep_274d74,youtube_cal_oes_flood_prep_274d74.mp4,79,50.0,640,480,combined,detect_combined,Non-Flooded,resnet18,False,False,1,tensorrt,tensorrt,tensorrt,27.17,27.17,35.99,36.8,6.22,15.17,21.39,1395.53,50.0,8.92,1395.53,50.0,10.14,25.5,44.56,1.03,71.1,0.0331,False,False
1780822805.3180606,youtube_cal_oes_flood_prep_274d74,youtube_cal_oes_flood_prep_274d74.mp4,80,50.0,640,480,combined,detect_combined,Non-Flooded,resnet18,False,False,1,tensorrt,tensorrt,tensorrt,26.2,26.2,37.19,38.17,5.4,7.42,12.82,1395.53,46.2,8.92,1395.53,46.2,10.14,25.5,44.56,1.03,71.1,0.0285,False,False
1780822805.3988793,youtube_cal_oes_flood_prep_274d74,youtube_cal_oes_flood_prep_274d74.mp4,81,50.0,640,480,combined,detect_combined,Non-Flooded,resnet18,False,False,1,tensorrt,tensorrt,tensorrt,20.61,20.61,47.36,48.52,5.99,12.68,18.67,1395.53,42.6,8.92,1395.53,42.6,10.14,25.5,44.56,1.03,71.1,0.0301,False,False
1780822805.4818168,youtube_cal_oes_flood_prep_274d74,youtube_cal_oes_flood_prep_274d74.mp4,82,50.0,640,480,combined,detect_combined,Non-Flooded,resnet18,False,False,1,tensorrt,tensorrt,tensorrt,22.14,22.14,44.13,45.16,4.67,11.77,16.439999999999998,1395.53,38.0,8.92,1395.53,38.0,10.14,25.5,44.56,1.03,71.1,0.028,False,False
1780822805.5590615,youtube_cal_oes_flood_prep_274d74,youtube_cal_oes_flood_prep_274d74.mp4,83,50.0,640,480,combined,detect_combined,Non-Flooded,resnet18,False,False,1,tensorrt,tensorrt,tensorrt,24.02,24.02,40.42,41.63,5.1,13.46,18.560000000000002,1395.53,33.3,8.92,1395.53,33.3,10.14,25.5,44.56,1.03,71.1,0.0325,False,False
1780822805.65394,youtube_cal_oes_flood_prep_274d74,youtube_cal_oes_flood_prep_274d74.mp4,84,50.0,640,480,combined,detect_combined,Non-Flooded,resnet18,False,False,1,tensorrt,tensorrt,tensorrt,21.53,21.53,45.12,46.44,6.44,14.68,21.12,1395.53,37.9,8.92,1395.53,37.9,10.14,25.5,44.56,1.03,71.1,0.0406,False,False
1780822805.7452712,youtube_cal_oes_flood_prep_274d74,youtube_cal_oes_flood_prep_274d74.mp4,85,50.0,640,480,combined,detect_combined,Non-Flooded,resnet18,False,False,1,tensorrt,tensorrt,tensorrt,22.72,22.72,42.87,44.02,6.13,14.34,20.47,1395.53,35.8,8.92,1395.53,35.8,10.14,25.5,44.56,1.03,71.1,0.0528,False,False
1780822805.835196,youtube_cal_oes_flood_prep_274d74,youtube_cal_oes_flood_prep_274d74.mp4,86,50.0,640,480,combined,detect_combined,Non-Flooded,resnet18,False,False,1,tensorrt,tensorrt,tensorrt,19.61,19.61,49.89,51.01,5.52,14.7,20.22,1395.53,34.0,8.92,1395.53,34.0,10.14,25.5,44.56,1.03,71.1,0.0477,False,False
1780822805.9229436,youtube_cal_oes_flood_prep_274d74,youtube_cal_oes_flood_prep_274d74.mp4,87,50.0,640,480,combined,detect_combined,Non-Flooded,resnet18,False,False,1,tensorrt,tensorrt,tensorrt,23.8,23.8,40.89,42.01,4.55,17.36,21.91,1395.53,30.0,8.46,1395.53,30.0,10.14,25.5,44.56,1.03,71.1,0.0284,False,False
1780822806.0079613,youtube_cal_oes_flood_prep_274d74,youtube_cal_oes_flood_prep_274d74.mp4,88,50.0,640,480,combined,detect_combined,Non-Flooded,resnet18,False,False,1,tensorrt,tensorrt,tensorrt,21.43,21.43,45.45,46.67,6.66,19.4,26.06,1395.52,32.0,8.46,1395.52,32.0,10.14,25.5,44.56,1.03,71.1,0.0522,False,False
1780822806.1043072,youtube_cal_oes_flood_prep_274d74,youtube_cal_oes_flood_prep_274d74.mp4,89,50.0,640,480,combined,detect_combined,Non-Flooded,resnet18,False,False,1,tensorrt,tensorrt,tensorrt,17.96,17.96,54.28,55.67,6.08,21.23,27.310000000000002,1395.52,34.5,8.46,1395.52,34.5,10.14,25.5,44.56,1.03,71.1,0.0544,False,False
1780822806.2046185,youtube_cal_oes_flood_prep_274d74,youtube_cal_oes_flood_prep_274d74.mp4,90,50.0,640,480,combined,detect_combined,Non-Flooded,resnet18,False,False,1,tensorrt,tensorrt,tensorrt,18.4,18.4,52.98,54.34,7.02,17.95,24.97,1395.52,31.6,8.46,1395.52,31.6,10.14,25.5,44.56,1.03,71.1,0.0809,False,False
1780822806.3350363,youtube_cal_oes_flood_prep_274d74,youtube_cal_oes_flood_prep_274d74.mp4,91,50.0,640,480,combined,detect_combined,Non-Flooded,resnet18,False,False,1,tensorrt,tensorrt,tensorrt,11.9,11.9,82.58,84.07,15.17,36.64,51.81,1395.52,44.2,8.46,1395.52,44.2,10.14,25.5,44.56,1.03,71.1,0.0713,False,False
1780822806.4001422,youtube_cal_oes_flood_prep_274d74,youtube_cal_oes_flood_prep_274d74.mp4,92,50.0,640,480,combined,detect_combined,Non-Flooded,resnet18,False,False,1,tensorrt,tensorrt,tensorrt,35.07,35.07,27.52,28.51,5.69,8.91,14.600000000000001,1395.52,55.3,8.46,1395.52,55.3,10.14,25.5,44.56,1.03,71.1,0.0834,False,False
1780822806.4681585,youtube_cal_oes_flood_prep_274d74,youtube_cal_oes_flood_prep_274d74.mp4,93,50.0,640,480,combined,detect_combined,Non-Flooded,resnet18,False,False,1,tensorrt,tensorrt,tensorrt,26.8,26.8,36.26,37.31,5.27,8.97,14.24,1395.52,38.5,8.61,1395.52,38.5,10.14,25.5,44.56,1.03,71.1,0.0895,False,False
1780822806.531943,youtube_cal_oes_flood_prep_274d74,youtube_cal_oes_flood_prep_274d74.mp4,94,50.0,640,480,combined,detect_combined,Non-Flooded,resnet18,False,False,1,tensorrt,tensorrt,tensorrt,27.78,27.78,34.96,36.0,4.6,8.99,13.59,1395.52,35.1,8.61,1395.52,35.1,10.14,25.5,44.56,1.03,71.1,0.0936,False,False
1780822806.6132448,youtube_cal_oes_flood_prep_274d74,youtube_cal_oes_flood_prep_274d74.mp4,95,50.0,640,480,combined,detect_combined,Non-Flooded,resnet18,False,False,1,tensorrt,tensorrt,tensorrt,20.74,20.74,47.02,48.21,5.3,16.6,21.900000000000002,1395.52,31.9,8.61,1395.52,31.9,10.14,25.5,44.56,1.03,71.1,0.0825,False,False
1780822806.6929815,youtube_cal_oes_flood_prep_274d74,youtube_cal_oes_flood_prep_274d74.mp4,96,50.0,640,480,combined,detect_combined,Non-Flooded,resnet18,False,False,1,tensorrt,tensorrt,tensorrt,21.84,21.84,44.51,45.79,5.33,15.04,20.369999999999997,1395.52,31.2,8.61,1395.52,31.2,10.14,25.5,44.56,1.03,71.1,0.0818,False,False
1780822806.7716382,youtube_cal_oes_flood_prep_274d74,youtube_cal_oes_flood_prep_274d74.mp4,97,50.0,640,480,combined,detect_combined,Non-Flooded,resnet18,False,False,1,tensorrt,tensorrt,tensorrt,20.83,20.83,46.77,48.0,5.09,10.33,15.42,1395.52,33.3,8.61,1395.52,33.3,10.14,25.5,44.56,1.03,71.1,0.0894,False,False
1780822806.859457,youtube_cal_oes_flood_prep_274d74,youtube_cal_oes_flood_prep_274d74.mp4,98,50.0,640,480,combined,detect_combined,Non-Flooded,resnet18,False,False,1,tensorrt,tensorrt,tensorrt,18.98,18.98,51.3,52.69,8.88,17.84,26.72,1395.52,37.7,8.61,1395.52,37.7,10.14,25.5,44.56,1.03,71.1,0.0783,False,False
1780822806.939484,youtube_cal_oes_flood_prep_274d74,youtube_cal_oes_flood_prep_274d74.mp4,99,50.0,640,480,combined,detect_combined,Non-Flooded,resnet18,False,False,1,tensorrt,tensorrt,tensorrt,21.3,21.3,45.96,46.94,6.08,15.67,21.75,1395.52,38.8,8.61,1395.52,38.8,10.14,25.5,44.56,1.03,71.1,0.0725,False,False
1780822807.0215492,youtube_cal_oes_flood_prep_274d74,youtube_cal_oes_flood_prep_274d74.mp4,100,50.0,640,480,combined,detect_combined,Non-Flooded,resnet18,False,False,1,tensorrt,tensorrt,tensorrt,19.12,19.12,51.32,52.29,10.71,16.24,26.95,1395.52,33.3,8.61,1395.52,33.3,10.14,25.5,44.56,1.03,71.1,0.0799,False,False
1780822807.1133301,youtube_cal_oes_flood_prep_274d74,youtube_cal_oes_flood_prep_274d74.mp4,101,50.0,640,480,combined,detect_combined,Non-Flooded,resnet18,False,False,1,tensorrt,tensorrt,tensorrt,18.1,18.1,53.94,55.24,8.08,21.72,29.799999999999997,1395.52,29.4,8.61,1395.52,29.4,10.14,25.5,44.56,1.03,71.1,0.096,False,False
1780822807.2175841,youtube_cal_oes_flood_prep_274d74,youtube_cal_oes_flood_prep_274d74.mp4,102,50.0,640,480,combined,detect_combined,Non-Flooded,resnet18,False,False,1,tensorrt,tensorrt,tensorrt,18.22,18.22,53.45,54.88,6.61,18.17,24.78,1395.52,36.1,8.61,1395.52,36.1,10.14,25.5,44.56,1.03,71.1,0.0825,False,False
1780822807.323402,youtube_cal_oes_flood_prep_274d74,youtube_cal_oes_flood_prep_274d74.mp4,103,50.0,640,480,combined,detect_combined,Non-Flooded,resnet18,False,False,1,tensorrt,tensorrt,tensorrt,17.64,17.64,55.32,56.68,10.45,18.23,28.68,1395.52,39.0,8.61,1395.52,39.0,10.14,25.5,44.56,1.03,71.1,0.1136,False,False
1780822807.4220679,youtube_cal_oes_flood_prep_274d74,youtube_cal_oes_flood_prep_274d74.mp4,104,50.0,640,480,combined,detect_combined,Non-Flooded,resnet18,False,False,1,tensorrt,tensorrt,tensorrt,19.21,19.21,50.91,52.05,7.28,18.46,25.740000000000002,1395.52,37.7,8.61,1395.52,37.7,10.14,25.5,44.56,1.03,71.1,0.0697,False,False
1780822807.5083642,youtube_cal_oes_flood_prep_274d74,youtube_cal_oes_flood_prep_274d74.mp4,105,50.0,640,480,combined,detect_combined,Non-Flooded,resnet18,False,False,1,tensorrt,tensorrt,tensorrt,22.98,22.98,42.38,43.52,5.3,18.15,23.45,1395.52,38.3,8.61,1395.52,38.3,10.14,25.5,44.56,1.03,71.1,0.0711,False,False
1780822807.5842807,youtube_cal_oes_flood_prep_274d74,youtube_cal_oes_flood_prep_274d74.mp4,106,50.0,640,480,combined,detect_combined,Non-Flooded,resnet18,False,False,1,tensorrt,tensorrt,tensorrt,20.89,20.89,46.23,47.87,5.28,10.36,15.64,1395.52,37.2,8.61,1395.52,37.2,10.14,25.5,44.56,1.03,71.1,0.0689,False,False
1780822807.6704392,youtube_cal_oes_flood_prep_274d74,youtube_cal_oes_flood_prep_274d74.mp4,107,50.0,640,480,combined,detect_combined,Non-Flooded,resnet18,False,False,1,tensorrt,tensorrt,tensorrt,19.6,19.6,49.72,51.01,10.18,20.24,30.419999999999998,1395.52,40.0,8.3,1395.52,40.0,10.14,25.5,44.56,1.03,71.1,0.0561,False,False
1780822807.7399971,youtube_cal_oes_flood_prep_274d74,youtube_cal_oes_flood_prep_274d74.mp4,108,50.0,640,480,combined,detect_combined,Non-Flooded,resnet18,False,False,1,tensorrt,tensorrt,tensorrt,23.99,23.99,40.57,41.69,5.76,9.58,15.34,1395.52,45.0,8.3,1395.52,45.0,10.14,25.5,44.56,1.03,71.1,0.0684,False,False
1780822807.80612,youtube_cal_oes_flood_prep_274d74,youtube_cal_oes_flood_prep_274d74.mp4,109,50.0,640,480,combined,detect_combined,Non-Flooded,resnet18,False,False,1,tensorrt,tensorrt,tensorrt,25.75,25.75,37.72,38.83,5.01,9.38,14.39,1395.52,35.1,8.3,1395.52,35.1,10.14,25.5,44.56,1.03,71.1,0.077,False,False
1780822807.8956978,youtube_cal_oes_flood_prep_274d74,youtube_cal_oes_flood_prep_274d74.mp4,110,50.0,640,480,combined,detect_combined,Non-Flooded,resnet18,False,False,1,tensorrt,tensorrt,tensorrt,19.66,19.66,49.66,50.85,5.51,14.74,20.25,1395.52,37.3,8.3,1395.52,37.3,10.14,25.5,44.56,1.03,71.1,0.0697,False,False
1780822807.983703,youtube_cal_oes_flood_prep_274d74,youtube_cal_oes_flood_prep_274d74.mp4,111,50.0,640,480,combined,detect_combined,Non-Flooded,resnet18,False,False,1,tensorrt,tensorrt,tensorrt,19.64,19.64,49.58,50.91,6.89,14.43,21.32,1395.52,39.2,8.3,1395.52,39.2,10.14,25.5,44.56,1.03,71.1,0.0611,False,False
1780822808.085183,youtube_cal_oes_flood_prep_274d74,youtube_cal_oes_flood_prep_274d74.mp4,112,50.0,640,480,combined,detect_combined,Non-Flooded,resnet18,False,False,1,tensorrt,tensorrt,tensorrt,18.01,18.01,54.1,55.53,7.16,19.18,26.34,1395.52,37.3,8.3,1395.52,37.3,10.14,25.5,44.56,1.03,71.1,0.059,False,False
1780822808.184786,youtube_cal_oes_flood_prep_274d74,youtube_cal_oes_flood_prep_274d74.mp4,113,50.0,640,480,combined,detect_combined,Non-Flooded,resnet18,False,False,1,tensorrt,tensorrt,tensorrt,21.57,21.57,45.01,46.37,7.31,22.36,29.669999999999998,1395.52,49.1,8.3,1395.52,49.1,10.14,25.5,44.56,1.03,71.1,0.0387,False,False
1780822808.284251,youtube_cal_oes_flood_prep_274d74,youtube_cal_oes_flood_prep_274d74.mp4,114,50.0,640,480,combined,detect_combined,Non-Flooded,resnet18,False,False,1,tensorrt,tensorrt,tensorrt,18.58,18.58,52.53,53.83,8.74,17.91,26.65,1395.52,58.6,8.46,1395.52,58.6,10.14,25.5,44.56,1.03,71.1,0.0428,False,False
1780822808.3785365,youtube_cal_oes_flood_prep_274d74,youtube_cal_oes_flood_prep_274d74.mp4,115,50.0,640,480,combined,detect_combined,Non-Flooded,resnet18,False,False,1,tensorrt,tensorrt,tensorrt,19.21,19.21,50.96,52.06,6.59,13.07,19.66,1395.52,33.3,8.46,1395.52,33.3,10.14,25.5,44.56,1.03,71.1,0.0455,False,False
1780822808.4627678,youtube_cal_oes_flood_prep_274d74,youtube_cal_oes_flood_prep_274d74.mp4,116,50.0,640,480,combined,detect_combined,Non-Flooded,resnet18,False,False,1,tensorrt,tensorrt,tensorrt,21.8,21.8,44.93,45.88,5.88,16.19,22.07,1395.52,45.8,8.46,1395.52,45.8,10.14,25.5,44.56,1.03,71.1,0.0579,False,False
1780822808.5479453,youtube_cal_oes_flood_prep_274d74,youtube_cal_oes_flood_prep_274d74.mp4,117,50.0,640,480,combined,detect_combined,Non-Flooded,resnet18,False,False,1,tensorrt,tensorrt,tensorrt,17.74,17.74,55.25,56.36,4.99,18.78,23.770000000000003,1395.52,50.0,8.46,1395.52,50.0,10.14,25.5,44.56,1.03,71.1,0.0844,False,False
1780822808.5996513,youtube_cal_oes_flood_prep_274d74,youtube_cal_oes_flood_prep_274d74.mp4,118,50.0,640,480,combined,detect_combined,Non-Flooded,resnet18,False,False,1,tensorrt,tensorrt,tensorrt,37.08,37.08,26.01,26.97,3.87,7.4,11.27,1395.52,51.9,8.46,1395.52,51.9,10.14,25.5,44.56,1.03,71.1,0.0688,False,False
1780822808.664687,youtube_cal_oes_flood_prep_274d74,youtube_cal_oes_flood_prep_274d74.mp4,119,50.0,640,480,combined,detect_combined,Non-Flooded,resnet18,False,False,1,tensorrt,tensorrt,tensorrt,27.01,27.01,36.18,37.03,5.24,13.09,18.33,1395.52,54.1,8.46,1395.52,54.1,10.14,25.5,44.56,1.03,71.1,0.0665,False,False
1780822808.7342997,youtube_cal_oes_flood_prep_274d74,youtube_cal_oes_flood_prep_274d74.mp4,120,50.0,640,480,combined,detect_combined,Non-Flooded,resnet18,False,False,1,tensorrt,tensorrt,tensorrt,23.03,23.03,42.43,43.42,5.3,10.01,15.309999999999999,1395.52,33.3,8.46,1395.52,33.3,10.14,25.5,44.56,1.03,71.1,0.0729,False,False
1780822808.8199456,youtube_cal_oes_flood_prep_274d74,youtube_cal_oes_flood_prep_274d74.mp4,121,50.0,640,480,combined,detect_combined,Non-Flooded,resnet18,False,False,1,tensorrt,tensorrt,tensorrt,19.74,19.74,49.63,50.67,6.79,13.86,20.65,1395.52,39.6,9.38,1395.52,39.6,10.14,25.5,44.56,1.03,71.1,0.086,False,False
1780822808.882345,youtube_cal_oes_flood_prep_274d74,youtube_cal_oes_flood_prep_274d74.mp4,122,50.0,640,480,combined,detect_combined,Non-Flooded,resnet18,False,False,1,tensorrt,tensorrt,tensorrt,34.6,34.6,27.82,28.9,5.02,10.5,15.52,1395.52,51.4,9.38,1395.52,51.4,10.14,25.5,44.56,1.03,71.1,0.0795,False,False
1780822808.9519558,youtube_cal_oes_flood_prep_274d74,youtube_cal_oes_flood_prep_274d74.mp4,123,50.0,640,480,combined,detect_combined,Non-Flooded,resnet18,False,False,1,tensorrt,tensorrt,tensorrt,24.65,24.65,39.41,40.56,5.06,10.43,15.489999999999998,1395.52,40.0,9.38,1395.52,40.0,10.14,25.5,44.56,1.03,71.1,0.0811,False,False
1780822809.0252006,youtube_cal_oes_flood_prep_274d74,youtube_cal_oes_flood_prep_274d74.mp4,124,50.0,640,480,combined,detect_combined,Non-Flooded,resnet18,False,False,1,tensorrt,tensorrt,tensorrt,24.7,24.7,39.29,40.48,5.48,11.25,16.73,1395.52,31.8,9.38,1395.52,31.8,10.14,25.5,44.56,1.03,71.1,0.1044,False,False
1780822809.1125627,youtube_cal_oes_flood_prep_274d74,youtube_cal_oes_flood_prep_274d74.mp4,125,50.0,640,480,combined,detect_combined,Non-Flooded,resnet18,False,False,1,tensorrt,tensorrt,tensorrt,20.84,20.84,46.61,47.98,5.91,11.43,17.34,1395.52,34.6,9.38,1395.52,34.6,10.14,25.5,44.56,1.03,71.1,0.0994,False,False
1780822809.19573,youtube_cal_oes_flood_prep_274d74,youtube_cal_oes_flood_prep_274d74.mp4,126,50.0,640,480,combined,detect_combined,Non-Flooded,resnet18,False,False,1,tensorrt,tensorrt,tensorrt,21.35,21.35,45.56,46.83,6.37,13.82,20.19,1395.52,27.7,9.38,1395.52,27.7,10.14,25.5,44.56,1.03,71.1,0.0772,False,False
1780822809.302727,youtube_cal_oes_flood_prep_274d74,youtube_cal_oes_flood_prep_274d74.mp4,127,50.0,640,480,combined,detect_combined,Non-Flooded,resnet18,False,False,1,tensorrt,tensorrt,tensorrt,17.96,17.96,54.33,55.67,9.76,22.83,32.589999999999996,1395.52,31.3,9.38,1395.52,31.3,10.14,25.5,44.56,1.03,71.1,0.0806,False,False
1780822809.4010868,youtube_cal_oes_flood_prep_274d74,youtube_cal_oes_flood_prep_274d74.mp4,128,50.0,640,480,combined,detect_combined,Non-Flooded,resnet18,False,False,1,tensorrt,tensorrt,tensorrt,21.72,21.72,44.8,46.04,5.78,19.73,25.51,1395.51,33.3,8.3,1395.51,33.3,10.14,25.5,44.56,1.03,71.1,0.0911,False,False
1780822809.4831905,youtube_cal_oes_flood_prep_274d74,youtube_cal_oes_flood_prep_274d74.mp4,129,50.0,640,480,combined,detect_combined,Non-Flooded,resnet18,False,False,1,tensorrt,tensorrt,tensorrt,21.88,21.88,44.64,45.7,7.67,17.3,24.97,1395.51,35.4,8.3,1395.51,35.4,10.14,25.5,44.56,1.03,71.1,0.123,False,False
1780822809.556509,youtube_cal_oes_flood_prep_274d74,youtube_cal_oes_flood_prep_274d74.mp4,130,50.0,640,480,combined,detect_combined,Non-Flooded,resnet18,False,False,1,tensorrt,tensorrt,tensorrt,26.27,26.27,37.15,38.07,5.38,9.78,15.16,1395.51,33.3,8.3,1395.51,33.3,10.14,25.5,44.56,1.03,71.1,0.0928,False,False
1780822809.6400108,youtube_cal_oes_flood_prep_274d74,youtube_cal_oes_flood_prep_274d74.mp4,131,50.0,640,480,combined,detect_combined,Non-Flooded,resnet18,False,False,1,tensorrt,tensorrt,tensorrt,19.45,19.45,50.27,51.41,5.17,15.97,21.14,1395.51,32.7,8.3,1395.51,32.7,10.14,25.5,44.56,1.03,71.1,0.1032,False,False
1780822809.7232141,youtube_cal_oes_flood_prep_274d74,youtube_cal_oes_flood_prep_274d74.mp4,132,50.0,640,480,combined,detect_combined,Non-Flooded,resnet18,False,False,1,tensorrt,tensorrt,tensorrt,20.56,20.56,46.69,48.64,5.96,16.32,22.28,1395.51,34.0,8.3,1395.51,34.0,10.14,25.5,44.56,1.03,71.1,0.1114,False,False
1780822809.7932198,youtube_cal_oes_flood_prep_274d74,youtube_cal_oes_flood_prep_274d74.mp4,133,50.0,640,480,combined,detect_combined,Non-Flooded,resnet18,False,False,1,tensorrt,tensorrt,tensorrt,25.87,25.87,37.76,38.65,4.34,10.18,14.52,1395.51,34.1,8.3,1395.51,34.1,10.14,25.5,44.56,1.03,71.1,0.1202,False,False
1780822809.8724556,youtube_cal_oes_flood_prep_274d74,youtube_cal_oes_flood_prep_274d74.mp4,134,50.0,640,480,combined,detect_combined,Non-Flooded,resnet18,False,False,1,tensorrt,tensorrt,tensorrt,20.41,20.41,47.7,49.0,5.25,13.97,19.22,1395.51,36.2,8.3,1395.51,36.2,10.14,25.5,44.56,1.03,71.1,0.0959,False,False
1780822809.9624982,youtube_cal_oes_flood_prep_274d74,youtube_cal_oes_flood_prep_274d74.mp4,135,50.0,640,480,combined,detect_combined,Non-Flooded,resnet18,False,False,1,tensorrt,tensorrt,tensorrt,19.07,19.07,51.03,52.45,7.62,16.05,23.67,1395.51,42.3,8.46,1395.51,42.3,10.14,25.5,44.56,1.03,71.1,0.0979,False,False
1780822810.0392125,youtube_cal_oes_flood_prep_274d74,youtube_cal_oes_flood_prep_274d74.mp4,136,50.0,640,480,combined,detect_combined,Non-Flooded,resnet18,False,False,1,tensorrt,tensorrt,tensorrt,20.22,20.22,47.38,49.45,5.33,10.99,16.32,1395.51,35.4,8.46,1395.51,35.4,10.14,25.5,44.56,1.03,71.1,0.0902,False,False
1780822810.1125546,youtube_cal_oes_flood_prep_274d74,youtube_cal_oes_flood_prep_274d74.mp4,137,50.0,640,480,combined,detect_combined,Non-Flooded,resnet18,False,False,1,tensorrt,tensorrt,tensorrt,25.4,25.4,38.11,39.38,4.89,14.62,19.509999999999998,1395.51,39.1,8.46,1395.51,39.1,10.14,25.5,44.56,1.03,71.1,0.0958,False,False
1780822810.188893,youtube_cal_oes_flood_prep_274d74,youtube_cal_oes_flood_prep_274d74.mp4,138,50.0,640,480,combined,detect_combined,Non-Flooded,resnet18,False,False,1,tensorrt,tensorrt,tensorrt,23.25,23.25,41.39,43.02,5.2,9.76,14.96,1395.51,34.8,8.46,1395.51,34.8,10.14,25.5,44.56,1.03,71.1,0.0963,False,False
1780822810.271193,youtube_cal_oes_flood_prep_274d74,youtube_cal_oes_flood_prep_274d74.mp4,139,50.0,640,480,combined,detect_combined,Non-Flooded,resnet18,False,False,1,tensorrt,tensorrt,tensorrt,20.93,20.93,46.6,47.79,6.04,11.82,17.86,1395.51,33.3,8.46,1395.51,33.3,10.14,25.5,44.56,1.03,71.1,0.079,False,False
1780822810.3532703,youtube_cal_oes_flood_prep_274d74,youtube_cal_oes_flood_prep_274d74.mp4,140,50.0,640,480,combined,detect_combined,Non-Flooded,resnet18,False,False,1,tensorrt,tensorrt,tensorrt,22.3,22.3,43.87,44.83,5.89,11.27,17.16,1395.51,38.3,8.46,1395.51,38.3,10.14,25.5,44.56,1.03,71.1,0.0641,False,False
1780822810.443894,youtube_cal_oes_flood_prep_274d74,youtube_cal_oes_flood_prep_274d74.mp4,141,50.0,640,480,combined,detect_combined,Non-Flooded,resnet18,False,False,1,tensorrt,tensorrt,tensorrt,18.65,18.65,52.32,53.62,5.99,15.95,21.939999999999998,1395.51,38.5,8.46,1395.51,38.5,10.14,25.5,44.56,1.03,71.1,0.0577,False,False
1780822810.527036,youtube_cal_oes_flood_prep_274d74,youtube_cal_oes_flood_prep_274d74.mp4,142,50.0,640,480,combined,detect_combined,Non-Flooded,resnet18,False,False,1,tensorrt,tensorrt,tensorrt,21.78,21.78,44.51,45.92,6.64,12.41,19.05,1395.51,47.8,8.46,1395.51,47.8,10.14,25.5,44.56,1.03,71.1,0.0475,False,False
1780822810.6142042,youtube_cal_oes_flood_prep_274d74,youtube_cal_oes_flood_prep_274d74.mp4,143,50.0,640,480,combined,detect_combined,Non-Flooded,resnet18,False,False,1,tensorrt,tensorrt,tensorrt,19.51,19.51,49.97,51.26,5.98,9.4,15.38,1395.51,43.7,8.46,1395.51,43.7,10.14,25.5,44.56,1.03,71.1,0.0464,False,False
1780822810.6935554,youtube_cal_oes_flood_prep_274d74,youtube_cal_oes_flood_prep_274d74.mp4,144,50.0,640,480,combined,detect_combined,Non-Flooded,resnet18,False,False,1,tensorrt,tensorrt,tensorrt,20.29,20.29,48.17,49.28,8.55,14.12,22.67,1395.51,45.7,8.46,1395.51,45.7,10.14,25.5,44.56,1.03,71.1,0.0499,False,False
1780822810.7692127,youtube_cal_oes_flood_prep_274d74,youtube_cal_oes_flood_prep_274d74.mp4,145,50.0,640,480,combined,detect_combined,Non-Flooded,resnet18,False,False,1,tensorrt,tensorrt,tensorrt,23.18,23.18,41.95,43.15,5.03,12.79,17.82,1395.5,44.4,8.46,1395.5,44.4,10.14,25.5,44.56,1.03,71.1,0.0403,False,False
1780822810.8510966,youtube_cal_oes_flood_prep_274d74,youtube_cal_oes_flood_prep_274d74.mp4,146,50.0,640,480,combined,detect_combined,Non-Flooded,resnet18,False,False,1,tensorrt,tensorrt,tensorrt,20.75,20.75,46.96,48.2,5.88,12.87,18.75,1395.5,44.9,8.46,1395.5,44.9,10.14,25.5,44.56,1.03,71.1,0.0414,False,False
1780822810.9387977,youtube_cal_oes_flood_prep_274d74,youtube_cal_oes_flood_prep_274d74.mp4,147,50.0,640,480,combined,detect_combined,Non-Flooded,resnet18,False,False,1,tensorrt,tensorrt,tensorrt,19.27,19.27,50.61,51.9,7.04,16.88,23.919999999999998,1395.5,38.0,8.46,1395.5,38.0,10.14,25.5,44.56,1.03,71.1,0.031,False,False
1780822811.025086,youtube_cal_oes_flood_prep_274d74,youtube_cal_oes_flood_prep_274d74.mp4,148,50.0,640,480,combined,detect_combined,Non-Flooded,resnet18,False,False,1,tensorrt,tensorrt,tensorrt,20.74,20.74,46.81,48.22,6.37,12.34,18.71,1395.5,39.2,8.46,1395.5,39.2,10.14,25.5,44.56,1.03,71.1,0.0234,False,False
1780822811.1202412,youtube_cal_oes_flood_prep_274d74,youtube_cal_oes_flood_prep_274d74.mp4,149,50.0,640,480,combined,detect_combined,Non-Flooded,resnet18,False,False,1,tensorrt,tensorrt,tensorrt,20.14,20.14,48.32,49.65,6.73,16.08,22.81,1395.5,46.6,8.46,1395.5,46.6,10.14,25.5,44.56,1.03,71.1,0.032,False,False
1780822811.2095678,youtube_cal_oes_flood_prep_274d74,youtube_cal_oes_flood_prep_274d74.mp4,150,50.0,640,480,combined,detect_combined,Non-Flooded,resnet18,False,False,1,tensorrt,tensorrt,tensorrt,19.87,19.87,48.83,50.32,8.43,14.97,23.4,1395.5,53.7,9.22,1395.5,53.7,10.14,25.5,44.56,1.03,71.1,0.0369,False,False
1780822811.3263755,youtube_cal_oes_flood_prep_274d74,youtube_cal_oes_flood_prep_274d74.mp4,151,50.0,640,480,combined,detect_combined,Non-Flooded,resnet18,False,False,1,tensorrt,tensorrt,tensorrt,12.72,12.72,77.32,78.61,6.53,32.61,39.14,1395.5,54.9,9.22,1395.5,54.9,10.14,25.5,44.56,1.03,71.1,0.0373,False,False
1780822811.4099205,youtube_cal_oes_flood_prep_274d74,youtube_cal_oes_flood_prep_274d74.mp4,152,50.0,640,480,combined,detect_combined,Non-Flooded,resnet18,False,False,1,tensorrt,tensorrt,tensorrt,24.96,24.96,38.72,40.06,10.5,9.67,20.17,1395.5,48.9,9.22,1395.5,48.9,10.14,25.5,44.56,1.03,71.1,0.05,False,False
1780822811.4866538,youtube_cal_oes_flood_prep_274d74,youtube_cal_oes_flood_prep_274d74.mp4,153,50.0,640,480,combined,detect_combined,Non-Flooded,resnet18,False,False,1,tensorrt,tensorrt,tensorrt,23.78,23.78,41.01,42.05,6.0,11.69,17.689999999999998,1395.5,31.1,9.22,1395.5,31.1,10.14,25.5,44.56,1.03,71.1,0.0533,False,False
1780822811.5681438,youtube_cal_oes_flood_prep_274d74,youtube_cal_oes_flood_prep_274d74.mp4,154,50.0,640,480,combined,detect_combined,Non-Flooded,resnet18,False,False,1,tensorrt,tensorrt,tensorrt,20.75,20.75,47.07,48.2,6.1,12.04,18.14,1395.5,38.0,9.22,1395.5,38.0,10.14,25.5,44.56,1.03,71.1,0.0435,False,False
1780822811.6451888,youtube_cal_oes_flood_prep_274d74,youtube_cal_oes_flood_prep_274d74.mp4,155,50.0,640,480,combined,detect_combined,Non-Flooded,resnet18,False,False,1,tensorrt,tensorrt,tensorrt,24.41,24.41,39.95,40.96,5.27,13.51,18.78,1395.5,34.8,9.22,1395.5,34.8,10.14,25.5,44.56,1.03,71.1,0.0502,False,False
1780822811.7192733,youtube_cal_oes_flood_prep_274d74,youtube_cal_oes_flood_prep_274d74.mp4,156,50.0,640,480,combined,detect_combined,Non-Flooded,resnet18,False,False,1,tensorrt,tensorrt,tensorrt,23.93,23.93,40.68,41.79,4.89,9.98,14.870000000000001,1395.5,31.8,9.07,1395.5,31.8,10.14,25.5,44.56,1.03,71.1,0.0517,False,False
1780822811.7935815,youtube_cal_oes_flood_prep_274d74,youtube_cal_oes_flood_prep_274d74.mp4,157,50.0,640,480,combined,detect_combined,Non-Flooded,resnet18,False,False,1,tensorrt,tensorrt,tensorrt,24.17,24.17,40.49,41.37,5.0,12.27,17.27,1395.5,37.0,9.07,1395.5,37.0,10.14,25.5,44.56,1.03,71.1,0.0365,False,False
1780822811.8655002,youtube_cal_oes_flood_prep_274d74,youtube_cal_oes_flood_prep_274d74.mp4,158,50.0,640,480,combined,detect_combined,Non-Flooded,resnet18,False,False,1,tensorrt,tensorrt,tensorrt,23.81,23.81,41.07,42.0,5.33,9.64,14.97,1395.5,29.3,9.07,1395.5,29.3,10.14,25.5,44.56,1.03,71.1,0.0444,False,False
1780822811.9382362,youtube_cal_oes_flood_prep_274d74,youtube_cal_oes_flood_prep_274d74.mp4,159,50.0,640,480,combined,detect_combined,Non-Flooded,resnet18,False,False,1,tensorrt,tensorrt,tensorrt,24.0,24.0,40.73,41.66,4.88,9.61,14.489999999999998,1395.49,29.3,9.07,1395.49,29.3,10.14,25.5,44.56,1.03,71.1,0.0399,False,False
1780822812.0158722,youtube_cal_oes_flood_prep_274d74,youtube_cal_oes_flood_prep_274d74.mp4,160,50.0,640,480,combined,detect_combined,Non-Flooded,resnet18,False,False,1,tensorrt,tensorrt,tensorrt,22.03,22.03,44.42,45.39,5.09,15.56,20.65,1395.49,34.8,9.07,1395.49,34.8,10.14,25.5,44.56,1.03,71.1,0.0446,False,False
1780822812.0878038,youtube_cal_oes_flood_prep_274d74,youtube_cal_oes_flood_prep_274d74.mp4,161,50.0,640,480,combined,detect_combined,Non-Flooded,resnet18,False,False,1,tensorrt,tensorrt,tensorrt,29.03,29.03,33.46,34.45,4.99,9.88,14.870000000000001,1395.49,35.7,9.07,1395.49,35.7,10.14,25.5,44.56,1.03,71.1,0.0529,False,False
1780822812.1670377,youtube_cal_oes_flood_prep_274d74,youtube_cal_oes_flood_prep_274d74.mp4,162,50.0,640,480,combined,detect_combined,Non-Flooded,resnet18,False,False,1,tensorrt,tensorrt,tensorrt,24.44,24.44,39.82,40.92,5.75,12.68,18.43,1395.49,28.9,9.07,1395.49,28.9,10.14,25.5,44.56,1.03,71.1,0.0396,False,False
1780822812.2547154,youtube_cal_oes_flood_prep_274d74,youtube_cal_oes_flood_prep_274d74.mp4,163,50.0,640,480,combined,detect_combined,Non-Flooded,resnet18,False,False,1,tensorrt,tensorrt,tensorrt,21.57,21.57,45.23,46.36,6.06,15.72,21.78,1395.49,38.2,9.07,1395.49,38.2,10.14,25.5,44.56,1.03,71.1,0.0641,False,False
1780822812.3422284,youtube_cal_oes_flood_prep_274d74,youtube_cal_oes_flood_prep_274d74.mp4,164,50.0,640,480,combined,detect_combined,Non-Flooded,resnet18,False,False,1,tensorrt,tensorrt,tensorrt,19.7,19.7,49.58,50.77,7.52,20.78,28.3,1395.49,38.5,8.46,1395.49,38.5,10.14,25.5,44.56,1.03,71.1,0.0695,False,False
1780822812.4170837,youtube_cal_oes_flood_prep_274d74,youtube_cal_oes_flood_prep_274d74.mp4,165,50.0,640,480,combined,detect_combined,Non-Flooded,resnet18,False,False,1,tensorrt,tensorrt,tensorrt,23.06,23.06,42.29,43.37,5.9,11.21,17.11,1395.49,34.9,8.46,1395.49,34.9,10.14,25.5,44.56,1.03,71.1,0.0674,False,False
1780822812.4804368,youtube_cal_oes_flood_prep_274d74,youtube_cal_oes_flood_prep_274d74.mp4,166,50.0,640,480,combined,detect_combined,Non-Flooded,resnet18,False,False,1,tensorrt,tensorrt,tensorrt,29.15,29.15,33.38,34.31,4.82,8.85,13.67,1395.49,41.0,8.46,1395.49,41.0,10.14,25.5,44.56,1.03,71.1,0.0962,False,False
1780822812.5620246,youtube_cal_oes_flood_prep_274d74,youtube_cal_oes_flood_prep_274d74.mp4,167,50.0,640,480,combined,detect_combined,Non-Flooded,resnet18,False,False,1,tensorrt,tensorrt,tensorrt,22.67,22.67,43.26,44.1,5.79,13.33,19.12,1395.49,32.7,8.46,1395.49,32.7,10.14,25.5,44.56,1.03,71.1,0.1058,False,False
1780822812.6324081,youtube_cal_oes_flood_prep_274d74,youtube_cal_oes_flood_prep_274d74.mp4,168,50.0,640,480,combined,detect_combined,Non-Flooded,resnet18,False,False,1,tensorrt,tensorrt,tensorrt,24.87,24.87,38.29,40.21,5.41,10.06,15.47,1395.49,33.3,8.46,1395.49,33.3,10.14,25.5,44.56,1.03,71.1,0.1,False,False
1780822812.7187052,youtube_cal_oes_flood_prep_274d74,youtube_cal_oes_flood_prep_274d74.mp4,169,50.0,640,480,combined,detect_combined,Non-Flooded,resnet18,False,False,1,tensorrt,tensorrt,tensorrt,19.34,19.34,50.83,51.71,6.06,17.32,23.38,1395.49,34.7,8.46,1395.49,34.7,10.14,25.5,44.56,1.03,71.1,0.1077,False,False
1780822812.7886324,youtube_cal_oes_flood_prep_274d74,youtube_cal_oes_flood_prep_274d74.mp4,170,50.0,640,480,combined,detect_combined,Non-Flooded,resnet18,False,False,1,tensorrt,tensorrt,tensorrt,26.43,26.43,36.64,37.83,4.37,9.98,14.350000000000001,1395.49,41.5,8.46,1395.49,41.5,10.14,25.5,44.56,1.03,71.1,0.0995,False,False
1780822812.8666797,youtube_cal_oes_flood_prep_274d74,youtube_cal_oes_flood_prep_274d74.mp4,171,50.0,640,480,combined,detect_combined,Non-Flooded,resnet18,False,False,1,tensorrt,tensorrt,tensorrt,23.39,23.39,41.8,42.75,5.93,11.96,17.89,1395.49,31.8,8.46,1395.49,31.8,10.14,25.5,44.56,1.03,71.1,0.0894,False,False
1780822812.9469528,youtube_cal_oes_flood_prep_274d74,youtube_cal_oes_flood_prep_274d74.mp4,172,50.0,640,480,combined,detect_combined,Non-Flooded,resnet18,False,False,1,tensorrt,tensorrt,tensorrt,20.58,20.58,47.22,48.59,5.52,16.98,22.5,1395.49,31.9,8.46,1395.49,31.9,10.14,25.5,44.56,1.03,71.1,0.0894,False,False
1780822813.0300543,youtube_cal_oes_flood_prep_274d74,youtube_cal_oes_flood_prep_274d74.mp4,173,50.0,640,480,combined,detect_combined,Non-Flooded,resnet18,False,False,1,tensorrt,tensorrt,tensorrt,20.41,20.41,48.11,48.99,5.26,13.87,19.13,1395.49,38.0,8.46,1395.49,38.0,10.14,25.5,44.56,1.03,71.1,0.089,False,False
1780822813.1033633,youtube_cal_oes_flood_prep_274d74,youtube_cal_oes_flood_prep_274d74.mp4,174,50.0,640,480,combined,detect_combined,Non-Flooded,resnet18,False,False,1,tensorrt,tensorrt,tensorrt,27.15,27.15,35.85,36.83,4.7,11.37,16.07,1395.49,38.1,8.46,1395.49,38.1,10.14,25.5,44.56,1.03,71.1,0.0966,False,False
1780822813.1814919,youtube_cal_oes_flood_prep_274d74,youtube_cal_oes_flood_prep_274d74.mp4,175,50.0,640,480,combined,detect_combined,Non-Flooded,resnet18,False,False,1,tensorrt,tensorrt,tensorrt,20.66,20.66,47.35,48.4,4.93,12.06,16.990000000000002,1395.49,43.7,8.46,1395.49,43.7,10.14,25.5,44.56,1.03,71.1,0.0922,False,False
1780822813.2652006,youtube_cal_oes_flood_prep_274d74,youtube_cal_oes_flood_prep_274d74.mp4,176,50.0,640,480,combined,detect_combined,Non-Flooded,resnet18,False,False,1,tensorrt,tensorrt,tensorrt,22.1,22.1,44.25,45.25,6.17,14.83,21.0,1395.49,39.6,8.46,1395.49,39.6,10.14,25.5,44.56,1.03,71.1,0.098,False,False
1780822813.337625,youtube_cal_oes_flood_prep_274d74,youtube_cal_oes_flood_prep_274d74.mp4,177,50.0,640,480,combined,detect_combined,Non-Flooded,resnet18,False,False,1,tensorrt,tensorrt,tensorrt,24.96,24.96,38.49,40.07,4.77,13.67,18.439999999999998,1395.49,45.2,8.46,1395.49,45.2,10.14,25.5,44.56,1.03,71.1,0.106,False,False
1780822813.4069178,youtube_cal_oes_flood_prep_274d74,youtube_cal_oes_flood_prep_274d74.mp4,178,50.0,640,480,combined,detect_combined,Non-Flooded,resnet18,False,False,1,tensorrt,tensorrt,tensorrt,23.78,23.78,40.9,42.04,5.02,11.49,16.509999999999998,1395.49,46.3,8.46,1395.49,46.3,10.14,25.5,44.56,1.03,71.1,0.086,False,False
1780822813.4996383,youtube_cal_oes_flood_prep_274d74,youtube_cal_oes_flood_prep_274d74.mp4,179,50.0,640,480,combined,detect_combined,Non-Flooded,resnet18,False,False,1,tensorrt,tensorrt,tensorrt,20.69,20.69,47.01,48.33,10.35,12.69,23.04,1395.49,45.5,9.07,1395.49,45.5,10.14,25.5,44.56,1.03,71.1,0.0904,False,False
1780822813.574426,youtube_cal_oes_flood_prep_274d74,youtube_cal_oes_flood_prep_274d74.mp4,180,50.0,640,480,combined,detect_combined,Non-Flooded,resnet18,False,False,1,tensorrt,tensorrt,tensorrt,24.3,24.3,39.94,41.16,5.8,12.42,18.22,1395.49,47.7,9.07,1395.49,47.7,10.14,25.5,44.56,1.03,71.1,0.0585,False,False
1780822813.665835,youtube_cal_oes_flood_prep_274d74,youtube_cal_oes_flood_prep_274d74.mp4,181,50.0,640,480,combined,detect_combined,Non-Flooded,resnet18,False,False,1,tensorrt,tensorrt,tensorrt,18.97,18.97,51.44,52.71,5.8,15.03,20.83,1395.49,45.5,9.07,1395.49,45.5,10.14,25.5,44.56,1.03,71.1,0.0558,False,False
1780822813.7526865,youtube_cal_oes_flood_prep_274d74,youtube_cal_oes_flood_prep_274d74.mp4,182,50.0,640,480,combined,detect_combined,Non-Flooded,resnet18,False,False,1,tensorrt,tensorrt,tensorrt,20.21,20.21,48.17,49.48,7.92,14.15,22.07,1395.49,42.3,9.07,1395.49,42.3,10.14,25.5,44.56,1.03,71.1,0.0491,False,False
1780822813.8528595,youtube_cal_oes_flood_prep_274d74,youtube_cal_oes_flood_prep_274d74.mp4,183,50.0,640,480,combined,detect_combined,Non-Flooded,resnet18,False,False,1,tensorrt,tensorrt,tensorrt,19.49,19.49,50.14,51.31,7.72,17.53,25.25,1396.37,39.2,9.07,1396.37,39.2,10.14,25.5,44.56,1.03,71.1,0.0545,False,False
1780822813.9093168,youtube_cal_oes_flood_prep_274d74,youtube_cal_oes_flood_prep_274d74.mp4,184,50.0,640,480,combined,detect_combined,Non-Flooded,resnet18,False,False,1,tensorrt,tensorrt,tensorrt,29.66,29.66,32.91,33.72,4.65,8.76,13.41,1396.37,34.4,9.07,1396.37,34.4,10.14,25.5,44.56,1.03,71.1,0.0538,False,False
1780822813.9805455,youtube_cal_oes_flood_prep_274d74,youtube_cal_oes_flood_prep_274d74.mp4,185,50.0,640,480,combined,detect_combined,Non-Flooded,resnet18,False,False,1,tensorrt,tensorrt,tensorrt,22.88,22.88,42.64,43.7,6.6,9.63,16.23,1396.37,41.9,9.07,1396.37,41.9,10.14,25.5,44.56,1.03,71.1,0.0813,False,False
1780822814.052711,youtube_cal_oes_flood_prep_274d74,youtube_cal_oes_flood_prep_274d74.mp4,186,50.0,640,480,combined,detect_combined,Non-Flooded,resnet18,False,False,1,tensorrt,tensorrt,tensorrt,24.81,24.81,39.21,40.31,5.26,10.22,15.48,1396.37,33.3,9.38,1396.37,33.3,10.14,25.5,44.56,1.03,71.1,0.0922,False,False
1780822814.1304967,youtube_cal_oes_flood_prep_274d74,youtube_cal_oes_flood_prep_274d74.mp4,187,50.0,640,480,combined,detect_combined,Non-Flooded,resnet18,False,False,1,tensorrt,tensorrt,tensorrt,23.87,23.87,40.72,41.9,5.36,11.22,16.580000000000002,1396.37,34.1,9.38,1396.37,34.1,10.14,25.5,44.56,1.03,71.1,0.0924,False,False
1780822814.2126434,youtube_cal_oes_flood_prep_274d74,youtube_cal_oes_flood_prep_274d74.mp4,188,50.0,640,480,combined,detect_combined,Non-Flooded,resnet18,False,False,1,tensorrt,tensorrt,tensorrt,22.25,22.25,43.65,44.95,6.12,11.6,17.72,1396.36,39.6,9.38,1396.36,39.6,10.14,25.5,44.56,1.03,71.1,0.0919,False,False
1780822814.297304,youtube_cal_oes_flood_prep_274d74,youtube_cal_oes_flood_prep_274d74.mp4,189,50.0,640,480,combined,detect_combined,Non-Flooded,resnet18,False,False,1,tensorrt,tensorrt,tensorrt,21.03,21.03,46.15,47.55,6.44,12.09,18.53,1396.36,31.9,9.38,1396.36,31.9,10.14,25.5,44.56,1.03,71.1,0.068,False,False
1780822814.4013433,youtube_cal_oes_flood_prep_274d74,youtube_cal_oes_flood_prep_274d74.mp4,190,50.0,640,480,combined,detect_combined,Non-Flooded,resnet18,False,False,1,tensorrt,tensorrt,tensorrt,18.29,18.29,53.26,54.68,6.71,19.04,25.75,1396.36,36.1,9.38,1396.36,36.1,10.14,25.5,44.56,1.03,71.1,0.0647,False,False
1780822814.5027099,youtube_cal_oes_flood_prep_274d74,youtube_cal_oes_flood_prep_274d74.mp4,191,50.0,640,480,combined,detect_combined,Non-Flooded,resnet18,False,False,1,tensorrt,tensorrt,tensorrt,20.33,20.33,47.43,49.18,9.39,23.96,33.35,1396.36,33.9,9.38,1396.36,33.9,10.14,25.5,44.56,1.03,71.1,0.06,False,False
1780822814.5964046,youtube_cal_oes_flood_prep_274d74,youtube_cal_oes_flood_prep_274d74.mp4,192,50.0,640,480,combined,detect_combined,Non-Flooded,resnet18,False,False,1,tensorrt,tensorrt,tensorrt,19.26,19.26,50.99,51.91,6.06,16.29,22.349999999999998,1396.36,33.3,9.38,1396.36,33.3,10.14,25.5,44.56,1.03,71.1,0.0804,False,False
1780822814.6828098,youtube_cal_oes_flood_prep_274d74,youtube_cal_oes_flood_prep_274d74.mp4,193,50.0,640,480,combined,detect_combined,Non-Flooded,resnet18,False,False,1,tensorrt,tensorrt,tensorrt,22.97,22.97,42.38,43.53,5.22,12.52,17.74,1396.36,37.7,8.15,1396.36,37.7,10.14,25.5,44.56,1.03,71.1,0.0686,False,False
1780822814.7753096,youtube_cal_oes_flood_prep_274d74,youtube_cal_oes_flood_prep_274d74.mp4,194,50.0,640,480,combined,detect_combined,Non-Flooded,resnet18,False,False,1,tensorrt,tensorrt,tensorrt,19.36,19.36,49.32,51.66,5.94,19.93,25.87,1396.36,46.2,8.15,1396.36,46.2,10.14,25.5,44.56,1.03,71.1,0.0812,False,False
1780822814.8617997,youtube_cal_oes_flood_prep_274d74,youtube_cal_oes_flood_prep_274d74.mp4,195,50.0,640,480,combined,detect_combined,Non-Flooded,resnet18,False,False,1,tensorrt,tensorrt,tensorrt,19.77,19.77,49.53,50.57,5.83,17.06,22.89,1396.36,51.0,8.15,1396.36,51.0,10.14,25.5,44.56,1.03,71.1,0.0442,False,False
1780822814.9196024,youtube_cal_oes_flood_prep_274d74,youtube_cal_oes_flood_prep_274d74.mp4,196,50.0,640,480,combined,detect_combined,Non-Flooded,resnet18,False,False,1,tensorrt,tensorrt,tensorrt,30.39,30.39,31.66,32.9,4.2,7.63,11.83,1396.36,58.8,8.15,1396.36,58.8,10.14,25.5,44.56,1.03,71.1,0.0835,False,False
1780822814.9826553,youtube_cal_oes_flood_prep_274d74,youtube_cal_oes_flood_prep_274d74.mp4,197,50.0,640,480,combined,detect_combined,Non-Flooded,resnet18,False,False,1,tensorrt,tensorrt,tensorrt,26.3,26.3,37.19,38.02,5.29,14.56,19.85,1396.36,42.9,8.15,1396.36,42.9,10.14,25.5,44.56,1.03,71.1,0.07,False,False
1780822815.0506618,youtube_cal_oes_flood_prep_274d74,youtube_cal_oes_flood_prep_274d74.mp4,198,50.0,640,480,combined,detect_combined,Non-Flooded,resnet18,False,False,1,tensorrt,tensorrt,tensorrt,23.09,23.09,42.46,43.31,5.11,10.76,15.870000000000001,1396.36,34.1,8.15,1396.36,34.1,10.14,25.5,44.56,1.03,71.1,0.0567,False,False
1780822815.1210463,youtube_cal_oes_flood_prep_274d74,youtube_cal_oes_flood_prep_274d74.mp4,199,50.0,640,480,combined,detect_combined,Non-Flooded,resnet18,False,False,1,tensorrt,tensorrt,tensorrt,23.35,23.35,42.01,42.83,5.44,10.86,16.3,1396.36,39.5,8.15,1396.36,39.5,10.14,25.5,44.56,1.03,71.1,0.0471,False,False
1780822815.1920016,youtube_cal_oes_flood_prep_274d74,youtube_cal_oes_flood_prep_274d74.mp4,200,50.0,640,480,combined,detect_combined,Non-Flooded,resnet18,False,False,1,tensorrt,tensorrt,tensorrt,22.58,22.58,43.11,44.28,6.05,10.19,16.24,1396.36,35.7,8.15,1396.36,35.7,10.14,25.5,44.56,1.03,71.1,0.0472,False,False
1780822815.2805836,youtube_cal_oes_flood_prep_274d74,youtube_cal_oes_flood_prep_274d74.mp4,201,50.0,640,480,combined,detect_combined,Non-Flooded,resnet18,False,False,1,tensorrt,tensorrt,tensorrt,19.2,19.2,51.15,52.08,5.83,19.69,25.520000000000003,1396.36,40.0,8.61,1396.36,40.0,10.14,25.5,44.56,1.03,71.1,0.0421,False,False
1780822815.3550968,youtube_cal_oes_flood_prep_274d74,youtube_cal_oes_flood_prep_274d74.mp4,202,50.0,640,480,combined,detect_combined,Non-Flooded,resnet18,False,False,1,tensorrt,tensorrt,tensorrt,23.66,23.66,41.08,42.27,6.2,11.71,17.91,1396.36,32.6,8.61,1396.36,32.6,10.14,25.5,44.56,1.03,71.1,0.0513,False,False
1780822815.4482503,youtube_cal_oes_flood_prep_274d74,youtube_cal_oes_flood_prep_274d74.mp4,203,50.0,640,480,combined,detect_combined,Non-Flooded,resnet18,False,False,1,tensorrt,tensorrt,tensorrt,20.75,20.75,46.85,48.19,6.96,17.34,24.3,1396.36,36.2,8.61,1396.36,36.2,10.14,25.5,44.56,1.03,71.1,0.0505,False,False
1780822815.5475838,youtube_cal_oes_flood_prep_274d74,youtube_cal_oes_flood_prep_274d74.mp4,204,50.0,640,480,combined,detect_combined,Non-Flooded,resnet18,False,False,1,tensorrt,tensorrt,tensorrt,19.68,19.68,49.88,50.81,6.77,20.16,26.93,1396.36,33.3,8.61,1396.36,33.3,10.14,25.5,44.56,1.03,71.1,0.0439,False,False
1780822815.6337316,youtube_cal_oes_flood_prep_274d74,youtube_cal_oes_flood_prep_274d74.mp4,205,50.0,640,480,combined,detect_combined,Non-Flooded,resnet18,False,False,1,tensorrt,tensorrt,tensorrt,22.45,22.45,43.33,44.54,5.47,16.42,21.89,1396.36,32.7,8.61,1396.36,32.7,10.14,25.5,44.56,1.03,71.1,0.0392,False,False
1780822815.7249787,youtube_cal_oes_flood_prep_274d74,youtube_cal_oes_flood_prep_274d74.mp4,206,50.0,640,480,combined,detect_combined,Non-Flooded,resnet18,False,False,1,tensorrt,tensorrt,tensorrt,18.34,18.34,53.52,54.52,5.77,17.28,23.05,1396.36,32.1,8.61,1396.36,32.1,10.14,25.5,44.56,1.03,71.1,0.0346,False,False
1780822815.813952,youtube_cal_oes_flood_prep_274d74,youtube_cal_oes_flood_prep_274d74.mp4,207,50.0,640,480,combined,detect_combined,Non-Flooded,resnet18,False,False,1,tensorrt,tensorrt,tensorrt,21.83,21.83,44.68,45.81,5.91,20.3,26.21,1396.36,34.6,8.0,1396.36,34.6,10.14,25.5,44.56,1.03,71.1,0.0289,False,False
1780822815.9012306,youtube_cal_oes_flood_prep_274d74,youtube_cal_oes_flood_prep_274d74.mp4,208,50.0,640,480,combined,detect_combined,Non-Flooded,resnet18,False,False,1,tensorrt,tensorrt,tensorrt,20.8,20.8,46.86,48.07,5.23,16.6,21.830000000000002,1396.36,37.7,8.0,1396.36,37.7,10.14,25.5,44.56,1.03,71.1,0.0341,False,False
1780822815.9924936,youtube_cal_oes_flood_prep_274d74,youtube_cal_oes_flood_prep_274d74.mp4,209,50.0,640,480,combined,detect_combined,Non-Flooded,resnet18,False,False,1,tensorrt,tensorrt,tensorrt,19.75,19.75,49.35,50.63,6.93,17.89,24.82,1396.36,39.3,8.0,1396.36,39.3,10.14,25.5,44.56,1.03,71.1,0.0287,False,False
1780822816.0979586,youtube_cal_oes_flood_prep_274d74,youtube_cal_oes_flood_prep_274d74.mp4,210,50.0,640,480,combined,detect_combined,Non-Flooded,resnet18,False,False,1,tensorrt,tensorrt,tensorrt,17.32,17.32,56.43,57.75,6.24,20.12,26.36,1396.36,37.5,8.0,1396.36,37.5,10.14,25.5,44.56,1.03,71.1,0.0162,False,False
1780822816.1976461,youtube_cal_oes_flood_prep_274d74,youtube_cal_oes_flood_prep_274d74.mp4,211,50.0,640,480,combined,detect_combined,Non-Flooded,resnet18,False,False,1,tensorrt,tensorrt,tensorrt,18.79,18.79,51.89,53.23,8.47,20.08,28.549999999999997,1396.36,33.3,8.0,1396.36,33.3,10.14,25.5,44.56,1.03,71.1,0.0167,False,False
1780822816.3308327,youtube_cal_oes_flood_prep_274d74,youtube_cal_oes_flood_prep_274d74.mp4,212,50.0,640,480,combined,detect_combined,Non-Flooded,resnet18,False,False,1,tensorrt,tensorrt,tensorrt,12.6,12.6,77.41,79.38,9.03,30.78,39.81,1396.36,39.7,8.0,1396.36,39.7,10.14,25.5,44.56,1.03,71.1,0.024,False,False
1780822816.4144301,youtube_cal_oes_flood_prep_274d74,youtube_cal_oes_flood_prep_274d74.mp4,213,50.0,640,480,combined,detect_combined,Non-Flooded,resnet18,False,False,1,tensorrt,tensorrt,tensorrt,22.37,22.37,43.58,44.7,5.79,16.47,22.259999999999998,1396.36,49.0,8.3,1396.36,49.0,10.14,25.5,44.56,1.03,71.1,0.0264,False,False
1780822816.4895892,youtube_cal_oes_flood_prep_274d74,youtube_cal_oes_flood_prep_274d74.mp4,214,50.0,640,480,combined,detect_combined,Non-Flooded,resnet18,False,False,1,tensorrt,tensorrt,tensorrt,23.51,23.51,41.38,42.53,5.98,11.93,17.91,1396.36,37.2,8.3,1396.36,37.2,10.14,25.5,44.56,1.03,71.1,0.0196,False,False
1780822816.5629706,youtube_cal_oes_flood_prep_274d74,youtube_cal_oes_flood_prep_274d74.mp4,215,50.0,640,480,combined,detect_combined,Non-Flooded,resnet18,False,False,1,tensorrt,tensorrt,tensorrt,23.01,23.01,40.6,43.46,5.2,9.93,15.129999999999999,1396.36,44.4,8.3,1396.36,44.4,10.14,25.5,44.56,1.03,71.1,0.0378,False,False
1780822816.6422284,youtube_cal_oes_flood_prep_274d74,youtube_cal_oes_flood_prep_274d74.mp4,216,50.0,640,480,combined,detect_combined,Non-Flooded,resnet18,False,False,1,tensorrt,tensorrt,tensorrt,20.87,20.87,45.96,47.91,5.0,9.96,14.96,1396.36,36.2,8.3,1396.36,36.2,10.14,25.5,44.56,1.03,71.1,0.0452,False,False
1780822816.7180548,youtube_cal_oes_flood_prep_274d74,youtube_cal_oes_flood_prep_274d74.mp4,217,50.0,640,480,combined,detect_combined,Non-Flooded,resnet18,False,False,1,tensorrt,tensorrt,tensorrt,23.57,23.57,41.3,42.43,4.93,9.48,14.41,1396.36,33.3,8.3,1396.36,33.3,10.14,25.5,44.56,1.03,71.1,0.0384,False,False
1780822816.8044212,youtube_cal_oes_flood_prep_274d74,youtube_cal_oes_flood_prep_274d74.mp4,218,50.0,640,480,combined,detect_combined,Non-Flooded,resnet18,False,False,1,tensorrt,tensorrt,tensorrt,20.54,20.54,47.48,48.69,5.68,11.57,17.25,1396.35,29.2,8.3,1396.35,29.2,10.14,25.5,44.56,1.03,71.1,0.0258,False,False
1780822816.9013386,youtube_cal_oes_flood_prep_274d74,youtube_cal_oes_flood_prep_274d74.mp4,219,50.0,640,480,combined,detect_combined,Non-Flooded,resnet18,False,False,1,tensorrt,tensorrt,tensorrt,20.53,20.53,47.36,48.71,6.71,21.62,28.330000000000002,1396.35,31.6,8.3,1396.35,31.6,10.14,25.5,44.56,1.03,71.1,0.032,False,False
1780822817.0065815,youtube_cal_oes_flood_prep_274d74,youtube_cal_oes_flood_prep_274d74.mp4,220,50.0,640,480,combined,detect_combined,Non-Flooded,resnet18,False,False,1,tensorrt,tensorrt,tensorrt,19.79,19.79,49.25,50.54,8.97,18.85,27.82,1396.35,33.3,8.15,1396.35,33.3,10.14,25.5,44.56,1.03,71.1,0.0454,False,False
1780822817.1084237,youtube_cal_oes_flood_prep_274d74,youtube_cal_oes_flood_prep_274d74.mp4,221,50.0,640,480,combined,detect_combined,Non-Flooded,resnet18,False,False,1,tensorrt,tensorrt,tensorrt,17.46,17.46,55.96,57.27,6.86,19.73,26.59,1396.35,29.8,8.15,1396.35,29.8,10.14,25.5,44.56,1.03,71.1,0.0464,False,False
1780822817.1804805,youtube_cal_oes_flood_prep_274d74,youtube_cal_oes_flood_prep_274d74.mp4,222,50.0,640,480,combined,detect_combined,Non-Flooded,resnet18,False,False,1,tensorrt,tensorrt,tensorrt,28.59,28.59,33.77,34.98,6.13,12.82,18.95,1396.35,31.7,8.15,1396.35,31.7,10.14,25.5,44.56,1.03,71.1,0.0438,False,False
1780822817.2541478,youtube_cal_oes_flood_prep_274d74,youtube_cal_oes_flood_prep_274d74.mp4,223,50.0,640,480,combined,detect_combined,Non-Flooded,resnet18,False,False,1,tensorrt,tensorrt,tensorrt,22.85,22.85,42.82,43.77,7.48,12.12,19.6,1396.35,33.3,8.15,1396.35,33.3,10.14,25.5,44.56,1.03,71.1,0.0573,False,False
1780822817.3395615,youtube_cal_oes_flood_prep_274d74,youtube_cal_oes_flood_prep_274d74.mp4,224,50.0,640,480,combined,detect_combined,Non-Flooded,resnet18,False,False,1,tensorrt,tensorrt,tensorrt,18.17,18.17,53.92,55.03,5.09,18.2,23.29,1396.35,36.0,8.15,1396.35,36.0,10.14,25.5,44.56,1.03,71.1,0.0808,False,False
1780822817.41271,youtube_cal_oes_flood_prep_274d74,youtube_cal_oes_flood_prep_274d74.mp4,225,50.0,640,480,combined,detect_combined,Non-Flooded,resnet18,False,False,1,tensorrt,tensorrt,tensorrt,26.48,26.48,36.79,37.77,4.43,10.85,15.28,1396.35,51.1,8.15,1396.35,51.1,10.14,25.5,44.56,1.03,71.1,0.0832,False,False
1780822817.4877093,youtube_cal_oes_flood_prep_274d74,youtube_cal_oes_flood_prep_274d74.mp4,226,50.0,640,480,combined,detect_combined,Non-Flooded,resnet18,False,False,1,tensorrt,tensorrt,tensorrt,20.24,20.24,48.43,49.41,4.76,11.61,16.369999999999997,1396.35,40.5,8.15,1396.35,40.5,10.14,25.5,44.56,1.03,71.1,0.1016,False,False
1780822817.564044,youtube_cal_oes_flood_prep_274d74,youtube_cal_oes_flood_prep_274d74.mp4,227,50.0,640,480,combined,detect_combined,Non-Flooded,resnet18,False,False,1,tensorrt,tensorrt,tensorrt,22.87,22.87,42.87,43.73,4.5,13.19,17.689999999999998,1396.35,40.9,8.76,1396.35,40.9,10.14,25.5,44.56,1.03,71.1,0.0733,False,False
1780822817.6131768,youtube_cal_oes_flood_prep_274d74,youtube_cal_oes_flood_prep_274d74.mp4,228,50.0,640,480,combined,detect_combined,Non-Flooded,resnet18,False,False,1,tensorrt,tensorrt,tensorrt,38.6,38.6,24.89,25.91,3.95,7.23,11.18,1396.35,30.8,8.76,1396.35,30.8,10.14,25.5,44.56,1.03,71.1,0.1002,False,False
1780822817.6791708,youtube_cal_oes_flood_prep_274d74,youtube_cal_oes_flood_prep_274d74.mp4,229,50.0,640,480,combined,detect_combined,Non-Flooded,resnet18,False,False,1,tensorrt,tensorrt,tensorrt,26.62,26.62,36.61,37.57,6.03,12.02,18.05,1396.35,35.9,8.76,1396.35,35.9,10.14,25.5,44.56,1.03,71.1,0.1009,False,False
1780822817.7504783,youtube_cal_oes_flood_prep_274d74,youtube_cal_oes_flood_prep_274d74.mp4,230,50.0,640,480,combined,detect_combined,Non-Flooded,resnet18,False,False,1,tensorrt,tensorrt,tensorrt,22.7,22.7,42.69,44.06,5.3,10.2,15.5,1396.34,34.9,8.76,1396.34,34.9,10.14,25.5,44.56,1.03,71.1,0.1027,False,False
1780822817.8296323,youtube_cal_oes_flood_prep_274d74,youtube_cal_oes_flood_prep_274d74.mp4,231,50.0,640,480,combined,detect_combined,Non-Flooded,resnet18,False,False,1,tensorrt,tensorrt,tensorrt,22.11,22.11,44.08,45.23,5.19,16.56,21.75,1396.34,33.3,8.76,1396.34,33.3,10.14,25.5,44.56,1.03,71.1,0.1005,False,False
1780822817.8987305,youtube_cal_oes_flood_prep_274d74,youtube_cal_oes_flood_prep_274d74.mp4,232,50.0,640,480,combined,detect_combined,Non-Flooded,resnet18,False,False,1,tensorrt,tensorrt,tensorrt,28.53,28.53,34.1,35.05,4.65,9.3,13.950000000000001,1396.34,35.0,8.76,1396.34,35.0,10.14,25.5,44.56,1.03,71.1,0.1086,False,False
1780822817.9742436,youtube_cal_oes_flood_prep_274d74,youtube_cal_oes_flood_prep_274d74.mp4,233,50.0,640,480,combined,detect_combined,Non-Flooded,resnet18,False,False,1,tensorrt,tensorrt,tensorrt,23.46,23.46,41.22,42.62,5.29,11.13,16.42,1396.34,34.9,8.76,1396.34,34.9,10.14,25.5,44.56,1.03,71.1,0.0885,False,False
1780822818.048743,youtube_cal_oes_flood_prep_274d74,youtube_cal_oes_flood_prep_274d74.mp4,234,50.0,640,480,combined,detect_combined,Non-Flooded,resnet18,False,False,1,tensorrt,tensorrt,tensorrt,22.81,22.81,42.81,43.84,4.68,15.21,19.89,1396.34,38.3,8.76,1396.34,38.3,10.14,25.5,44.56,1.03,71.1,0.0839,False,False
1780822818.125311,youtube_cal_oes_flood_prep_274d74,youtube_cal_oes_flood_prep_274d74.mp4,235,50.0,640,480,combined,detect_combined,Non-Flooded,resnet18,False,False,1,tensorrt,tensorrt,tensorrt,21.9,21.9,44.2,45.66,8.01,13.58,21.59,1396.34,39.5,8.61,1396.34,39.5,10.14,25.5,44.56,1.03,71.1,0.0892,False,False
1780822818.1999624,youtube_cal_oes_flood_prep_274d74,youtube_cal_oes_flood_prep_274d74.mp4,236,50.0,640,480,combined,detect_combined,Non-Flooded,resnet18,False,False,1,tensorrt,tensorrt,tensorrt,23.68,23.68,41.16,42.23,5.85,9.22,15.07,1396.34,44.4,8.61,1396.34,44.4,10.14,25.5,44.56,1.03,71.1,0.122,False,False
1780822818.2786345,youtube_cal_oes_flood_prep_274d74,youtube_cal_oes_flood_prep_274d74.mp4,237,50.0,640,480,combined,detect_combined,Non-Flooded,resnet18,False,False,1,tensorrt,tensorrt,tensorrt,22.83,22.83,42.83,43.81,5.5,13.18,18.68,1396.34,45.7,8.61,1396.34,45.7,10.14,25.5,44.56,1.03,71.1,0.1271,False,False
1780822818.352476,youtube_cal_oes_flood_prep_274d74,youtube_cal_oes_flood_prep_274d74.mp4,238,50.0,640,480,combined,detect_combined,Non-Flooded,resnet18,False,False,1,tensorrt,tensorrt,tensorrt,23.26,23.26,41.9,43.0,5.65,10.69,16.34,1396.34,30.2,8.61,1396.34,30.2,10.14,25.5,44.56,1.03,71.1,0.1196,False,False
1780822818.4232788,youtube_cal_oes_flood_prep_274d74,youtube_cal_oes_flood_prep_274d74.mp4,239,50.0,640,480,combined,detect_combined,Non-Flooded,resnet18,False,False,1,tensorrt,tensorrt,tensorrt,26.52,26.52,36.62,37.71,5.1,12.36,17.46,1396.34,32.5,8.61,1396.34,32.5,10.14,25.5,44.56,1.03,71.1,0.1187,False,False
1780822818.5063934,youtube_cal_oes_flood_prep_274d74,youtube_cal_oes_flood_prep_274d74.mp4,240,50.0,640,480,combined,detect_combined,Non-Flooded,resnet18,False,False,1,tensorrt,tensorrt,tensorrt,23.6,23.6,41.41,42.37,6.31,12.69,19.0,1396.34,35.4,8.61,1396.34,35.4,10.14,25.5,44.56,1.03,71.1,0.123,False,False
1780822818.5834541,youtube_cal_oes_flood_prep_274d74,youtube_cal_oes_flood_prep_274d74.mp4,241,50.0,640,480,combined,detect_combined,Non-Flooded,resnet18,False,False,1,tensorrt,tensorrt,tensorrt,21.65,21.65,45.17,46.2,5.74,10.43,16.17,1396.34,34.8,8.61,1396.34,34.8,10.14,25.5,44.56,1.03,71.1,0.12,False,False
1780822818.6604145,youtube_cal_oes_flood_prep_274d74,youtube_cal_oes_flood_prep_274d74.mp4,242,50.0,640,480,combined,detect_combined,Non-Flooded,resnet18,False,False,1,tensorrt,tensorrt,tensorrt,22.87,22.87,42.67,43.72,5.05,12.33,17.38,1396.34,35.4,8.61,1396.34,35.4,10.14,25.5,44.56,1.03,71.1,0.114,False,False
1780822818.7355123,youtube_cal_oes_flood_prep_274d74,youtube_cal_oes_flood_prep_274d74.mp4,243,50.0,640,480,combined,detect_combined,Non-Flooded,resnet18,False,False,1,tensorrt,tensorrt,tensorrt,23.94,23.94,40.73,41.77,5.0,9.78,14.78,1396.34,34.9,8.46,1396.34,34.9,10.14,25.5,44.56,1.03,71.1,0.1029,False,False
1780822818.8290243,youtube_cal_oes_flood_prep_274d74,youtube_cal_oes_flood_prep_274d74.mp4,244,50.0,640,480,combined,detect_combined,Non-Flooded,resnet18,False,False,1,tensorrt,tensorrt,tensorrt,18.44,18.44,53.29,54.24,9.38,16.23,25.61,1398.25,37.2,8.46,1398.25,37.2,10.14,25.5,44.56,1.03,71.1,0.1124,False,False
1780822818.9042895,youtube_cal_oes_flood_prep_274d74,youtube_cal_oes_flood_prep_274d74.mp4,245,50.0,640,480,combined,detect_combined,Non-Flooded,resnet18,False,False,1,tensorrt,tensorrt,tensorrt,30.87,30.87,31.53,32.39,5.08,11.0,16.08,1398.25,50.0,8.46,1398.25,50.0,10.14,25.5,44.56,1.03,71.1,0.1193,False,False
1780822818.9749868,youtube_cal_oes_flood_prep_274d74,youtube_cal_oes_flood_prep_274d74.mp4,246,50.0,640,480,combined,detect_combined,Non-Flooded,resnet18,False,False,1,tensorrt,tensorrt,tensorrt,23.83,23.83,41.04,41.97,5.39,10.38,15.77,1398.25,32.5,8.46,1398.25,32.5,10.14,25.5,44.56,1.03,71.1,0.1099,False,False
1780822819.0484998,youtube_cal_oes_flood_prep_274d74,youtube_cal_oes_flood_prep_274d74.mp4,247,50.0,640,480,combined,detect_combined,Non-Flooded,resnet18,False,False,1,tensorrt,tensorrt,tensorrt,22.28,22.28,42.6,44.89,5.47,10.65,16.12,1398.25,32.6,8.46,1398.25,32.6,10.14,25.5,44.56,1.03,71.1,0.0982,False,False
1780822819.1124551,youtube_cal_oes_flood_prep_274d74,youtube_cal_oes_flood_prep_274d74.mp4,248,50.0,640,480,combined,detect_combined,Non-Flooded,resnet18,False,False,1,tensorrt,tensorrt,tensorrt,25.8,25.8,37.79,38.76,5.33,9.84,15.17,1398.25,38.5,8.46,1398.25,38.5,10.14,25.5,44.56,1.03,71.1,0.1061,False,False
1780822819.1806087,youtube_cal_oes_flood_prep_274d74,youtube_cal_oes_flood_prep_274d74.mp4,249,50.0,640,480,combined,detect_combined,Non-Flooded,resnet18,False,False,1,tensorrt,tensorrt,tensorrt,24.68,24.68,39.52,40.52,5.3,9.99,15.29,1398.25,33.3,8.46,1398.25,33.3,10.14,25.5,44.56,1.03,71.1,0.1065,False,False
1780822819.252651,youtube_cal_oes_flood_prep_274d74,youtube_cal_oes_flood_prep_274d74.mp4,250,50.0,640,480,combined,detect_combined,Non-Flooded,resnet18,False,False,1,tensorrt,tensorrt,tensorrt,23.09,23.09,41.99,43.32,5.43,10.21,15.64,1398.25,35.0,8.46,1398.25,35.0,10.14,25.5,44.56,1.03,71.1,0.0865,False,False
1780822819.3185592,youtube_cal_oes_flood_prep_274d74,youtube_cal_oes_flood_prep_274d74.mp4,251,50.0,640,480,combined,detect_combined,Non-Flooded,resnet18,False,False,1,tensorrt,tensorrt,tensorrt,27.64,27.64,35.22,36.18,4.6,10.14,14.74,1398.25,52.6,8.61,1398.25,52.6,10.14,25.5,44.56,1.03,71.1,0.0552,False,False
1780822819.4000075,youtube_cal_oes_flood_prep_274d74,youtube_cal_oes_flood_prep_274d74.mp4,252,50.0,640,480,combined,detect_combined,Non-Flooded,resnet18,False,False,1,tensorrt,tensorrt,tensorrt,20.32,20.32,48.13,49.21,6.01,14.4,20.41,1398.25,48.1,8.61,1398.25,48.1,10.14,25.5,44.56,1.03,71.1,0.0472,False,False
1780822819.4751651,youtube_cal_oes_flood_prep_274d74,youtube_cal_oes_flood_prep_274d74.mp4,253,50.0,640,480,combined,detect_combined,Non-Flooded,resnet18,False,False,1,tensorrt,tensorrt,tensorrt,25.22,25.22,38.49,39.65,5.06,10.35,15.41,1398.25,46.2,8.61,1398.25,46.2,10.14,25.5,44.56,1.03,71.1,0.0747,False,False
1780822819.564472,youtube_cal_oes_flood_prep_274d74,youtube_cal_oes_flood_prep_274d74.mp4,254,50.0,640,480,combined,detect_combined,Non-Flooded,resnet18,False,False,1,tensorrt,tensorrt,tensorrt,20.14,20.14,48.38,49.66,5.4,15.99,21.39,1398.25,42.0,8.61,1398.25,42.0,10.14,25.5,44.56,1.03,71.1,0.1075,False,False
1780822819.6498342,youtube_cal_oes_flood_prep_274d74,youtube_cal_oes_flood_prep_274d74.mp4,255,50.0,640,480,combined,detect_combined,Non-Flooded,resnet18,False,False,1,tensorrt,tensorrt,tensorrt,19.19,19.19,51.16,52.11,5.97,16.38,22.349999999999998,1398.25,50.0,8.61,1398.25,50.0,10.14,25.5,44.56,1.03,71.1,0.1008,False,False
1780822819.7141793,youtube_cal_oes_flood_prep_274d74,youtube_cal_oes_flood_prep_274d74.mp4,256,50.0,640,480,combined,detect_combined,Non-Flooded,resnet18,False,False,1,tensorrt,tensorrt,tensorrt,24.18,24.18,40.4,41.36,7.45,9.78,17.23,1398.25,41.0,8.61,1398.25,41.0,10.14,25.5,44.56,1.03,71.1,0.0864,False,False
1780822819.784981,youtube_cal_oes_flood_prep_274d74,youtube_cal_oes_flood_prep_274d74.mp4,257,50.0,640,480,combined,detect_combined,Non-Flooded,resnet18,False,False,1,tensorrt,tensorrt,tensorrt,22.88,22.88,42.72,43.71,6.26,8.97,15.23,1398.25,38.6,8.61,1398.25,38.6,10.14,25.5,44.56,1.03,71.1,0.0611,False,False
1780822819.8617156,youtube_cal_oes_flood_prep_274d74,youtube_cal_oes_flood_prep_274d74.mp4,258,50.0,640,480,combined,detect_combined,Non-Flooded,resnet18,False,False,1,tensorrt,tensorrt,tensorrt,21.19,21.19,46.17,47.18,4.81,13.57,18.38,1398.23,34.1,8.61,1398.23,34.1,10.14,25.5,44.56,1.03,71.1,0.0615,False,False
1780822819.9309309,youtube_cal_oes_flood_prep_274d74,youtube_cal_oes_flood_prep_274d74.mp4,259,50.0,640,480,combined,detect_combined,Non-Flooded,resnet18,False,False,1,tensorrt,tensorrt,tensorrt,27.65,27.65,35.11,36.16,4.01,9.5,13.51,1398.23,34.9,9.68,1398.23,34.9,10.14,25.5,44.56,1.03,71.1,0.0633,False,False
1780822820.0067663,youtube_cal_oes_flood_prep_274d74,youtube_cal_oes_flood_prep_274d74.mp4,260,50.0,640,480,combined,detect_combined,Non-Flooded,resnet18,False,False,1,tensorrt,tensorrt,tensorrt,24.62,24.62,39.63,40.62,5.07,9.74,14.81,1398.23,33.3,9.68,1398.23,33.3,10.14,25.5,44.56,1.03,71.1,0.0533,False,False
1780822820.0794575,youtube_cal_oes_flood_prep_274d74,youtube_cal_oes_flood_prep_274d74.mp4,261,50.0,640,480,combined,detect_combined,Non-Flooded,resnet18,False,False,1,tensorrt,tensorrt,tensorrt,24.63,24.63,39.45,40.59,5.7,11.04,16.74,1398.23,36.4,9.68,1398.23,36.4,10.14,25.5,44.56,1.03,71.1,0.0731,False,False
1780822820.1620855,youtube_cal_oes_flood_prep_274d74,youtube_cal_oes_flood_prep_274d74.mp4,262,50.0,640,480,combined,detect_combined,Non-Flooded,resnet18,False,False,1,tensorrt,tensorrt,tensorrt,22.2,22.2,43.72,45.04,5.64,11.69,17.33,1398.23,33.3,9.68,1398.23,33.3,10.14,25.5,44.56,1.03,71.1,0.102,False,False
1780822820.2456748,youtube_cal_oes_flood_prep_274d74,youtube_cal_oes_flood_prep_274d74.mp4,263,50.0,640,480,combined,detect_combined,Non-Flooded,resnet18,False,False,1,tensorrt,tensorrt,tensorrt,23.33,23.33,42.0,42.86,6.17,12.72,18.89,1398.23,34.0,9.68,1398.23,34.0,10.14,25.5,44.56,1.03,71.1,0.0978,False,False
1780822820.323577,youtube_cal_oes_flood_prep_274d74,youtube_cal_oes_flood_prep_274d74.mp4,264,50.0,640,480,combined,detect_combined,Non-Flooded,resnet18,False,False,1,tensorrt,tensorrt,tensorrt,25.67,25.67,38.1,38.95,8.17,12.51,20.68,1398.15,37.8,9.68,1398.15,37.8,10.14,25.5,44.56,1.03,71.1,0.0681,False,False
1780822820.4151478,youtube_cal_oes_flood_prep_274d74,youtube_cal_oes_flood_prep_274d74.mp4,265,50.0,640,480,combined,detect_combined,Non-Flooded,resnet18,False,False,1,tensorrt,tensorrt,tensorrt,18.91,18.91,51.76,52.88,5.34,17.43,22.77,1398.15,37.0,9.68,1398.15,37.0,10.14,25.5,44.56,1.03,71.1,0.0583,False,False
1780822820.4979022,youtube_cal_oes_flood_prep_274d74,youtube_cal_oes_flood_prep_274d74.mp4,266,50.0,640,480,combined,detect_combined,Non-Flooded,resnet18,False,False,1,tensorrt,tensorrt,tensorrt,19.25,19.25,50.97,51.94,6.18,16.17,22.35,1398.15,34.7,8.46,1398.15,34.7,10.14,25.5,44.56,1.03,71.1,0.0759,False,False
1780822820.5697234,youtube_cal_oes_flood_prep_274d74,youtube_cal_oes_flood_prep_274d74.mp4,267,50.0,640,480,combined,detect_combined,Non-Flooded,resnet18,False,False,1,tensorrt,tensorrt,tensorrt,26.91,26.91,36.17,37.16,5.87,11.47,17.34,1398.15,38.1,8.46,1398.15,38.1,10.14,25.5,44.56,1.03,71.1,0.0605,False,False
1780822820.6521807,youtube_cal_oes_flood_prep_274d74,youtube_cal_oes_flood_prep_274d74.mp4,268,50.0,640,480,combined,detect_combined,Non-Flooded,resnet18,False,False,1,tensorrt,tensorrt,tensorrt,22.19,22.19,43.91,45.07,5.42,13.89,19.310000000000002,1398.15,35.4,8.46,1398.15,35.4,10.14,25.5,44.56,1.03,71.1,0.0721,False,False
1780822820.731668,youtube_cal_oes_flood_prep_274d74,youtube_cal_oes_flood_prep_274d74.mp4,269,50.0,640,480,combined,detect_combined,Non-Flooded,resnet18,False,False,1,tensorrt,tensorrt,tensorrt,21.34,21.34,45.59,46.87,7.66,12.82,20.48,1398.15,37.0,8.46,1398.15,37.0,10.14,25.5,44.56,1.03,71.1,0.0928,False,False
1780822820.818139,youtube_cal_oes_flood_prep_274d74,youtube_cal_oes_flood_prep_274d74.mp4,270,50.0,640,480,combined,detect_combined,Non-Flooded,resnet18,False,False,1,tensorrt,tensorrt,tensorrt,20.08,20.08,48.93,49.79,7.08,17.44,24.520000000000003,1398.05,33.3,8.46,1398.05,33.3,10.14,25.5,44.56,1.03,71.1,0.1122,False,False
1780822820.896074,youtube_cal_oes_flood_prep_274d74,youtube_cal_oes_flood_prep_274d74.mp4,271,50.0,640,480,combined,detect_combined,Non-Flooded,resnet18,False,False,1,tensorrt,tensorrt,tensorrt,20.24,20.24,48.46,49.42,5.01,15.45,20.46,1398.05,34.8,8.46,1398.05,34.8,10.14,25.5,44.56,1.03,71.1,0.0618,False,False
1780822820.9751494,youtube_cal_oes_flood_prep_274d74,youtube_cal_oes_flood_prep_274d74.mp4,272,50.0,640,480,combined,detect_combined,Non-Flooded,resnet18,False,False,1,tensorrt,tensorrt,tensorrt,23.38,23.38,41.52,42.76,8.18,10.77,18.95,1398.05,40.0,8.46,1398.05,40.0,10.14,25.5,44.56,1.03,71.1,0.0689,False,False
1780822821.0504615,youtube_cal_oes_flood_prep_274d74,youtube_cal_oes_flood_prep_274d74.mp4,273,50.0,640,480,combined,detect_combined,Non-Flooded,resnet18,False,False,1,tensorrt,tensorrt,tensorrt,22.53,22.53,43.22,44.39,4.79,9.32,14.11,1397.94,53.3,8.61,1397.94,53.3,10.14,25.5,44.56,1.03,71.1,0.0681,False,False
1780822821.1294177,youtube_cal_oes_flood_prep_274d74,youtube_cal_oes_flood_prep_274d74.mp4,274,50.0,640,480,combined,detect_combined,Non-Flooded,resnet18,False,False,1,tensorrt,tensorrt,tensorrt,20.69,20.69,47.34,48.34,7.82,11.06,18.880000000000003,1397.94,47.7,8.61,1397.94,47.7,10.14,25.5,44.56,1.03,71.1,0.0983,False,False
1780822821.2076113,youtube_cal_oes_flood_prep_274d74,youtube_cal_oes_flood_prep_274d74.mp4,275,50.0,640,480,combined,detect_combined,Non-Flooded,resnet18,False,False,1,tensorrt,tensorrt,tensorrt,21.53,21.53,45.44,46.45,5.18,16.96,22.14,1397.94,52.1,8.61,1397.94,52.1,10.14,25.5,44.56,1.03,71.1,0.0936,False,False
1780822821.2795024,youtube_cal_oes_flood_prep_274d74,youtube_cal_oes_flood_prep_274d74.mp4,276,50.0,640,480,combined,detect_combined,Non-Flooded,resnet18,False,False,1,tensorrt,tensorrt,tensorrt,25.04,25.04,38.87,39.94,3.99,7.69,11.68,1397.78,47.6,8.61,1397.78,47.6,10.14,25.5,44.56,1.03,71.1,0.1111,False,False
1780822821.3626297,youtube_cal_oes_flood_prep_274d74,youtube_cal_oes_flood_prep_274d74.mp4,277,50.0,640,480,combined,detect_combined,Non-Flooded,resnet18,False,False,1,tensorrt,tensorrt,tensorrt,19.29,19.29,50.97,51.83,4.88,17.12,22.0,1397.78,52.1,8.61,1397.78,52.1,10.14,25.5,44.56,1.03,71.1,0.0966,False,False
1780822821.4222472,youtube_cal_oes_flood_prep_274d74,youtube_cal_oes_flood_prep_274d74.mp4,278,50.0,640,480,combined,detect_combined,Non-Flooded,resnet18,False,False,1,tensorrt,tensorrt,tensorrt,33.94,33.94,28.16,29.46,3.84,6.92,10.76,1397.68,42.1,8.61,1397.68,42.1,10.14,25.5,44.56,1.03,71.1,0.1034,False,False
1780822821.4832346,youtube_cal_oes_flood_prep_274d74,youtube_cal_oes_flood_prep_274d74.mp4,279,50.0,640,480,combined,detect_combined,Non-Flooded,resnet18,False,False,1,tensorrt,tensorrt,tensorrt,30.31,30.31,32.16,32.99,5.14,7.54,12.68,1397.68,36.1,8.61,1397.68,36.1,10.14,25.5,44.56,1.03,71.1,0.126,False,False
1780822821.5479558,youtube_cal_oes_flood_prep_274d74,youtube_cal_oes_flood_prep_274d74.mp4,280,50.0,640,480,combined,detect_combined,Non-Flooded,resnet18,False,False,1,tensorrt,tensorrt,tensorrt,27.22,27.22,35.83,36.74,4.74,9.85,14.59,1397.68,36.8,8.61,1397.68,36.8,10.14,25.5,44.56,1.03,71.1,0.1041,False,False
1780822821.62059,youtube_cal_oes_flood_prep_274d74,youtube_cal_oes_flood_prep_274d74.mp4,281,50.0,640,480,combined,detect_combined,Non-Flooded,resnet18,False,False,1,tensorrt,tensorrt,tensorrt,24.22,24.22,40.23,41.29,5.36,9.94,15.3,1397.59,40.9,8.61,1397.59,40.9,10.14,25.5,44.56,1.03,71.1,0.0913,False,False
1780822821.7117436,youtube_cal_oes_flood_prep_274d74,youtube_cal_oes_flood_prep_274d74.mp4,282,50.0,640,480,combined,detect_combined,Non-Flooded,resnet18,False,False,1,tensorrt,tensorrt,tensorrt,21.73,21.73,44.77,46.02,6.88,14.12,21.0,1397.59,35.7,9.22,1397.59,35.7,10.14,25.5,44.56,1.03,71.1,0.0519,False,False
1780822821.7994902,youtube_cal_oes_flood_prep_274d74,youtube_cal_oes_flood_prep_274d74.mp4,283,50.0,640,480,combined,detect_combined,Non-Flooded,resnet18,False,False,1,tensorrt,tensorrt,tensorrt,20.75,20.75,46.81,48.19,6.29,12.86,19.15,1397.59,40.0,9.22,1397.59,40.0,10.14,25.5,44.56,1.03,71.1,0.0641,False,False
1780822821.8926783,youtube_cal_oes_flood_prep_274d74,youtube_cal_oes_flood_prep_274d74.mp4,284,50.0,640,480,combined,detect_combined,Non-Flooded,resnet18,False,False,1,tensorrt,tensorrt,tensorrt,21.58,21.58,45.11,46.33,6.14,14.08,20.22,1397.59,44.2,9.22,1397.59,44.2,10.14,25.5,44.56,1.03,71.1,0.041,False,False
1780822821.977312,youtube_cal_oes_flood_prep_274d74,youtube_cal_oes_flood_prep_274d74.mp4,285,50.0,640,480,combined,detect_combined,Non-Flooded,resnet18,False,False,1,tensorrt,tensorrt,tensorrt,20.75,20.75,46.81,48.19,6.39,10.49,16.88,1397.59,50.0,9.22,1397.59,50.0,10.14,25.5,44.56,1.03,71.1,0.0576,False,False
1780822822.060362,youtube_cal_oes_flood_prep_274d74,youtube_cal_oes_flood_prep_274d74.mp4,286,50.0,640,480,combined,detect_combined,Non-Flooded,resnet18,False,False,1,tensorrt,tensorrt,tensorrt,24.7,24.7,39.24,40.49,5.52,11.05,16.57,1397.59,43.7,9.22,1397.59,43.7,10.14,25.5,44.56,1.03,71.1,0.0874,False,False
1780822822.1495948,youtube_cal_oes_flood_prep_274d74,youtube_cal_oes_flood_prep_274d74.mp4,287,50.0,640,480,combined,detect_combined,Non-Flooded,resnet18,False,False,1,tensorrt,tensorrt,tensorrt,18.76,18.76,51.94,53.29,6.03,14.85,20.88,1397.59,48.1,9.22,1397.59,48.1,10.14,25.5,44.56,1.03,71.1,0.073,False,False
1780822822.2267067,youtube_cal_oes_flood_prep_274d74,youtube_cal_oes_flood_prep_274d74.mp4,288,50.0,640,480,combined,detect_combined,Non-Flooded,resnet18,False,False,1,tensorrt,tensorrt,tensorrt,26.64,26.64,36.64,37.54,5.11,12.84,17.95,1397.59,43.5,9.07,1397.59,43.5,10.14,25.5,44.56,1.03,71.1,0.083,False,False
1780822822.3033354,youtube_cal_oes_flood_prep_274d74,youtube_cal_oes_flood_prep_274d74.mp4,289,50.0,640,480,combined,detect_combined,Non-Flooded,resnet18,False,False,1,tensorrt,tensorrt,tensorrt,24.22,24.22,40.09,41.28,6.84,8.19,15.03,1397.59,32.6,9.07,1397.59,32.6,10.14,25.5,44.56,1.03,71.1,0.0798,False,False
1780822822.3922904,youtube_cal_oes_flood_prep_274d74,youtube_cal_oes_flood_prep_274d74.mp4,290,50.0,640,480,combined,detect_combined,Non-Flooded,resnet18,False,False,1,tensorrt,tensorrt,tensorrt,22.92,22.92,42.38,43.64,8.0,14.2,22.2,1397.59,38.2,9.07,1397.59,38.2,10.14,25.5,44.56,1.03,71.1,0.0705,False,False
1780822822.474587,youtube_cal_oes_flood_prep_274d74,youtube_cal_oes_flood_prep_274d74.mp4,291,50.0,640,480,combined,detect_combined,Non-Flooded,resnet18,False,False,1,tensorrt,tensorrt,tensorrt,22.84,22.84,42.47,43.77,5.93,11.5,17.43,1397.59,35.4,9.07,1397.59,35.4,10.14,25.5,44.56,1.03,71.1,0.0604,False,False
1780822822.5606816,youtube_cal_oes_flood_prep_274d74,youtube_cal_oes_flood_prep_274d74.mp4,292,50.0,640,480,combined,detect_combined,Non-Flooded,resnet18,False,False,1,tensorrt,tensorrt,tensorrt,21.6,21.6,44.99,46.29,6.14,11.98,18.12,1397.59,37.3,9.07,1397.59,37.3,10.14,25.5,44.56,1.03,71.1,0.0746,False,False
1780822822.653555,youtube_cal_oes_flood_prep_274d74,youtube_cal_oes_flood_prep_274d74.mp4,293,50.0,640,480,combined,detect_combined,Non-Flooded,resnet18,False,False,1,tensorrt,tensorrt,tensorrt,18.31,18.31,53.26,54.61,6.13,19.84,25.97,1397.59,34.5,9.07,1397.59,34.5,10.14,25.5,44.56,1.03,71.1,0.0627,False,False
1780822822.7526968,youtube_cal_oes_flood_prep_274d74,youtube_cal_oes_flood_prep_274d74.mp4,294,50.0,640,480,combined,detect_combined,Non-Flooded,resnet18,False,False,1,tensorrt,tensorrt,tensorrt,18.32,18.32,53.25,54.59,6.8,20.72,27.52,1397.58,33.9,9.07,1397.58,33.9,10.14,25.5,44.56,1.03,71.1,0.0568,False,False
1780822822.8449035,youtube_cal_oes_flood_prep_274d74,youtube_cal_oes_flood_prep_274d74.mp4,295,50.0,640,480,combined,detect_combined,Non-Flooded,resnet18,False,False,1,tensorrt,tensorrt,tensorrt,21.13,21.13,45.94,47.33,5.94,13.32,19.26,1397.58,35.2,8.15,1397.58,35.2,10.14,25.5,44.56,1.03,71.1,0.0407,False,False
1780822822.9499002,youtube_cal_oes_flood_prep_274d74,youtube_cal_oes_flood_prep_274d74.mp4,296,50.0,640,480,combined,detect_combined,Non-Flooded,resnet18,False,False,1,tensorrt,tensorrt,tensorrt,18.08,18.08,53.97,55.3,8.59,18.26,26.85,1397.58,40.0,8.15,1397.58,40.0,10.14,25.5,44.56,1.03,71.1,0.0593,False,False
1780822823.0593107,youtube_cal_oes_flood_prep_274d74,youtube_cal_oes_flood_prep_274d74.mp4,297,50.0,640,480,combined,detect_combined,Non-Flooded,resnet18,False,False,1,tensorrt,tensorrt,tensorrt,17.49,17.49,55.86,57.19,6.98,21.45,28.43,1397.58,31.7,8.15,1397.58,31.7,10.14,25.5,44.56,1.03,71.1,0.0603,False,False
1780822823.1630142,youtube_cal_oes_flood_prep_274d74,youtube_cal_oes_flood_prep_274d74.mp4,298,50.0,640,480,combined,detect_combined,Non-Flooded,resnet18,False,False,1,tensorrt,tensorrt,tensorrt,18.81,18.81,51.83,53.16,8.86,23.73,32.59,1397.58,31.1,8.15,1397.58,31.1,10.14,25.5,44.56,1.03,71.1,0.076,False,False
1780822823.2661035,youtube_cal_oes_flood_prep_274d74,youtube_cal_oes_flood_prep_274d74.mp4,299,50.0,640,480,combined,detect_combined,Non-Flooded,resnet18,False,False,1,tensorrt,tensorrt,tensorrt,19.62,19.62,49.65,50.97,8.58,22.21,30.79,1397.58,32.2,8.15,1397.58,32.2,10.14,25.5,44.56,1.03,71.1,0.0478,False,False
1780822823.3653758,youtube_cal_oes_flood_prep_274d74,youtube_cal_oes_flood_prep_274d74.mp4,300,50.0,640,480,combined,detect_combined,Non-Flooded,resnet18,False,False,1,tensorrt,tensorrt,tensorrt,20.52,20.52,47.14,48.74,8.47,20.28,28.75,1397.58,35.6,8.15,1397.58,35.6,10.14,25.5,44.56,1.03,71.1,0.0539,False,False
1780822823.4739015,youtube_cal_oes_flood_prep_274d74,youtube_cal_oes_flood_prep_274d74.mp4,301,50.0,640,480,combined,detect_combined,Non-Flooded,resnet18,False,False,1,tensorrt,tensorrt,tensorrt,18.53,18.53,52.68,53.97,9.08,16.13,25.21,1397.58,33.3,7.85,1397.58,33.3,10.14,25.5,44.56,1.03,71.1,0.0668,False,False
1780822823.5647895,youtube_cal_oes_flood_prep_274d74,youtube_cal_oes_flood_prep_274d74.mp4,302,50.0,640,480,combined,detect_combined,Non-Flooded,resnet18,False,False,1,tensorrt,tensorrt,tensorrt,18.47,18.47,53.1,54.15,8.19,20.84,29.03,1397.58,35.7,7.85,1397.58,35.7,10.14,25.5,44.56,1.03,71.1,0.0581,False,False
1780822823.6587744,youtube_cal_oes_flood_prep_274d74,youtube_cal_oes_flood_prep_274d74.mp4,303,50.0,640,480,combined,detect_combined,Non-Flooded,resnet18,False,False,1,tensorrt,tensorrt,tensorrt,21.03,21.03,46.61,47.55,7.28,16.73,24.01,1397.58,33.9,7.85,1397.58,33.9,10.14,25.5,44.56,1.03,71.1,0.0406,False,False
1780822823.754446,youtube_cal_oes_flood_prep_274d74,youtube_cal_oes_flood_prep_274d74.mp4,304,50.0,640,480,combined,detect_combined,Non-Flooded,resnet18,False,False,1,tensorrt,tensorrt,tensorrt,20.36,20.36,47.89,49.12,7.79,17.67,25.46,1397.58,37.3,7.85,1397.58,37.3,10.14,25.5,44.56,1.03,71.1,0.0554,False,False
1780822823.8507042,youtube_cal_oes_flood_prep_274d74,youtube_cal_oes_flood_prep_274d74.mp4,305,50.0,640,480,combined,detect_combined,Non-Flooded,resnet18,False,False,1,tensorrt,tensorrt,tensorrt,17.51,17.51,56.03,57.11,19.05,17.02,36.07,1398.45,39.2,7.85,1398.45,39.2,10.14,25.5,44.56,1.03,71.1,0.0629,False,False
1780822823.9331627,youtube_cal_oes_flood_prep_274d74,youtube_cal_oes_flood_prep_274d74.mp4,306,50.0,640,480,combined,detect_combined,Non-Flooded,resnet18,False,False,1,tensorrt,tensorrt,tensorrt,23.35,23.35,41.84,42.82,7.09,14.33,21.42,1398.45,41.3,7.85,1398.45,41.3,10.14,25.5,44.56,1.03,71.1,0.0768,False,False
1780822824.0228503,youtube_cal_oes_flood_prep_274d74,youtube_cal_oes_flood_prep_274d74.mp4,307,50.0,640,480,combined,detect_combined,Non-Flooded,resnet18,False,False,1,tensorrt,tensorrt,tensorrt,19.49,19.49,50.02,51.31,5.74,16.4,22.14,1398.45,42.3,8.46,1398.45,42.3,10.14,25.5,44.56,1.03,71.1,0.0679,False,False
1780822824.1038945,youtube_cal_oes_flood_prep_274d74,youtube_cal_oes_flood_prep_274d74.mp4,308,50.0,640,480,combined,detect_combined,Non-Flooded,resnet18,False,False,1,tensorrt,tensorrt,tensorrt,22.05,22.05,44.02,45.35,6.57,13.59,20.16,1398.45,31.9,8.46,1398.45,31.9,10.14,25.5,44.56,1.03,71.1,0.0644,False,False
1780822824.1948192,youtube_cal_oes_flood_prep_274d74,youtube_cal_oes_flood_prep_274d74.mp4,309,50.0,640,480,combined,detect_combined,Non-Flooded,resnet18,False,False,1,tensorrt,tensorrt,tensorrt,19.58,19.58,49.81,51.07,6.72,15.68,22.4,1398.45,34.5,8.46,1398.45,34.5,10.14,25.5,44.56,1.03,71.1,0.0818,False,False
1780822824.2920377,youtube_cal_oes_flood_prep_274d74,youtube_cal_oes_flood_prep_274d74.mp4,310,50.0,640,480,combined,detect_combined,Non-Flooded,resnet18,False,False,1,tensorrt,tensorrt,tensorrt,18.15,18.15,53.78,55.09,6.46,15.95,22.41,1398.45,41.4,8.46,1398.45,41.4,10.14,25.5,44.56,1.03,71.1,0.0803,False,False
1780822824.389212,youtube_cal_oes_flood_prep_274d74,youtube_cal_oes_flood_prep_274d74.mp4,311,50.0,640,480,combined,detect_combined,Non-Flooded,resnet18,False,False,1,tensorrt,tensorrt,tensorrt,19.18,19.18,50.74,52.13,6.57,17.62,24.19,1398.45,35.0,8.46,1398.45,35.0,10.14,25.5,44.56,1.03,71.1,0.061,False,False
1780822824.4942846,youtube_cal_oes_flood_prep_274d74,youtube_cal_oes_flood_prep_274d74.mp4,312,50.0,640,480,combined,detect_combined,Non-Flooded,resnet18,False,False,1,tensorrt,tensorrt,tensorrt,18.37,18.37,53.15,54.45,8.69,22.66,31.35,1398.45,37.1,8.46,1398.45,37.1,10.14,25.5,44.56,1.03,71.1,0.0646,False,False
1780822824.5958996,youtube_cal_oes_flood_prep_274d74,youtube_cal_oes_flood_prep_274d74.mp4,313,50.0,640,480,combined,detect_combined,Non-Flooded,resnet18,False,False,1,tensorrt,tensorrt,tensorrt,19.29,19.29,50.59,51.84,6.74,21.84,28.58,1398.45,32.2,8.0,1398.45,32.2,10.14,25.5,44.56,1.03,71.1,0.0714,False,False
1780822824.6945126,youtube_cal_oes_flood_prep_274d74,youtube_cal_oes_flood_prep_274d74.mp4,314,50.0,640,480,combined,detect_combined,Non-Flooded,resnet18,False,False,1,tensorrt,tensorrt,tensorrt,20.07,20.07,48.5,49.83,7.52,23.22,30.74,1398.45,32.2,8.0,1398.45,32.2,10.14,25.5,44.56,1.03,71.1,0.0636,False,False
1780822824.7938774,youtube_cal_oes_flood_prep_274d74,youtube_cal_oes_flood_prep_274d74.mp4,315,50.0,640,480,combined,detect_combined,Non-Flooded,resnet18,False,False,1,tensorrt,tensorrt,tensorrt,20.53,20.53,47.41,48.72,7.98,22.36,30.34,1398.45,32.8,8.0,1398.45,32.8,10.14,25.5,44.56,1.03,71.1,0.0723,False,False
1780822824.8979483,youtube_cal_oes_flood_prep_274d74,youtube_cal_oes_flood_prep_274d74.mp4,316,50.0,640,480,combined,detect_combined,Non-Flooded,resnet18,False,False,1,tensorrt,tensorrt,tensorrt,17.31,17.31,56.48,57.76,6.45,18.34,24.79,1398.45,33.9,8.0,1398.45,33.9,10.14,25.5,44.56,1.03,71.1,0.0609,False,False
1780822824.991283,youtube_cal_oes_flood_prep_274d74,youtube_cal_oes_flood_prep_274d74.mp4,317,50.0,640,480,combined,detect_combined,Non-Flooded,resnet18,False,False,1,tensorrt,tensorrt,tensorrt,18.95,18.95,51.41,52.78,7.34,15.99,23.33,1398.45,43.6,8.0,1398.45,43.6,10.14,25.5,44.56,1.03,71.1,0.0439,False,False
1780822825.0944064,youtube_cal_oes_flood_prep_274d74,youtube_cal_oes_flood_prep_274d74.mp4,318,50.0,640,480,combined,detect_combined,Non-Flooded,resnet18,False,False,1,tensorrt,tensorrt,tensorrt,17.37,17.37,56.28,57.57,7.35,19.81,27.159999999999997,1398.45,45.8,8.0,1398.45,45.8,10.14,25.5,44.56,1.03,71.1,0.041,False,False
1780822825.1860228,youtube_cal_oes_flood_prep_274d74,youtube_cal_oes_flood_prep_274d74.mp4,319,50.0,640,480,combined,detect_combined,Non-Flooded,resnet18,False,False,1,tensorrt,tensorrt,tensorrt,19.38,19.38,50.33,51.6,6.59,12.87,19.46,1398.45,42.3,8.46,1398.45,42.3,10.14,25.5,44.56,1.03,71.1,0.0741,False,False
1780822825.2866242,youtube_cal_oes_flood_prep_274d74,youtube_cal_oes_flood_prep_274d74.mp4,320,50.0,640,480,combined,detect_combined,Non-Flooded,resnet18,False,False,1,tensorrt,tensorrt,tensorrt,19.01,19.01,51.09,52.61,6.28,18.94,25.220000000000002,1398.44,41.1,8.46,1398.44,41.1,10.14,25.5,44.56,1.03,71.1,0.064,False,False
1780822825.3840196,youtube_cal_oes_flood_prep_274d74,youtube_cal_oes_flood_prep_274d74.mp4,321,50.0,640,480,combined,detect_combined,Non-Flooded,resnet18,False,False,1,tensorrt,tensorrt,tensorrt,23.14,23.14,41.86,43.21,6.31,17.11,23.419999999999998,1398.44,46.6,8.46,1398.44,46.6,10.14,25.5,44.56,1.03,71.1,0.0497,False,False
1780822825.4650238,youtube_cal_oes_flood_prep_274d74,youtube_cal_oes_flood_prep_274d74.mp4,322,50.0,640,480,combined,detect_combined,Non-Flooded,resnet18,False,False,1,tensorrt,tensorrt,tensorrt,23.59,23.59,41.17,42.38,4.7,9.47,14.170000000000002,1398.44,46.0,8.46,1398.44,46.0,10.14,25.5,44.56,1.03,71.1,0.0581,False,False
1780822825.549127,youtube_cal_oes_flood_prep_274d74,youtube_cal_oes_flood_prep_274d74.mp4,323,50.0,640,480,combined,detect_combined,Non-Flooded,resnet18,False,False,1,tensorrt,tensorrt,tensorrt,20.41,20.41,47.8,48.99,6.97,11.74,18.71,1398.44,46.2,8.46,1398.44,46.2,10.14,25.5,44.56,1.03,71.1,0.0611,False,False
1780822825.6256645,youtube_cal_oes_flood_prep_274d74,youtube_cal_oes_flood_prep_274d74.mp4,324,50.0,640,480,combined,detect_combined,Non-Flooded,resnet18,False,False,1,tensorrt,tensorrt,tensorrt,25.28,25.28,38.4,39.55,7.51,11.82,19.33,1398.44,39.1,8.46,1398.44,39.1,10.14,25.5,44.56,1.03,71.1,0.0566,False,False
1780822825.71538,youtube_cal_oes_flood_prep_274d74,youtube_cal_oes_flood_prep_274d74.mp4,325,50.0,640,480,combined,detect_combined,Non-Flooded,resnet18,False,False,1,tensorrt,tensorrt,tensorrt,20.88,20.88,46.65,47.89,9.2,13.21,22.41,1398.44,41.5,9.07,1398.44,41.5,10.14,25.5,44.56,1.03,71.1,0.0647,False,False
1780822825.8108165,youtube_cal_oes_flood_prep_274d74,youtube_cal_oes_flood_prep_274d74.mp4,326,50.0,640,480,combined,detect_combined,Non-Flooded,resnet18,False,False,1,tensorrt,tensorrt,tensorrt,19.56,19.56,49.81,51.12,6.35,19.16,25.509999999999998,1398.44,32.8,9.07,1398.44,32.8,10.14,25.5,44.56,1.03,71.1,0.0963,False,False
1780822825.9128218,youtube_cal_oes_flood_prep_274d74,youtube_cal_oes_flood_prep_274d74.mp4,327,50.0,640,480,combined,detect_combined,Non-Flooded,resnet18,False,False,1,tensorrt,tensorrt,tensorrt,21.93,21.93,44.23,45.6,7.34,18.39,25.73,1398.44,32.8,9.07,1398.44,32.8,10.14,25.5,44.56,1.03,71.1,0.1088,False,False
1780822826.0184934,youtube_cal_oes_flood_prep_274d74,youtube_cal_oes_flood_prep_274d74.mp4,328,50.0,640,480,combined,detect_combined,Non-Flooded,resnet18,False,False,1,tensorrt,tensorrt,tensorrt,17.94,17.94,54.43,55.75,7.05,18.66,25.71,1398.44,33.3,9.07,1398.44,33.3,10.14,25.5,44.56,1.03,71.1,0.1103,False,False
1780822826.1067426,youtube_cal_oes_flood_prep_274d74,youtube_cal_oes_flood_prep_274d74.mp4,329,50.0,640,480,combined,detect_combined,Non-Flooded,resnet18,False,False,1,tensorrt,tensorrt,tensorrt,23.12,23.12,41.93,43.25,6.81,14.44,21.25,1398.44,34.0,9.07,1398.44,34.0,10.14,25.5,44.56,1.03,71.1,0.1045,False,False
1780822826.2046595,youtube_cal_oes_flood_prep_274d74,youtube_cal_oes_flood_prep_274d74.mp4,330,50.0,640,480,combined,detect_combined,Non-Flooded,resnet18,False,False,1,tensorrt,tensorrt,tensorrt,20.51,20.51,47.43,48.76,6.43,21.33,27.759999999999998,1398.44,30.4,9.07,1398.44,30.4,10.14,25.5,44.56,1.03,71.1,0.0981,False,False
1780822826.344764,youtube_cal_oes_flood_prep_274d74,youtube_cal_oes_flood_prep_274d74.mp4,331,50.0,640,480,combined,detect_combined,Non-Flooded,resnet18,False,False,1,tensorrt,tensorrt,tensorrt,10.99,10.99,89.5,91.01,8.48,23.29,31.77,1398.44,42.2,8.15,1398.44,42.2,10.14,25.5,44.56,1.03,71.1,0.0988,False,False
1780822826.4270046,youtube_cal_oes_flood_prep_274d74,youtube_cal_oes_flood_prep_274d74.mp4,332,50.0,640,480,combined,detect_combined,Non-Flooded,resnet18,False,False,1,tensorrt,tensorrt,tensorrt,20.65,20.65,47.1,48.42,5.03,14.43,19.46,1398.44,39.1,8.15,1398.44,39.1,10.14,25.5,44.56,1.03,71.1,0.0946,False,False
1780822826.519657,youtube_cal_oes_flood_prep_274d74,youtube_cal_oes_flood_prep_274d74.mp4,333,50.0,640,480,combined,detect_combined,Non-Flooded,resnet18,False,False,1,tensorrt,tensorrt,tensorrt,19.8,19.8,49.21,50.5,7.09,16.53,23.62,1398.44,40.7,8.15,1398.44,40.7,10.14,25.5,44.56,1.03,71.1,0.0822,False,False
1780822826.6190243,youtube_cal_oes_flood_prep_274d74,youtube_cal_oes_flood_prep_274d74.mp4,334,50.0,640,480,combined,detect_combined,Non-Flooded,resnet18,False,False,1,tensorrt,tensorrt,tensorrt,17.71,17.71,55.17,56.47,6.78,17.41,24.19,1398.44,33.3,8.15,1398.44,33.3,10.14,25.5,44.56,1.03,71.1,0.0871,False,False
1780822826.710402,youtube_cal_oes_flood_prep_274d74,youtube_cal_oes_flood_prep_274d74.mp4,335,50.0,640,480,combined,detect_combined,Non-Flooded,resnet18,False,False,1,tensorrt,tensorrt,tensorrt,20.28,20.28,47.96,49.32,6.26,14.34,20.6,1398.44,34.5,8.15,1398.44,34.5,10.14,25.5,44.56,1.03,71.1,0.0786,False,False
1780822826.8124106,youtube_cal_oes_flood_prep_274d74,youtube_cal_oes_flood_prep_274d74.mp4,336,50.0,640,480,combined,detect_combined,Non-Flooded,resnet18,False,False,1,tensorrt,tensorrt,tensorrt,17.31,17.31,56.42,57.75,6.85,22.06,28.909999999999997,1398.44,31.7,8.15,1398.44,31.7,10.14,25.5,44.56,1.03,71.1,0.0855,False,False
1780822826.9261327,youtube_cal_oes_flood_prep_274d74,youtube_cal_oes_flood_prep_274d74.mp4,337,50.0,640,480,combined,detect_combined,Non-Flooded,resnet18,False,False,1,tensorrt,tensorrt,tensorrt,17.39,17.39,56.14,57.5,7.01,23.01,30.020000000000003,1398.44,34.8,8.0,1398.44,34.8,10.14,25.5,44.56,1.03,71.1,0.0688,False,False
1780822827.0181832,youtube_cal_oes_flood_prep_274d74,youtube_cal_oes_flood_prep_274d74.mp4,338,50.0,640,480,combined,detect_combined,Non-Flooded,resnet18,False,False,1,tensorrt,tensorrt,tensorrt,19.12,19.12,50.92,52.3,7.95,17.98,25.93,1398.43,44.2,8.0,1398.43,44.2,10.14,25.5,44.56,1.03,71.1,0.0713,False,False
1780822827.1193576,youtube_cal_oes_flood_prep_274d74,youtube_cal_oes_flood_prep_274d74.mp4,339,50.0,640,480,combined,detect_combined,Non-Flooded,resnet18,False,False,1,tensorrt,tensorrt,tensorrt,16.42,16.42,59.31,60.92,6.82,19.78,26.6,1398.43,44.3,8.0,1398.43,44.3,10.14,25.5,44.56,1.03,71.1,0.0739,False,False
1780822827.2139428,youtube_cal_oes_flood_prep_274d74,youtube_cal_oes_flood_prep_274d74.mp4,340,50.0,640,480,combined,detect_combined,Non-Flooded,resnet18,False,False,1,tensorrt,tensorrt,tensorrt,19.37,19.37,50.29,51.62,7.72,14.76,22.48,1398.43,43.6,8.0,1398.43,43.6,10.14,25.5,44.56,1.03,71.1,0.061,False,False
1780822827.29759,youtube_cal_oes_flood_prep_274d74,youtube_cal_oes_flood_prep_274d74.mp4,341,50.0,640,480,combined,detect_combined,Non-Flooded,resnet18,False,False,1,tensorrt,tensorrt,tensorrt,23.91,23.91,40.1,41.82,5.19,10.09,15.280000000000001,1398.43,56.3,8.0,1398.43,56.3,10.14,25.5,44.56,1.03,71.1,0.0803,False,False
1780822827.363632,youtube_cal_oes_flood_prep_274d74,youtube_cal_oes_flood_prep_274d74.mp4,342,50.0,640,480,combined,detect_combined,Non-Flooded,resnet18,False,False,1,tensorrt,tensorrt,tensorrt,28.75,28.75,33.92,34.78,4.2,9.16,13.36,1398.43,60.5,8.0,1398.43,60.5,10.14,25.5,44.56,1.03,71.1,0.0019,False,False
1780822827.4312692,youtube_cal_oes_flood_prep_274d74,youtube_cal_oes_flood_prep_274d74.mp4,343,50.0,640,480,combined,detect_combined,Non-Flooded,resnet18,False,False,1,tensorrt,tensorrt,tensorrt,26.18,26.18,37.18,38.2,4.37,8.23,12.600000000000001,1398.69,66.7,8.0,1398.69,66.7,10.14,25.5,44.56,1.03,71.1,0.0488,False,False
1780822827.4949615,youtube_cal_oes_flood_prep_274d74,youtube_cal_oes_flood_prep_274d74.mp4,344,50.0,640,480,combined,detect_combined,Non-Flooded,resnet18,False,False,0,tensorrt,tensorrt,tensorrt,27.76,27.76,35.68,36.03,5.34,11.86,17.2,1398.69,55.6,9.83,1398.69,55.6,10.14,25.5,44.56,1.03,71.1,0.0,False,False
1780822827.5664237,youtube_cal_oes_flood_prep_274d74,youtube_cal_oes_flood_prep_274d74.mp4,345,50.0,640,480,combined,detect_combined,Non-Flooded,resnet18,False,False,0,tensorrt,tensorrt,tensorrt,23.67,23.67,41.75,42.25,5.53,14.12,19.65,1398.69,53.5,9.83,1398.69,53.5,10.14,25.5,44.56,1.03,71.1,0.0376,False,False
1780822827.6333265,youtube_cal_oes_flood_prep_274d74,youtube_cal_oes_flood_prep_274d74.mp4,346,50.0,640,480,combined,detect_combined,Non-Flooded,resnet18,False,False,0,tensorrt,tensorrt,tensorrt,24.84,24.84,39.87,40.26,4.91,11.76,16.67,1398.69,42.5,9.83,1398.69,42.5,10.14,25.5,44.56,1.03,71.1,0.035,False,False
1780822827.6931717,youtube_cal_oes_flood_prep_274d74,youtube_cal_oes_flood_prep_274d74.mp4,347,50.0,640,480,combined,detect_combined,Non-Flooded,resnet18,False,False,0,tensorrt,tensorrt,tensorrt,28.91,28.91,34.17,34.58,5.22,8.92,14.14,1398.69,44.1,9.83,1398.69,44.1,10.14,25.5,44.56,1.03,71.1,0.0344,False,False
1780822827.7449582,youtube_cal_oes_flood_prep_274d74,youtube_cal_oes_flood_prep_274d74.mp4,348,50.0,640,480,combined,detect_combined,Non-Flooded,resnet18,False,False,0,tensorrt,tensorrt,tensorrt,40.79,40.79,24.16,24.52,4.52,7.98,12.5,1398.69,32.3,9.83,1398.69,32.3,10.14,25.5,44.56,1.03,71.1,0.0465,False,False
1780822827.8115382,youtube_cal_oes_flood_prep_274d74,youtube_cal_oes_flood_prep_274d74.mp4,349,50.0,640,480,combined,detect_combined,Flooded,deeplabv3plus,True,False,0,tensorrt,tensorrt,tensorrt,26.06,26.06,37.98,38.37,4.63,12.99,17.62,1398.69,46.3,9.83,1398.69,46.3,10.14,25.5,44.56,1.03,71.1,0.3179,False,False
1780822827.878216,youtube_cal_oes_flood_prep_274d74,youtube_cal_oes_flood_prep_274d74.mp4,350,50.0,640,480,combined,detect_combined,Flooded,deeplabv3plus,False,False,0,tensorrt,tensorrt,tensorrt,29.59,29.59,33.47,33.8,5.28,12.34,17.62,1398.69,39.5,9.83,1398.69,39.5,10.14,25.5,44.56,1.03,71.1,0.2898,False,False
1780822827.9561982,youtube_cal_oes_flood_prep_274d74,youtube_cal_oes_flood_prep_274d74.mp4,351,50.0,640,480,combined,detect_combined,Flooded,deeplabv3plus,False,False,0,tensorrt,tensorrt,tensorrt,24.66,24.66,40.04,40.55,8.05,12.98,21.03,1398.69,34.8,9.83,1398.69,34.8,10.14,25.5,44.56,1.03,71.1,0.2987,False,False
1780822828.0260913,youtube_cal_oes_flood_prep_274d74,youtube_cal_oes_flood_prep_274d74.mp4,352,50.0,640,480,combined,detect_combined,Flooded,deeplabv3plus,False,False,0,tensorrt,tensorrt,tensorrt,27.77,27.77,35.61,36.01,5.83,13.7,19.53,1398.68,38.1,9.83,1398.68,38.1,10.14,25.5,44.56,1.03,71.1,0.2892,False,False
1780822828.1111774,youtube_cal_oes_flood_prep_274d74,youtube_cal_oes_flood_prep_274d74.mp4,353,50.0,640,480,combined,detect_combined,Flooded,deeplabv3plus,False,False,0,tensorrt,tensorrt,tensorrt,24.68,24.68,40.08,40.51,5.96,15.49,21.45,1398.68,31.3,9.53,1398.68,31.3,10.14,25.5,44.56,1.03,71.1,0.294,False,False
1780822828.1994689,youtube_cal_oes_flood_prep_274d74,youtube_cal_oes_flood_prep_274d74.mp4,354,50.0,640,480,combined,detect_combined,Flooded,deeplabv3plus,False,False,0,tensorrt,tensorrt,tensorrt,25.23,25.23,39.21,39.63,6.67,15.34,22.009999999999998,1398.68,37.7,9.53,1398.68,37.7,10.14,25.5,44.56,1.03,71.1,0.2979,False,False
1780822828.284287,youtube_cal_oes_flood_prep_274d74,youtube_cal_oes_flood_prep_274d74.mp4,355,50.0,640,480,combined,detect_combined,Flooded,deeplabv3plus,False,False,0,tensorrt,tensorrt,tensorrt,24.09,24.09,41.08,41.51,7.64,14.92,22.56,1398.68,34.7,9.53,1398.68,34.7,10.14,25.5,44.56,1.03,71.1,0.3032,False,False
1780822828.3666267,youtube_cal_oes_flood_prep_274d74,youtube_cal_oes_flood_prep_274d74.mp4,356,50.0,640,480,combined,detect_combined,Flooded,deeplabv3plus,False,False,0,tensorrt,tensorrt,tensorrt,31.3,31.3,31.53,31.95,5.95,13.78,19.73,1398.68,31.9,9.53,1398.68,31.9,10.14,25.5,44.56,1.03,71.1,0.3129,False,False
1780822828.4478197,youtube_cal_oes_flood_prep_274d74,youtube_cal_oes_flood_prep_274d74.mp4,357,50.0,640,480,combined,detect_combined,Flooded,deeplabv3plus,False,False,0,tensorrt,tensorrt,tensorrt,23.42,23.42,42.29,42.7,5.92,15.86,21.78,1398.68,32.7,9.53,1398.68,32.7,10.14,25.5,44.56,1.03,71.1,0.3018,False,False
1780822828.535875,youtube_cal_oes_flood_prep_274d74,youtube_cal_oes_flood_prep_274d74.mp4,358,50.0,640,480,combined,detect_combined,Flooded,deeplabv3plus,False,False,0,tensorrt,tensorrt,tensorrt,22.74,22.74,43.55,43.98,7.12,17.66,24.78,1398.68,37.3,9.53,1398.68,37.3,10.14,25.5,44.56,1.03,71.1,0.3051,False,False
1780822828.6284578,youtube_cal_oes_flood_prep_274d74,youtube_cal_oes_flood_prep_274d74.mp4,359,50.0,640,480,combined,detect_combined,Flooded,deeplabv3plus,False,False,0,tensorrt,tensorrt,tensorrt,21.22,21.22,46.7,47.13,6.89,22.41,29.3,1398.68,38.2,8.46,1398.68,38.2,10.14,25.5,44.56,1.03,71.1,0.3086,False,False
1780822828.7166448,youtube_cal_oes_flood_prep_274d74,youtube_cal_oes_flood_prep_274d74.mp4,360,50.0,640,480,combined,detect_combined,Flooded,deeplabv3plus,False,False,0,tensorrt,tensorrt,tensorrt,26.05,26.05,37.91,38.39,8.8,15.17,23.97,1398.68,31.4,8.46,1398.68,31.4,10.14,25.5,44.56,1.03,71.1,0.3129,False,False
1780822828.8530798,youtube_cal_oes_flood_prep_274d74,youtube_cal_oes_flood_prep_274d74.mp4,361,50.0,640,480,combined,detect_combined,Flooded,deeplabv3plus,False,False,0,tensorrt,tensorrt,tensorrt,12.15,12.15,81.64,82.28,11.59,33.87,45.459999999999994,1398.69,43.9,8.46,1398.69,43.9,10.14,25.5,44.56,1.03,71.1,0.3099,False,False
1780822828.937176,youtube_cal_oes_flood_prep_274d74,youtube_cal_oes_flood_prep_274d74.mp4,362,50.0,640,480,combined,detect_combined,Flooded,deeplabv3plus,False,False,0,tensorrt,tensorrt,tensorrt,22.24,22.24,44.59,44.97,6.83,12.28,19.11,1398.69,44.9,8.46,1398.69,44.9,10.14,25.5,44.56,1.03,71.1,0.3196,False,False
1780822829.003473,youtube_cal_oes_flood_prep_274d74,youtube_cal_oes_flood_prep_274d74.mp4,363,50.0,640,480,combined,detect_combined,Flooded,deeplabv3plus,False,False,0,tensorrt,tensorrt,tensorrt,26.66,26.66,37.09,37.5,6.11,9.88,15.990000000000002,1398.69,42.1,8.46,1398.69,42.1,10.14,25.5,44.56,1.03,71.1,0.316,False,False
1780822829.0840678,youtube_cal_oes_flood_prep_274d74,youtube_cal_oes_flood_prep_274d74.mp4,364,50.0,640,480,combined,detect_combined,Flooded,deeplabv3plus,False,False,0,tensorrt,tensorrt,tensorrt,23.16,23.16,42.7,43.18,5.15,13.61,18.759999999999998,1398.69,52.1,8.46,1398.69,52.1,10.14,25.5,44.56,1.03,71.1,0.3199,False,False
1780822829.1569853,youtube_cal_oes_flood_prep_274d74,youtube_cal_oes_flood_prep_274d74.mp4,365,50.0,640,480,combined,detect_combined,Flooded,deeplabv3plus,False,False,0,tensorrt,tensorrt,tensorrt,27.32,27.32,35.6,36.6,4.52,17.99,22.509999999999998,1398.69,54.8,8.46,1398.69,54.8,10.14,25.5,44.56,1.03,71.1,0.3203,False,False
1780822829.2211423,youtube_cal_oes_flood_prep_274d74,youtube_cal_oes_flood_prep_274d74.mp4,366,50.0,640,480,combined,detect_combined,Flooded,deeplabv3plus,False,False,0,tensorrt,tensorrt,tensorrt,28.75,28.75,34.46,34.78,4.95,11.05,16.0,1398.69,52.6,9.22,1398.69,52.6,10.14,25.5,44.56,1.03,71.1,0.3224,False,False
1780822829.3028138,youtube_cal_oes_flood_prep_274d74,youtube_cal_oes_flood_prep_274d74.mp4,367,50.0,640,480,combined,detect_combined,Flooded,deeplabv3plus,False,False,0,tensorrt,tensorrt,tensorrt,21.82,21.82,45.46,45.82,5.46,14.65,20.11,1398.69,46.8,9.22,1398.69,46.8,10.14,25.5,44.56,1.03,71.1,0.3245,False,False
1780822829.3629014,youtube_cal_oes_flood_prep_274d74,youtube_cal_oes_flood_prep_274d74.mp4,368,50.0,640,480,combined,detect_combined,Flooded,deeplabv3plus,False,False,0,tensorrt,tensorrt,tensorrt,30.98,30.98,31.91,32.28,5.24,8.57,13.81,1398.95,48.6,9.22,1398.95,48.6,10.14,25.5,44.56,1.03,71.1,0.3306,False,False
1780822829.442729,youtube_cal_oes_flood_prep_274d74,youtube_cal_oes_flood_prep_274d74.mp4,369,50.0,640,480,combined,detect_combined,Flooded,deeplabv3plus,False,False,0,tensorrt,tensorrt,tensorrt,27.59,27.59,35.9,36.24,6.7,11.2,17.9,1398.95,43.5,9.22,1398.95,43.5,10.14,25.5,44.56,1.03,71.1,0.3294,False,False
1780822829.5133493,youtube_cal_oes_flood_prep_274d74,youtube_cal_oes_flood_prep_274d74.mp4,370,50.0,640,480,combined,detect_combined,Flooded,deeplabv3plus,False,False,0,tensorrt,tensorrt,tensorrt,30.13,30.13,32.82,33.19,5.98,10.67,16.65,1398.95,45.2,9.22,1398.95,45.2,10.14,25.5,44.56,1.03,71.1,0.3269,False,False
1780822829.5772488,youtube_cal_oes_flood_prep_274d74,youtube_cal_oes_flood_prep_274d74.mp4,371,50.0,640,480,combined,detect_combined,Flooded,deeplabv3plus,False,False,0,tensorrt,tensorrt,tensorrt,32.0,32.0,30.83,31.25,5.38,9.54,14.919999999999998,1398.95,56.8,9.22,1398.95,56.8,10.14,25.5,44.56,1.03,71.1,0.3169,False,False
1780822829.6443882,youtube_cal_oes_flood_prep_274d74,youtube_cal_oes_flood_prep_274d74.mp4,372,50.0,640,480,combined,detect_combined,Flooded,deeplabv3plus,False,False,0,tensorrt,tensorrt,tensorrt,29.26,29.26,33.79,34.17,5.35,9.85,15.2,1398.95,36.8,9.22,1398.95,36.8,10.14,25.5,44.56,1.03,71.1,0.3156,False,False
1780822829.7263062,youtube_cal_oes_flood_prep_274d74,youtube_cal_oes_flood_prep_274d74.mp4,373,50.0,640,480,combined,detect_combined,Flooded,deeplabv3plus,False,False,0,tensorrt,tensorrt,tensorrt,24.36,24.36,40.65,41.05,5.61,15.18,20.79,1398.95,34.0,9.22,1398.95,34.0,10.14,25.5,44.56,1.03,71.1,0.3147,False,False
1780822829.8135037,youtube_cal_oes_flood_prep_274d74,youtube_cal_oes_flood_prep_274d74.mp4,374,50.0,640,480,combined,detect_combined,Flooded,deeplabv3plus,False,False,0,tensorrt,tensorrt,tensorrt,27.34,27.34,36.15,36.58,7.58,15.19,22.77,1398.95,36.0,9.22,1398.95,36.0,10.14,25.5,44.56,1.03,71.1,0.3114,False,False
1780822829.899013,youtube_cal_oes_flood_prep_274d74,youtube_cal_oes_flood_prep_274d74.mp4,375,50.0,640,480,combined,detect_combined,Flooded,deeplabv3plus,False,False,0,tensorrt,tensorrt,tensorrt,23.78,23.78,41.62,42.05,6.56,14.75,21.31,1398.95,32.6,9.22,1398.95,32.6,10.14,25.5,44.56,1.03,71.1,0.3152,False,False
1780822829.9815552,youtube_cal_oes_flood_prep_274d74,youtube_cal_oes_flood_prep_274d74.mp4,376,50.0,640,480,combined,detect_combined,Flooded,deeplabv3plus,False,False,0,tensorrt,tensorrt,tensorrt,23.23,23.23,42.61,43.05,6.44,12.77,19.21,1398.95,41.3,9.22,1398.95,41.3,10.14,25.5,44.56,1.03,71.1,0.3151,False,False
1780822830.0782914,youtube_cal_oes_flood_prep_274d74,youtube_cal_oes_flood_prep_274d74.mp4,377,50.0,640,480,combined,detect_combined,Flooded,deeplabv3plus,False,False,0,tensorrt,tensorrt,tensorrt,20.19,20.19,49.13,49.52,8.31,22.48,30.79,1398.95,53.4,9.22,1398.95,53.4,10.14,25.5,44.56,1.03,71.1,0.3165,False,False
1780822830.1625853,youtube_cal_oes_flood_prep_274d74,youtube_cal_oes_flood_prep_274d74.mp4,378,50.0,640,480,combined,detect_combined,Flooded,deeplabv3plus,False,False,0,tensorrt,tensorrt,tensorrt,23.73,23.73,41.77,42.15,7.35,16.84,24.189999999999998,1398.95,34.8,9.22,1398.95,34.8,10.14,25.5,44.56,1.03,71.1,0.3151,False,False
1780822830.251765,youtube_cal_oes_flood_prep_274d74,youtube_cal_oes_flood_prep_274d74.mp4,379,50.0,640,480,combined,detect_combined,Flooded,deeplabv3plus,False,False,0,tensorrt,tensorrt,tensorrt,20.49,20.49,48.36,48.8,6.87,17.79,24.66,1398.95,47.2,9.22,1398.95,47.2,10.14,25.5,44.56,1.03,71.1,0.3145,False,False
1780822830.3276374,youtube_cal_oes_flood_prep_274d74,youtube_cal_oes_flood_prep_274d74.mp4,380,50.0,640,480,combined,detect_combined,Flooded,deeplabv3plus,False,False,0,tensorrt,tensorrt,tensorrt,28.4,28.4,34.83,35.22,6.48,11.82,18.3,1398.95,40.9,9.22,1398.95,40.9,10.14,25.5,44.56,1.03,71.1,0.3226,False,False
1780822830.417446,youtube_cal_oes_flood_prep_274d74,youtube_cal_oes_flood_prep_274d74.mp4,381,50.0,640,480,combined,detect_combined,Flooded,deeplabv3plus,False,False,0,tensorrt,tensorrt,tensorrt,22.22,22.22,44.56,45.01,9.48,14.64,24.12,1398.95,42.3,8.61,1398.95,42.3,10.14,25.5,44.56,1.03,71.1,0.3196,False,False
1780822830.5035555,youtube_cal_oes_flood_prep_274d74,youtube_cal_oes_flood_prep_274d74.mp4,382,50.0,640,480,combined,detect_combined,Flooded,deeplabv3plus,False,False,0,tensorrt,tensorrt,tensorrt,22.91,22.91,43.23,43.65,6.45,17.36,23.81,1398.95,32.6,8.61,1398.95,32.6,10.14,25.5,44.56,1.03,71.1,0.3208,False,False
1780822830.585276,youtube_cal_oes_flood_prep_274d74,youtube_cal_oes_flood_prep_274d74.mp4,383,50.0,640,480,combined,detect_combined,Flooded,deeplabv3plus,False,False,0,tensorrt,tensorrt,tensorrt,23.78,23.78,41.63,42.06,6.94,15.71,22.650000000000002,1398.94,41.3,8.61,1398.94,41.3,10.14,25.5,44.56,1.03,71.1,0.3158,False,False
1780822830.662054,youtube_cal_oes_flood_prep_274d74,youtube_cal_oes_flood_prep_274d74.mp4,384,50.0,640,480,combined,detect_combined,Flooded,deeplabv3plus,False,False,0,tensorrt,tensorrt,tensorrt,28.51,28.51,34.67,35.07,6.02,13.57,19.59,1398.94,40.0,8.61,1398.94,40.0,10.14,25.5,44.56,1.03,71.1,0.3185,False,False
1780822830.748914,youtube_cal_oes_flood_prep_274d74,youtube_cal_oes_flood_prep_274d74.mp4,385,50.0,640,480,combined,detect_combined,Flooded,deeplabv3plus,False,False,0,tensorrt,tensorrt,tensorrt,24.02,24.02,41.23,41.63,5.86,13.89,19.75,1398.94,40.4,8.61,1398.94,40.4,10.14,25.5,44.56,1.03,71.1,0.3235,False,False
1780822830.8279254,youtube_cal_oes_flood_prep_274d74,youtube_cal_oes_flood_prep_274d74.mp4,386,50.0,640,480,combined,detect_combined,Flooded,deeplabv3plus,False,False,0,tensorrt,tensorrt,tensorrt,24.24,24.24,40.86,41.25,6.37,11.67,18.04,1398.94,34.1,8.61,1398.94,34.1,10.14,25.5,44.56,1.03,71.1,0.3239,False,False
1780822830.914311,youtube_cal_oes_flood_prep_274d74,youtube_cal_oes_flood_prep_274d74.mp4,387,50.0,640,480,combined,detect_combined,Flooded,deeplabv3plus,False,False,0,tensorrt,tensorrt,tensorrt,21.44,21.44,46.09,46.64,7.07,15.66,22.73,1398.94,40.8,8.61,1398.94,40.8,10.14,25.5,44.56,1.03,71.1,0.3192,False,False
1780822830.98387,youtube_cal_oes_flood_prep_274d74,youtube_cal_oes_flood_prep_274d74.mp4,388,50.0,640,480,combined,detect_combined,Flooded,deeplabv3plus,False,False,0,tensorrt,tensorrt,tensorrt,28.29,28.29,35.04,35.35,5.2,10.62,15.82,1398.94,45.0,8.15,1398.94,45.0,10.14,25.5,44.56,1.03,71.1,0.316,False,False
1780822831.050392,youtube_cal_oes_flood_prep_274d74,youtube_cal_oes_flood_prep_274d74.mp4,389,50.0,640,480,combined,detect_combined,Flooded,deeplabv3plus,False,False,0,tensorrt,tensorrt,tensorrt,30.79,30.79,32.15,32.48,4.2,11.84,16.04,1398.94,59.5,8.15,1398.94,59.5,10.14,25.5,44.56,1.03,71.1,0.3176,False,False
1780822831.1046424,youtube_cal_oes_flood_prep_274d74,youtube_cal_oes_flood_prep_274d74.mp4,390,50.0,640,480,combined,detect_combined,Flooded,deeplabv3plus,False,False,0,tensorrt,tensorrt,tensorrt,32.1,32.1,30.81,31.15,4.61,8.65,13.260000000000002,1398.94,40.6,8.15,1398.94,40.6,10.14,25.5,44.56,1.03,71.1,0.3189,False,False
1780822831.1671503,youtube_cal_oes_flood_prep_274d74,youtube_cal_oes_flood_prep_274d74.mp4,391,50.0,640,480,combined,detect_combined,Flooded,deeplabv3plus,False,False,0,tensorrt,tensorrt,tensorrt,26.6,26.6,37.28,37.59,5.02,15.32,20.34,1398.94,34.3,8.15,1398.94,34.3,10.14,25.5,44.56,1.03,71.1,0.3131,False,False
1780822831.2272131,youtube_cal_oes_flood_prep_274d74,youtube_cal_oes_flood_prep_274d74.mp4,392,50.0,640,480,combined,detect_combined,Flooded,deeplabv3plus,False,False,0,tensorrt,tensorrt,tensorrt,29.9,29.9,33.12,33.45,4.81,11.03,15.84,1398.94,32.4,8.15,1398.94,32.4,10.14,25.5,44.56,1.03,71.1,0.3129,False,False
1780822831.2900527,youtube_cal_oes_flood_prep_274d74,youtube_cal_oes_flood_prep_274d74.mp4,393,50.0,640,480,combined,detect_combined,Flooded,deeplabv3plus,False,False,0,tensorrt,tensorrt,tensorrt,28.34,28.34,34.68,35.28,5.01,12.07,17.08,1398.94,45.7,8.15,1398.94,45.7,10.14,25.5,44.56,1.03,71.1,0.3137,False,False
1780822831.365653,youtube_cal_oes_flood_prep_274d74,youtube_cal_oes_flood_prep_274d74.mp4,394,50.0,640,480,combined,detect_combined,Flooded,deeplabv3plus,False,False,0,tensorrt,tensorrt,tensorrt,27.85,27.85,35.5,35.91,6.42,10.47,16.89,1398.94,54.3,8.15,1398.94,54.3,10.14,25.5,44.56,1.03,71.1,0.3075,False,False
1780822831.4236526,youtube_cal_oes_flood_prep_274d74,youtube_cal_oes_flood_prep_274d74.mp4,395,50.0,640,480,combined,detect_combined,Flooded,deeplabv3plus,False,False,0,tensorrt,tensorrt,tensorrt,43.13,43.13,22.84,23.18,6.84,8.11,14.95,1398.93,44.4,8.15,1398.93,44.4,10.14,25.5,44.56,1.03,71.1,0.3066,False,False
1780822831.4988225,youtube_cal_oes_flood_prep_274d74,youtube_cal_oes_flood_prep_274d74.mp4,396,50.0,640,480,combined,detect_combined,Flooded,deeplabv3plus,False,False,0,tensorrt,tensorrt,tensorrt,29.74,29.74,32.96,33.63,4.96,18.14,23.1,1398.93,38.6,8.15,1398.93,38.6,10.14,25.5,44.56,1.03,71.1,0.3129,False,False
1780822831.5669575,youtube_cal_oes_flood_prep_274d74,youtube_cal_oes_flood_prep_274d74.mp4,397,50.0,640,480,combined,detect_combined,Flooded,deeplabv3plus,False,False,0,tensorrt,tensorrt,tensorrt,28.98,28.98,34.2,34.51,4.87,9.08,13.95,1398.93,43.6,9.22,1398.93,43.6,10.14,25.5,44.56,1.03,71.1,0.3105,False,False
